{
    "1": {
        "component_1": [
            {
                "segment": {
                    "start": [
                        28,
                        131,
                        132
                    ],
                    "end": [
                        28,
                        130,
                        136
                    ]
                },
                "radius": {
                    "mean": 50.31230132927159,
                    "sd": 0.9339887325747824,
                    "median": 50.457903246171455,
                    "min": 48.92851929090027,
                    "q1": 49.68903299521938,
                    "q3": 50.85272854036448,
                    "max": 51.633322573702344
                },
                "length": 4.414213562373095,
                "tortuosity": 1.0706040453940167,
                "volume": 39775.70458710037,
                "curvature": {
                    "mean": 0.5235987755982989,
                    "sd": 0.37024024484653056,
                    "median": 0.7853981633974484,
                    "min": 0.0,
                    "q1": 0.3926990816987242,
                    "q3": 0.7853981633974484,
                    "max": 0.7853981633974484
                }
            },
            {
                "segment": {
                    "start": [
                        28,
                        130,
                        136
                    ],
                    "end": [
                        28,
                        131,
                        132
                    ]
                },
                "radius": {
                    "mean": 50.31230132927159,
                    "sd": 0.9339887325747824,
                    "median": 50.457903246171455,
                    "min": 48.92851929090027,
                    "q1": 49.68903299521938,
                    "q3": 50.85272854036448,
                    "max": 51.633322573702344
                },
                "length": 4.414213562373095,
                "tortuosity": 1.0706040453940167,
                "volume": 39775.704587100365,
                "curvature": {
                    "mean": 0.5235987755982989,
                    "sd": 0.37024024484653056,
                    "median": 0.7853981633974484,
                    "min": 0.0,
                    "q1": 0.3926990816987242,
                    "q3": 0.7853981633974484,
                    "max": 0.7853981633974484
                }
            }
        ]
    },
    "2": {
        "component_2": [
            {
                "segment": {
                    "start": [
                        47,
                        170,
                        164
                    ],
                    "end": [
                        49,
                        167,
                        168
                    ]
                },
                "radius": {
                    "mean": 33.4532243028778,
                    "sd": 0.5308330635388073,
                    "median": 33.391615714128,
                    "min": 32.77193921634788,
                    "q1": 33.18132004607411,
                    "q3": 33.54101966249684,
                    "max": 34.38022687534217
                },
                "length": 5.878315177510849,
                "tortuosity": 1.091575724799174,
                "volume": 17583.494082142068,
                "curvature": {
                    "mean": 0.5802382605073192,
                    "sd": 0.4161132854817526,
                    "median": 0.7853981633974484,
                    "min": 0.0,
                    "q1": 0.3926990816987242,
                    "q3": 0.8703573907609787,
                    "max": 0.9553166181245092
                }
            },
            {
                "segment": {
                    "start": [
                        49,
                        167,
                        168
                    ],
                    "end": [
                        47,
                        170,
                        164
                    ]
                },
                "radius": {
                    "mean": 33.4532243028778,
                    "sd": 0.5308330635388073,
                    "median": 33.391615714128,
                    "min": 32.77193921634788,
                    "q1": 33.18132004607411,
                    "q3": 33.54101966249684,
                    "max": 34.38022687534217
                },
                "length": 5.878315177510849,
                "tortuosity": 1.091575724799174,
                "volume": 17583.494082142068,
                "curvature": {
                    "mean": 0.5802382605073192,
                    "sd": 0.4161132854817526,
                    "median": 0.7853981633974484,
                    "min": 0.0,
                    "q1": 0.3926990816987242,
                    "q3": 0.8703573907609787,
                    "max": 0.9553166181245092
                }
            }
        ]
    }
}