case_id,y_true,y_pred_proba,fp_or_fn
ISPY1_1144,1,0.11035608847261814,fn
DUKE_652,1,0.17646675635019748,fn
ISPY1_1073,1,0.1852103145764308,fn
ISPY2_814299,1,0.19351850277977728,fn
ISPY2_929980,1,0.1964261099768561,fn
ISPY1_1088,1,0.20292944821726727,fn
ISPY2_892390,1,0.20662417347377032,fn
ISPY1_1051,1,0.21610631799084207,fn
ISPY2_835658,1,0.21686083763096403,fn
ISPY2_188091,1,0.23004933899438393,fn
