outer_fold,inner_auc_mean,inner_auc_std,inner_auc_n_folds,C,l1_ratio,feature_select_enabled,feature_select_mode,feature_select_k_kin,feature_select_kin_method,feature_select_max_abs_corr,feature_select_max_zero_rate
0,0.5782821306126391,0.03296298712073721,3,0.5,0.25,True,block_kinematic,0,topk_auc,0.9,0.9
0,0.5782821306126391,0.03296298712073721,3,0.5,0.25,True,block_kinematic,0,topk_auc,0.9,0.95
0,0.5782821306126391,0.03296298712073721,3,0.5,0.25,True,block_kinematic,0,topk_auc,0.95,0.9
0,0.5782821306126391,0.03296298712073721,3,0.5,0.25,True,block_kinematic,0,topk_auc,0.95,0.95
0,0.5782821306126391,0.03296298712073721,3,0.5,0.25,True,block_kinematic,0,mrmr,0.9,0.9
0,0.5782821306126391,0.03296298712073721,3,0.5,0.25,True,block_kinematic,0,mrmr,0.9,0.95
0,0.5782821306126391,0.03296298712073721,3,0.5,0.25,True,block_kinematic,0,mrmr,0.95,0.9
0,0.5782821306126391,0.03296298712073721,3,0.5,0.25,True,block_kinematic,0,mrmr,0.95,0.95
0,0.5632783020494885,0.020234967736030375,3,0.5,0.25,True,block_kinematic,8,topk_auc,0.9,0.9
0,0.5632783020494885,0.020234967736030375,3,0.5,0.25,True,block_kinematic,8,topk_auc,0.9,0.95
0,0.5816285879845202,0.03349982732364826,3,0.5,0.25,True,block_kinematic,8,topk_auc,0.95,0.9
0,0.5816285879845202,0.03349982732364826,3,0.5,0.25,True,block_kinematic,8,topk_auc,0.95,0.95
0,0.5561648489614591,0.011606338137565298,3,0.5,0.25,True,block_kinematic,8,mrmr,0.9,0.9
0,0.5561648489614591,0.011606338137565298,3,0.5,0.25,True,block_kinematic,8,mrmr,0.9,0.95
0,0.5561648489614591,0.011606338137565298,3,0.5,0.25,True,block_kinematic,8,mrmr,0.95,0.9
0,0.5561648489614591,0.011606338137565298,3,0.5,0.25,True,block_kinematic,8,mrmr,0.95,0.95
0,0.5474473658795692,0.001957444749612544,3,0.5,0.25,True,block_kinematic,16,topk_auc,0.9,0.9
0,0.5474473658795692,0.001957444749612544,3,0.5,0.25,True,block_kinematic,16,topk_auc,0.9,0.95
0,0.55393324503494,0.02479246004561359,3,0.5,0.25,True,block_kinematic,16,topk_auc,0.95,0.9
0,0.55393324503494,0.02479246004561359,3,0.5,0.25,True,block_kinematic,16,topk_auc,0.95,0.95
0,0.5568047536267875,0.003977287809694837,3,0.5,0.25,True,block_kinematic,16,mrmr,0.9,0.9
0,0.5578324296544636,0.004301220378576753,3,0.5,0.25,True,block_kinematic,16,mrmr,0.9,0.95
0,0.5571914040134379,0.0034997701174958695,3,0.5,0.25,True,block_kinematic,16,mrmr,0.95,0.9
0,0.5582190800411139,0.003759702997890833,3,0.5,0.25,True,block_kinematic,16,mrmr,0.95,0.95
0,0.5530359471037437,0.015092707224726427,3,0.5,0.25,True,block_kinematic,32,topk_auc,0.9,0.9
0,0.5530359471037437,0.015092707224726427,3,0.5,0.25,True,block_kinematic,32,topk_auc,0.9,0.95
0,0.5578529521326132,0.009412194765236465,3,0.5,0.25,True,block_kinematic,32,topk_auc,0.95,0.9
0,0.5578529521326132,0.009412194765236465,3,0.5,0.25,True,block_kinematic,32,topk_auc,0.95,0.95
0,0.5499288611576748,0.01013827242684141,3,0.5,0.25,True,block_kinematic,32,mrmr,0.9,0.9
0,0.5487892600180736,0.01098159280046258,3,0.5,0.25,True,block_kinematic,32,mrmr,0.9,0.95
0,0.5467093327262819,0.01145865049536124,3,0.5,0.25,True,block_kinematic,32,mrmr,0.95,0.9
0,0.5501790111959602,0.008515451027699902,3,0.5,0.25,True,block_kinematic,32,mrmr,0.95,0.95
0,0.5797484530535378,0.035040495178916484,3,0.5,0.5,True,block_kinematic,0,topk_auc,0.9,0.9
0,0.5797484530535378,0.035040495178916484,3,0.5,0.5,True,block_kinematic,0,topk_auc,0.9,0.95
0,0.5797484530535378,0.035040495178916484,3,0.5,0.5,True,block_kinematic,0,topk_auc,0.95,0.9
0,0.5797484530535378,0.035040495178916484,3,0.5,0.5,True,block_kinematic,0,topk_auc,0.95,0.95
0,0.5797484530535378,0.035040495178916484,3,0.5,0.5,True,block_kinematic,0,mrmr,0.9,0.9
0,0.5797484530535378,0.035040495178916484,3,0.5,0.5,True,block_kinematic,0,mrmr,0.9,0.95
0,0.5797484530535378,0.035040495178916484,3,0.5,0.5,True,block_kinematic,0,mrmr,0.95,0.9
0,0.5797484530535378,0.035040495178916484,3,0.5,0.5,True,block_kinematic,0,mrmr,0.95,0.95
0,0.5645625090540345,0.020101729528375918,3,0.5,0.5,True,block_kinematic,8,topk_auc,0.9,0.9
0,0.5645625090540345,0.020101729528375918,3,0.5,0.5,True,block_kinematic,8,topk_auc,0.9,0.95
0,0.5822115815759884,0.035796773815484406,3,0.5,0.5,True,block_kinematic,8,topk_auc,0.95,0.9
0,0.5822115815759884,0.035796773815484406,3,0.5,0.5,True,block_kinematic,8,topk_auc,0.95,0.95
0,0.5558203645068052,0.011396027492800814,3,0.5,0.5,True,block_kinematic,8,mrmr,0.9,0.9
0,0.5558203645068052,0.011396027492800814,3,0.5,0.5,True,block_kinematic,8,mrmr,0.9,0.95
0,0.5558203645068052,0.011396027492800814,3,0.5,0.5,True,block_kinematic,8,mrmr,0.95,0.9
0,0.5558203645068052,0.011396027492800814,3,0.5,0.5,True,block_kinematic,8,mrmr,0.95,0.95
0,0.5487850348019839,0.0014449920308467973,3,0.5,0.5,True,block_kinematic,16,topk_auc,0.9,0.9
0,0.5487850348019839,0.0014449920308467973,3,0.5,0.5,True,block_kinematic,16,topk_auc,0.9,0.95
0,0.5548707256334375,0.025458085031944137,3,0.5,0.5,True,block_kinematic,16,topk_auc,0.95,0.9
0,0.5548707256334375,0.025458085031944137,3,0.5,0.5,True,block_kinematic,16,topk_auc,0.95,0.95
0,0.5580889606313335,0.0021930640955481985,3,0.5,0.5,True,block_kinematic,16,mrmr,0.9,0.9
0,0.5591980367404096,0.002696296032760523,3,0.5,0.5,True,block_kinematic,16,mrmr,0.9,0.95
0,0.5583738609162338,0.001855091619626788,3,0.5,0.5,True,block_kinematic,16,mrmr,0.95,0.9
0,0.5594829370253099,0.002295625162652491,3,0.5,0.5,True,block_kinematic,16,mrmr,0.95,0.95
0,0.5542891979332657,0.015296476080663984,3,0.5,0.5,True,block_kinematic,32,topk_auc,0.9,0.9
0,0.5542891979332657,0.015296476080663984,3,0.5,0.5,True,block_kinematic,32,topk_auc,0.9,0.95
0,0.5579822954822955,0.008666340552745087,3,0.5,0.5,True,block_kinematic,32,topk_auc,0.95,0.9
0,0.5579822954822955,0.008666340552745087,3,0.5,0.5,True,block_kinematic,32,topk_auc,0.95,0.95
0,0.5502531680497782,0.008060073344282803,3,0.5,0.5,True,block_kinematic,32,mrmr,0.9,0.9
0,0.5494289922256024,0.008951238780821468,3,0.5,0.5,True,block_kinematic,32,mrmr,0.9,0.95
0,0.5484734035581493,0.010272546502382462,3,0.5,0.5,True,block_kinematic,32,mrmr,0.95,0.9
0,0.5521058821906278,0.006244902301712982,3,0.5,0.5,True,block_kinematic,32,mrmr,0.95,0.95
0,0.580335930547795,0.03602205172919475,3,0.5,0.75,True,block_kinematic,0,topk_auc,0.9,0.9
0,0.580335930547795,0.03602205172919475,3,0.5,0.75,True,block_kinematic,0,topk_auc,0.9,0.95
0,0.580335930547795,0.03602205172919475,3,0.5,0.75,True,block_kinematic,0,topk_auc,0.95,0.9
0,0.580335930547795,0.03602205172919475,3,0.5,0.75,True,block_kinematic,0,topk_auc,0.95,0.95
0,0.580335930547795,0.03602205172919475,3,0.5,0.75,True,block_kinematic,0,mrmr,0.9,0.9
0,0.580335930547795,0.03602205172919475,3,0.5,0.75,True,block_kinematic,0,mrmr,0.9,0.95
0,0.580335930547795,0.03602205172919475,3,0.5,0.75,True,block_kinematic,0,mrmr,0.95,0.9
0,0.580335930547795,0.03602205172919475,3,0.5,0.75,True,block_kinematic,0,mrmr,0.95,0.95
0,0.5644811089726344,0.018538371077640867,3,0.5,0.75,True,block_kinematic,8,topk_auc,0.9,0.9
0,0.5644811089726344,0.018538371077640867,3,0.5,0.75,True,block_kinematic,8,topk_auc,0.9,0.95
0,0.5813617957685754,0.03687767960326419,3,0.5,0.75,True,block_kinematic,8,topk_auc,0.95,0.9
0,0.5813617957685754,0.03687767960326419,3,0.5,0.75,True,block_kinematic,8,topk_auc,0.95,0.95
0,0.5555866841883791,0.011149491102509469,3,0.5,0.75,True,block_kinematic,8,mrmr,0.9,0.9
0,0.5555866841883791,0.011149491102509469,3,0.5,0.75,True,block_kinematic,8,mrmr,0.9,0.95
0,0.5555866841883791,0.011149491102509469,3,0.5,0.75,True,block_kinematic,8,mrmr,0.95,0.9
0,0.5555866841883791,0.011149491102509469,3,0.5,0.75,True,block_kinematic,8,mrmr,0.95,0.95
0,0.5482413615888192,0.002047943533310113,3,0.5,0.75,True,block_kinematic,16,topk_auc,0.9,0.9
0,0.5482413615888192,0.002047943533310113,3,0.5,0.75,True,block_kinematic,16,topk_auc,0.9,0.95
0,0.5556139325207121,0.02540354380345287,3,0.5,0.75,True,block_kinematic,16,topk_auc,0.95,0.9
0,0.5556139325207121,0.02540354380345287,3,0.5,0.75,True,block_kinematic,16,topk_auc,0.95,0.95
0,0.5584278402075012,0.0013081536723660672,3,0.5,0.75,True,block_kinematic,16,mrmr,0.9,0.9
0,0.559160440940102,0.0018935241734129343,3,0.5,0.75,True,block_kinematic,16,mrmr,0.9,0.95
0,0.5590688658485269,0.0004694576265870836,3,0.5,0.75,True,block_kinematic,16,mrmr,0.95,0.9
0,0.5598014665811276,0.0010748611628822648,3,0.5,0.75,True,block_kinematic,16,mrmr,0.95,0.95
0,0.5564162924332415,0.015835041313497493,3,0.5,0.75,True,block_kinematic,32,topk_auc,0.9,0.9
0,0.5564162924332415,0.015835041313497493,3,0.5,0.75,True,block_kinematic,32,topk_auc,0.9,0.95
0,0.5582604699130124,0.008035637787221682,3,0.5,0.75,True,block_kinematic,32,topk_auc,0.95,0.9
0,0.5582604699130124,0.008035637787221682,3,0.5,0.75,True,block_kinematic,32,topk_auc,0.95,0.95
0,0.5510418175672412,0.0070352831765300595,3,0.5,0.75,True,block_kinematic,32,mrmr,0.9,0.9
0,0.5504720169974407,0.007765738342829579,3,0.5,0.75,True,block_kinematic,32,mrmr,0.9,0.95
0,0.5491210688244587,0.010519200450317298,3,0.5,0.75,True,block_kinematic,32,mrmr,0.95,0.9
0,0.5527840724874623,0.005466101116551835,3,0.5,0.75,True,block_kinematic,32,mrmr,0.95,0.95
0,0.5735725667929058,0.031978717531499,3,1.0,0.25,True,block_kinematic,0,topk_auc,0.9,0.9
0,0.5735725667929058,0.031978717531499,3,1.0,0.25,True,block_kinematic,0,topk_auc,0.9,0.95
0,0.5735725667929058,0.031978717531499,3,1.0,0.25,True,block_kinematic,0,topk_auc,0.95,0.9
0,0.5735725667929058,0.031978717531499,3,1.0,0.25,True,block_kinematic,0,topk_auc,0.95,0.95
0,0.5735725667929058,0.031978717531499,3,1.0,0.25,True,block_kinematic,0,mrmr,0.9,0.9
0,0.5735725667929058,0.031978717531499,3,1.0,0.25,True,block_kinematic,0,mrmr,0.9,0.95
0,0.5735725667929058,0.031978717531499,3,1.0,0.25,True,block_kinematic,0,mrmr,0.95,0.9
0,0.5735725667929058,0.031978717531499,3,1.0,0.25,True,block_kinematic,0,mrmr,0.95,0.95
0,0.5587290377544615,0.021021304546379314,3,1.0,0.25,True,block_kinematic,8,topk_auc,0.9,0.9
0,0.5587290377544615,0.021021304546379314,3,1.0,0.25,True,block_kinematic,8,topk_auc,0.9,0.95
0,0.5790833695494713,0.031063759865986494,3,1.0,0.25,True,block_kinematic,8,topk_auc,0.95,0.9
0,0.5790833695494713,0.031063759865986494,3,1.0,0.25,True,block_kinematic,8,topk_auc,0.95,0.95
0,0.5529388533625822,0.014949876858301814,3,1.0,0.25,True,block_kinematic,8,mrmr,0.9,0.9
0,0.5529388533625822,0.014949876858301814,3,1.0,0.25,True,block_kinematic,8,mrmr,0.9,0.95
0,0.5529388533625822,0.014949876858301814,3,1.0,0.25,True,block_kinematic,8,mrmr,0.95,0.9
0,0.5529388533625822,0.014949876858301814,3,1.0,0.25,True,block_kinematic,8,mrmr,0.95,0.95
0,0.5453389830508474,0.0038539359666779956,3,1.0,0.25,True,block_kinematic,16,topk_auc,0.9,0.9
0,0.5453389830508474,0.0038539359666779956,3,1.0,0.25,True,block_kinematic,16,topk_auc,0.9,0.95
0,0.5524683884853377,0.024382165215846845,3,1.0,0.25,True,block_kinematic,16,topk_auc,0.95,0.9
0,0.5524683884853377,0.024382165215846845,3,1.0,0.25,True,block_kinematic,16,topk_auc,0.95,0.95
0,0.5546380800618089,0.006858918024041803,3,1.0,0.25,True,block_kinematic,16,mrmr,0.9,0.9
0,0.5559099563336852,0.007567880352269592,3,1.0,0.25,True,block_kinematic,16,mrmr,0.9,0.95
0,0.5545973800211088,0.006914890723426617,3,1.0,0.25,True,block_kinematic,16,mrmr,0.95,0.9
0,0.5558692562929851,0.007625437765448993,3,1.0,0.25,True,block_kinematic,16,mrmr,0.95,0.95
0,0.5485905024040617,0.012178370660451887,3,1.0,0.25,True,block_kinematic,32,topk_auc,0.9,0.9
0,0.5485905024040617,0.012178370660451887,3,1.0,0.25,True,block_kinematic,32,topk_auc,0.9,0.95
0,0.5577850037595801,0.010713499178944893,3,1.0,0.25,True,block_kinematic,32,topk_auc,0.95,0.9
0,0.5577850037595801,0.010713499178944893,3,1.0,0.25,True,block_kinematic,32,topk_auc,0.95,0.95
0,0.5478379827956099,0.013421914672161398,3,1.0,0.25,True,block_kinematic,32,mrmr,0.9,0.9
0,0.5462812062388333,0.014089256271367945,3,1.0,0.25,True,block_kinematic,32,mrmr,0.9,0.95
0,0.5437139132054386,0.014051424922865787,3,1.0,0.25,True,block_kinematic,32,mrmr,0.95,0.9
0,0.5471530666445921,0.012114364770800357,3,1.0,0.25,True,block_kinematic,32,mrmr,0.95,0.95
0,0.5762237605457945,0.03274880135954465,3,1.0,0.5,True,block_kinematic,0,topk_auc,0.9,0.9
0,0.5762237605457945,0.03274880135954465,3,1.0,0.5,True,block_kinematic,0,topk_auc,0.9,0.95
0,0.5762237605457945,0.03274880135954465,3,1.0,0.5,True,block_kinematic,0,topk_auc,0.95,0.9
0,0.5762237605457945,0.03274880135954465,3,1.0,0.5,True,block_kinematic,0,topk_auc,0.95,0.95
0,0.5762237605457945,0.03274880135954465,3,1.0,0.5,True,block_kinematic,0,mrmr,0.9,0.9
0,0.5762237605457945,0.03274880135954465,3,1.0,0.5,True,block_kinematic,0,mrmr,0.9,0.95
0,0.5762237605457945,0.03274880135954465,3,1.0,0.5,True,block_kinematic,0,mrmr,0.95,0.9
0,0.5762237605457945,0.03274880135954465,3,1.0,0.5,True,block_kinematic,0,mrmr,0.95,0.95
0,0.5597633534074212,0.022143521254391015,3,1.0,0.5,True,block_kinematic,8,topk_auc,0.9,0.9
0,0.5597633534074212,0.022143521254391015,3,1.0,0.5,True,block_kinematic,8,topk_auc,0.9,0.95
0,0.5792937680649546,0.032677103555917485,3,1.0,0.5,True,block_kinematic,8,topk_auc,0.95,0.9
0,0.5792937680649546,0.032677103555917485,3,1.0,0.5,True,block_kinematic,8,topk_auc,0.95,0.95
0,0.5543416251043369,0.014607317089737948,3,1.0,0.5,True,block_kinematic,8,mrmr,0.9,0.9
0,0.5543416251043369,0.014607317089737948,3,1.0,0.5,True,block_kinematic,8,mrmr,0.9,0.95
0,0.5543416251043369,0.014607317089737948,3,1.0,0.5,True,block_kinematic,8,mrmr,0.95,0.9
0,0.5543416251043369,0.014607317089737948,3,1.0,0.5,True,block_kinematic,8,mrmr,0.95,0.95
0,0.5460527858832943,0.004499699339923855,3,1.0,0.5,True,block_kinematic,16,topk_auc,0.9,0.9
0,0.5460527858832943,0.004499699339923855,3,1.0,0.5,True,block_kinematic,16,topk_auc,0.9,0.95
0,0.5526302401302402,0.02572089117402937,3,1.0,0.5,True,block_kinematic,16,topk_auc,0.95,0.9
0,0.5526302401302402,0.02572089117402937,3,1.0,0.5,True,block_kinematic,16,topk_auc,0.95,0.95
0,0.5563580016969848,0.006548589056851657,3,1.0,0.5,True,block_kinematic,16,mrmr,0.9,0.9
0,0.5573144526534357,0.007291333369700881,3,1.0,0.5,True,block_kinematic,16,mrmr,0.9,0.95
0,0.5566937770327601,0.006073909245892494,3,1.0,0.5,True,block_kinematic,16,mrmr,0.95,0.9
0,0.557650227989211,0.006821260288086408,3,1.0,0.5,True,block_kinematic,16,mrmr,0.95,0.95
0,0.5509749901699054,0.012553082623261982,3,1.0,0.5,True,block_kinematic,32,topk_auc,0.9,0.9
0,0.5509749901699054,0.012553082623261982,3,1.0,0.5,True,block_kinematic,32,topk_auc,0.9,0.95
0,0.5577594800052427,0.011662185504063893,3,1.0,0.5,True,block_kinematic,32,topk_auc,0.95,0.9
0,0.5577594800052427,0.011662185504063893,3,1.0,0.5,True,block_kinematic,32,topk_auc,0.95,0.95
0,0.5485227264888282,0.011938942032668976,3,1.0,0.5,True,block_kinematic,32,mrmr,0.9,0.9
0,0.5472813752474769,0.01255547760348916,3,1.0,0.5,True,block_kinematic,32,mrmr,0.9,0.95
0,0.5448862813269592,0.012681881170363445,3,1.0,0.5,True,block_kinematic,32,mrmr,0.95,0.9
0,0.5483356097762877,0.01072538770122993,3,1.0,0.5,True,block_kinematic,32,mrmr,0.95,0.95
0,0.5771312334871658,0.03441035053109074,3,1.0,0.75,True,block_kinematic,0,topk_auc,0.9,0.9
0,0.5771312334871658,0.03441035053109074,3,1.0,0.75,True,block_kinematic,0,topk_auc,0.9,0.95
0,0.5771312334871658,0.03441035053109074,3,1.0,0.75,True,block_kinematic,0,topk_auc,0.95,0.9
0,0.5771312334871658,0.03441035053109074,3,1.0,0.75,True,block_kinematic,0,topk_auc,0.95,0.95
0,0.5771312334871658,0.03441035053109074,3,1.0,0.75,True,block_kinematic,0,mrmr,0.9,0.9
0,0.5771312334871658,0.03441035053109074,3,1.0,0.75,True,block_kinematic,0,mrmr,0.9,0.95
0,0.5771312334871658,0.03441035053109074,3,1.0,0.75,True,block_kinematic,0,mrmr,0.95,0.9
0,0.5771312334871658,0.03441035053109074,3,1.0,0.75,True,block_kinematic,0,mrmr,0.95,0.95
0,0.560974783220546,0.022765505750368443,3,1.0,0.75,True,block_kinematic,8,topk_auc,0.9,0.9
0,0.560974783220546,0.022765505750368443,3,1.0,0.75,True,block_kinematic,8,topk_auc,0.9,0.95
0,0.5798382173382173,0.03448975232328299,3,1.0,0.75,True,block_kinematic,8,topk_auc,0.95,0.9
0,0.5798382173382173,0.03448975232328299,3,1.0,0.75,True,block_kinematic,8,topk_auc,0.95,0.95
0,0.5545486606927285,0.013277867142442418,3,1.0,0.75,True,block_kinematic,8,mrmr,0.9,0.9
0,0.5545486606927285,0.013277867142442418,3,1.0,0.75,True,block_kinematic,8,mrmr,0.9,0.95
0,0.5545486606927285,0.013277867142442418,3,1.0,0.75,True,block_kinematic,8,mrmr,0.95,0.9
0,0.5545486606927285,0.013277867142442418,3,1.0,0.75,True,block_kinematic,8,mrmr,0.95,0.95
0,0.5467312348668281,0.004630687495130328,3,1.0,0.75,True,block_kinematic,16,topk_auc,0.9,0.9
0,0.5467312348668281,0.004630687495130328,3,1.0,0.75,True,block_kinematic,16,topk_auc,0.9,0.95
0,0.5534219938880955,0.026766569897266446,3,1.0,0.75,True,block_kinematic,16,topk_auc,0.95,0.9
0,0.5534219938880955,0.026766569897266446,3,1.0,0.75,True,block_kinematic,16,topk_auc,0.95,0.95
0,0.5572128750094852,0.0053817670409575,3,1.0,0.75,True,block_kinematic,16,mrmr,0.9,0.9
0,0.5583321261287363,0.006302123484556741,3,1.0,0.75,True,block_kinematic,16,mrmr,0.9,0.95
0,0.5574062002028104,0.005108411899944182,3,1.0,0.75,True,block_kinematic,16,mrmr,0.95,0.9
0,0.5585254513220616,0.0060346049740591275,3,1.0,0.75,True,block_kinematic,16,mrmr,0.95,0.95
0,0.5525958347992247,0.012823361866837326,3,1.0,0.75,True,block_kinematic,32,topk_auc,0.9,0.9
0,0.5525958347992247,0.012823361866837326,3,1.0,0.75,True,block_kinematic,32,topk_auc,0.9,0.95
0,0.5582944440995289,0.011873807402015227,3,1.0,0.75,True,block_kinematic,32,topk_auc,0.95,0.9
0,0.5582944440995289,0.011873807402015227,3,1.0,0.75,True,block_kinematic,32,topk_auc,0.95,0.95
0,0.5487420928098894,0.010171261839225714,3,1.0,0.75,True,block_kinematic,32,mrmr,0.9,0.9
0,0.5477856418534385,0.010733056150729808,3,1.0,0.75,True,block_kinematic,32,mrmr,0.9,0.95
0,0.545692607768879,0.011590552427982601,3,1.0,0.75,True,block_kinematic,32,mrmr,0.95,0.9
0,0.5493454364217076,0.009280192335990643,3,1.0,0.75,True,block_kinematic,32,mrmr,0.95,0.95
0,0.569655963935625,0.030915843809672758,3,2.0,0.25,True,block_kinematic,0,topk_auc,0.9,0.9
0,0.569655963935625,0.030915843809672758,3,2.0,0.25,True,block_kinematic,0,topk_auc,0.9,0.95
0,0.569655963935625,0.030915843809672758,3,2.0,0.25,True,block_kinematic,0,topk_auc,0.95,0.9
0,0.569655963935625,0.030915843809672758,3,2.0,0.25,True,block_kinematic,0,topk_auc,0.95,0.95
0,0.569655963935625,0.030915843809672758,3,2.0,0.25,True,block_kinematic,0,mrmr,0.9,0.9
0,0.569655963935625,0.030915843809672758,3,2.0,0.25,True,block_kinematic,0,mrmr,0.9,0.95
0,0.569655963935625,0.030915843809672758,3,2.0,0.25,True,block_kinematic,0,mrmr,0.95,0.9
0,0.569655963935625,0.030915843809672758,3,2.0,0.25,True,block_kinematic,0,mrmr,0.95,0.95
0,0.5545614225698972,0.020960647473061027,3,2.0,0.25,True,block_kinematic,8,topk_auc,0.9,0.9
0,0.5545614225698972,0.020960647473061027,3,2.0,0.25,True,block_kinematic,8,topk_auc,0.9,0.95
0,0.577550909542435,0.0298035554951044,3,2.0,0.25,True,block_kinematic,8,topk_auc,0.95,0.9
0,0.577550909542435,0.0298035554951044,3,2.0,0.25,True,block_kinematic,8,topk_auc,0.95,0.95
0,0.5502016893966047,0.017552022806400242,3,2.0,0.25,True,block_kinematic,8,mrmr,0.9,0.9
0,0.5502016893966047,0.017552022806400242,3,2.0,0.25,True,block_kinematic,8,mrmr,0.9,0.95
0,0.5502016893966047,0.017552022806400242,3,2.0,0.25,True,block_kinematic,8,mrmr,0.95,0.9
0,0.5502016893966047,0.017552022806400242,3,2.0,0.25,True,block_kinematic,8,mrmr,0.95,0.95
0,0.5421653283941419,0.006400631789393787,3,2.0,0.25,True,block_kinematic,16,topk_auc,0.9,0.9
0,0.5421653283941419,0.006400631789393787,3,2.0,0.25,True,block_kinematic,16,topk_auc,0.9,0.95
0,0.5502503224960852,0.02285566747083498,3,2.0,0.25,True,block_kinematic,16,topk_auc,0.95,0.9
0,0.5502503224960852,0.02285566747083498,3,2.0,0.25,True,block_kinematic,16,topk_auc,0.95,0.95
0,0.5514947779778289,0.009614102960967137,3,2.0,0.25,True,block_kinematic,16,mrmr,0.9,0.9
0,0.552705604188655,0.010202360149163484,3,2.0,0.25,True,block_kinematic,16,mrmr,0.9,0.95
0,0.5511997026827535,0.010018420337300245,3,2.0,0.25,True,block_kinematic,16,mrmr,0.95,0.9
0,0.5524105288935798,0.010617932601353337,3,2.0,0.25,True,block_kinematic,16,mrmr,0.95,0.95
0,0.5451727337320557,0.008955401166813195,3,2.0,0.25,True,block_kinematic,32,topk_auc,0.9,0.9
0,0.5451727337320557,0.008955401166813195,3,2.0,0.25,True,block_kinematic,32,topk_auc,0.9,0.95
0,0.5585967626221864,0.010917387347533482,3,2.0,0.25,True,block_kinematic,32,topk_auc,0.95,0.9
0,0.5585967626221864,0.010917387347533482,3,2.0,0.25,True,block_kinematic,32,topk_auc,0.95,0.95
0,0.5450395963107828,0.016207256310876734,3,2.0,0.25,True,block_kinematic,32,mrmr,0.9,0.9
0,0.5431673944385809,0.01672723797782927,3,2.0,0.25,True,block_kinematic,32,mrmr,0.9,0.95
0,0.5400927305588322,0.016453742997835585,3,2.0,0.25,True,block_kinematic,32,mrmr,0.95,0.9
0,0.5433283837944856,0.015293701860451975,3,2.0,0.25,True,block_kinematic,32,mrmr,0.95,0.95
0,0.5710666687361603,0.03140958537192368,3,2.0,0.5,True,block_kinematic,0,topk_auc,0.9,0.9
0,0.5710666687361603,0.03140958537192368,3,2.0,0.5,True,block_kinematic,0,topk_auc,0.9,0.95
0,0.5710666687361603,0.03140958537192368,3,2.0,0.5,True,block_kinematic,0,topk_auc,0.95,0.9
0,0.5710666687361603,0.03140958537192368,3,2.0,0.5,True,block_kinematic,0,topk_auc,0.95,0.95
0,0.5710666687361603,0.03140958537192368,3,2.0,0.5,True,block_kinematic,0,mrmr,0.9,0.9
0,0.5710666687361603,0.03140958537192368,3,2.0,0.5,True,block_kinematic,0,mrmr,0.9,0.95
0,0.5710666687361603,0.03140958537192368,3,2.0,0.5,True,block_kinematic,0,mrmr,0.95,0.9
0,0.5710666687361603,0.03140958537192368,3,2.0,0.5,True,block_kinematic,0,mrmr,0.95,0.95
0,0.5552340079882453,0.021292216150473133,3,2.0,0.5,True,block_kinematic,8,topk_auc,0.9,0.9
0,0.5552340079882453,0.021292216150473133,3,2.0,0.5,True,block_kinematic,8,topk_auc,0.9,0.95
0,0.5780518132213047,0.03046156787571234,3,2.0,0.5,True,block_kinematic,8,topk_auc,0.95,0.9
0,0.5780518132213047,0.03046156787571234,3,2.0,0.5,True,block_kinematic,8,topk_auc,0.95,0.95
0,0.5508753095617502,0.016837672062351757,3,2.0,0.5,True,block_kinematic,8,mrmr,0.9,0.9
0,0.5508753095617502,0.016837672062351757,3,2.0,0.5,True,block_kinematic,8,mrmr,0.9,0.95
0,0.5508753095617502,0.016837672062351757,3,2.0,0.5,True,block_kinematic,8,mrmr,0.95,0.9
0,0.5508753095617502,0.016837672062351757,3,2.0,0.5,True,block_kinematic,8,mrmr,0.95,0.95
0,0.543262677372847,0.006569005295851121,3,2.0,0.5,True,block_kinematic,16,topk_auc,0.9,0.9
0,0.543262677372847,0.006569005295851121,3,2.0,0.5,True,block_kinematic,16,topk_auc,0.9,0.95
0,0.5511477928850811,0.024132284357435377,3,2.0,0.5,True,block_kinematic,16,topk_auc,0.95,0.9
0,0.5511477928850811,0.024132284357435377,3,2.0,0.5,True,block_kinematic,16,topk_auc,0.95,0.95
0,0.552776484344281,0.009322754370876077,3,2.0,0.5,True,block_kinematic,16,mrmr,0.9,0.9
0,0.5537227602905569,0.009870682556467164,3,2.0,0.5,True,block_kinematic,16,mrmr,0.9,0.95
0,0.5522982588660554,0.009990359207118236,3,2.0,0.5,True,block_kinematic,16,mrmr,0.95,0.9
0,0.5532445348123314,0.010546514528126839,3,2.0,0.5,True,block_kinematic,16,mrmr,0.95,0.95
0,0.5467898705186841,0.009760709785625018,3,2.0,0.5,True,block_kinematic,32,topk_auc,0.9,0.9
0,0.5467898705186841,0.009760709785625018,3,2.0,0.5,True,block_kinematic,32,topk_auc,0.9,0.95
0,0.5583870539379014,0.01175922429004312,3,2.0,0.5,True,block_kinematic,32,topk_auc,0.95,0.9
0,0.5583870539379014,0.01175922429004312,3,2.0,0.5,True,block_kinematic,32,topk_auc,0.95,0.95
0,0.5458047053386037,0.015284171784400244,3,2.0,0.5,True,block_kinematic,32,mrmr,0.9,0.9
0,0.5437900533239517,0.015792984538391848,3,2.0,0.5,True,block_kinematic,32,mrmr,0.9,0.95
0,0.5409780426729579,0.015882758530645535,3,2.0,0.5,True,block_kinematic,32,mrmr,0.95,0.9
0,0.5441322958272111,0.014912860509916621,3,2.0,0.5,True,block_kinematic,32,mrmr,0.95,0.95
0,0.5721853162531129,0.03181841826395288,3,2.0,0.75,True,block_kinematic,0,topk_auc,0.9,0.9
0,0.5721853162531129,0.03181841826395288,3,2.0,0.75,True,block_kinematic,0,topk_auc,0.9,0.95
0,0.5721853162531129,0.03181841826395288,3,2.0,0.75,True,block_kinematic,0,topk_auc,0.95,0.9
0,0.5721853162531129,0.03181841826395288,3,2.0,0.75,True,block_kinematic,0,topk_auc,0.95,0.95
0,0.5721853162531129,0.03181841826395288,3,2.0,0.75,True,block_kinematic,0,mrmr,0.9,0.9
0,0.5721853162531129,0.03181841826395288,3,2.0,0.75,True,block_kinematic,0,mrmr,0.9,0.95
0,0.5721853162531129,0.03181841826395288,3,2.0,0.75,True,block_kinematic,0,mrmr,0.95,0.9
0,0.5721853162531129,0.03181841826395288,3,2.0,0.75,True,block_kinematic,0,mrmr,0.95,0.95
0,0.5554984720238958,0.02196389961140946,3,2.0,0.75,True,block_kinematic,8,topk_auc,0.9,0.9
0,0.5554984720238958,0.02196389961140946,3,2.0,0.75,True,block_kinematic,8,topk_auc,0.9,0.95
0,0.5772087532680753,0.0310518944944668,3,2.0,0.75,True,block_kinematic,8,topk_auc,0.95,0.9
0,0.5772087532680753,0.0310518944944668,3,2.0,0.75,True,block_kinematic,8,topk_auc,0.95,0.95
0,0.5520458668763754,0.016483431880100322,3,2.0,0.75,True,block_kinematic,8,mrmr,0.9,0.9
0,0.5520458668763754,0.016483431880100322,3,2.0,0.75,True,block_kinematic,8,mrmr,0.9,0.95
0,0.5520458668763754,0.016483431880100322,3,2.0,0.75,True,block_kinematic,8,mrmr,0.95,0.9
0,0.5520458668763754,0.016483431880100322,3,2.0,0.75,True,block_kinematic,8,mrmr,0.95,0.95
0,0.5435484399467451,0.007218005767960181,3,2.0,0.75,True,block_kinematic,16,topk_auc,0.9,0.9
0,0.5435484399467451,0.007218005767960181,3,2.0,0.75,True,block_kinematic,16,topk_auc,0.9,0.95
0,0.5510519925774163,0.025259402292601485,3,2.0,0.75,True,block_kinematic,16,topk_auc,0.95,0.9
0,0.5510519925774163,0.025259402292601485,3,2.0,0.75,True,block_kinematic,16,topk_auc,0.95,0.95
0,0.5539573028979808,0.008761721318979052,3,2.0,0.75,True,block_kinematic,16,mrmr,0.9,0.9
0,0.5552698792105571,0.009704913198670208,3,2.0,0.75,True,block_kinematic,16,mrmr,0.9,0.95
0,0.5534485523892304,0.009479096370545807,3,2.0,0.75,True,block_kinematic,16,mrmr,0.95,0.9
0,0.5547611287018067,0.010421439222005764,3,2.0,0.75,True,block_kinematic,16,mrmr,0.95,0.95
0,0.5480592461524665,0.010019838026160256,3,2.0,0.75,True,block_kinematic,32,topk_auc,0.9,0.9
0,0.5480592461524665,0.010019838026160256,3,2.0,0.75,True,block_kinematic,32,topk_auc,0.9,0.95
0,0.55846500486331,0.012869922197609214,3,2.0,0.75,True,block_kinematic,32,topk_auc,0.95,0.9
0,0.55846500486331,0.012869922197609214,3,2.0,0.75,True,block_kinematic,32,topk_auc,0.95,0.95
0,0.5460902092258024,0.015003745878328084,3,2.0,0.75,True,block_kinematic,32,mrmr,0.9,0.9
0,0.5443197574553508,0.015391056659639269,3,2.0,0.75,True,block_kinematic,32,mrmr,0.9,0.95
0,0.5416495933445086,0.015402067991660382,3,2.0,0.75,True,block_kinematic,32,mrmr,0.95,0.9
0,0.545048046742962,0.01443475987163544,3,2.0,0.75,True,block_kinematic,32,mrmr,0.95,0.95
1,0.5776140333931817,0.014777003508668871,3,0.5,0.25,True,block_kinematic,0,topk_auc,0.9,0.9
1,0.5776140333931817,0.014777003508668871,3,0.5,0.25,True,block_kinematic,0,topk_auc,0.9,0.95
1,0.5776140333931817,0.014777003508668871,3,0.5,0.25,True,block_kinematic,0,topk_auc,0.95,0.9
1,0.5776140333931817,0.014777003508668871,3,0.5,0.25,True,block_kinematic,0,topk_auc,0.95,0.95
1,0.5776140333931817,0.014777003508668871,3,0.5,0.25,True,block_kinematic,0,mrmr,0.9,0.9
1,0.5776140333931817,0.014777003508668871,3,0.5,0.25,True,block_kinematic,0,mrmr,0.9,0.95
1,0.5776140333931817,0.014777003508668871,3,0.5,0.25,True,block_kinematic,0,mrmr,0.95,0.9
1,0.5776140333931817,0.014777003508668871,3,0.5,0.25,True,block_kinematic,0,mrmr,0.95,0.95
1,0.5535140820569676,0.004520485222589939,3,0.5,0.25,True,block_kinematic,8,topk_auc,0.9,0.9
1,0.5535140820569676,0.004520485222589939,3,0.5,0.25,True,block_kinematic,8,topk_auc,0.9,0.95
1,0.5619751167085144,0.008578705201782132,3,0.5,0.25,True,block_kinematic,8,topk_auc,0.95,0.9
1,0.5619751167085144,0.008578705201782132,3,0.5,0.25,True,block_kinematic,8,topk_auc,0.95,0.95
1,0.5609055957290169,0.005327761866540693,3,0.5,0.25,True,block_kinematic,8,mrmr,0.9,0.9
1,0.5609055957290169,0.005327761866540693,3,0.5,0.25,True,block_kinematic,8,mrmr,0.9,0.95
1,0.5609055957290169,0.005327761866540693,3,0.5,0.25,True,block_kinematic,8,mrmr,0.95,0.9
1,0.5609055957290169,0.005327761866540693,3,0.5,0.25,True,block_kinematic,8,mrmr,0.95,0.95
1,0.5518517987643086,0.016560258925219458,3,0.5,0.25,True,block_kinematic,16,topk_auc,0.9,0.9
1,0.5518517987643086,0.016560258925219458,3,0.5,0.25,True,block_kinematic,16,topk_auc,0.9,0.95
1,0.5442831110935339,0.0011572319617866934,3,0.5,0.25,True,block_kinematic,16,topk_auc,0.95,0.9
1,0.5442831110935339,0.0011572319617866934,3,0.5,0.25,True,block_kinematic,16,topk_auc,0.95,0.95
1,0.5556124522067883,0.003812000059916298,3,0.5,0.25,True,block_kinematic,16,mrmr,0.9,0.9
1,0.5556124522067883,0.003812000059916298,3,0.5,0.25,True,block_kinematic,16,mrmr,0.9,0.95
1,0.5603776882887503,0.01054955156456696,3,0.5,0.25,True,block_kinematic,16,mrmr,0.95,0.9
1,0.5603776882887503,0.01054955156456696,3,0.5,0.25,True,block_kinematic,16,mrmr,0.95,0.95
1,0.5411258911741451,0.009243436690804055,3,0.5,0.25,True,block_kinematic,32,topk_auc,0.9,0.9
1,0.5411258911741451,0.009243436690804055,3,0.5,0.25,True,block_kinematic,32,topk_auc,0.9,0.95
1,0.5391585196006452,0.006416979736401151,3,0.5,0.25,True,block_kinematic,32,topk_auc,0.95,0.9
1,0.5391585196006452,0.006416979736401151,3,0.5,0.25,True,block_kinematic,32,topk_auc,0.95,0.95
1,0.5552541588535919,0.007483973039056201,3,0.5,0.25,True,block_kinematic,32,mrmr,0.9,0.9
1,0.5554660232603715,0.007652916780099275,3,0.5,0.25,True,block_kinematic,32,mrmr,0.9,0.95
1,0.557717887295968,0.009566436677019063,3,0.5,0.25,True,block_kinematic,32,mrmr,0.95,0.9
1,0.5579297517027476,0.009645208176053039,3,0.5,0.25,True,block_kinematic,32,mrmr,0.95,0.95
1,0.5803195915521749,0.014779344152152879,3,0.5,0.5,True,block_kinematic,0,topk_auc,0.9,0.9
1,0.5803195915521749,0.014779344152152879,3,0.5,0.5,True,block_kinematic,0,topk_auc,0.9,0.95
1,0.5803195915521749,0.014779344152152879,3,0.5,0.5,True,block_kinematic,0,topk_auc,0.95,0.9
1,0.5803195915521749,0.014779344152152879,3,0.5,0.5,True,block_kinematic,0,topk_auc,0.95,0.95
1,0.5803195915521749,0.014779344152152879,3,0.5,0.5,True,block_kinematic,0,mrmr,0.9,0.9
1,0.5803195915521749,0.014779344152152879,3,0.5,0.5,True,block_kinematic,0,mrmr,0.9,0.95
1,0.5803195915521749,0.014779344152152879,3,0.5,0.5,True,block_kinematic,0,mrmr,0.95,0.9
1,0.5803195915521749,0.014779344152152879,3,0.5,0.5,True,block_kinematic,0,mrmr,0.95,0.95
1,0.5550168922107821,0.0063429106805586,3,0.5,0.5,True,block_kinematic,8,topk_auc,0.9,0.9
1,0.5550168922107821,0.0063429106805586,3,0.5,0.5,True,block_kinematic,8,topk_auc,0.9,0.95
1,0.5633700124682693,0.00925484962067402,3,0.5,0.5,True,block_kinematic,8,topk_auc,0.95,0.9
1,0.5633700124682693,0.00925484962067402,3,0.5,0.5,True,block_kinematic,8,topk_auc,0.95,0.95
1,0.5605643161662826,0.007853849775084104,3,0.5,0.5,True,block_kinematic,8,mrmr,0.9,0.9
1,0.5605643161662826,0.007853849775084104,3,0.5,0.5,True,block_kinematic,8,mrmr,0.9,0.95
1,0.5605643161662826,0.007853849775084104,3,0.5,0.5,True,block_kinematic,8,mrmr,0.95,0.9
1,0.5605643161662826,0.007853849775084104,3,0.5,0.5,True,block_kinematic,8,mrmr,0.95,0.95
1,0.5525226031416092,0.017518583552176958,3,0.5,0.5,True,block_kinematic,16,topk_auc,0.9,0.9
1,0.5525226031416092,0.017518583552176958,3,0.5,0.5,True,block_kinematic,16,topk_auc,0.9,0.95
1,0.5474653656253874,0.0010267558875521343,3,0.5,0.5,True,block_kinematic,16,topk_auc,0.95,0.9
1,0.5474653656253874,0.0010267558875521343,3,0.5,0.5,True,block_kinematic,16,topk_auc,0.95,0.95
1,0.5549254048824289,0.005741270856546735,3,0.5,0.5,True,block_kinematic,16,mrmr,0.9,0.9
1,0.5549254048824289,0.005741270856546735,3,0.5,0.5,True,block_kinematic,16,mrmr,0.9,0.95
1,0.5597007797645653,0.012480439629754904,3,0.5,0.5,True,block_kinematic,16,mrmr,0.95,0.9
1,0.5597007797645653,0.012480439629754904,3,0.5,0.5,True,block_kinematic,16,mrmr,0.95,0.95
1,0.5421884337500478,0.009068375184651757,3,0.5,0.5,True,block_kinematic,32,topk_auc,0.9,0.9
1,0.5421884337500478,0.009068375184651757,3,0.5,0.5,True,block_kinematic,32,topk_auc,0.9,0.95
1,0.5408043831923438,0.006047072335368279,3,0.5,0.5,True,block_kinematic,32,topk_auc,0.95,0.9
1,0.5408043831923438,0.006047072335368279,3,0.5,0.5,True,block_kinematic,32,topk_auc,0.95,0.95
1,0.5559749931771766,0.007647956940692857,3,0.5,0.5,True,block_kinematic,32,mrmr,0.9,0.9
1,0.5560859697712042,0.007719757049887246,3,0.5,0.5,True,block_kinematic,32,mrmr,0.9,0.95
1,0.5574653968028116,0.008979569192887095,3,0.5,0.5,True,block_kinematic,32,mrmr,0.95,0.9
1,0.557576373396839,0.009022486719094712,3,0.5,0.5,True,block_kinematic,32,mrmr,0.95,0.95
1,0.5822351257480035,0.014207463869306498,3,0.5,0.75,True,block_kinematic,0,topk_auc,0.9,0.9
1,0.5822351257480035,0.014207463869306498,3,0.5,0.75,True,block_kinematic,0,topk_auc,0.9,0.95
1,0.5822351257480035,0.014207463869306498,3,0.5,0.75,True,block_kinematic,0,topk_auc,0.95,0.9
1,0.5822351257480035,0.014207463869306498,3,0.5,0.75,True,block_kinematic,0,topk_auc,0.95,0.95
1,0.5822351257480035,0.014207463869306498,3,0.5,0.75,True,block_kinematic,0,mrmr,0.9,0.9
1,0.5822351257480035,0.014207463869306498,3,0.5,0.75,True,block_kinematic,0,mrmr,0.9,0.95
1,0.5822351257480035,0.014207463869306498,3,0.5,0.75,True,block_kinematic,0,mrmr,0.95,0.9
1,0.5822351257480035,0.014207463869306498,3,0.5,0.75,True,block_kinematic,0,mrmr,0.95,0.95
1,0.5573623554156156,0.00804878406681222,3,0.5,0.75,True,block_kinematic,8,topk_auc,0.9,0.9
1,0.5573623554156156,0.00804878406681222,3,0.5,0.75,True,block_kinematic,8,topk_auc,0.9,0.95
1,0.5674158798110787,0.010212663295220786,3,0.5,0.75,True,block_kinematic,8,topk_auc,0.95,0.9
1,0.5674158798110787,0.010212663295220786,3,0.5,0.75,True,block_kinematic,8,topk_auc,0.95,0.95
1,0.5615834699555069,0.009679240483035692,3,0.5,0.75,True,block_kinematic,8,mrmr,0.9,0.9
1,0.5615834699555069,0.009679240483035692,3,0.5,0.75,True,block_kinematic,8,mrmr,0.9,0.95
1,0.5615834699555069,0.009679240483035692,3,0.5,0.75,True,block_kinematic,8,mrmr,0.95,0.9
1,0.5615834699555069,0.009679240483035692,3,0.5,0.75,True,block_kinematic,8,mrmr,0.95,0.95
1,0.5543715753778181,0.01748414462897229,3,0.5,0.75,True,block_kinematic,16,topk_auc,0.9,0.9
1,0.5543715753778181,0.01748414462897229,3,0.5,0.75,True,block_kinematic,16,topk_auc,0.9,0.95
1,0.5508340501072271,0.0020879406129541687,3,0.5,0.75,True,block_kinematic,16,topk_auc,0.95,0.9
1,0.5508340501072271,0.0020879406129541687,3,0.5,0.75,True,block_kinematic,16,topk_auc,0.95,0.95
1,0.5549162477415086,0.0070474582889996935,3,0.5,0.75,True,block_kinematic,16,mrmr,0.9,0.9
1,0.5549162477415086,0.0070474582889996935,3,0.5,0.75,True,block_kinematic,16,mrmr,0.9,0.95
1,0.5589616290110891,0.012752544719738914,3,0.5,0.75,True,block_kinematic,16,mrmr,0.95,0.9
1,0.5589616290110891,0.012752544719738914,3,0.5,0.75,True,block_kinematic,16,mrmr,0.95,0.95
1,0.5433595955875647,0.010582698470770976,3,0.5,0.75,True,block_kinematic,32,topk_auc,0.9,0.9
1,0.5433595955875647,0.010582698470770976,3,0.5,0.75,True,block_kinematic,32,topk_auc,0.9,0.95
1,0.5443249526698468,0.004687753536031458,3,0.5,0.75,True,block_kinematic,32,topk_auc,0.95,0.9
1,0.5443249526698468,0.004687753536031458,3,0.5,0.75,True,block_kinematic,32,topk_auc,0.95,0.95
1,0.5571660281677472,0.005920489992415872,3,0.5,0.75,True,block_kinematic,32,mrmr,0.9,0.9
1,0.5572770047617747,0.0059858827148650574,3,0.5,0.75,True,block_kinematic,32,mrmr,0.9,0.95
1,0.5590619838003577,0.007805897178836666,3,0.5,0.75,True,block_kinematic,32,mrmr,0.95,0.9
1,0.5591729603943851,0.007828780715751677,3,0.5,0.75,True,block_kinematic,32,mrmr,0.95,0.95
1,0.5710377347976118,0.014293079534689501,3,1.0,0.25,True,block_kinematic,0,topk_auc,0.9,0.9
1,0.5710377347976118,0.014293079534689501,3,1.0,0.25,True,block_kinematic,0,topk_auc,0.9,0.95
1,0.5710377347976118,0.014293079534689501,3,1.0,0.25,True,block_kinematic,0,topk_auc,0.95,0.9
1,0.5710377347976118,0.014293079534689501,3,1.0,0.25,True,block_kinematic,0,topk_auc,0.95,0.95
1,0.5710377347976118,0.014293079534689501,3,1.0,0.25,True,block_kinematic,0,mrmr,0.9,0.9
1,0.5710377347976118,0.014293079534689501,3,1.0,0.25,True,block_kinematic,0,mrmr,0.9,0.95
1,0.5710377347976118,0.014293079534689501,3,1.0,0.25,True,block_kinematic,0,mrmr,0.95,0.9
1,0.5710377347976118,0.014293079534689501,3,1.0,0.25,True,block_kinematic,0,mrmr,0.95,0.95
1,0.5496819025092744,0.0034272491624610943,3,1.0,0.25,True,block_kinematic,8,topk_auc,0.9,0.9
1,0.5496819025092744,0.0034272491624610943,3,1.0,0.25,True,block_kinematic,8,topk_auc,0.9,0.95
1,0.5577157288116936,0.009345921475170023,3,1.0,0.25,True,block_kinematic,8,topk_auc,0.95,0.9
1,0.5577157288116936,0.009345921475170023,3,1.0,0.25,True,block_kinematic,8,topk_auc,0.95,0.95
1,0.5564950703582406,0.0035200551992101634,3,1.0,0.25,True,block_kinematic,8,mrmr,0.9,0.9
1,0.5564950703582406,0.0035200551992101634,3,1.0,0.25,True,block_kinematic,8,mrmr,0.9,0.95
1,0.5564950703582406,0.0035200551992101634,3,1.0,0.25,True,block_kinematic,8,mrmr,0.95,0.9
1,0.5564950703582406,0.0035200551992101634,3,1.0,0.25,True,block_kinematic,8,mrmr,0.95,0.95
1,0.5468749093982823,0.013883334426542876,3,1.0,0.25,True,block_kinematic,16,topk_auc,0.9,0.9
1,0.5468749093982823,0.013883334426542876,3,1.0,0.25,True,block_kinematic,16,topk_auc,0.9,0.95
1,0.5403578006516966,0.004826775905002803,3,1.0,0.25,True,block_kinematic,16,topk_auc,0.95,0.9
1,0.5403578006516966,0.004826775905002803,3,1.0,0.25,True,block_kinematic,16,topk_auc,0.95,0.95
1,0.5512486352819003,0.001714691736658174,3,1.0,0.25,True,block_kinematic,16,mrmr,0.9,0.9
1,0.5512486352819003,0.001714691736658174,3,1.0,0.25,True,block_kinematic,16,mrmr,0.9,0.95
1,0.5557401237591539,0.0075028306160596515,3,1.0,0.25,True,block_kinematic,16,mrmr,0.95,0.9
1,0.5557401237591539,0.0075028306160596515,3,1.0,0.25,True,block_kinematic,16,mrmr,0.95,0.95
1,0.5366220041471866,0.011764553693876552,3,1.0,0.25,True,block_kinematic,32,topk_auc,0.9,0.9
1,0.5366220041471866,0.011764553693876552,3,1.0,0.25,True,block_kinematic,32,topk_auc,0.9,0.95
1,0.5343604091342193,0.006392378170530971,3,1.0,0.25,True,block_kinematic,32,topk_auc,0.95,0.9
1,0.5343604091342193,0.006392378170530971,3,1.0,0.25,True,block_kinematic,32,topk_auc,0.95,0.95
1,0.5531882853381435,0.008828132750080993,3,1.0,0.25,True,block_kinematic,32,mrmr,0.9,0.9
1,0.55325890680707,0.00891774415566686,3,1.0,0.25,True,block_kinematic,32,mrmr,0.9,0.95
1,0.5567774205998767,0.009898765276238015,3,1.0,0.25,True,block_kinematic,32,mrmr,0.95,0.9
1,0.5568480420688032,0.009953333459611101,3,1.0,0.25,True,block_kinematic,32,mrmr,0.95,0.95
1,0.5721116746246429,0.014084325187874287,3,1.0,0.5,True,block_kinematic,0,topk_auc,0.9,0.9
1,0.5721116746246429,0.014084325187874287,3,1.0,0.5,True,block_kinematic,0,topk_auc,0.9,0.95
1,0.5721116746246429,0.014084325187874287,3,1.0,0.5,True,block_kinematic,0,topk_auc,0.95,0.9
1,0.5721116746246429,0.014084325187874287,3,1.0,0.5,True,block_kinematic,0,topk_auc,0.95,0.95
1,0.5721116746246429,0.014084325187874287,3,1.0,0.5,True,block_kinematic,0,mrmr,0.9,0.9
1,0.5721116746246429,0.014084325187874287,3,1.0,0.5,True,block_kinematic,0,mrmr,0.9,0.95
1,0.5721116746246429,0.014084325187874287,3,1.0,0.5,True,block_kinematic,0,mrmr,0.95,0.9
1,0.5721116746246429,0.014084325187874287,3,1.0,0.5,True,block_kinematic,0,mrmr,0.95,0.95
1,0.5495551101234496,0.003124650345975779,3,1.0,0.5,True,block_kinematic,8,topk_auc,0.9,0.9
1,0.5495551101234496,0.003124650345975779,3,1.0,0.5,True,block_kinematic,8,topk_auc,0.9,0.95
1,0.5578747091262924,0.009483054749651125,3,1.0,0.5,True,block_kinematic,8,topk_auc,0.95,0.9
1,0.5578747091262924,0.009483054749651125,3,1.0,0.5,True,block_kinematic,8,topk_auc,0.95,0.95
1,0.5564670428971653,0.004343752134650016,3,1.0,0.5,True,block_kinematic,8,mrmr,0.9,0.9
1,0.5564670428971653,0.004343752134650016,3,1.0,0.5,True,block_kinematic,8,mrmr,0.9,0.95
1,0.5564670428971653,0.004343752134650016,3,1.0,0.5,True,block_kinematic,8,mrmr,0.95,0.9
1,0.5564670428971653,0.004343752134650016,3,1.0,0.5,True,block_kinematic,8,mrmr,0.95,0.95
1,0.5469989620986363,0.014623582035831263,3,1.0,0.5,True,block_kinematic,16,topk_auc,0.9,0.9
1,0.5469989620986363,0.014623582035831263,3,1.0,0.5,True,block_kinematic,16,topk_auc,0.9,0.95
1,0.5405387159413337,0.004407326483545484,3,1.0,0.5,True,block_kinematic,16,topk_auc,0.95,0.9
1,0.5405387159413337,0.004407326483545484,3,1.0,0.5,True,block_kinematic,16,topk_auc,0.95,0.95
1,0.5511056646974073,0.0030624461910616113,3,1.0,0.5,True,block_kinematic,16,mrmr,0.9,0.9
1,0.5511056646974073,0.0030624461910616113,3,1.0,0.5,True,block_kinematic,16,mrmr,0.9,0.95
1,0.5555971531746609,0.008997523369601981,3,1.0,0.5,True,block_kinematic,16,mrmr,0.95,0.9
1,0.5555971531746609,0.008997523369601981,3,1.0,0.5,True,block_kinematic,16,mrmr,0.95,0.95
1,0.5369116678883553,0.01032425906393854,3,1.0,0.5,True,block_kinematic,32,topk_auc,0.9,0.9
1,0.5369116678883553,0.01032425906393854,3,1.0,0.5,True,block_kinematic,32,topk_auc,0.9,0.95
1,0.5342436189939056,0.005086457807484282,3,1.0,0.5,True,block_kinematic,32,topk_auc,0.95,0.9
1,0.5342436189939056,0.005086457807484282,3,1.0,0.5,True,block_kinematic,32,topk_auc,0.95,0.95
1,0.552033471702179,0.00875852197242509,3,1.0,0.5,True,block_kinematic,32,mrmr,0.9,0.9
1,0.5520032053583533,0.00872217335015018,3,1.0,0.5,True,block_kinematic,32,mrmr,0.9,0.95
1,0.5557645501663536,0.010366186923366452,3,1.0,0.5,True,block_kinematic,32,mrmr,0.95,0.9
1,0.5557342838225279,0.010346414081509837,3,1.0,0.5,True,block_kinematic,32,mrmr,0.95,0.95
1,0.5745227110719601,0.01385725213794135,3,1.0,0.75,True,block_kinematic,0,topk_auc,0.9,0.9
1,0.5745227110719601,0.01385725213794135,3,1.0,0.75,True,block_kinematic,0,topk_auc,0.9,0.95
1,0.5745227110719601,0.01385725213794135,3,1.0,0.75,True,block_kinematic,0,topk_auc,0.95,0.9
1,0.5745227110719601,0.01385725213794135,3,1.0,0.75,True,block_kinematic,0,topk_auc,0.95,0.95
1,0.5745227110719601,0.01385725213794135,3,1.0,0.75,True,block_kinematic,0,mrmr,0.9,0.9
1,0.5745227110719601,0.01385725213794135,3,1.0,0.75,True,block_kinematic,0,mrmr,0.9,0.95
1,0.5745227110719601,0.01385725213794135,3,1.0,0.75,True,block_kinematic,0,mrmr,0.95,0.9
1,0.5745227110719601,0.01385725213794135,3,1.0,0.75,True,block_kinematic,0,mrmr,0.95,0.95
1,0.5495047321929222,0.004529119255221855,3,1.0,0.75,True,block_kinematic,8,topk_auc,0.9,0.9
1,0.5495047321929222,0.004529119255221855,3,1.0,0.75,True,block_kinematic,8,topk_auc,0.9,0.95
1,0.5578718307381073,0.010044097797165865,3,1.0,0.75,True,block_kinematic,8,topk_auc,0.95,0.9
1,0.5578718307381073,0.010044097797165865,3,1.0,0.75,True,block_kinematic,8,topk_auc,0.95,0.95
1,0.5564809656424048,0.004793289489607849,3,1.0,0.75,True,block_kinematic,8,mrmr,0.9,0.9
1,0.5564809656424048,0.004793289489607849,3,1.0,0.75,True,block_kinematic,8,mrmr,0.9,0.95
1,0.5564809656424048,0.004793289489607849,3,1.0,0.75,True,block_kinematic,8,mrmr,0.95,0.9
1,0.5564809656424048,0.004793289489607849,3,1.0,0.75,True,block_kinematic,8,mrmr,0.95,0.95
1,0.547039586650691,0.015886451901199715,3,1.0,0.75,True,block_kinematic,16,topk_auc,0.9,0.9
1,0.547039586650691,0.015886451901199715,3,1.0,0.75,True,block_kinematic,16,topk_auc,0.9,0.95
1,0.5408008812556735,0.004153547643846849,3,1.0,0.75,True,block_kinematic,16,topk_auc,0.95,0.9
1,0.5408008812556735,0.004153547643846849,3,1.0,0.75,True,block_kinematic,16,topk_auc,0.95,0.95
1,0.5502241552470758,0.0034923266960217403,3,1.0,0.75,True,block_kinematic,16,mrmr,0.9,0.9
1,0.5502241552470758,0.0034923266960217403,3,1.0,0.75,True,block_kinematic,16,mrmr,0.9,0.95
1,0.5553138329346183,0.010335389983399512,3,1.0,0.75,True,block_kinematic,16,mrmr,0.95,0.9
1,0.5553138329346183,0.010335389983399512,3,1.0,0.75,True,block_kinematic,16,mrmr,0.95,0.95
1,0.5367808518963595,0.010374298726615577,3,1.0,0.75,True,block_kinematic,32,topk_auc,0.9,0.9
1,0.5367808518963595,0.010374298726615577,3,1.0,0.75,True,block_kinematic,32,topk_auc,0.9,0.95
1,0.5356565764860898,0.004046748908816595,3,1.0,0.75,True,block_kinematic,32,topk_auc,0.95,0.9
1,0.5356565764860898,0.004046748908816595,3,1.0,0.75,True,block_kinematic,32,topk_auc,0.95,0.95
1,0.5512933175020756,0.009086034506339465,3,1.0,0.75,True,block_kinematic,32,mrmr,0.9,0.9
1,0.5516161585028826,0.009444532232394137,3,1.0,0.75,True,block_kinematic,32,mrmr,0.9,0.95
1,0.554000377148637,0.010405149526172936,3,1.0,0.75,True,block_kinematic,32,mrmr,0.95,0.9
1,0.5543232181494441,0.010637781865091817,3,1.0,0.75,True,block_kinematic,32,mrmr,0.95,0.95
1,0.5675939498538871,0.014748276652386132,3,2.0,0.25,True,block_kinematic,0,topk_auc,0.9,0.9
1,0.5675939498538871,0.014748276652386132,3,2.0,0.25,True,block_kinematic,0,topk_auc,0.9,0.95
1,0.5675939498538871,0.014748276652386132,3,2.0,0.25,True,block_kinematic,0,topk_auc,0.95,0.9
1,0.5675939498538871,0.014748276652386132,3,2.0,0.25,True,block_kinematic,0,topk_auc,0.95,0.95
1,0.5675939498538871,0.014748276652386132,3,2.0,0.25,True,block_kinematic,0,mrmr,0.9,0.9
1,0.5675939498538871,0.014748276652386132,3,2.0,0.25,True,block_kinematic,0,mrmr,0.9,0.95
1,0.5675939498538871,0.014748276652386132,3,2.0,0.25,True,block_kinematic,0,mrmr,0.95,0.9
1,0.5675939498538871,0.014748276652386132,3,2.0,0.25,True,block_kinematic,0,mrmr,0.95,0.95
1,0.5481239141449347,0.005278367199567459,3,2.0,0.25,True,block_kinematic,8,topk_auc,0.9,0.9
1,0.5481239141449347,0.005278367199567459,3,2.0,0.25,True,block_kinematic,8,topk_auc,0.9,0.95
1,0.5552784735621457,0.010135805572924787,3,2.0,0.25,True,block_kinematic,8,topk_auc,0.95,0.9
1,0.5552784735621457,0.010135805572924787,3,2.0,0.25,True,block_kinematic,8,topk_auc,0.95,0.95
1,0.5542376189354294,0.004344298138828418,3,2.0,0.25,True,block_kinematic,8,mrmr,0.9,0.9
1,0.5542376189354294,0.004344298138828418,3,2.0,0.25,True,block_kinematic,8,mrmr,0.9,0.95
1,0.5542376189354294,0.004344298138828418,3,2.0,0.25,True,block_kinematic,8,mrmr,0.95,0.9
1,0.5542376189354294,0.004344298138828418,3,2.0,0.25,True,block_kinematic,8,mrmr,0.95,0.95
1,0.5457381323318654,0.01243100021791045,3,2.0,0.25,True,block_kinematic,16,topk_auc,0.9,0.9
1,0.5457381323318654,0.01243100021791045,3,2.0,0.25,True,block_kinematic,16,topk_auc,0.9,0.95
1,0.538489000064638,0.0081197055010841,3,2.0,0.25,True,block_kinematic,16,topk_auc,0.95,0.9
1,0.538489000064638,0.0081197055010841,3,2.0,0.25,True,block_kinematic,16,topk_auc,0.95,0.95
1,0.5495715442470374,0.00291607341699149,3,2.0,0.25,True,block_kinematic,16,mrmr,0.9,0.9
1,0.5495715442470374,0.00291607341699149,3,2.0,0.25,True,block_kinematic,16,mrmr,0.9,0.95
1,0.5534952599145252,0.004918753044918412,3,2.0,0.25,True,block_kinematic,16,mrmr,0.95,0.9
1,0.5534952599145252,0.004918753044918412,3,2.0,0.25,True,block_kinematic,16,mrmr,0.95,0.95
1,0.5350070307546633,0.012164995267206468,3,2.0,0.25,True,block_kinematic,32,topk_auc,0.9,0.9
1,0.5350070307546633,0.012164995267206468,3,2.0,0.25,True,block_kinematic,32,topk_auc,0.9,0.95
1,0.533277523595848,0.006502062947903933,3,2.0,0.25,True,block_kinematic,32,topk_auc,0.95,0.9
1,0.533277523595848,0.006502062947903933,3,2.0,0.25,True,block_kinematic,32,topk_auc,0.95,0.95
1,0.552209860434874,0.010771793162798304,3,2.0,0.25,True,block_kinematic,32,mrmr,0.9,0.9
1,0.551937463340443,0.010392384098656228,3,2.0,0.25,True,block_kinematic,32,mrmr,0.9,0.95
1,0.5559612164993973,0.010232130973695025,3,2.0,0.25,True,block_kinematic,32,mrmr,0.95,0.9
1,0.5556888194049664,0.009935307773745527,3,2.0,0.25,True,block_kinematic,32,mrmr,0.95,0.95
1,0.5673203541470626,0.014663640824300337,3,2.0,0.5,True,block_kinematic,0,topk_auc,0.9,0.9
1,0.5673203541470626,0.014663640824300337,3,2.0,0.5,True,block_kinematic,0,topk_auc,0.9,0.95
1,0.5673203541470626,0.014663640824300337,3,2.0,0.5,True,block_kinematic,0,topk_auc,0.95,0.9
1,0.5673203541470626,0.014663640824300337,3,2.0,0.5,True,block_kinematic,0,topk_auc,0.95,0.95
1,0.5673203541470626,0.014663640824300337,3,2.0,0.5,True,block_kinematic,0,mrmr,0.9,0.9
1,0.5673203541470626,0.014663640824300337,3,2.0,0.5,True,block_kinematic,0,mrmr,0.9,0.95
1,0.5673203541470626,0.014663640824300337,3,2.0,0.5,True,block_kinematic,0,mrmr,0.95,0.9
1,0.5673203541470626,0.014663640824300337,3,2.0,0.5,True,block_kinematic,0,mrmr,0.95,0.95
1,0.5477503690167301,0.004757224317243689,3,2.0,0.5,True,block_kinematic,8,topk_auc,0.9,0.9
1,0.5477503690167301,0.004757224317243689,3,2.0,0.5,True,block_kinematic,8,topk_auc,0.9,0.95
1,0.5556119707365259,0.010435833790256489,3,2.0,0.5,True,block_kinematic,8,topk_auc,0.95,0.9
1,0.5556119707365259,0.010435833790256489,3,2.0,0.5,True,block_kinematic,8,topk_auc,0.95,0.95
1,0.5539043789134265,0.004141657689480118,3,2.0,0.5,True,block_kinematic,8,mrmr,0.9,0.9
1,0.5539043789134265,0.004141657689480118,3,2.0,0.5,True,block_kinematic,8,mrmr,0.9,0.95
1,0.5539043789134265,0.004141657689480118,3,2.0,0.5,True,block_kinematic,8,mrmr,0.95,0.9
1,0.5539043789134265,0.004141657689480118,3,2.0,0.5,True,block_kinematic,8,mrmr,0.95,0.95
1,0.5452007538283851,0.01280568457065774,3,2.0,0.5,True,block_kinematic,16,topk_auc,0.9,0.9
1,0.5452007538283851,0.01280568457065774,3,2.0,0.5,True,block_kinematic,16,topk_auc,0.9,0.95
1,0.5386023395146383,0.007524518911803262,3,2.0,0.5,True,block_kinematic,16,topk_auc,0.95,0.9
1,0.5386023395146383,0.007524518911803262,3,2.0,0.5,True,block_kinematic,16,topk_auc,0.95,0.95
1,0.5488927159790903,0.002659423081802005,3,2.0,0.5,True,block_kinematic,16,mrmr,0.9,0.9
1,0.5488927159790903,0.002659423081802005,3,2.0,0.5,True,block_kinematic,16,mrmr,0.9,0.95
1,0.5527555988455318,0.005656341619827394,3,2.0,0.5,True,block_kinematic,16,mrmr,0.95,0.9
1,0.5527555988455318,0.005656341619827394,3,2.0,0.5,True,block_kinematic,16,mrmr,0.95,0.95
1,0.5343101717475925,0.011471420070569038,3,2.0,0.5,True,block_kinematic,32,topk_auc,0.9,0.9
1,0.5343101717475925,0.011471420070569038,3,2.0,0.5,True,block_kinematic,32,topk_auc,0.9,0.95
1,0.5331551252015393,0.006333423384087764,3,2.0,0.5,True,block_kinematic,32,topk_auc,0.95,0.9
1,0.5331551252015393,0.006333423384087764,3,2.0,0.5,True,block_kinematic,32,topk_auc,0.95,0.95
1,0.5517933076455906,0.010947047845224055,3,2.0,0.5,True,block_kinematic,32,mrmr,0.9,0.9
1,0.55130904614438,0.010280404555534759,3,2.0,0.5,True,block_kinematic,32,mrmr,0.9,0.95
1,0.5555446637101139,0.010662174167825892,3,2.0,0.5,True,block_kinematic,32,mrmr,0.95,0.9
1,0.5550604022089033,0.010156972675145502,3,2.0,0.5,True,block_kinematic,32,mrmr,0.95,0.95
1,0.5682454438674657,0.014743407866874418,3,2.0,0.75,True,block_kinematic,0,topk_auc,0.9,0.9
1,0.5682454438674657,0.014743407866874418,3,2.0,0.75,True,block_kinematic,0,topk_auc,0.9,0.95
1,0.5682454438674657,0.014743407866874418,3,2.0,0.75,True,block_kinematic,0,topk_auc,0.95,0.9
1,0.5682454438674657,0.014743407866874418,3,2.0,0.75,True,block_kinematic,0,topk_auc,0.95,0.95
1,0.5682454438674657,0.014743407866874418,3,2.0,0.75,True,block_kinematic,0,mrmr,0.9,0.9
1,0.5682454438674657,0.014743407866874418,3,2.0,0.75,True,block_kinematic,0,mrmr,0.9,0.95
1,0.5682454438674657,0.014743407866874418,3,2.0,0.75,True,block_kinematic,0,mrmr,0.95,0.9
1,0.5682454438674657,0.014743407866874418,3,2.0,0.75,True,block_kinematic,0,mrmr,0.95,0.95
1,0.547266464705695,0.004097859859183465,3,2.0,0.75,True,block_kinematic,8,topk_auc,0.9,0.9
1,0.547266464705695,0.004097859859183465,3,2.0,0.75,True,block_kinematic,8,topk_auc,0.9,0.95
1,0.5552895436958106,0.009823853747235399,3,2.0,0.75,True,block_kinematic,8,topk_auc,0.95,0.9
1,0.5552895436958106,0.009823853747235399,3,2.0,0.75,True,block_kinematic,8,topk_auc,0.95,0.95
1,0.5540381616705582,0.004028019959651886,3,2.0,0.75,True,block_kinematic,8,mrmr,0.9,0.9
1,0.5540381616705582,0.004028019959651886,3,2.0,0.75,True,block_kinematic,8,mrmr,0.9,0.95
1,0.5540381616705582,0.004028019959651886,3,2.0,0.75,True,block_kinematic,8,mrmr,0.95,0.9
1,0.5540381616705582,0.004028019959651886,3,2.0,0.75,True,block_kinematic,8,mrmr,0.95,0.95
1,0.5445226135504501,0.013106444137233907,3,2.0,0.75,True,block_kinematic,16,topk_auc,0.9,0.9
1,0.5445226135504501,0.013106444137233907,3,2.0,0.75,True,block_kinematic,16,topk_auc,0.9,0.95
1,0.5386941131474879,0.006833974293518811,3,2.0,0.75,True,block_kinematic,16,topk_auc,0.95,0.9
1,0.5386941131474879,0.006833974293518811,3,2.0,0.75,True,block_kinematic,16,topk_auc,0.95,0.95
1,0.54820361266317,0.002733060044665618,3,2.0,0.75,True,block_kinematic,16,mrmr,0.9,0.9
1,0.54820361266317,0.002733060044665618,3,2.0,0.75,True,block_kinematic,16,mrmr,0.9,0.95
1,0.5521678835313554,0.006607093209583159,3,2.0,0.75,True,block_kinematic,16,mrmr,0.95,0.9
1,0.5521678835313554,0.006607093209583159,3,2.0,0.75,True,block_kinematic,16,mrmr,0.95,0.95
1,0.5337852135811904,0.010918581326662418,3,2.0,0.75,True,block_kinematic,32,topk_auc,0.9,0.9
1,0.5337852135811904,0.010918581326662418,3,2.0,0.75,True,block_kinematic,32,topk_auc,0.9,0.95
1,0.5331636913216019,0.006014429665238695,3,2.0,0.75,True,block_kinematic,32,topk_auc,0.95,0.9
1,0.5331636913216019,0.006014429665238695,3,2.0,0.75,True,block_kinematic,32,topk_auc,0.95,0.95
1,0.5508929588684098,0.01043296346388743,3,2.0,0.75,True,block_kinematic,32,mrmr,0.9,0.9
1,0.5502876319918965,0.009605535716557066,3,2.0,0.75,True,block_kinematic,32,mrmr,0.9,0.95
1,0.5547051477339794,0.010361874673156616,3,2.0,0.75,True,block_kinematic,32,mrmr,0.95,0.9
1,0.5540998208574661,0.009767460123430046,3,2.0,0.75,True,block_kinematic,32,mrmr,0.95,0.95
2,0.5585468406921751,0.01662838671630907,3,0.5,0.25,True,block_kinematic,0,topk_auc,0.9,0.9
2,0.5585468406921751,0.01662838671630907,3,0.5,0.25,True,block_kinematic,0,topk_auc,0.9,0.95
2,0.5585468406921751,0.01662838671630907,3,0.5,0.25,True,block_kinematic,0,topk_auc,0.95,0.9
2,0.5585468406921751,0.01662838671630907,3,0.5,0.25,True,block_kinematic,0,topk_auc,0.95,0.95
2,0.5585468406921751,0.01662838671630907,3,0.5,0.25,True,block_kinematic,0,mrmr,0.9,0.9
2,0.5585468406921751,0.01662838671630907,3,0.5,0.25,True,block_kinematic,0,mrmr,0.9,0.95
2,0.5585468406921751,0.01662838671630907,3,0.5,0.25,True,block_kinematic,0,mrmr,0.95,0.9
2,0.5585468406921751,0.01662838671630907,3,0.5,0.25,True,block_kinematic,0,mrmr,0.95,0.95
2,0.5474774941344095,0.006442308321094682,3,0.5,0.25,True,block_kinematic,8,topk_auc,0.9,0.9
2,0.5474774941344095,0.006442308321094682,3,0.5,0.25,True,block_kinematic,8,topk_auc,0.9,0.95
2,0.5509485178976704,0.0040774766464413345,3,0.5,0.25,True,block_kinematic,8,topk_auc,0.95,0.9
2,0.5509485178976704,0.0040774766464413345,3,0.5,0.25,True,block_kinematic,8,topk_auc,0.95,0.95
2,0.550927007316114,0.018720389554088574,3,0.5,0.25,True,block_kinematic,8,mrmr,0.9,0.9
2,0.550927007316114,0.018720389554088574,3,0.5,0.25,True,block_kinematic,8,mrmr,0.9,0.95
2,0.550927007316114,0.018720389554088574,3,0.5,0.25,True,block_kinematic,8,mrmr,0.95,0.9
2,0.550927007316114,0.018720389554088574,3,0.5,0.25,True,block_kinematic,8,mrmr,0.95,0.95
2,0.5447206033897029,0.009578744712882701,3,0.5,0.25,True,block_kinematic,16,topk_auc,0.9,0.9
2,0.5447206033897029,0.009578744712882701,3,0.5,0.25,True,block_kinematic,16,topk_auc,0.9,0.95
2,0.5486405470798377,0.00995073992974581,3,0.5,0.25,True,block_kinematic,16,topk_auc,0.95,0.9
2,0.5486405470798377,0.00995073992974581,3,0.5,0.25,True,block_kinematic,16,topk_auc,0.95,0.95
2,0.5565994502880022,0.022755131288710404,3,0.5,0.25,True,block_kinematic,16,mrmr,0.9,0.9
2,0.5565994502880022,0.022755131288710404,3,0.5,0.25,True,block_kinematic,16,mrmr,0.9,0.95
2,0.5567211158900948,0.02281630788282145,3,0.5,0.25,True,block_kinematic,16,mrmr,0.95,0.9
2,0.5567211158900948,0.02281630788282145,3,0.5,0.25,True,block_kinematic,16,mrmr,0.95,0.95
2,0.5441316415922846,0.008477915254335167,3,0.5,0.25,True,block_kinematic,32,topk_auc,0.9,0.9
2,0.5441316415922846,0.008477915254335167,3,0.5,0.25,True,block_kinematic,32,topk_auc,0.9,0.95
2,0.5480191622955058,0.007366469812581252,3,0.5,0.25,True,block_kinematic,32,topk_auc,0.95,0.9
2,0.5480191622955058,0.007366469812581252,3,0.5,0.25,True,block_kinematic,32,topk_auc,0.95,0.95
2,0.5549742954411511,0.021529340430024274,3,0.5,0.25,True,block_kinematic,32,mrmr,0.9,0.9
2,0.554106660251482,0.02274294768003629,3,0.5,0.25,True,block_kinematic,32,mrmr,0.9,0.95
2,0.5566785191204637,0.02297722070539261,3,0.5,0.25,True,block_kinematic,32,mrmr,0.95,0.9
2,0.5558108839307947,0.02417931202577507,3,0.5,0.25,True,block_kinematic,32,mrmr,0.95,0.95
2,0.561465458494833,0.016634356518422315,3,0.5,0.5,True,block_kinematic,0,topk_auc,0.9,0.9
2,0.561465458494833,0.016634356518422315,3,0.5,0.5,True,block_kinematic,0,topk_auc,0.9,0.95
2,0.561465458494833,0.016634356518422315,3,0.5,0.5,True,block_kinematic,0,topk_auc,0.95,0.9
2,0.561465458494833,0.016634356518422315,3,0.5,0.5,True,block_kinematic,0,topk_auc,0.95,0.95
2,0.561465458494833,0.016634356518422315,3,0.5,0.5,True,block_kinematic,0,mrmr,0.9,0.9
2,0.561465458494833,0.016634356518422315,3,0.5,0.5,True,block_kinematic,0,mrmr,0.9,0.95
2,0.561465458494833,0.016634356518422315,3,0.5,0.5,True,block_kinematic,0,mrmr,0.95,0.9
2,0.561465458494833,0.016634356518422315,3,0.5,0.5,True,block_kinematic,0,mrmr,0.95,0.95
2,0.5494722570390584,0.006311958085850658,3,0.5,0.5,True,block_kinematic,8,topk_auc,0.9,0.9
2,0.5494722570390584,0.006311958085850658,3,0.5,0.5,True,block_kinematic,8,topk_auc,0.9,0.95
2,0.5533899237952559,0.0031097810565886043,3,0.5,0.5,True,block_kinematic,8,topk_auc,0.95,0.9
2,0.5533899237952559,0.0031097810565886043,3,0.5,0.5,True,block_kinematic,8,topk_auc,0.95,0.95
2,0.5533917177246087,0.01917806013690862,3,0.5,0.5,True,block_kinematic,8,mrmr,0.9,0.9
2,0.5533917177246087,0.01917806013690862,3,0.5,0.5,True,block_kinematic,8,mrmr,0.9,0.95
2,0.5533917177246087,0.01917806013690862,3,0.5,0.5,True,block_kinematic,8,mrmr,0.95,0.9
2,0.5533917177246087,0.01917806013690862,3,0.5,0.5,True,block_kinematic,8,mrmr,0.95,0.95
2,0.5476364103143462,0.010415676842139253,3,0.5,0.5,True,block_kinematic,16,topk_auc,0.9,0.9
2,0.5476364103143462,0.010415676842139253,3,0.5,0.5,True,block_kinematic,16,topk_auc,0.9,0.95
2,0.5499735685407319,0.00911501449603664,3,0.5,0.5,True,block_kinematic,16,topk_auc,0.95,0.9
2,0.5499735685407319,0.00911501449603664,3,0.5,0.5,True,block_kinematic,16,topk_auc,0.95,0.95
2,0.5591864093409724,0.02362620898901988,3,0.5,0.5,True,block_kinematic,16,mrmr,0.9,0.9
2,0.5591864093409724,0.02362620898901988,3,0.5,0.5,True,block_kinematic,16,mrmr,0.9,0.95
2,0.55980487615161,0.02395432916289491,3,0.5,0.5,True,block_kinematic,16,mrmr,0.95,0.9
2,0.55980487615161,0.02395432916289491,3,0.5,0.5,True,block_kinematic,16,mrmr,0.95,0.95
2,0.5458482644350309,0.007254124352487984,3,0.5,0.5,True,block_kinematic,32,topk_auc,0.9,0.9
2,0.5458482644350309,0.007254124352487984,3,0.5,0.5,True,block_kinematic,32,topk_auc,0.9,0.95
2,0.5507556594451161,0.007531062489711174,3,0.5,0.5,True,block_kinematic,32,topk_auc,0.95,0.9
2,0.5507556594451161,0.007531062489711174,3,0.5,0.5,True,block_kinematic,32,topk_auc,0.95,0.95
2,0.5561391475326272,0.020388557284850308,3,0.5,0.5,True,block_kinematic,32,mrmr,0.9,0.9
2,0.554948671342151,0.022067523820951892,3,0.5,0.5,True,block_kinematic,32,mrmr,0.9,0.95
2,0.5576599313487847,0.021680880165666903,3,0.5,0.5,True,block_kinematic,32,mrmr,0.95,0.9
2,0.5564694551583085,0.023344460114482386,3,0.5,0.5,True,block_kinematic,32,mrmr,0.95,0.95
2,0.5634877339420737,0.015459214112661266,3,0.5,0.75,True,block_kinematic,0,topk_auc,0.9,0.9
2,0.5634877339420737,0.015459214112661266,3,0.5,0.75,True,block_kinematic,0,topk_auc,0.9,0.95
2,0.5634877339420737,0.015459214112661266,3,0.5,0.75,True,block_kinematic,0,topk_auc,0.95,0.9
2,0.5634877339420737,0.015459214112661266,3,0.5,0.75,True,block_kinematic,0,topk_auc,0.95,0.95
2,0.5634877339420737,0.015459214112661266,3,0.5,0.75,True,block_kinematic,0,mrmr,0.9,0.9
2,0.5634877339420737,0.015459214112661266,3,0.5,0.75,True,block_kinematic,0,mrmr,0.9,0.95
2,0.5634877339420737,0.015459214112661266,3,0.5,0.75,True,block_kinematic,0,mrmr,0.95,0.9
2,0.5634877339420737,0.015459214112661266,3,0.5,0.75,True,block_kinematic,0,mrmr,0.95,0.95
2,0.551443687815001,0.004915231623737243,3,0.5,0.75,True,block_kinematic,8,topk_auc,0.9,0.9
2,0.551443687815001,0.004915231623737243,3,0.5,0.75,True,block_kinematic,8,topk_auc,0.9,0.95
2,0.5549949989693038,0.0037198322522647574,3,0.5,0.75,True,block_kinematic,8,topk_auc,0.95,0.9
2,0.5549949989693038,0.0037198322522647574,3,0.5,0.75,True,block_kinematic,8,topk_auc,0.95,0.95
2,0.5560302244752453,0.01788262801143598,3,0.5,0.75,True,block_kinematic,8,mrmr,0.9,0.9
2,0.5560302244752453,0.01788262801143598,3,0.5,0.75,True,block_kinematic,8,mrmr,0.9,0.95
2,0.5560302244752453,0.01788262801143598,3,0.5,0.75,True,block_kinematic,8,mrmr,0.95,0.9
2,0.5560302244752453,0.01788262801143598,3,0.5,0.75,True,block_kinematic,8,mrmr,0.95,0.95
2,0.5499748902057545,0.010292515690366447,3,0.5,0.75,True,block_kinematic,16,topk_auc,0.9,0.9
2,0.5499748902057545,0.010292515690366447,3,0.5,0.75,True,block_kinematic,16,topk_auc,0.9,0.95
2,0.5515338028457035,0.008080066747553226,3,0.5,0.75,True,block_kinematic,16,topk_auc,0.95,0.9
2,0.5515338028457035,0.008080066747553226,3,0.5,0.75,True,block_kinematic,16,topk_auc,0.95,0.95
2,0.5622323771020917,0.022716067537980344,3,0.5,0.75,True,block_kinematic,16,mrmr,0.9,0.9
2,0.5622323771020917,0.022716067537980344,3,0.5,0.75,True,block_kinematic,16,mrmr,0.9,0.95
2,0.5629116767137757,0.023127844567171516,3,0.5,0.75,True,block_kinematic,16,mrmr,0.95,0.9
2,0.5629116767137757,0.023127844567171516,3,0.5,0.75,True,block_kinematic,16,mrmr,0.95,0.95
2,0.54720394537784,0.007612952281743899,3,0.5,0.75,True,block_kinematic,32,topk_auc,0.9,0.9
2,0.54720394537784,0.007612952281743899,3,0.5,0.75,True,block_kinematic,32,topk_auc,0.9,0.95
2,0.5538284078772046,0.007518947601346801,3,0.5,0.75,True,block_kinematic,32,topk_auc,0.95,0.9
2,0.5538284078772046,0.007518947601346801,3,0.5,0.75,True,block_kinematic,32,topk_auc,0.95,0.95
2,0.5582665446009133,0.020817734178684877,3,0.5,0.75,True,block_kinematic,32,mrmr,0.9,0.9
2,0.5573484655048683,0.022105292823947492,3,0.5,0.75,True,block_kinematic,32,mrmr,0.9,0.95
2,0.5589753553631049,0.02155856504442055,3,0.5,0.75,True,block_kinematic,32,mrmr,0.95,0.9
2,0.5580572762670597,0.02283285198918942,3,0.5,0.75,True,block_kinematic,32,mrmr,0.95,0.95
2,0.5515351103949633,0.016926550426144958,3,1.0,0.25,True,block_kinematic,0,topk_auc,0.9,0.9
2,0.5515351103949633,0.016926550426144958,3,1.0,0.25,True,block_kinematic,0,topk_auc,0.9,0.95
2,0.5515351103949633,0.016926550426144958,3,1.0,0.25,True,block_kinematic,0,topk_auc,0.95,0.9
2,0.5515351103949633,0.016926550426144958,3,1.0,0.25,True,block_kinematic,0,topk_auc,0.95,0.95
2,0.5515351103949633,0.016926550426144958,3,1.0,0.25,True,block_kinematic,0,mrmr,0.9,0.9
2,0.5515351103949633,0.016926550426144958,3,1.0,0.25,True,block_kinematic,0,mrmr,0.9,0.95
2,0.5515351103949633,0.016926550426144958,3,1.0,0.25,True,block_kinematic,0,mrmr,0.95,0.9
2,0.5515351103949633,0.016926550426144958,3,1.0,0.25,True,block_kinematic,0,mrmr,0.95,0.95
2,0.5424242498447818,0.006281355825769046,3,1.0,0.25,True,block_kinematic,8,topk_auc,0.9,0.9
2,0.5424242498447818,0.006281355825769046,3,1.0,0.25,True,block_kinematic,8,topk_auc,0.9,0.95
2,0.5458698495846394,0.0024286251918825526,3,1.0,0.25,True,block_kinematic,8,topk_auc,0.95,0.9
2,0.5458698495846394,0.0024286251918825526,3,1.0,0.25,True,block_kinematic,8,topk_auc,0.95,0.95
2,0.5465820969213816,0.018373525900166977,3,1.0,0.25,True,block_kinematic,8,mrmr,0.9,0.9
2,0.5465820969213816,0.018373525900166977,3,1.0,0.25,True,block_kinematic,8,mrmr,0.9,0.95
2,0.5465820969213816,0.018373525900166977,3,1.0,0.25,True,block_kinematic,8,mrmr,0.95,0.9
2,0.5465820969213816,0.018373525900166977,3,1.0,0.25,True,block_kinematic,8,mrmr,0.95,0.95
2,0.5396138143288152,0.008069775960659512,3,1.0,0.25,True,block_kinematic,16,topk_auc,0.9,0.9
2,0.5396138143288152,0.008069775960659512,3,1.0,0.25,True,block_kinematic,16,topk_auc,0.9,0.95
2,0.5435086733875866,0.0056984255891393805,3,1.0,0.25,True,block_kinematic,16,topk_auc,0.95,0.9
2,0.5435086733875866,0.0056984255891393805,3,1.0,0.25,True,block_kinematic,16,topk_auc,0.95,0.95
2,0.5525566294950758,0.022591500146079566,3,1.0,0.25,True,block_kinematic,16,mrmr,0.9,0.9
2,0.5525566294950758,0.022591500146079566,3,1.0,0.25,True,block_kinematic,16,mrmr,0.9,0.95
2,0.5525971846957732,0.02260808921674602,3,1.0,0.25,True,block_kinematic,16,mrmr,0.95,0.9
2,0.5525971846957732,0.02260808921674602,3,1.0,0.25,True,block_kinematic,16,mrmr,0.95,0.95
2,0.5377454826305782,0.007074848572053859,3,1.0,0.25,True,block_kinematic,32,topk_auc,0.9,0.9
2,0.5377454826305782,0.007074848572053859,3,1.0,0.25,True,block_kinematic,32,topk_auc,0.9,0.95
2,0.5408124601705336,0.0030263271723214263,3,1.0,0.25,True,block_kinematic,32,topk_auc,0.95,0.9
2,0.5408124601705336,0.0030263271723214263,3,1.0,0.25,True,block_kinematic,32,topk_auc,0.95,0.95
2,0.5518362680495499,0.022044322122749024,3,1.0,0.25,True,block_kinematic,32,mrmr,0.9,0.9
2,0.5505953479526976,0.02379078122864921,3,1.0,0.25,True,block_kinematic,32,mrmr,0.9,0.95
2,0.5529011679578663,0.02292518174650462,3,1.0,0.25,True,block_kinematic,32,mrmr,0.95,0.9
2,0.5516602478610139,0.024662846614349403,3,1.0,0.25,True,block_kinematic,32,mrmr,0.95,0.95
2,0.5534516670630127,0.017274191173856233,3,1.0,0.5,True,block_kinematic,0,topk_auc,0.9,0.9
2,0.5534516670630127,0.017274191173856233,3,1.0,0.5,True,block_kinematic,0,topk_auc,0.9,0.95
2,0.5534516670630127,0.017274191173856233,3,1.0,0.5,True,block_kinematic,0,topk_auc,0.95,0.9
2,0.5534516670630127,0.017274191173856233,3,1.0,0.5,True,block_kinematic,0,topk_auc,0.95,0.95
2,0.5534516670630127,0.017274191173856233,3,1.0,0.5,True,block_kinematic,0,mrmr,0.9,0.9
2,0.5534516670630127,0.017274191173856233,3,1.0,0.5,True,block_kinematic,0,mrmr,0.9,0.95
2,0.5534516670630127,0.017274191173856233,3,1.0,0.5,True,block_kinematic,0,mrmr,0.95,0.9
2,0.5534516670630127,0.017274191173856233,3,1.0,0.5,True,block_kinematic,0,mrmr,0.95,0.95
2,0.544198575164707,0.00610989147913486,3,1.0,0.5,True,block_kinematic,8,topk_auc,0.9,0.9
2,0.544198575164707,0.00610989147913486,3,1.0,0.5,True,block_kinematic,8,topk_auc,0.9,0.95
2,0.5476538690582059,0.0026443010384938777,3,1.0,0.5,True,block_kinematic,8,topk_auc,0.95,0.9
2,0.5476538690582059,0.0026443010384938777,3,1.0,0.5,True,block_kinematic,8,topk_auc,0.95,0.95
2,0.5475087854053714,0.01968025837133893,3,1.0,0.5,True,block_kinematic,8,mrmr,0.9,0.9
2,0.5475087854053714,0.01968025837133893,3,1.0,0.5,True,block_kinematic,8,mrmr,0.9,0.95
2,0.5475087854053714,0.01968025837133893,3,1.0,0.5,True,block_kinematic,8,mrmr,0.95,0.9
2,0.5475087854053714,0.01968025837133893,3,1.0,0.5,True,block_kinematic,8,mrmr,0.95,0.95
2,0.5394844847880313,0.008282838995371416,3,1.0,0.5,True,block_kinematic,16,topk_auc,0.9,0.9
2,0.5394844847880313,0.008282838995371416,3,1.0,0.5,True,block_kinematic,16,topk_auc,0.9,0.95
2,0.5446708391879995,0.006495419966990074,3,1.0,0.5,True,block_kinematic,16,topk_auc,0.95,0.9
2,0.5446708391879995,0.006495419966990074,3,1.0,0.5,True,block_kinematic,16,topk_auc,0.95,0.95
2,0.5520934802654147,0.023479286470970397,3,1.0,0.5,True,block_kinematic,16,mrmr,0.9,0.9
2,0.5520934802654147,0.023479286470970397,3,1.0,0.5,True,block_kinematic,16,mrmr,0.9,0.95
2,0.5522759786685536,0.02355524851348781,3,1.0,0.5,True,block_kinematic,16,mrmr,0.95,0.9
2,0.5522759786685536,0.02355524851348781,3,1.0,0.5,True,block_kinematic,16,mrmr,0.95,0.95
2,0.5389333532353316,0.007615177456372685,3,1.0,0.5,True,block_kinematic,32,topk_auc,0.9,0.9
2,0.5389333532353316,0.007615177456372685,3,1.0,0.5,True,block_kinematic,32,topk_auc,0.9,0.95
2,0.5422924914721766,0.0028719318325710016,3,1.0,0.5,True,block_kinematic,32,topk_auc,0.95,0.9
2,0.5422924914721766,0.0028719318325710016,3,1.0,0.5,True,block_kinematic,32,topk_auc,0.95,0.95
2,0.5522311184670193,0.021246209181792566,3,1.0,0.5,True,block_kinematic,32,mrmr,0.9,0.9
2,0.5509397544637908,0.02307073545425929,3,1.0,0.5,True,block_kinematic,32,mrmr,0.9,0.95
2,0.5536112988507583,0.022269749270568007,3,1.0,0.5,True,block_kinematic,32,mrmr,0.95,0.9
2,0.55231993484753,0.02409074081278821,3,1.0,0.5,True,block_kinematic,32,mrmr,0.95,0.95
2,0.55427209208348,0.017149340754194914,3,1.0,0.75,True,block_kinematic,0,topk_auc,0.9,0.9
2,0.55427209208348,0.017149340754194914,3,1.0,0.75,True,block_kinematic,0,topk_auc,0.9,0.95
2,0.55427209208348,0.017149340754194914,3,1.0,0.75,True,block_kinematic,0,topk_auc,0.95,0.9
2,0.55427209208348,0.017149340754194914,3,1.0,0.75,True,block_kinematic,0,topk_auc,0.95,0.95
2,0.55427209208348,0.017149340754194914,3,1.0,0.75,True,block_kinematic,0,mrmr,0.9,0.9
2,0.55427209208348,0.017149340754194914,3,1.0,0.75,True,block_kinematic,0,mrmr,0.9,0.95
2,0.55427209208348,0.017149340754194914,3,1.0,0.75,True,block_kinematic,0,mrmr,0.95,0.9
2,0.55427209208348,0.017149340754194914,3,1.0,0.75,True,block_kinematic,0,mrmr,0.95,0.95
2,0.5450819595565962,0.006815851237456479,3,1.0,0.75,True,block_kinematic,8,topk_auc,0.9,0.9
2,0.5450819595565962,0.006815851237456479,3,1.0,0.75,True,block_kinematic,8,topk_auc,0.9,0.95
2,0.5494483909662751,0.0027025457830913155,3,1.0,0.75,True,block_kinematic,8,topk_auc,0.95,0.9
2,0.5494483909662751,0.0027025457830913155,3,1.0,0.75,True,block_kinematic,8,topk_auc,0.95,0.95
2,0.5483304694905213,0.020008983623760024,3,1.0,0.75,True,block_kinematic,8,mrmr,0.9,0.9
2,0.5483304694905213,0.020008983623760024,3,1.0,0.75,True,block_kinematic,8,mrmr,0.9,0.95
2,0.5483304694905213,0.020008983623760024,3,1.0,0.75,True,block_kinematic,8,mrmr,0.95,0.9
2,0.5483304694905213,0.020008983623760024,3,1.0,0.75,True,block_kinematic,8,mrmr,0.95,0.95
2,0.540136251297208,0.008688998503091905,3,1.0,0.75,True,block_kinematic,16,topk_auc,0.9,0.9
2,0.540136251297208,0.008688998503091905,3,1.0,0.75,True,block_kinematic,16,topk_auc,0.9,0.95
2,0.5451491717619047,0.00628170552213613,3,1.0,0.75,True,block_kinematic,16,topk_auc,0.95,0.9
2,0.5451491717619047,0.00628170552213613,3,1.0,0.75,True,block_kinematic,16,topk_auc,0.95,0.95
2,0.5525928388819696,0.024288427659164207,3,1.0,0.75,True,block_kinematic,16,mrmr,0.9,0.9
2,0.5525928388819696,0.024288427659164207,3,1.0,0.75,True,block_kinematic,16,mrmr,0.9,0.95
2,0.5525624224814465,0.024276067769131302,3,1.0,0.75,True,block_kinematic,16,mrmr,0.95,0.9
2,0.5525624224814465,0.024276067769131302,3,1.0,0.75,True,block_kinematic,16,mrmr,0.95,0.95
2,0.5401077755072267,0.007246278180809835,3,1.0,0.75,True,block_kinematic,32,topk_auc,0.9,0.9
2,0.5401077755072267,0.007246278180809835,3,1.0,0.75,True,block_kinematic,32,topk_auc,0.9,0.95
2,0.5447759776865875,0.0036357985078305666,3,1.0,0.75,True,block_kinematic,32,topk_auc,0.95,0.9
2,0.5447759776865875,0.0036357985078305666,3,1.0,0.75,True,block_kinematic,32,topk_auc,0.95,0.95
2,0.5527596792216191,0.02149579986786799,3,1.0,0.75,True,block_kinematic,32,mrmr,0.9,0.9
2,0.5511555629988588,0.023763903736404593,3,1.0,0.75,True,block_kinematic,32,mrmr,0.9,0.95
2,0.553591422935925,0.022113029359858254,3,1.0,0.75,True,block_kinematic,32,mrmr,0.95,0.9
2,0.5519873067131648,0.024378437264808792,3,1.0,0.75,True,block_kinematic,32,mrmr,0.95,0.95
2,0.5471743464641107,0.016051054283257014,3,2.0,0.25,True,block_kinematic,0,topk_auc,0.9,0.9
2,0.5471743464641107,0.016051054283257014,3,2.0,0.25,True,block_kinematic,0,topk_auc,0.9,0.95
2,0.5471743464641107,0.016051054283257014,3,2.0,0.25,True,block_kinematic,0,topk_auc,0.95,0.9
2,0.5471743464641107,0.016051054283257014,3,2.0,0.25,True,block_kinematic,0,topk_auc,0.95,0.95
2,0.5471743464641107,0.016051054283257014,3,2.0,0.25,True,block_kinematic,0,mrmr,0.9,0.9
2,0.5471743464641107,0.016051054283257014,3,2.0,0.25,True,block_kinematic,0,mrmr,0.9,0.95
2,0.5471743464641107,0.016051054283257014,3,2.0,0.25,True,block_kinematic,0,mrmr,0.95,0.9
2,0.5471743464641107,0.016051054283257014,3,2.0,0.25,True,block_kinematic,0,mrmr,0.95,0.95
2,0.5389985711288262,0.005479067942564421,3,2.0,0.25,True,block_kinematic,8,topk_auc,0.9,0.9
2,0.5389985711288262,0.005479067942564421,3,2.0,0.25,True,block_kinematic,8,topk_auc,0.9,0.95
2,0.5413176311059175,0.002651460234936433,3,2.0,0.25,True,block_kinematic,8,topk_auc,0.95,0.9
2,0.5413176311059175,0.002651460234936433,3,2.0,0.25,True,block_kinematic,8,topk_auc,0.95,0.95
2,0.5442196727067649,0.017849997789054127,3,2.0,0.25,True,block_kinematic,8,mrmr,0.9,0.9
2,0.5442196727067649,0.017849997789054127,3,2.0,0.25,True,block_kinematic,8,mrmr,0.9,0.95
2,0.5442196727067649,0.017849997789054127,3,2.0,0.25,True,block_kinematic,8,mrmr,0.95,0.9
2,0.5442196727067649,0.017849997789054127,3,2.0,0.25,True,block_kinematic,8,mrmr,0.95,0.95
2,0.535559062647548,0.005667964165213197,3,2.0,0.25,True,block_kinematic,16,topk_auc,0.9,0.9
2,0.535559062647548,0.005667964165213197,3,2.0,0.25,True,block_kinematic,16,topk_auc,0.9,0.95
2,0.5385431423009082,0.0036165866516397398,3,2.0,0.25,True,block_kinematic,16,topk_auc,0.95,0.9
2,0.5385431423009082,0.0036165866516397398,3,2.0,0.25,True,block_kinematic,16,topk_auc,0.95,0.95
2,0.5500311807997736,0.021825363326467884,3,2.0,0.25,True,block_kinematic,16,mrmr,0.9,0.9
2,0.5500311807997736,0.021825363326467884,3,2.0,0.25,True,block_kinematic,16,mrmr,0.9,0.95
2,0.5492403543861714,0.02157526549552874,3,2.0,0.25,True,block_kinematic,16,mrmr,0.95,0.9
2,0.5492403543861714,0.02157526549552874,3,2.0,0.25,True,block_kinematic,16,mrmr,0.95,0.95
2,0.534670256882091,0.0049096744904195515,3,2.0,0.25,True,block_kinematic,32,topk_auc,0.9,0.9
2,0.534670256882091,0.0049096744904195515,3,2.0,0.25,True,block_kinematic,32,topk_auc,0.9,0.95
2,0.5352295903067964,0.0029359747326935964,3,2.0,0.25,True,block_kinematic,32,topk_auc,0.95,0.9
2,0.5352295903067964,0.0029359747326935964,3,2.0,0.25,True,block_kinematic,32,topk_auc,0.95,0.95
2,0.5499521607587535,0.021767008792302672,3,2.0,0.25,True,block_kinematic,32,mrmr,0.9,0.9
2,0.5490139041001578,0.023091865829995777,3,2.0,0.25,True,block_kinematic,32,mrmr,0.9,0.95
2,0.5504200663868014,0.022075774102740586,3,2.0,0.25,True,block_kinematic,32,mrmr,0.95,0.9
2,0.5494818097282058,0.023401910800697395,3,2.0,0.25,True,block_kinematic,32,mrmr,0.95,0.95
2,0.5480184862732062,0.016903045740084867,3,2.0,0.5,True,block_kinematic,0,topk_auc,0.9,0.9
2,0.5480184862732062,0.016903045740084867,3,2.0,0.5,True,block_kinematic,0,topk_auc,0.9,0.95
2,0.5480184862732062,0.016903045740084867,3,2.0,0.5,True,block_kinematic,0,topk_auc,0.95,0.9
2,0.5480184862732062,0.016903045740084867,3,2.0,0.5,True,block_kinematic,0,topk_auc,0.95,0.95
2,0.5480184862732062,0.016903045740084867,3,2.0,0.5,True,block_kinematic,0,mrmr,0.9,0.9
2,0.5480184862732062,0.016903045740084867,3,2.0,0.5,True,block_kinematic,0,mrmr,0.9,0.95
2,0.5480184862732062,0.016903045740084867,3,2.0,0.5,True,block_kinematic,0,mrmr,0.95,0.9
2,0.5480184862732062,0.016903045740084867,3,2.0,0.5,True,block_kinematic,0,mrmr,0.95,0.95
2,0.5400854158318419,0.006040543945869088,3,2.0,0.5,True,block_kinematic,8,topk_auc,0.9,0.9
2,0.5400854158318419,0.006040543945869088,3,2.0,0.5,True,block_kinematic,8,topk_auc,0.9,0.95
2,0.5419571893213246,0.002744849042956993,3,2.0,0.5,True,block_kinematic,8,topk_auc,0.95,0.9
2,0.5419571893213246,0.002744849042956993,3,2.0,0.5,True,block_kinematic,8,topk_auc,0.95,0.95
2,0.544335529979266,0.01912402482218836,3,2.0,0.5,True,block_kinematic,8,mrmr,0.9,0.9
2,0.544335529979266,0.01912402482218836,3,2.0,0.5,True,block_kinematic,8,mrmr,0.9,0.95
2,0.544335529979266,0.01912402482218836,3,2.0,0.5,True,block_kinematic,8,mrmr,0.95,0.9
2,0.544335529979266,0.01912402482218836,3,2.0,0.5,True,block_kinematic,8,mrmr,0.95,0.95
2,0.5358946587745068,0.005980871688625967,3,2.0,0.5,True,block_kinematic,16,topk_auc,0.9,0.9
2,0.5358946587745068,0.005980871688625967,3,2.0,0.5,True,block_kinematic,16,topk_auc,0.9,0.95
2,0.5392525974783651,0.0034699485865638913,3,2.0,0.5,True,block_kinematic,16,topk_auc,0.95,0.9
2,0.5392525974783651,0.0034699485865638913,3,2.0,0.5,True,block_kinematic,16,topk_auc,0.95,0.95
2,0.5502372712457759,0.022721753955537858,3,2.0,0.5,True,block_kinematic,16,mrmr,0.9,0.9
2,0.5502372712457759,0.022721753955537858,3,2.0,0.5,True,block_kinematic,16,mrmr,0.9,0.95
2,0.5495782492344408,0.022534679074911225,3,2.0,0.5,True,block_kinematic,16,mrmr,0.95,0.9
2,0.5495782492344408,0.022534679074911225,3,2.0,0.5,True,block_kinematic,16,mrmr,0.95,0.95
2,0.5351289759102352,0.005770037228305981,3,2.0,0.5,True,block_kinematic,32,topk_auc,0.9,0.9
2,0.5351289759102352,0.005770037228305981,3,2.0,0.5,True,block_kinematic,32,topk_auc,0.9,0.95
2,0.5356239460588336,0.002999423712117426,3,2.0,0.5,True,block_kinematic,32,topk_auc,0.95,0.9
2,0.5356239460588336,0.002999423712117426,3,2.0,0.5,True,block_kinematic,32,topk_auc,0.95,0.95
2,0.5503479323831878,0.021681312483146913,3,2.0,0.5,True,block_kinematic,32,mrmr,0.9,0.9
2,0.5491070122863355,0.023435313818900218,3,2.0,0.5,True,block_kinematic,32,mrmr,0.9,0.95
2,0.5510893321459399,0.022206474712462513,3,2.0,0.5,True,block_kinematic,32,mrmr,0.95,0.9
2,0.5498484120490876,0.02396042941360842,3,2.0,0.5,True,block_kinematic,32,mrmr,0.95,0.95
2,0.5486684800266741,0.017301175977799944,3,2.0,0.75,True,block_kinematic,0,topk_auc,0.9,0.9
2,0.5486684800266741,0.017301175977799944,3,2.0,0.75,True,block_kinematic,0,topk_auc,0.9,0.95
2,0.5486684800266741,0.017301175977799944,3,2.0,0.75,True,block_kinematic,0,topk_auc,0.95,0.9
2,0.5486684800266741,0.017301175977799944,3,2.0,0.75,True,block_kinematic,0,topk_auc,0.95,0.95
2,0.5486684800266741,0.017301175977799944,3,2.0,0.75,True,block_kinematic,0,mrmr,0.9,0.9
2,0.5486684800266741,0.017301175977799944,3,2.0,0.75,True,block_kinematic,0,mrmr,0.9,0.95
2,0.5486684800266741,0.017301175977799944,3,2.0,0.75,True,block_kinematic,0,mrmr,0.95,0.9
2,0.5486684800266741,0.017301175977799944,3,2.0,0.75,True,block_kinematic,0,mrmr,0.95,0.95
2,0.5412208764499312,0.00612710625321836,3,2.0,0.75,True,block_kinematic,8,topk_auc,0.9,0.9
2,0.5412208764499312,0.00612710625321836,3,2.0,0.75,True,block_kinematic,8,topk_auc,0.9,0.95
2,0.5431520567415374,0.002066536830939365,3,2.0,0.75,True,block_kinematic,8,topk_auc,0.95,0.9
2,0.5431520567415374,0.002066536830939365,3,2.0,0.75,True,block_kinematic,8,topk_auc,0.95,0.95
2,0.5447729486279761,0.01961255819438468,3,2.0,0.75,True,block_kinematic,8,mrmr,0.9,0.9
2,0.5447729486279761,0.01961255819438468,3,2.0,0.75,True,block_kinematic,8,mrmr,0.9,0.95
2,0.5447729486279761,0.01961255819438468,3,2.0,0.75,True,block_kinematic,8,mrmr,0.95,0.9
2,0.5447729486279761,0.01961255819438468,3,2.0,0.75,True,block_kinematic,8,mrmr,0.95,0.95
2,0.5362305412059619,0.0064040053151289906,3,2.0,0.75,True,block_kinematic,16,topk_auc,0.9,0.9
2,0.5362305412059619,0.0064040053151289906,3,2.0,0.75,True,block_kinematic,16,topk_auc,0.9,0.95
2,0.5400923205879776,0.0039053951765899426,3,2.0,0.75,True,block_kinematic,16,topk_auc,0.95,0.9
2,0.5400923205879776,0.0039053951765899426,3,2.0,0.75,True,block_kinematic,16,topk_auc,0.95,0.95
2,0.5500265225979986,0.023302056225439103,3,2.0,0.75,True,block_kinematic,16,mrmr,0.9,0.9
2,0.5500265225979986,0.023302056225439103,3,2.0,0.75,True,block_kinematic,16,mrmr,0.9,0.95
2,0.5494486109880584,0.0231402300817002,3,2.0,0.75,True,block_kinematic,16,mrmr,0.95,0.9
2,0.5494486109880584,0.0231402300817002,3,2.0,0.75,True,block_kinematic,16,mrmr,0.95,0.95
2,0.5349389274151021,0.006480405953320714,3,2.0,0.75,True,block_kinematic,32,topk_auc,0.9,0.9
2,0.5349389274151021,0.006480405953320714,3,2.0,0.75,True,block_kinematic,32,topk_auc,0.9,0.95
2,0.5363426087029742,0.003326958365877743,3,2.0,0.75,True,block_kinematic,32,topk_auc,0.95,0.9
2,0.5363426087029742,0.003326958365877743,3,2.0,0.75,True,block_kinematic,32,topk_auc,0.95,0.95
2,0.5506620882005404,0.021270916224644065,3,2.0,0.75,True,block_kinematic,32,mrmr,0.9,0.9
2,0.5490176168526794,0.023596505039810207,3,2.0,0.75,True,block_kinematic,32,mrmr,0.9,0.95
2,0.5513723835727575,0.02177524658662107,3,2.0,0.75,True,block_kinematic,32,mrmr,0.95,0.9
2,0.5497279122248964,0.02410063604435314,3,2.0,0.75,True,block_kinematic,32,mrmr,0.95,0.95
3,0.5330410673819505,0.021574953484228106,3,0.5,0.25,True,block_kinematic,0,topk_auc,0.9,0.9
3,0.5330410673819505,0.021574953484228106,3,0.5,0.25,True,block_kinematic,0,topk_auc,0.9,0.95
3,0.5330410673819505,0.021574953484228106,3,0.5,0.25,True,block_kinematic,0,topk_auc,0.95,0.9
3,0.5330410673819505,0.021574953484228106,3,0.5,0.25,True,block_kinematic,0,topk_auc,0.95,0.95
3,0.5330410673819505,0.021574953484228106,3,0.5,0.25,True,block_kinematic,0,mrmr,0.9,0.9
3,0.5330410673819505,0.021574953484228106,3,0.5,0.25,True,block_kinematic,0,mrmr,0.9,0.95
3,0.5330410673819505,0.021574953484228106,3,0.5,0.25,True,block_kinematic,0,mrmr,0.95,0.9
3,0.5330410673819505,0.021574953484228106,3,0.5,0.25,True,block_kinematic,0,mrmr,0.95,0.95
3,0.5100388366372443,0.017130905876399097,3,0.5,0.25,True,block_kinematic,8,topk_auc,0.9,0.9
3,0.5100388366372443,0.017130905876399097,3,0.5,0.25,True,block_kinematic,8,topk_auc,0.9,0.95
3,0.5265098290635114,0.014619882654115016,3,0.5,0.25,True,block_kinematic,8,topk_auc,0.95,0.9
3,0.5265098290635114,0.014619882654115016,3,0.5,0.25,True,block_kinematic,8,topk_auc,0.95,0.95
3,0.510805671777383,0.030202544247134692,3,0.5,0.25,True,block_kinematic,8,mrmr,0.9,0.9
3,0.510805671777383,0.030202544247134692,3,0.5,0.25,True,block_kinematic,8,mrmr,0.9,0.95
3,0.510805671777383,0.030202544247134692,3,0.5,0.25,True,block_kinematic,8,mrmr,0.95,0.9
3,0.510805671777383,0.030202544247134692,3,0.5,0.25,True,block_kinematic,8,mrmr,0.95,0.95
3,0.5201155842245474,0.023172948755965924,3,0.5,0.25,True,block_kinematic,16,topk_auc,0.9,0.9
3,0.5201155842245474,0.023172948755965924,3,0.5,0.25,True,block_kinematic,16,topk_auc,0.9,0.95
3,0.5253002760331308,0.01748970102752026,3,0.5,0.25,True,block_kinematic,16,topk_auc,0.95,0.9
3,0.5253002760331308,0.01748970102752026,3,0.5,0.25,True,block_kinematic,16,topk_auc,0.95,0.95
3,0.5026388433808967,0.02968078828653292,3,0.5,0.25,True,block_kinematic,16,mrmr,0.9,0.9
3,0.5026388433808967,0.02968078828653292,3,0.5,0.25,True,block_kinematic,16,mrmr,0.9,0.95
3,0.5024766225781064,0.029737520531369046,3,0.5,0.25,True,block_kinematic,16,mrmr,0.95,0.9
3,0.5024766225781064,0.029737520531369046,3,0.5,0.25,True,block_kinematic,16,mrmr,0.95,0.95
3,0.5112781760755101,0.01947574992892551,3,0.5,0.25,True,block_kinematic,32,topk_auc,0.9,0.9
3,0.5112781760755101,0.01947574992892551,3,0.5,0.25,True,block_kinematic,32,topk_auc,0.9,0.95
3,0.5085208440597788,0.03115364484358629,3,0.5,0.25,True,block_kinematic,32,topk_auc,0.95,0.9
3,0.5085208440597788,0.03115364484358629,3,0.5,0.25,True,block_kinematic,32,topk_auc,0.95,0.95
3,0.4989079444324031,0.028497859652473236,3,0.5,0.25,True,block_kinematic,32,mrmr,0.9,0.9
3,0.49776834329280195,0.029456507394920388,3,0.5,0.25,True,block_kinematic,32,mrmr,0.9,0.95
3,0.4979439617958226,0.029127491469877042,3,0.5,0.25,True,block_kinematic,32,mrmr,0.95,0.9
3,0.4970994359512968,0.029809239248204177,3,0.5,0.25,True,block_kinematic,32,mrmr,0.95,0.95
3,0.537634243360614,0.021461005678310174,3,0.5,0.5,True,block_kinematic,0,topk_auc,0.9,0.9
3,0.537634243360614,0.021461005678310174,3,0.5,0.5,True,block_kinematic,0,topk_auc,0.9,0.95
3,0.537634243360614,0.021461005678310174,3,0.5,0.5,True,block_kinematic,0,topk_auc,0.95,0.9
3,0.537634243360614,0.021461005678310174,3,0.5,0.5,True,block_kinematic,0,topk_auc,0.95,0.95
3,0.537634243360614,0.021461005678310174,3,0.5,0.5,True,block_kinematic,0,mrmr,0.9,0.9
3,0.537634243360614,0.021461005678310174,3,0.5,0.5,True,block_kinematic,0,mrmr,0.9,0.95
3,0.537634243360614,0.021461005678310174,3,0.5,0.5,True,block_kinematic,0,mrmr,0.95,0.9
3,0.537634243360614,0.021461005678310174,3,0.5,0.5,True,block_kinematic,0,mrmr,0.95,0.95
3,0.5135390821778723,0.01598053223841684,3,0.5,0.5,True,block_kinematic,8,topk_auc,0.9,0.9
3,0.5135390821778723,0.01598053223841684,3,0.5,0.5,True,block_kinematic,8,topk_auc,0.9,0.95
3,0.5300689241404906,0.014161253976015723,3,0.5,0.5,True,block_kinematic,8,topk_auc,0.95,0.9
3,0.5300689241404906,0.014161253976015723,3,0.5,0.5,True,block_kinematic,8,topk_auc,0.95,0.95
3,0.514312520733294,0.030108918640229222,3,0.5,0.5,True,block_kinematic,8,mrmr,0.9,0.9
3,0.514312520733294,0.030108918640229222,3,0.5,0.5,True,block_kinematic,8,mrmr,0.9,0.95
3,0.514312520733294,0.030108918640229222,3,0.5,0.5,True,block_kinematic,8,mrmr,0.95,0.9
3,0.514312520733294,0.030108918640229222,3,0.5,0.5,True,block_kinematic,8,mrmr,0.95,0.95
3,0.5231873077294996,0.022275762008780894,3,0.5,0.5,True,block_kinematic,16,topk_auc,0.9,0.9
3,0.5231873077294996,0.022275762008780894,3,0.5,0.5,True,block_kinematic,16,topk_auc,0.9,0.95
3,0.5273040150286968,0.015243706878769098,3,0.5,0.5,True,block_kinematic,16,topk_auc,0.95,0.9
3,0.5273040150286968,0.015243706878769098,3,0.5,0.5,True,block_kinematic,16,topk_auc,0.95,0.95
3,0.5059827372074793,0.029668935885649506,3,0.5,0.5,True,block_kinematic,16,mrmr,0.9,0.9
3,0.5059827372074793,0.029668935885649506,3,0.5,0.5,True,block_kinematic,16,mrmr,0.9,0.95
3,0.5055062135992832,0.029822357961383085,3,0.5,0.5,True,block_kinematic,16,mrmr,0.95,0.9
3,0.5055062135992832,0.029822357961383085,3,0.5,0.5,True,block_kinematic,16,mrmr,0.95,0.95
3,0.5142478039493843,0.01913323179021578,3,0.5,0.5,True,block_kinematic,32,topk_auc,0.9,0.9
3,0.5142478039493843,0.01913323179021578,3,0.5,0.5,True,block_kinematic,32,topk_auc,0.9,0.95
3,0.5093691400404713,0.029103159789507956,3,0.5,0.5,True,block_kinematic,32,topk_auc,0.95,0.9
3,0.5093691400404713,0.029103159789507956,3,0.5,0.5,True,block_kinematic,32,topk_auc,0.95,0.95
3,0.5019758870609344,0.02865098006848853,3,0.5,0.5,True,block_kinematic,32,mrmr,0.9,0.9
3,0.5011313612164087,0.029423712916013436,3,0.5,0.5,True,block_kinematic,32,mrmr,0.9,0.95
3,0.5016119765546752,0.02873558715422294,3,0.5,0.5,True,block_kinematic,32,mrmr,0.95,0.9
3,0.5010320009746996,0.029236302260267934,3,0.5,0.5,True,block_kinematic,32,mrmr,0.95,0.95
3,0.5446621432642905,0.020213010217664997,3,0.5,0.75,True,block_kinematic,0,topk_auc,0.9,0.9
3,0.5446621432642905,0.020213010217664997,3,0.5,0.75,True,block_kinematic,0,topk_auc,0.9,0.95
3,0.5446621432642905,0.020213010217664997,3,0.5,0.75,True,block_kinematic,0,topk_auc,0.95,0.9
3,0.5446621432642905,0.020213010217664997,3,0.5,0.75,True,block_kinematic,0,topk_auc,0.95,0.95
3,0.5446621432642905,0.020213010217664997,3,0.5,0.75,True,block_kinematic,0,mrmr,0.9,0.9
3,0.5446621432642905,0.020213010217664997,3,0.5,0.75,True,block_kinematic,0,mrmr,0.9,0.95
3,0.5446621432642905,0.020213010217664997,3,0.5,0.75,True,block_kinematic,0,mrmr,0.95,0.9
3,0.5446621432642905,0.020213010217664997,3,0.5,0.75,True,block_kinematic,0,mrmr,0.95,0.95
3,0.5178161282804205,0.01593457021751504,3,0.5,0.75,True,block_kinematic,8,topk_auc,0.9,0.9
3,0.5178161282804205,0.01593457021751504,3,0.5,0.75,True,block_kinematic,8,topk_auc,0.9,0.95
3,0.5340064398074532,0.013231084769658768,3,0.5,0.75,True,block_kinematic,8,topk_auc,0.95,0.9
3,0.5340064398074532,0.013231084769658768,3,0.5,0.75,True,block_kinematic,8,topk_auc,0.95,0.95
3,0.5183125526594674,0.030870077321801567,3,0.5,0.75,True,block_kinematic,8,mrmr,0.9,0.9
3,0.5183125526594674,0.030870077321801567,3,0.5,0.75,True,block_kinematic,8,mrmr,0.9,0.95
3,0.5183125526594674,0.030870077321801567,3,0.5,0.75,True,block_kinematic,8,mrmr,0.95,0.9
3,0.5183125526594674,0.030870077321801567,3,0.5,0.75,True,block_kinematic,8,mrmr,0.95,0.95
3,0.5256188193978472,0.022024519567516956,3,0.5,0.75,True,block_kinematic,16,topk_auc,0.9,0.9
3,0.5256188193978472,0.022024519567516956,3,0.5,0.75,True,block_kinematic,16,topk_auc,0.9,0.95
3,0.5300228984679193,0.014318950961384525,3,0.5,0.75,True,block_kinematic,16,topk_auc,0.95,0.9
3,0.5300228984679193,0.014318950961384525,3,0.5,0.75,True,block_kinematic,16,topk_auc,0.95,0.95
3,0.507688131574524,0.028768348269998963,3,0.5,0.75,True,block_kinematic,16,mrmr,0.9,0.9
3,0.507688131574524,0.028768348269998963,3,0.5,0.75,True,block_kinematic,16,mrmr,0.9,0.95
3,0.5071913303659791,0.02891379111355168,3,0.5,0.75,True,block_kinematic,16,mrmr,0.95,0.9
3,0.5071913303659791,0.02891379111355168,3,0.5,0.75,True,block_kinematic,16,mrmr,0.95,0.95
3,0.5136889967971456,0.022528887874383553,3,0.5,0.75,True,block_kinematic,32,topk_auc,0.9,0.9
3,0.5136889967971456,0.022528887874383553,3,0.5,0.75,True,block_kinematic,32,topk_auc,0.9,0.95
3,0.5131109885249159,0.028365024707411642,3,0.5,0.75,True,block_kinematic,32,topk_auc,0.95,0.9
3,0.5131109885249159,0.028365024707411642,3,0.5,0.75,True,block_kinematic,32,topk_auc,0.95,0.95
3,0.5057424359824987,0.028951904102851346,3,0.5,0.75,True,block_kinematic,32,mrmr,0.9,0.9
3,0.5051929854330482,0.02951309662110556,3,0.5,0.75,True,block_kinematic,32,mrmr,0.9,0.95
3,0.5060103899871076,0.028160859680378562,3,0.5,0.75,True,block_kinematic,32,mrmr,0.95,0.9
3,0.5052472642239817,0.028874695718166733,3,0.5,0.75,True,block_kinematic,32,mrmr,0.95,0.95
3,0.5250078066306427,0.01992340630787002,3,1.0,0.25,True,block_kinematic,0,topk_auc,0.9,0.9
3,0.5250078066306427,0.01992340630787002,3,1.0,0.25,True,block_kinematic,0,topk_auc,0.9,0.95
3,0.5250078066306427,0.01992340630787002,3,1.0,0.25,True,block_kinematic,0,topk_auc,0.95,0.9
3,0.5250078066306427,0.01992340630787002,3,1.0,0.25,True,block_kinematic,0,topk_auc,0.95,0.95
3,0.5250078066306427,0.01992340630787002,3,1.0,0.25,True,block_kinematic,0,mrmr,0.9,0.9
3,0.5250078066306427,0.01992340630787002,3,1.0,0.25,True,block_kinematic,0,mrmr,0.9,0.95
3,0.5250078066306427,0.01992340630787002,3,1.0,0.25,True,block_kinematic,0,mrmr,0.95,0.9
3,0.5250078066306427,0.01992340630787002,3,1.0,0.25,True,block_kinematic,0,mrmr,0.95,0.95
3,0.5051502263321432,0.018312919230980662,3,1.0,0.25,True,block_kinematic,8,topk_auc,0.9,0.9
3,0.5051502263321432,0.018312919230980662,3,1.0,0.25,True,block_kinematic,8,topk_auc,0.9,0.95
3,0.5224006473071555,0.015407512903995722,3,1.0,0.25,True,block_kinematic,8,topk_auc,0.95,0.9
3,0.5224006473071555,0.015407512903995722,3,1.0,0.25,True,block_kinematic,8,topk_auc,0.95,0.95
3,0.5048537146047551,0.027898809135082494,3,1.0,0.25,True,block_kinematic,8,mrmr,0.9,0.9
3,0.5048537146047551,0.027898809135082494,3,1.0,0.25,True,block_kinematic,8,mrmr,0.9,0.95
3,0.5048537146047551,0.027898809135082494,3,1.0,0.25,True,block_kinematic,8,mrmr,0.95,0.9
3,0.5048537146047551,0.027898809135082494,3,1.0,0.25,True,block_kinematic,8,mrmr,0.95,0.95
3,0.512669500240373,0.02287054399445045,3,1.0,0.25,True,block_kinematic,16,topk_auc,0.9,0.9
3,0.512669500240373,0.02287054399445045,3,1.0,0.25,True,block_kinematic,16,topk_auc,0.9,0.95
3,0.5212767628421467,0.02083752918607018,3,1.0,0.25,True,block_kinematic,16,topk_auc,0.95,0.9
3,0.5212767628421467,0.02083752918607018,3,1.0,0.25,True,block_kinematic,16,topk_auc,0.95,0.95
3,0.4962891963743945,0.028259642102397113,3,1.0,0.25,True,block_kinematic,16,mrmr,0.9,0.9
3,0.4962891963743945,0.028259642102397113,3,1.0,0.25,True,block_kinematic,16,mrmr,0.9,0.95
3,0.4974146031937516,0.027972927261904496,3,1.0,0.25,True,block_kinematic,16,mrmr,0.95,0.9
3,0.4974146031937516,0.027972927261904496,3,1.0,0.25,True,block_kinematic,16,mrmr,0.95,0.95
3,0.5075615147151428,0.01887921101135845,3,1.0,0.25,True,block_kinematic,32,topk_auc,0.9,0.9
3,0.5075615147151428,0.01887921101135845,3,1.0,0.25,True,block_kinematic,32,topk_auc,0.9,0.95
3,0.5049682235150298,0.03008180763695544,3,1.0,0.25,True,block_kinematic,32,topk_auc,0.95,0.9
3,0.5049682235150298,0.03008180763695544,3,1.0,0.25,True,block_kinematic,32,topk_auc,0.95,0.95
3,0.4919515617348719,0.026255403280693375,3,1.0,0.25,True,block_kinematic,32,mrmr,0.9,0.9
3,0.4911477359310461,0.026979653372308805,3,1.0,0.25,True,block_kinematic,32,mrmr,0.9,0.95
3,0.49084502032583943,0.026976078080190626,3,1.0,0.25,True,block_kinematic,32,mrmr,0.95,0.9
3,0.4898783943592134,0.027830738255271728,3,1.0,0.25,True,block_kinematic,32,mrmr,0.95,0.95
3,0.526575722365577,0.020818379376426766,3,1.0,0.5,True,block_kinematic,0,topk_auc,0.9,0.9
3,0.526575722365577,0.020818379376426766,3,1.0,0.5,True,block_kinematic,0,topk_auc,0.9,0.95
3,0.526575722365577,0.020818379376426766,3,1.0,0.5,True,block_kinematic,0,topk_auc,0.95,0.9
3,0.526575722365577,0.020818379376426766,3,1.0,0.5,True,block_kinematic,0,topk_auc,0.95,0.95
3,0.526575722365577,0.020818379376426766,3,1.0,0.5,True,block_kinematic,0,mrmr,0.9,0.9
3,0.526575722365577,0.020818379376426766,3,1.0,0.5,True,block_kinematic,0,mrmr,0.9,0.95
3,0.526575722365577,0.020818379376426766,3,1.0,0.5,True,block_kinematic,0,mrmr,0.95,0.9
3,0.526575722365577,0.020818379376426766,3,1.0,0.5,True,block_kinematic,0,mrmr,0.95,0.95
3,0.5062673082268655,0.017660927069892182,3,1.0,0.5,True,block_kinematic,8,topk_auc,0.9,0.9
3,0.5062673082268655,0.017660927069892182,3,1.0,0.5,True,block_kinematic,8,topk_auc,0.9,0.95
3,0.5224373808184652,0.01375201828203773,3,1.0,0.5,True,block_kinematic,8,topk_auc,0.95,0.9
3,0.5224373808184652,0.01375201828203773,3,1.0,0.5,True,block_kinematic,8,topk_auc,0.95,0.95
3,0.505914613001138,0.028840623872823754,3,1.0,0.5,True,block_kinematic,8,mrmr,0.9,0.9
3,0.505914613001138,0.028840623872823754,3,1.0,0.5,True,block_kinematic,8,mrmr,0.9,0.95
3,0.505914613001138,0.028840623872823754,3,1.0,0.5,True,block_kinematic,8,mrmr,0.95,0.9
3,0.505914613001138,0.028840623872823754,3,1.0,0.5,True,block_kinematic,8,mrmr,0.95,0.95
3,0.5148805823024715,0.022589330677496113,3,1.0,0.5,True,block_kinematic,16,topk_auc,0.9,0.9
3,0.5148805823024715,0.022589330677496113,3,1.0,0.5,True,block_kinematic,16,topk_auc,0.9,0.95
3,0.5208268529706795,0.01897160603947577,3,1.0,0.5,True,block_kinematic,16,topk_auc,0.95,0.9
3,0.5208268529706795,0.01897160603947577,3,1.0,0.5,True,block_kinematic,16,topk_auc,0.95,0.95
3,0.4982307299643991,0.02950955255316074,3,1.0,0.5,True,block_kinematic,16,mrmr,0.9,0.9
3,0.4982307299643991,0.02950955255316074,3,1.0,0.5,True,block_kinematic,16,mrmr,0.9,0.95
3,0.49846392236841003,0.029439605824474024,3,1.0,0.5,True,block_kinematic,16,mrmr,0.95,0.9
3,0.49846392236841003,0.029439605824474024,3,1.0,0.5,True,block_kinematic,16,mrmr,0.95,0.95
3,0.5075635845156021,0.018102086853412296,3,1.0,0.5,True,block_kinematic,32,topk_auc,0.9,0.9
3,0.5075635845156021,0.018102086853412296,3,1.0,0.5,True,block_kinematic,32,topk_auc,0.9,0.95
3,0.504838616261953,0.029459454575323858,3,1.0,0.5,True,block_kinematic,32,topk_auc,0.95,0.9
3,0.504838616261953,0.029459454575323858,3,1.0,0.5,True,block_kinematic,32,topk_auc,0.95,0.95
3,0.49292130084095814,0.027023424048633286,3,1.0,0.5,True,block_kinematic,32,mrmr,0.9,0.9
3,0.4918427497624071,0.02802628624091561,3,1.0,0.5,True,block_kinematic,32,mrmr,0.9,0.95
3,0.4926684826166097,0.027080320651351065,3,1.0,0.5,True,block_kinematic,32,mrmr,0.95,0.9
3,0.49146783141595857,0.028163231865103718,3,1.0,0.5,True,block_kinematic,32,mrmr,0.95,0.95
3,0.5282438167496072,0.022312511293464152,3,1.0,0.75,True,block_kinematic,0,topk_auc,0.9,0.9
3,0.5282438167496072,0.022312511293464152,3,1.0,0.75,True,block_kinematic,0,topk_auc,0.9,0.95
3,0.5282438167496072,0.022312511293464152,3,1.0,0.75,True,block_kinematic,0,topk_auc,0.95,0.9
3,0.5282438167496072,0.022312511293464152,3,1.0,0.75,True,block_kinematic,0,topk_auc,0.95,0.95
3,0.5282438167496072,0.022312511293464152,3,1.0,0.75,True,block_kinematic,0,mrmr,0.9,0.9
3,0.5282438167496072,0.022312511293464152,3,1.0,0.75,True,block_kinematic,0,mrmr,0.9,0.95
3,0.5282438167496072,0.022312511293464152,3,1.0,0.75,True,block_kinematic,0,mrmr,0.95,0.9
3,0.5282438167496072,0.022312511293464152,3,1.0,0.75,True,block_kinematic,0,mrmr,0.95,0.95
3,0.5070614110317953,0.01661567203439244,3,1.0,0.75,True,block_kinematic,8,topk_auc,0.9,0.9
3,0.5070614110317953,0.01661567203439244,3,1.0,0.75,True,block_kinematic,8,topk_auc,0.9,0.95
3,0.5225474104289172,0.01439445577464314,3,1.0,0.75,True,block_kinematic,8,topk_auc,0.95,0.9
3,0.5225474104289172,0.01439445577464314,3,1.0,0.75,True,block_kinematic,8,topk_auc,0.95,0.95
3,0.5079298274982574,0.029312794155783417,3,1.0,0.75,True,block_kinematic,8,mrmr,0.9,0.9
3,0.5079298274982574,0.029312794155783417,3,1.0,0.75,True,block_kinematic,8,mrmr,0.9,0.95
3,0.5079298274982574,0.029312794155783417,3,1.0,0.75,True,block_kinematic,8,mrmr,0.95,0.9
3,0.5079298274982574,0.029312794155783417,3,1.0,0.75,True,block_kinematic,8,mrmr,0.95,0.95
3,0.5159053265475547,0.021975909107481942,3,1.0,0.75,True,block_kinematic,16,topk_auc,0.9,0.9
3,0.5159053265475547,0.021975909107481942,3,1.0,0.75,True,block_kinematic,16,topk_auc,0.9,0.95
3,0.5207117647003949,0.01691919992702329,3,1.0,0.75,True,block_kinematic,16,topk_auc,0.95,0.9
3,0.5207117647003949,0.01691919992702329,3,1.0,0.75,True,block_kinematic,16,topk_auc,0.95,0.95
3,0.5000746852743355,0.029666890139751663,3,1.0,0.75,True,block_kinematic,16,mrmr,0.9,0.9
3,0.5000746852743355,0.029666890139751663,3,1.0,0.75,True,block_kinematic,16,mrmr,0.9,0.95
3,0.5005512088825316,0.029522761553085655,3,1.0,0.75,True,block_kinematic,16,mrmr,0.95,0.9
3,0.5005512088825316,0.029522761553085655,3,1.0,0.75,True,block_kinematic,16,mrmr,0.95,0.95
3,0.508484859604499,0.018274184242720103,3,1.0,0.75,True,block_kinematic,32,topk_auc,0.9,0.9
3,0.508484859604499,0.018274184242720103,3,1.0,0.75,True,block_kinematic,32,topk_auc,0.9,0.95
3,0.5041936532436563,0.028401715387117266,3,1.0,0.75,True,block_kinematic,32,topk_auc,0.95,0.9
3,0.5041936532436563,0.028401715387117266,3,1.0,0.75,True,block_kinematic,32,topk_auc,0.95,0.95
3,0.49448053200616693,0.027224897508812743,3,1.0,0.75,True,block_kinematic,32,mrmr,0.9,0.9
3,0.4935139060395409,0.028153953399999376,3,1.0,0.75,True,block_kinematic,32,mrmr,0.9,0.95
3,0.4942789509326997,0.02716766296634807,3,1.0,0.75,True,block_kinematic,32,mrmr,0.95,0.9
3,0.4934853001390489,0.02789501109883276,3,1.0,0.75,True,block_kinematic,32,mrmr,0.95,0.95
3,0.5206602556676446,0.01976510858306855,3,2.0,0.25,True,block_kinematic,0,topk_auc,0.9,0.9
3,0.5206602556676446,0.01976510858306855,3,2.0,0.25,True,block_kinematic,0,topk_auc,0.9,0.95
3,0.5206602556676446,0.01976510858306855,3,2.0,0.25,True,block_kinematic,0,topk_auc,0.95,0.9
3,0.5206602556676446,0.01976510858306855,3,2.0,0.25,True,block_kinematic,0,topk_auc,0.95,0.95
3,0.5206602556676446,0.01976510858306855,3,2.0,0.25,True,block_kinematic,0,mrmr,0.9,0.9
3,0.5206602556676446,0.01976510858306855,3,2.0,0.25,True,block_kinematic,0,mrmr,0.9,0.95
3,0.5206602556676446,0.01976510858306855,3,2.0,0.25,True,block_kinematic,0,mrmr,0.95,0.9
3,0.5206602556676446,0.01976510858306855,3,2.0,0.25,True,block_kinematic,0,mrmr,0.95,0.95
3,0.5031014964108033,0.01883975360781491,3,2.0,0.25,True,block_kinematic,8,topk_auc,0.9,0.9
3,0.5031014964108033,0.01883975360781491,3,2.0,0.25,True,block_kinematic,8,topk_auc,0.9,0.95
3,0.5207597199363893,0.01769597235595958,3,2.0,0.25,True,block_kinematic,8,topk_auc,0.95,0.9
3,0.5207597199363893,0.01769597235595958,3,2.0,0.25,True,block_kinematic,8,topk_auc,0.95,0.95
3,0.5025859034393928,0.027094166676614698,3,2.0,0.25,True,block_kinematic,8,mrmr,0.9,0.9
3,0.5025859034393928,0.027094166676614698,3,2.0,0.25,True,block_kinematic,8,mrmr,0.9,0.95
3,0.5025859034393928,0.027094166676614698,3,2.0,0.25,True,block_kinematic,8,mrmr,0.95,0.9
3,0.5025859034393928,0.027094166676614698,3,2.0,0.25,True,block_kinematic,8,mrmr,0.95,0.95
3,0.5080001077339578,0.022119573821191826,3,2.0,0.25,True,block_kinematic,16,topk_auc,0.9,0.9
3,0.5080001077339578,0.022119573821191826,3,2.0,0.25,True,block_kinematic,16,topk_auc,0.9,0.95
3,0.5193292039694114,0.021891584851817872,3,2.0,0.25,True,block_kinematic,16,topk_auc,0.95,0.9
3,0.5193292039694114,0.021891584851817872,3,2.0,0.25,True,block_kinematic,16,topk_auc,0.95,0.95
3,0.4919673118576853,0.026666462548884884,3,2.0,0.25,True,block_kinematic,16,mrmr,0.9,0.9
3,0.4919673118576853,0.026666462548884884,3,2.0,0.25,True,block_kinematic,16,mrmr,0.9,0.95
3,0.49427895829744556,0.026237420098327812,3,2.0,0.25,True,block_kinematic,16,mrmr,0.95,0.9
3,0.49427895829744556,0.026237420098327812,3,2.0,0.25,True,block_kinematic,16,mrmr,0.95,0.95
3,0.5050986218645607,0.01904163587948225,3,2.0,0.25,True,block_kinematic,32,topk_auc,0.9,0.9
3,0.5050986218645607,0.01904163587948225,3,2.0,0.25,True,block_kinematic,32,topk_auc,0.9,0.95
3,0.5040777674327647,0.030100422216759844,3,2.0,0.25,True,block_kinematic,32,topk_auc,0.95,0.9
3,0.5040777674327647,0.030100422216759844,3,2.0,0.25,True,block_kinematic,32,topk_auc,0.95,0.95
3,0.48905127662591924,0.023699021443986463,3,2.0,0.25,True,block_kinematic,32,mrmr,0.9,0.9
3,0.48779975037439294,0.024865331637108388,3,2.0,0.25,True,block_kinematic,32,mrmr,0.9,0.95
3,0.48721246037429156,0.025029566472474483,3,2.0,0.25,True,block_kinematic,32,mrmr,0.95,0.9
3,0.4863272344890657,0.025848612301049373,3,2.0,0.25,True,block_kinematic,32,mrmr,0.95,0.95
3,0.5208531135064701,0.019678068390690168,3,2.0,0.5,True,block_kinematic,0,topk_auc,0.9,0.9
3,0.5208531135064701,0.019678068390690168,3,2.0,0.5,True,block_kinematic,0,topk_auc,0.9,0.95
3,0.5208531135064701,0.019678068390690168,3,2.0,0.5,True,block_kinematic,0,topk_auc,0.95,0.9
3,0.5208531135064701,0.019678068390690168,3,2.0,0.5,True,block_kinematic,0,topk_auc,0.95,0.95
3,0.5208531135064701,0.019678068390690168,3,2.0,0.5,True,block_kinematic,0,mrmr,0.9,0.9
3,0.5208531135064701,0.019678068390690168,3,2.0,0.5,True,block_kinematic,0,mrmr,0.9,0.95
3,0.5208531135064701,0.019678068390690168,3,2.0,0.5,True,block_kinematic,0,mrmr,0.95,0.9
3,0.5208531135064701,0.019678068390690168,3,2.0,0.5,True,block_kinematic,0,mrmr,0.95,0.95
3,0.5034157163628182,0.01884207158311381,3,2.0,0.5,True,block_kinematic,8,topk_auc,0.9,0.9
3,0.5034157163628182,0.01884207158311381,3,2.0,0.5,True,block_kinematic,8,topk_auc,0.9,0.95
3,0.5201054580058139,0.016483242723711357,3,2.0,0.5,True,block_kinematic,8,topk_auc,0.95,0.9
3,0.5201054580058139,0.016483242723711357,3,2.0,0.5,True,block_kinematic,8,topk_auc,0.95,0.95
3,0.5021198221202745,0.027098665484789366,3,2.0,0.5,True,block_kinematic,8,mrmr,0.9,0.9
3,0.5021198221202745,0.027098665484789366,3,2.0,0.5,True,block_kinematic,8,mrmr,0.9,0.95
3,0.5021198221202745,0.027098665484789366,3,2.0,0.5,True,block_kinematic,8,mrmr,0.95,0.9
3,0.5021198221202745,0.027098665484789366,3,2.0,0.5,True,block_kinematic,8,mrmr,0.95,0.95
3,0.5081547008080575,0.021609968636980833,3,2.0,0.5,True,block_kinematic,16,topk_auc,0.9,0.9
3,0.5081547008080575,0.021609968636980833,3,2.0,0.5,True,block_kinematic,16,topk_auc,0.9,0.95
3,0.518854061557934,0.021173746032391617,3,2.0,0.5,True,block_kinematic,16,topk_auc,0.95,0.9
3,0.518854061557934,0.021173746032391617,3,2.0,0.5,True,block_kinematic,16,topk_auc,0.95,0.95
3,0.4924324118244137,0.026920475761254784,3,2.0,0.5,True,block_kinematic,16,mrmr,0.9,0.9
3,0.4924324118244137,0.026920475761254784,3,2.0,0.5,True,block_kinematic,16,mrmr,0.9,0.95
3,0.4938822602493511,0.026650412975916336,3,2.0,0.5,True,block_kinematic,16,mrmr,0.95,0.9
3,0.4938822602493511,0.026650412975916336,3,2.0,0.5,True,block_kinematic,16,mrmr,0.95,0.95
3,0.5051284055106663,0.01907764843672279,3,2.0,0.5,True,block_kinematic,32,topk_auc,0.9,0.9
3,0.5051284055106663,0.01907764843672279,3,2.0,0.5,True,block_kinematic,32,topk_auc,0.9,0.95
3,0.5040384608633599,0.029765119164043955,3,2.0,0.5,True,block_kinematic,32,topk_auc,0.95,0.9
3,0.5040384608633599,0.029765119164043955,3,2.0,0.5,True,block_kinematic,32,topk_auc,0.95,0.95
3,0.4891289878902219,0.02457434739352033,3,2.0,0.5,True,block_kinematic,32,mrmr,0.9,0.9
3,0.48814201190324596,0.0255070210127281,3,2.0,0.5,True,block_kinematic,32,mrmr,0.9,0.95
3,0.4878493626782124,0.025446718757333057,3,2.0,0.5,True,block_kinematic,32,mrmr,0.95,0.9
3,0.4870353618642116,0.02620354957858122,3,2.0,0.5,True,block_kinematic,32,mrmr,0.95,0.95
3,0.5211448206577588,0.02031025912533092,3,2.0,0.75,True,block_kinematic,0,topk_auc,0.9,0.9
3,0.5211448206577588,0.02031025912533092,3,2.0,0.75,True,block_kinematic,0,topk_auc,0.9,0.95
3,0.5211448206577588,0.02031025912533092,3,2.0,0.75,True,block_kinematic,0,topk_auc,0.95,0.9
3,0.5211448206577588,0.02031025912533092,3,2.0,0.75,True,block_kinematic,0,topk_auc,0.95,0.95
3,0.5211448206577588,0.02031025912533092,3,2.0,0.75,True,block_kinematic,0,mrmr,0.9,0.9
3,0.5211448206577588,0.02031025912533092,3,2.0,0.75,True,block_kinematic,0,mrmr,0.9,0.95
3,0.5211448206577588,0.02031025912533092,3,2.0,0.75,True,block_kinematic,0,mrmr,0.95,0.9
3,0.5211448206577588,0.02031025912533092,3,2.0,0.75,True,block_kinematic,0,mrmr,0.95,0.95
3,0.5033939348199858,0.019234155661522107,3,2.0,0.75,True,block_kinematic,8,topk_auc,0.9,0.9
3,0.5033939348199858,0.019234155661522107,3,2.0,0.75,True,block_kinematic,8,topk_auc,0.9,0.95
3,0.519542309029009,0.015283525479669586,3,2.0,0.75,True,block_kinematic,8,topk_auc,0.95,0.9
3,0.519542309029009,0.015283525479669586,3,2.0,0.75,True,block_kinematic,8,topk_auc,0.95,0.95
3,0.5020383253765847,0.027232912196716176,3,2.0,0.75,True,block_kinematic,8,mrmr,0.9,0.9
3,0.5020383253765847,0.027232912196716176,3,2.0,0.75,True,block_kinematic,8,mrmr,0.9,0.95
3,0.5020383253765847,0.027232912196716176,3,2.0,0.75,True,block_kinematic,8,mrmr,0.95,0.9
3,0.5020383253765847,0.027232912196716176,3,2.0,0.75,True,block_kinematic,8,mrmr,0.95,0.95
3,0.508833845146349,0.02187760040537497,3,2.0,0.75,True,block_kinematic,16,topk_auc,0.9,0.9
3,0.508833845146349,0.02187760040537497,3,2.0,0.75,True,block_kinematic,16,topk_auc,0.9,0.95
3,0.5179040222265084,0.02029962367056081,3,2.0,0.75,True,block_kinematic,16,topk_auc,0.95,0.9
3,0.5179040222265084,0.02029962367056081,3,2.0,0.75,True,block_kinematic,16,topk_auc,0.95,0.95
3,0.4933539367009419,0.02714431993050994,3,2.0,0.75,True,block_kinematic,16,mrmr,0.9,0.9
3,0.4933539367009419,0.02714431993050994,3,2.0,0.75,True,block_kinematic,16,mrmr,0.9,0.95
3,0.49476322992518185,0.026852715982910485,3,2.0,0.75,True,block_kinematic,16,mrmr,0.95,0.9
3,0.49476322992518185,0.026852715982910485,3,2.0,0.75,True,block_kinematic,16,mrmr,0.95,0.95
3,0.5051801121640979,0.01858680259550784,3,2.0,0.75,True,block_kinematic,32,topk_auc,0.9,0.9
3,0.5051801121640979,0.01858680259550784,3,2.0,0.75,True,block_kinematic,32,topk_auc,0.9,0.95
3,0.5039474375139976,0.02963325185889978,3,2.0,0.75,True,block_kinematic,32,topk_auc,0.95,0.9
3,0.5039474375139976,0.02963325185889978,3,2.0,0.75,True,block_kinematic,32,topk_auc,0.95,0.95
3,0.48976472441624136,0.02528187403581237,3,2.0,0.75,True,block_kinematic,32,mrmr,0.9,0.9
3,0.48858442323594026,0.026419650126478036,3,2.0,0.75,True,block_kinematic,32,mrmr,0.9,0.95
3,0.48845508111371555,0.026113590707353793,3,2.0,0.75,True,block_kinematic,32,mrmr,0.95,0.9
3,0.4877123053709398,0.026805219109261088,3,2.0,0.75,True,block_kinematic,32,mrmr,0.95,0.95
4,0.5703804435015606,0.01929228626150912,3,0.5,0.25,True,block_kinematic,0,topk_auc,0.9,0.9
4,0.5703804435015606,0.01929228626150912,3,0.5,0.25,True,block_kinematic,0,topk_auc,0.9,0.95
4,0.5703804435015606,0.01929228626150912,3,0.5,0.25,True,block_kinematic,0,topk_auc,0.95,0.9
4,0.5703804435015606,0.01929228626150912,3,0.5,0.25,True,block_kinematic,0,topk_auc,0.95,0.95
4,0.5703804435015606,0.01929228626150912,3,0.5,0.25,True,block_kinematic,0,mrmr,0.9,0.9
4,0.5703804435015606,0.01929228626150912,3,0.5,0.25,True,block_kinematic,0,mrmr,0.9,0.95
4,0.5703804435015606,0.01929228626150912,3,0.5,0.25,True,block_kinematic,0,mrmr,0.95,0.9
4,0.5703804435015606,0.01929228626150912,3,0.5,0.25,True,block_kinematic,0,mrmr,0.95,0.95
4,0.5427863836060952,0.01599738409747037,3,0.5,0.25,True,block_kinematic,8,topk_auc,0.9,0.9
4,0.5427863836060952,0.01599738409747037,3,0.5,0.25,True,block_kinematic,8,topk_auc,0.9,0.95
4,0.5539828266523182,0.007165867032094186,3,0.5,0.25,True,block_kinematic,8,topk_auc,0.95,0.9
4,0.5539828266523182,0.007165867032094186,3,0.5,0.25,True,block_kinematic,8,topk_auc,0.95,0.95
4,0.5489136109906362,0.0063237717233307535,3,0.5,0.25,True,block_kinematic,8,mrmr,0.9,0.9
4,0.5489136109906362,0.0063237717233307535,3,0.5,0.25,True,block_kinematic,8,mrmr,0.9,0.95
4,0.5489136109906362,0.0063237717233307535,3,0.5,0.25,True,block_kinematic,8,mrmr,0.95,0.9
4,0.5489136109906362,0.0063237717233307535,3,0.5,0.25,True,block_kinematic,8,mrmr,0.95,0.95
4,0.5374687679538696,0.01024786600134673,3,0.5,0.25,True,block_kinematic,16,topk_auc,0.9,0.9
4,0.5374687679538696,0.01024786600134673,3,0.5,0.25,True,block_kinematic,16,topk_auc,0.9,0.95
4,0.5427083222094985,0.003947277234918566,3,0.5,0.25,True,block_kinematic,16,topk_auc,0.95,0.9
4,0.5427083222094985,0.003947277234918566,3,0.5,0.25,True,block_kinematic,16,topk_auc,0.95,0.95
4,0.5413486719755193,0.022994720757891104,3,0.5,0.25,True,block_kinematic,16,mrmr,0.9,0.9
4,0.5413486719755193,0.022994720757891104,3,0.5,0.25,True,block_kinematic,16,mrmr,0.9,0.95
4,0.5445972595461407,0.02112344750667057,3,0.5,0.25,True,block_kinematic,16,mrmr,0.95,0.9
4,0.5445972595461407,0.02112344750667057,3,0.5,0.25,True,block_kinematic,16,mrmr,0.95,0.95
4,0.5249397778591337,0.01657861092958777,3,0.5,0.25,True,block_kinematic,32,topk_auc,0.9,0.9
4,0.5249397778591337,0.01657861092958777,3,0.5,0.25,True,block_kinematic,32,topk_auc,0.9,0.95
4,0.533084541170071,0.024762190166018026,3,0.5,0.25,True,block_kinematic,32,topk_auc,0.95,0.9
4,0.533084541170071,0.024762190166018026,3,0.5,0.25,True,block_kinematic,32,topk_auc,0.95,0.95
4,0.5294471085185242,0.012615664143808486,3,0.5,0.25,True,block_kinematic,32,mrmr,0.9,0.9
4,0.5294471085185242,0.012615664143808486,3,0.5,0.25,True,block_kinematic,32,mrmr,0.9,0.95
4,0.5278444959313829,0.01149013782736773,3,0.5,0.25,True,block_kinematic,32,mrmr,0.95,0.9
4,0.5278444959313829,0.01149013782736773,3,0.5,0.25,True,block_kinematic,32,mrmr,0.95,0.95
4,0.572705996729611,0.015810606128272935,3,0.5,0.5,True,block_kinematic,0,topk_auc,0.9,0.9
4,0.572705996729611,0.015810606128272935,3,0.5,0.5,True,block_kinematic,0,topk_auc,0.9,0.95
4,0.572705996729611,0.015810606128272935,3,0.5,0.5,True,block_kinematic,0,topk_auc,0.95,0.9
4,0.572705996729611,0.015810606128272935,3,0.5,0.5,True,block_kinematic,0,topk_auc,0.95,0.95
4,0.572705996729611,0.015810606128272935,3,0.5,0.5,True,block_kinematic,0,mrmr,0.9,0.9
4,0.572705996729611,0.015810606128272935,3,0.5,0.5,True,block_kinematic,0,mrmr,0.9,0.95
4,0.572705996729611,0.015810606128272935,3,0.5,0.5,True,block_kinematic,0,mrmr,0.95,0.9
4,0.572705996729611,0.015810606128272935,3,0.5,0.5,True,block_kinematic,0,mrmr,0.95,0.95
4,0.5446909173264805,0.01384895511300817,3,0.5,0.5,True,block_kinematic,8,topk_auc,0.9,0.9
4,0.5446909173264805,0.01384895511300817,3,0.5,0.5,True,block_kinematic,8,topk_auc,0.9,0.95
4,0.5565141496530603,0.004674121372413038,3,0.5,0.5,True,block_kinematic,8,topk_auc,0.95,0.9
4,0.5565141496530603,0.004674121372413038,3,0.5,0.5,True,block_kinematic,8,topk_auc,0.95,0.95
4,0.5505873707054418,0.007504216686834841,3,0.5,0.5,True,block_kinematic,8,mrmr,0.9,0.9
4,0.5505873707054418,0.007504216686834841,3,0.5,0.5,True,block_kinematic,8,mrmr,0.9,0.95
4,0.5505873707054418,0.007504216686834841,3,0.5,0.5,True,block_kinematic,8,mrmr,0.95,0.9
4,0.5505873707054418,0.007504216686834841,3,0.5,0.5,True,block_kinematic,8,mrmr,0.95,0.95
4,0.5397756374353274,0.010648997516079145,3,0.5,0.5,True,block_kinematic,16,topk_auc,0.9,0.9
4,0.5397756374353274,0.010648997516079145,3,0.5,0.5,True,block_kinematic,16,topk_auc,0.9,0.95
4,0.5460485382661027,0.004170929108358105,3,0.5,0.5,True,block_kinematic,16,topk_auc,0.95,0.9
4,0.5460485382661027,0.004170929108358105,3,0.5,0.5,True,block_kinematic,16,topk_auc,0.95,0.95
4,0.5435163870383124,0.02110288601717847,3,0.5,0.5,True,block_kinematic,16,mrmr,0.9,0.9
4,0.5435163870383124,0.02110288601717847,3,0.5,0.5,True,block_kinematic,16,mrmr,0.9,0.95
4,0.5475115444233003,0.018266244264509297,3,0.5,0.5,True,block_kinematic,16,mrmr,0.95,0.9
4,0.5475115444233003,0.018266244264509297,3,0.5,0.5,True,block_kinematic,16,mrmr,0.95,0.95
4,0.5285048067732488,0.019288941543168504,3,0.5,0.5,True,block_kinematic,32,topk_auc,0.9,0.9
4,0.5285048067732488,0.019288941543168504,3,0.5,0.5,True,block_kinematic,32,topk_auc,0.9,0.95
4,0.5361707637116286,0.026080574756398172,3,0.5,0.5,True,block_kinematic,32,topk_auc,0.95,0.9
4,0.5361707637116286,0.026080574756398172,3,0.5,0.5,True,block_kinematic,32,topk_auc,0.95,0.95
4,0.5341351387418701,0.012753570432592383,3,0.5,0.5,True,block_kinematic,32,mrmr,0.9,0.9
4,0.5341351387418701,0.012753570432592383,3,0.5,0.5,True,block_kinematic,32,mrmr,0.9,0.95
4,0.5313145233058979,0.010914853695734757,3,0.5,0.5,True,block_kinematic,32,mrmr,0.95,0.9
4,0.5313145233058979,0.010914853695734757,3,0.5,0.5,True,block_kinematic,32,mrmr,0.95,0.95
4,0.5758215690109953,0.0127656719982116,3,0.5,0.75,True,block_kinematic,0,topk_auc,0.9,0.9
4,0.5758215690109953,0.0127656719982116,3,0.5,0.75,True,block_kinematic,0,topk_auc,0.9,0.95
4,0.5758215690109953,0.0127656719982116,3,0.5,0.75,True,block_kinematic,0,topk_auc,0.95,0.9
4,0.5758215690109953,0.0127656719982116,3,0.5,0.75,True,block_kinematic,0,topk_auc,0.95,0.95
4,0.5758215690109953,0.0127656719982116,3,0.5,0.75,True,block_kinematic,0,mrmr,0.9,0.9
4,0.5758215690109953,0.0127656719982116,3,0.5,0.75,True,block_kinematic,0,mrmr,0.9,0.95
4,0.5758215690109953,0.0127656719982116,3,0.5,0.75,True,block_kinematic,0,mrmr,0.95,0.9
4,0.5758215690109953,0.0127656719982116,3,0.5,0.75,True,block_kinematic,0,mrmr,0.95,0.95
4,0.5481114984108229,0.01179625040657409,3,0.5,0.75,True,block_kinematic,8,topk_auc,0.9,0.9
4,0.5481114984108229,0.01179625040657409,3,0.5,0.75,True,block_kinematic,8,topk_auc,0.9,0.95
4,0.5595498534133254,0.0049498065748643915,3,0.5,0.75,True,block_kinematic,8,topk_auc,0.95,0.9
4,0.5595498534133254,0.0049498065748643915,3,0.5,0.75,True,block_kinematic,8,topk_auc,0.95,0.95
4,0.5547290484824413,0.00877354966312945,3,0.5,0.75,True,block_kinematic,8,mrmr,0.9,0.9
4,0.5547290484824413,0.00877354966312945,3,0.5,0.75,True,block_kinematic,8,mrmr,0.9,0.95
4,0.5547290484824413,0.00877354966312945,3,0.5,0.75,True,block_kinematic,8,mrmr,0.95,0.9
4,0.5547290484824413,0.00877354966312945,3,0.5,0.75,True,block_kinematic,8,mrmr,0.95,0.95
4,0.5448137269191012,0.010538617124376553,3,0.5,0.75,True,block_kinematic,16,topk_auc,0.9,0.9
4,0.5448137269191012,0.010538617124376553,3,0.5,0.75,True,block_kinematic,16,topk_auc,0.9,0.95
4,0.5502281414157885,0.0055476433898040125,3,0.5,0.75,True,block_kinematic,16,topk_auc,0.95,0.9
4,0.5502281414157885,0.0055476433898040125,3,0.5,0.75,True,block_kinematic,16,topk_auc,0.95,0.95
4,0.5482857062581413,0.019842858704069526,3,0.5,0.75,True,block_kinematic,16,mrmr,0.9,0.9
4,0.5482857062581413,0.019842858704069526,3,0.5,0.75,True,block_kinematic,16,mrmr,0.9,0.95
4,0.5521194431427257,0.016603869243856574,3,0.5,0.75,True,block_kinematic,16,mrmr,0.95,0.9
4,0.5521194431427257,0.016603869243856574,3,0.5,0.75,True,block_kinematic,16,mrmr,0.95,0.95
4,0.5326289576824893,0.020989736281757508,3,0.5,0.75,True,block_kinematic,32,topk_auc,0.9,0.9
4,0.5326289576824893,0.020989736281757508,3,0.5,0.75,True,block_kinematic,32,topk_auc,0.9,0.95
4,0.5408100328730342,0.02584471712407854,3,0.5,0.75,True,block_kinematic,32,topk_auc,0.95,0.9
4,0.5408100328730342,0.02584471712407854,3,0.5,0.75,True,block_kinematic,32,topk_auc,0.95,0.95
4,0.5402712513854621,0.01041053734950639,3,0.5,0.75,True,block_kinematic,32,mrmr,0.9,0.9
4,0.5402712513854621,0.01041053734950639,3,0.5,0.75,True,block_kinematic,32,mrmr,0.9,0.95
4,0.5367584287000416,0.009726055138822272,3,0.5,0.75,True,block_kinematic,32,mrmr,0.95,0.9
4,0.5367584287000416,0.009726055138822272,3,0.5,0.75,True,block_kinematic,32,mrmr,0.95,0.95
4,0.5630238086523146,0.022166599281867032,3,1.0,0.25,True,block_kinematic,0,topk_auc,0.9,0.9
4,0.5630238086523146,0.022166599281867032,3,1.0,0.25,True,block_kinematic,0,topk_auc,0.9,0.95
4,0.5630238086523146,0.022166599281867032,3,1.0,0.25,True,block_kinematic,0,topk_auc,0.95,0.9
4,0.5630238086523146,0.022166599281867032,3,1.0,0.25,True,block_kinematic,0,topk_auc,0.95,0.95
4,0.5630238086523146,0.022166599281867032,3,1.0,0.25,True,block_kinematic,0,mrmr,0.9,0.9
4,0.5630238086523146,0.022166599281867032,3,1.0,0.25,True,block_kinematic,0,mrmr,0.9,0.95
4,0.5630238086523146,0.022166599281867032,3,1.0,0.25,True,block_kinematic,0,mrmr,0.95,0.9
4,0.5630238086523146,0.022166599281867032,3,1.0,0.25,True,block_kinematic,0,mrmr,0.95,0.95
4,0.5352259815813105,0.019649089078704832,3,1.0,0.25,True,block_kinematic,8,topk_auc,0.9,0.9
4,0.5352259815813105,0.019649089078704832,3,1.0,0.25,True,block_kinematic,8,topk_auc,0.9,0.95
4,0.5461476781791638,0.010118645057893009,3,1.0,0.25,True,block_kinematic,8,topk_auc,0.95,0.9
4,0.5461476781791638,0.010118645057893009,3,1.0,0.25,True,block_kinematic,8,topk_auc,0.95,0.95
4,0.5451001084385184,0.007957707981311754,3,1.0,0.25,True,block_kinematic,8,mrmr,0.9,0.9
4,0.5451001084385184,0.007957707981311754,3,1.0,0.25,True,block_kinematic,8,mrmr,0.9,0.95
4,0.5451001084385184,0.007957707981311754,3,1.0,0.25,True,block_kinematic,8,mrmr,0.95,0.9
4,0.5451001084385184,0.007957707981311754,3,1.0,0.25,True,block_kinematic,8,mrmr,0.95,0.95
4,0.5311641738597527,0.009382370558510962,3,1.0,0.25,True,block_kinematic,16,topk_auc,0.9,0.9
4,0.5311641738597527,0.009382370558510962,3,1.0,0.25,True,block_kinematic,16,topk_auc,0.9,0.95
4,0.5360379399057847,0.005168040416088163,3,1.0,0.25,True,block_kinematic,16,topk_auc,0.95,0.9
4,0.5360379399057847,0.005168040416088163,3,1.0,0.25,True,block_kinematic,16,topk_auc,0.95,0.95
4,0.5369399874843508,0.02320170633686623,3,1.0,0.25,True,block_kinematic,16,mrmr,0.9,0.9
4,0.5369399874843508,0.02320170633686623,3,1.0,0.25,True,block_kinematic,16,mrmr,0.9,0.95
4,0.5401179535860458,0.02192497787399935,3,1.0,0.25,True,block_kinematic,16,mrmr,0.95,0.9
4,0.5401179535860458,0.02192497787399935,3,1.0,0.25,True,block_kinematic,16,mrmr,0.95,0.95
4,0.5194593430185143,0.012452568408843524,3,1.0,0.25,True,block_kinematic,32,topk_auc,0.9,0.9
4,0.5194593430185143,0.012452568408843524,3,1.0,0.25,True,block_kinematic,32,topk_auc,0.9,0.95
4,0.5275897159228482,0.021301376204403477,3,1.0,0.25,True,block_kinematic,32,topk_auc,0.95,0.9
4,0.5275897159228482,0.021301376204403477,3,1.0,0.25,True,block_kinematic,32,topk_auc,0.95,0.95
4,0.5232683214686049,0.012184587070430842,3,1.0,0.25,True,block_kinematic,32,mrmr,0.9,0.9
4,0.5232683214686049,0.012184587070430842,3,1.0,0.25,True,block_kinematic,32,mrmr,0.9,0.95
4,0.520679544857722,0.009864941987405012,3,1.0,0.25,True,block_kinematic,32,mrmr,0.95,0.9
4,0.520679544857722,0.009864941987405012,3,1.0,0.25,True,block_kinematic,32,mrmr,0.95,0.95
4,0.564257777042776,0.02128369652131378,3,1.0,0.5,True,block_kinematic,0,topk_auc,0.9,0.9
4,0.564257777042776,0.02128369652131378,3,1.0,0.5,True,block_kinematic,0,topk_auc,0.9,0.95
4,0.564257777042776,0.02128369652131378,3,1.0,0.5,True,block_kinematic,0,topk_auc,0.95,0.9
4,0.564257777042776,0.02128369652131378,3,1.0,0.5,True,block_kinematic,0,topk_auc,0.95,0.95
4,0.564257777042776,0.02128369652131378,3,1.0,0.5,True,block_kinematic,0,mrmr,0.9,0.9
4,0.564257777042776,0.02128369652131378,3,1.0,0.5,True,block_kinematic,0,mrmr,0.9,0.95
4,0.564257777042776,0.02128369652131378,3,1.0,0.5,True,block_kinematic,0,mrmr,0.95,0.9
4,0.564257777042776,0.02128369652131378,3,1.0,0.5,True,block_kinematic,0,mrmr,0.95,0.95
4,0.5371075596956228,0.017391404971302385,3,1.0,0.5,True,block_kinematic,8,topk_auc,0.9,0.9
4,0.5371075596956228,0.017391404971302385,3,1.0,0.5,True,block_kinematic,8,topk_auc,0.9,0.95
4,0.5474315522358227,0.008394151065414539,3,1.0,0.5,True,block_kinematic,8,topk_auc,0.95,0.9
4,0.5474315522358227,0.008394151065414539,3,1.0,0.5,True,block_kinematic,8,topk_auc,0.95,0.95
4,0.5443190120816938,0.006886853488960139,3,1.0,0.5,True,block_kinematic,8,mrmr,0.9,0.9
4,0.5443190120816938,0.006886853488960139,3,1.0,0.5,True,block_kinematic,8,mrmr,0.9,0.95
4,0.5443190120816938,0.006886853488960139,3,1.0,0.5,True,block_kinematic,8,mrmr,0.95,0.9
4,0.5443190120816938,0.006886853488960139,3,1.0,0.5,True,block_kinematic,8,mrmr,0.95,0.95
4,0.5320544010211662,0.010245897164628932,3,1.0,0.5,True,block_kinematic,16,topk_auc,0.9,0.9
4,0.5320544010211662,0.010245897164628932,3,1.0,0.5,True,block_kinematic,16,topk_auc,0.9,0.95
4,0.5367930859667394,0.004104818421326457,3,1.0,0.5,True,block_kinematic,16,topk_auc,0.95,0.9
4,0.5367930859667394,0.004104818421326457,3,1.0,0.5,True,block_kinematic,16,topk_auc,0.95,0.95
4,0.5357319098580634,0.022466919795535147,3,1.0,0.5,True,block_kinematic,16,mrmr,0.9,0.9
4,0.5357319098580634,0.022466919795535147,3,1.0,0.5,True,block_kinematic,16,mrmr,0.9,0.95
4,0.5394748477111708,0.02055018461369504,3,1.0,0.5,True,block_kinematic,16,mrmr,0.95,0.9
4,0.5394748477111708,0.02055018461369504,3,1.0,0.5,True,block_kinematic,16,mrmr,0.95,0.95
4,0.5201716673782238,0.016541964796444573,3,1.0,0.5,True,block_kinematic,32,topk_auc,0.9,0.9
4,0.5201716673782238,0.016541964796444573,3,1.0,0.5,True,block_kinematic,32,topk_auc,0.9,0.95
4,0.5275981507049424,0.023247398005324917,3,1.0,0.5,True,block_kinematic,32,topk_auc,0.95,0.9
4,0.5275981507049424,0.023247398005324917,3,1.0,0.5,True,block_kinematic,32,topk_auc,0.95,0.95
4,0.5240863667555566,0.011456661025054974,3,1.0,0.5,True,block_kinematic,32,mrmr,0.9,0.9
4,0.5240863667555566,0.011456661025054974,3,1.0,0.5,True,block_kinematic,32,mrmr,0.9,0.95
4,0.5223424283771712,0.010073160919254875,3,1.0,0.5,True,block_kinematic,32,mrmr,0.95,0.9
4,0.5223424283771712,0.010073160919254875,3,1.0,0.5,True,block_kinematic,32,mrmr,0.95,0.95
4,0.5654887980005598,0.020163226711102076,3,1.0,0.75,True,block_kinematic,0,topk_auc,0.9,0.9
4,0.5654887980005598,0.020163226711102076,3,1.0,0.75,True,block_kinematic,0,topk_auc,0.9,0.95
4,0.5654887980005598,0.020163226711102076,3,1.0,0.75,True,block_kinematic,0,topk_auc,0.95,0.9
4,0.5654887980005598,0.020163226711102076,3,1.0,0.75,True,block_kinematic,0,topk_auc,0.95,0.95
4,0.5654887980005598,0.020163226711102076,3,1.0,0.75,True,block_kinematic,0,mrmr,0.9,0.9
4,0.5654887980005598,0.020163226711102076,3,1.0,0.75,True,block_kinematic,0,mrmr,0.9,0.95
4,0.5654887980005598,0.020163226711102076,3,1.0,0.75,True,block_kinematic,0,mrmr,0.95,0.9
4,0.5654887980005598,0.020163226711102076,3,1.0,0.75,True,block_kinematic,0,mrmr,0.95,0.95
4,0.5382187602270238,0.016071007264455005,3,1.0,0.75,True,block_kinematic,8,topk_auc,0.9,0.9
4,0.5382187602270238,0.016071007264455005,3,1.0,0.75,True,block_kinematic,8,topk_auc,0.9,0.95
4,0.5494248314510394,0.006643931274689809,3,1.0,0.75,True,block_kinematic,8,topk_auc,0.95,0.9
4,0.5494248314510394,0.006643931274689809,3,1.0,0.75,True,block_kinematic,8,topk_auc,0.95,0.95
4,0.5440004579767231,0.0064512517187756925,3,1.0,0.75,True,block_kinematic,8,mrmr,0.9,0.9
4,0.5440004579767231,0.0064512517187756925,3,1.0,0.75,True,block_kinematic,8,mrmr,0.9,0.95
4,0.5440004579767231,0.0064512517187756925,3,1.0,0.75,True,block_kinematic,8,mrmr,0.95,0.9
4,0.5440004579767231,0.0064512517187756925,3,1.0,0.75,True,block_kinematic,8,mrmr,0.95,0.95
4,0.5326898009169255,0.011076164068949611,3,1.0,0.75,True,block_kinematic,16,topk_auc,0.9,0.9
4,0.5326898009169255,0.011076164068949611,3,1.0,0.75,True,block_kinematic,16,topk_auc,0.9,0.95
4,0.53853549247798,0.003679543012044149,3,1.0,0.75,True,block_kinematic,16,topk_auc,0.95,0.9
4,0.53853549247798,0.003679543012044149,3,1.0,0.75,True,block_kinematic,16,topk_auc,0.95,0.95
4,0.5357190095850449,0.020995511470466115,3,1.0,0.75,True,block_kinematic,16,mrmr,0.9,0.9
4,0.5357190095850449,0.020995511470466115,3,1.0,0.75,True,block_kinematic,16,mrmr,0.9,0.95
4,0.5394316810943266,0.01860340886164346,3,1.0,0.75,True,block_kinematic,16,mrmr,0.95,0.9
4,0.5394316810943266,0.01860340886164346,3,1.0,0.75,True,block_kinematic,16,mrmr,0.95,0.95
4,0.521940472207376,0.018479627073572386,3,1.0,0.75,True,block_kinematic,32,topk_auc,0.9,0.9
4,0.521940472207376,0.018479627073572386,3,1.0,0.75,True,block_kinematic,32,topk_auc,0.9,0.95
4,0.5281229895010883,0.025955113538529296,3,1.0,0.75,True,block_kinematic,32,topk_auc,0.95,0.9
4,0.5281229895010883,0.025955113538529296,3,1.0,0.75,True,block_kinematic,32,topk_auc,0.95,0.95
4,0.5246912146167227,0.011554133598874902,3,1.0,0.75,True,block_kinematic,32,mrmr,0.9,0.9
4,0.5246912146167227,0.011554133598874902,3,1.0,0.75,True,block_kinematic,32,mrmr,0.9,0.95
4,0.5235848662254056,0.009713691623360186,3,1.0,0.75,True,block_kinematic,32,mrmr,0.95,0.9
4,0.5235848662254056,0.009713691623360186,3,1.0,0.75,True,block_kinematic,32,mrmr,0.95,0.95
4,0.5595005264934091,0.02379443191845135,3,2.0,0.25,True,block_kinematic,0,topk_auc,0.9,0.9
4,0.5595005264934091,0.02379443191845135,3,2.0,0.25,True,block_kinematic,0,topk_auc,0.9,0.95
4,0.5595005264934091,0.02379443191845135,3,2.0,0.25,True,block_kinematic,0,topk_auc,0.95,0.9
4,0.5595005264934091,0.02379443191845135,3,2.0,0.25,True,block_kinematic,0,topk_auc,0.95,0.95
4,0.5595005264934091,0.02379443191845135,3,2.0,0.25,True,block_kinematic,0,mrmr,0.9,0.9
4,0.5595005264934091,0.02379443191845135,3,2.0,0.25,True,block_kinematic,0,mrmr,0.9,0.95
4,0.5595005264934091,0.02379443191845135,3,2.0,0.25,True,block_kinematic,0,mrmr,0.95,0.9
4,0.5595005264934091,0.02379443191845135,3,2.0,0.25,True,block_kinematic,0,mrmr,0.95,0.95
4,0.5314413261251129,0.022195248253504624,3,2.0,0.25,True,block_kinematic,8,topk_auc,0.9,0.9
4,0.5314413261251129,0.022195248253504624,3,2.0,0.25,True,block_kinematic,8,topk_auc,0.9,0.95
4,0.5408603939260191,0.012501907645566787,3,2.0,0.25,True,block_kinematic,8,topk_auc,0.95,0.9
4,0.5408603939260191,0.012501907645566787,3,2.0,0.25,True,block_kinematic,8,topk_auc,0.95,0.95
4,0.5429349406572098,0.010721833511401931,3,2.0,0.25,True,block_kinematic,8,mrmr,0.9,0.9
4,0.5429349406572098,0.010721833511401931,3,2.0,0.25,True,block_kinematic,8,mrmr,0.9,0.95
4,0.5429349406572098,0.010721833511401931,3,2.0,0.25,True,block_kinematic,8,mrmr,0.95,0.9
4,0.5429349406572098,0.010721833511401931,3,2.0,0.25,True,block_kinematic,8,mrmr,0.95,0.95
4,0.5278435780999264,0.010413313145012773,3,2.0,0.25,True,block_kinematic,16,topk_auc,0.9,0.9
4,0.5278435780999264,0.010413313145012773,3,2.0,0.25,True,block_kinematic,16,topk_auc,0.9,0.95
4,0.5317657321344215,0.007431804222658288,3,2.0,0.25,True,block_kinematic,16,topk_auc,0.95,0.9
4,0.5317657321344215,0.007431804222658288,3,2.0,0.25,True,block_kinematic,16,topk_auc,0.95,0.95
4,0.5343592197277582,0.023291029802147364,3,2.0,0.25,True,block_kinematic,16,mrmr,0.9,0.9
4,0.5343592197277582,0.023291029802147364,3,2.0,0.25,True,block_kinematic,16,mrmr,0.9,0.95
4,0.5368612374840133,0.022502020814820417,3,2.0,0.25,True,block_kinematic,16,mrmr,0.95,0.9
4,0.5368612374840133,0.022502020814820417,3,2.0,0.25,True,block_kinematic,16,mrmr,0.95,0.95
4,0.5165050479318528,0.009324586897957635,3,2.0,0.25,True,block_kinematic,32,topk_auc,0.9,0.9
4,0.5165050479318528,0.009324586897957635,3,2.0,0.25,True,block_kinematic,32,topk_auc,0.9,0.95
4,0.5242837361149685,0.01895543593162883,3,2.0,0.25,True,block_kinematic,32,topk_auc,0.95,0.9
4,0.5242837361149685,0.01895543593162883,3,2.0,0.25,True,block_kinematic,32,topk_auc,0.95,0.95
4,0.519251514492482,0.012500847486884412,3,2.0,0.25,True,block_kinematic,32,mrmr,0.9,0.9
4,0.519251514492482,0.012500847486884412,3,2.0,0.25,True,block_kinematic,32,mrmr,0.9,0.95
4,0.5167912275344871,0.010081987562756798,3,2.0,0.25,True,block_kinematic,32,mrmr,0.95,0.9
4,0.5167912275344871,0.010081987562756798,3,2.0,0.25,True,block_kinematic,32,mrmr,0.95,0.95
4,0.5596654547609069,0.023416619252062114,3,2.0,0.5,True,block_kinematic,0,topk_auc,0.9,0.9
4,0.5596654547609069,0.023416619252062114,3,2.0,0.5,True,block_kinematic,0,topk_auc,0.9,0.95
4,0.5596654547609069,0.023416619252062114,3,2.0,0.5,True,block_kinematic,0,topk_auc,0.95,0.9
4,0.5596654547609069,0.023416619252062114,3,2.0,0.5,True,block_kinematic,0,topk_auc,0.95,0.95
4,0.5596654547609069,0.023416619252062114,3,2.0,0.5,True,block_kinematic,0,mrmr,0.9,0.9
4,0.5596654547609069,0.023416619252062114,3,2.0,0.5,True,block_kinematic,0,mrmr,0.9,0.95
4,0.5596654547609069,0.023416619252062114,3,2.0,0.5,True,block_kinematic,0,mrmr,0.95,0.9
4,0.5596654547609069,0.023416619252062114,3,2.0,0.5,True,block_kinematic,0,mrmr,0.95,0.95
4,0.5311513604293627,0.02118494946104568,3,2.0,0.5,True,block_kinematic,8,topk_auc,0.9,0.9
4,0.5311513604293627,0.02118494946104568,3,2.0,0.5,True,block_kinematic,8,topk_auc,0.9,0.95
4,0.54062056158986,0.010764100739437761,3,2.0,0.5,True,block_kinematic,8,topk_auc,0.95,0.9
4,0.54062056158986,0.010764100739437761,3,2.0,0.5,True,block_kinematic,8,topk_auc,0.95,0.95
4,0.5427980693097708,0.009709739702186637,3,2.0,0.5,True,block_kinematic,8,mrmr,0.9,0.9
4,0.5427980693097708,0.009709739702186637,3,2.0,0.5,True,block_kinematic,8,mrmr,0.9,0.95
4,0.5427980693097708,0.009709739702186637,3,2.0,0.5,True,block_kinematic,8,mrmr,0.95,0.9
4,0.5427980693097708,0.009709739702186637,3,2.0,0.5,True,block_kinematic,8,mrmr,0.95,0.95
4,0.5276560075349206,0.009982045959958101,3,2.0,0.5,True,block_kinematic,16,topk_auc,0.9,0.9
4,0.5276560075349206,0.009982045959958101,3,2.0,0.5,True,block_kinematic,16,topk_auc,0.9,0.95
4,0.531706216702296,0.006499060917956572,3,2.0,0.5,True,block_kinematic,16,topk_auc,0.95,0.9
4,0.531706216702296,0.006499060917956572,3,2.0,0.5,True,block_kinematic,16,topk_auc,0.95,0.95
4,0.5340380066426572,0.023036506577202104,3,2.0,0.5,True,block_kinematic,16,mrmr,0.9,0.9
4,0.5340380066426572,0.023036506577202104,3,2.0,0.5,True,block_kinematic,16,mrmr,0.9,0.95
4,0.5369233980873706,0.022027700295870627,3,2.0,0.5,True,block_kinematic,16,mrmr,0.95,0.9
4,0.5369233980873706,0.022027700295870627,3,2.0,0.5,True,block_kinematic,16,mrmr,0.95,0.95
4,0.5167242399539281,0.010773554414465371,3,2.0,0.5,True,block_kinematic,32,topk_auc,0.9,0.9
4,0.5167242399539281,0.010773554414465371,3,2.0,0.5,True,block_kinematic,32,topk_auc,0.9,0.95
4,0.524185469538024,0.01983128989747267,3,2.0,0.5,True,block_kinematic,32,topk_auc,0.95,0.9
4,0.524185469538024,0.01983128989747267,3,2.0,0.5,True,block_kinematic,32,topk_auc,0.95,0.95
4,0.5196307890861241,0.012064407039870034,3,2.0,0.5,True,block_kinematic,32,mrmr,0.9,0.9
4,0.5196307890861241,0.012064407039870034,3,2.0,0.5,True,block_kinematic,32,mrmr,0.9,0.95
4,0.5173431237933017,0.009910397224540929,3,2.0,0.5,True,block_kinematic,32,mrmr,0.95,0.9
4,0.5173431237933017,0.009910397224540929,3,2.0,0.5,True,block_kinematic,32,mrmr,0.95,0.95
4,0.5599049090401101,0.023201694065160643,3,2.0,0.75,True,block_kinematic,0,topk_auc,0.9,0.9
4,0.5599049090401101,0.023201694065160643,3,2.0,0.75,True,block_kinematic,0,topk_auc,0.9,0.95
4,0.5599049090401101,0.023201694065160643,3,2.0,0.75,True,block_kinematic,0,topk_auc,0.95,0.9
4,0.5599049090401101,0.023201694065160643,3,2.0,0.75,True,block_kinematic,0,topk_auc,0.95,0.95
4,0.5599049090401101,0.023201694065160643,3,2.0,0.75,True,block_kinematic,0,mrmr,0.9,0.9
4,0.5599049090401101,0.023201694065160643,3,2.0,0.75,True,block_kinematic,0,mrmr,0.9,0.95
4,0.5599049090401101,0.023201694065160643,3,2.0,0.75,True,block_kinematic,0,mrmr,0.95,0.9
4,0.5599049090401101,0.023201694065160643,3,2.0,0.75,True,block_kinematic,0,mrmr,0.95,0.95
4,0.5314876632650624,0.020159162637481604,3,2.0,0.75,True,block_kinematic,8,topk_auc,0.9,0.9
4,0.5314876632650624,0.020159162637481604,3,2.0,0.75,True,block_kinematic,8,topk_auc,0.9,0.95
4,0.5412319625405457,0.010363788126534502,3,2.0,0.75,True,block_kinematic,8,topk_auc,0.95,0.9
4,0.5412319625405457,0.010363788126534502,3,2.0,0.75,True,block_kinematic,8,topk_auc,0.95,0.95
4,0.5422651934278088,0.009049284530952934,3,2.0,0.75,True,block_kinematic,8,mrmr,0.9,0.9
4,0.5422651934278088,0.009049284530952934,3,2.0,0.75,True,block_kinematic,8,mrmr,0.9,0.95
4,0.5422651934278088,0.009049284530952934,3,2.0,0.75,True,block_kinematic,8,mrmr,0.95,0.9
4,0.5422651934278088,0.009049284530952934,3,2.0,0.75,True,block_kinematic,8,mrmr,0.95,0.95
4,0.5279450725836213,0.010182570305586716,3,2.0,0.75,True,block_kinematic,16,topk_auc,0.9,0.9
4,0.5279450725836213,0.010182570305586716,3,2.0,0.75,True,block_kinematic,16,topk_auc,0.9,0.95
4,0.5318318884192882,0.005948851786865867,3,2.0,0.75,True,block_kinematic,16,topk_auc,0.95,0.9
4,0.5318318884192882,0.005948851786865867,3,2.0,0.75,True,block_kinematic,16,topk_auc,0.95,0.95
4,0.5335353265257059,0.022774745387826263,3,2.0,0.75,True,block_kinematic,16,mrmr,0.9,0.9
4,0.5335353265257059,0.022774745387826263,3,2.0,0.75,True,block_kinematic,16,mrmr,0.9,0.95
4,0.536632582377199,0.02151027879280292,3,2.0,0.75,True,block_kinematic,16,mrmr,0.95,0.9
4,0.536632582377199,0.02151027879280292,3,2.0,0.75,True,block_kinematic,16,mrmr,0.95,0.95
4,0.5177736941489278,0.011811675697972103,3,2.0,0.75,True,block_kinematic,32,topk_auc,0.9,0.9
4,0.5177736941489278,0.011811675697972103,3,2.0,0.75,True,block_kinematic,32,topk_auc,0.9,0.95
4,0.5233490765210108,0.02107532025869337,3,2.0,0.75,True,block_kinematic,32,topk_auc,0.95,0.9
4,0.5233490765210108,0.02107532025869337,3,2.0,0.75,True,block_kinematic,32,topk_auc,0.95,0.95
4,0.5198897602487987,0.010638671662737595,3,2.0,0.75,True,block_kinematic,32,mrmr,0.9,0.9
4,0.5198897602487987,0.010638671662737595,3,2.0,0.75,True,block_kinematic,32,mrmr,0.9,0.95
4,0.5168617612401918,0.009494469874876853,3,2.0,0.75,True,block_kinematic,32,mrmr,0.95,0.9
4,0.5168617612401918,0.009494469874876853,3,2.0,0.75,True,block_kinematic,32,mrmr,0.95,0.95
