{
  "runs": 25,
  "auc": {
    "mean": 0.7846153846153847,
    "std": 0.05912851505356015,
    "min": 0.656964656964657,
    "p25": 0.7546777546777547,
    "median": 0.7889812889812889,
    "p75": 0.8212058212058212,
    "max": 0.9147609147609147,
    "values": [
      0.814968814968815,
      0.6902286902286902,
      0.8212058212058212,
      0.685031185031185,
      0.7713097713097713,
      0.7224532224532225,
      0.818087318087318,
      0.8555093555093555,
      0.8440748440748441,
      0.9147609147609147,
      0.7671517671517671,
      0.656964656964657,
      0.7962577962577962,
      0.7546777546777547,
      0.8284823284823285,
      0.8492723492723493,
      0.7952182952182952,
      0.8056133056133056,
      0.8503118503118503,
      0.7889812889812889,
      0.7151767151767151,
      0.7775467775467775,
      0.7681912681912682,
      0.7827442827442828,
      0.7411642411642412
    ]
  },
  "ap": {
    "mean": 0.5985580908503149,
    "std": 0.08700806042302354,
    "min": 0.39040655981445455,
    "p25": 0.5503725577205614,
    "median": 0.6032664670745556,
    "p75": 0.6748602544798197,
    "max": 0.7243549436988351,
    "values": [
      0.6748602544798197,
      0.5775914679795449,
      0.693087116503406,
      0.39040655981445455,
      0.5666573567383284,
      0.5503725577205614,
      0.5864560035020394,
      0.7070255065447373,
      0.6780723695920896,
      0.7243549436988351,
      0.5893522478204867,
      0.5068349855940809,
      0.6276632243113651,
      0.6306070682710954,
      0.6903245642808893,
      0.6374642024642023,
      0.7149984901597803,
      0.6032664670745556,
      0.6404833207902263,
      0.5545468257232963,
      0.4076588721972415,
      0.5094340488483203,
      0.5285489669268933,
      0.6426122593903099,
      0.5312725908313116
    ]
  }
}