{
  "model": "rf",
  "scores_flipped": false,
  "best_threshold": 0.39999999999999997,
  "splits": {
    "train_n": 175,
    "val_n": 25,
    "test_n": 50,
    "test_size": 0.2,
    "val_size": 0.1
  },
  "cross_val": {
    "f1_mean": 0.43010752688172044,
    "precision_mean": 0.7142857142857143,
    "recall_mean": 0.3076923076923077,
    "roc_auc_mean": 0.7974636174636175,
    "ap_mean": 0.5689839482166242
  },
  "val": {
    "precision": 0.6666666666666666,
    "recall": 0.6666666666666666,
    "f1": 0.6666666666666666,
    "n": 25,
    "positive_rate": 0.24
  },
  "test": {
    "precision": 0.46153846153846156,
    "recall": 0.46153846153846156,
    "f1": 0.46153846153846156,
    "n": 50,
    "positive_rate": 0.26,
    "roc_auc": 0.7130977130977131,
    "ap": 0.4427058801535184,
    "auc_ci": [
      0.5293833158263306,
      0.8694638694638694
    ],
    "ap_ci": [
      0.2456752487199954,
      0.719162172968891
    ],
    "f1_ci": [
      0.21052631578947367,
      0.6857589285714285
    ]
  },
  "baseline_random": {
    "roc_auc": 0.5114345114345115,
    "ap": 0.3901988449806697,
    "precision@0.5": 0.2,
    "recall@0.5": 0.38461538461538464,
    "f1@0.5": 0.2631578947368421
  },
  "delong_vs_random": {
    "auc_diff": 0.20166320166320162,
    "p_value": 0.12983130007888227
  }
}