fold,feature,importance_mean,importance_std
0,age,0.0007949125596184436,0.0004486283377212751
0,clinical_post,0.0,0.0
0,clinical_luminal_b,0.0,0.0
0,clinical_luminal_a,0.11273626567744215,0.024446445717745145
0,clinical_triple_negative,0.00010598834128247025,0.00029769121261883556
0,clinical_pre (<6 months since LMP AND no prior bilateral ovariectomy AND not on estrogen replacement),0.0,0.0
0,clinical_pre (< 6 months since LMP AND no prior bilateral ovariectomy AND not on estrogen replacement),0.0,0.0
0,normalized_ratios_near_length_per_tumor_equiv_radius,0.0004062886415827305,0.000999423788010302
0,caliber_heterogeneity_near_tumor_near_radius_cv,0.0,0.0
0,normalized_ratios_near_volume_per_skeleton_edge,0.0,0.0
0,per_shell_topology_shell_10_20mm_shell_volume_density_mm3_per_shell_mm3,-0.0008832361773538188,0.0005299417064122995
0,per_shell_topology_shell_5_10mm_shell_volume_density_mm3_per_shell_mm3,0.0,0.0
0,per_shell_topology_shell_gt20mm_shell_volume_density_mm3_per_shell_mm3,0.0,0.0
0,per_shell_topology_shell_2_5mm_shell_volume_density_mm3_per_shell_mm3,-0.0002649708532061035,0.0003184553325794006
0,per_shell_topology_shell_5_10mm_shell_length_density_mm_per_shell_mm3,0.0,0.0
0,per_shell_topology_shell_10_20mm_shell_length_density_mm_per_shell_mm3,0.0,0.0
0,per_shell_topology_shell_10_20mm_node_density_per_shell_voxel,0.0035682741565094323,0.0016243863533047169
0,normalized_ratios_near_volume_per_shell_voxel,0.0,0.0
0,per_shell_topology_shell_gt20mm_shell_length_density_mm_per_shell_mm3,0.00015898251192371094,0.0004359287291733876
0,per_shell_topology_shell_2_5mm_node_density_per_shell_voxel,0.0,0.0
0,per_shell_topology_shell_5_10mm_endpoint_density_per_shell_mm3,-0.00010598834128244805,0.0005484605086119125
0,per_shell_topology_shell_5_10mm_endpoint_density_per_shell_voxel,7.06588941882913e-05,0.0003079949792292098
0,per_shell_topology_shell_gt20mm_edge_density_per_shell_voxel,0.004098215862921739,0.002009124495052201
0,per_shell_topology_shell_2_5mm_endpoint_density_per_shell_mm3,0.0,0.0
0,per_shell_topology_shell_10_20mm_endpoint_density_per_shell_mm3,0.0008479067302597065,0.0010883534217099012
0,per_shell_topology_shell_10_20mm_endpoint_density_per_shell_voxel,0.0011305423070128607,0.0010092108713715582
0,per_shell_topology_shell_10_20mm_bifurcation_density_per_shell_mm3,-0.00045928281222397117,0.0004268873334603484
0,per_shell_topology_shell_gt20mm_bifurcation_density_per_shell_mm3,0.0004062886415828082,0.001179839567531996
0,per_shell_topology_shell_gt20mm_endpoint_density_per_shell_mm3,-0.0010952128599187373,0.0009103761686433825
0,per_shell_topology_shell_gt20mm_bifurcation_density_per_shell_voxel,0.0015368309485956466,0.0010629702443618041
0,per_shell_topology_shell_gt20mm_endpoint_density_per_shell_voxel,-0.0007949125596184436,0.0005544022196246252
0,normalized_ratios_inside_volume_per_tumor_voxel,0.0,0.0
0,per_shell_topology_shell_0_2mm_node_density_per_shell_mm3,0.0,0.0
0,normalized_ratios_crossing_length_per_tumor_equiv_surface,0.0,0.0
0,per_shell_topology_shell_2_5mm_cycle_density_per_shell_mm3,0.0,0.0
0,per_shell_topology_shell_0_2mm_cycle_density_per_shell_mm3,0.0,0.0
0,per_shell_topology_shell_5_10mm_cycle_density_per_shell_mm3,0.0,0.0
0,per_shell_topology_shell_0_2mm_edge_density_per_shell_voxel,0.0,0.0
0,per_shell_topology_inside_tumor_cycle_density_per_shell_mm3,0.0,0.0
0,per_shell_topology_shell_10_20mm_cycle_density_per_shell_mm3,0.0006535947712418055,0.0007579381011455505
0,per_shell_topology_shell_2_5mm_bifurcation_density_per_shell_mm3,0.0,0.0
0,per_shell_topology_shell_0_2mm_bifurcation_density_per_shell_mm3,0.0,0.0
0,per_shell_topology_shell_5_10mm_bifurcation_density_per_shell_mm3,-0.0006006006006005982,0.00038862391803567585
0,per_shell_topology_inside_tumor_bifurcation_density_per_shell_mm3,0.0,0.0
0,per_shell_topology_shell_gt20mm_shell_region_voxels,0.0005122769828652341,0.00081506956333224
0,per_shell_topology_shell_gt20mm_shell_region_volume_mm3,0.0,0.0
0,per_shell_topology_shell_10_20mm_shell_region_voxels,0.00010598834128245915,0.002644049778069989
0,per_shell_topology_shell_10_20mm_shell_region_volume_mm3,0.004539833951598659,0.009418478751962759
0,per_shell_topology_shell_2_5mm_shell_region_voxels,-0.0017311429076134921,0.0013000084432414458
0,per_shell_topology_inside_tumor_shell_region_volume_mm3,0.001907790143084298,0.0031160091660585912
0,graph_totals_total_volume_burden_mm3,-0.0003886239180356466,0.001068095139221442
0,per_shell_topology_shell_0_2mm_shell_region_volume_mm3,0.00022964140611200223,0.0011584880715117464
0,graph_totals_total_length_mm,0.0002473061296590862,0.000337021445474977
0,per_shell_topology_shell_gt20mm_node_count,0.0,0.0
0,per_shell_topology_shell_10_20mm_shell_volume_burden_mm3,0.0003532944709415564,0.0009076299296000817
0,per_shell_topology_shell_gt20mm_shell_region_volume_per_tumor_mm3,0.0006712594947889227,0.001278223106527163
0,per_shell_topology_shell_5_10mm_shell_volume_burden_mm3,0.0,0.0
0,per_shell_topology_shell_10_20mm_shell_length_mm,0.0,0.0
0,per_shell_topology_shell_5_10mm_shell_length_mm,0.0,0.0
0,per_shell_topology_shell_gt20mm_bifurcation_count,0.0029146793852676154,0.0010606191875836813
0,per_shell_topology_shell_gt20mm_endpoint_count,-0.00030030030030031574,0.0008058289862538182
0,graph_tumor_r8_skel_voxels,0.0,0.0
0,per_shell_topology_shell_2_5mm_shell_volume_burden_mm3,0.0,0.0
0,graph_tumor_shell_r4_8_skel_voxels,0.0,0.0
0,per_shell_topology_shell_10_20mm_endpoint_count,0.0005652711535064747,0.0019778180536694323
0,per_shell_topology_shell_10_20mm_shell_region_volume_per_tumor_mm3,0.0002914679385267793,0.0005978014929877066
0,per_shell_topology_shell_5_10mm_endpoint_count,0.0,0.0
0,graph_tumor_r4_skel_voxels,0.0,0.0
0,per_shell_topology_shell_10_20mm_bifurcation_count,-1.766472354706172e-05,0.0005147077295295345
0,length_weighted_shape_stats_near_tumor_length_weighted_tortuosity_quantiles_q90,0.00010598834128248136,0.00035505654905919874
0,length_weighted_shape_stats_near_tumor_segment_count,0.0,0.0
0,per_shell_topology_shell_2_5mm_degree_distribution_deg2,0.0,0.0
0,per_shell_topology_shell_10_20mm_degree_distribution_deg0,0.0,0.0
0,caliber_heterogeneity_near_tumor_near_radius_q90_mm,-0.0005829358770535031,0.0017771273779230501
0,length_weighted_shape_stats_near_tumor_length_weighted_tortuosity_quantiles_q50,-0.00012365306482949867,0.0008211721815346452
0,caliber_heterogeneity_near_tumor_near_radius_q50_mm,0.0,0.0
0,caliber_heterogeneity_near_tumor_near_radius_q25_mm,0.0,0.0
0,per_shell_topology_shell_2_5mm_shell_region_volume_per_tumor_mm3,0.0,0.0
0,per_shell_topology_shell_gt20mm_shell_volume_burden_mm3_per_tumor_mm3,-0.0003532944709415231,0.0003788661118093165
0,caliber_heterogeneity_near_tumor_near_radius_q10_mm,0.0004239533651298255,0.0005652711535064248
0,length_weighted_shape_stats_near_tumor_length_weighted_curvature_mean_quantiles_q90,0.0,0.0
0,length_weighted_shape_stats_near_tumor_length_weighted_curvature_mean_quantiles_q25,0.0,0.0
0,length_weighted_shape_stats_global_length_weighted_tortuosity_quantiles_q90,-0.00010598834128242585,0.0005707646854408423
0,caliber_heterogeneity_near_tumor_global_node_radius_q90_mm,0.0,0.0
0,length_weighted_shape_stats_global_length_weighted_tortuosity_quantiles_q75,0.0,0.0
0,per_shell_topology_shell_0_2mm_shell_region_volume_per_tumor_mm3,0.00031796502384738855,0.0007402341225846227
0,length_weighted_shape_stats_global_length_weighted_tortuosity_quantiles_q50,5.299417064125178e-05,0.0002504406797166231
0,caliber_heterogeneity_near_tumor_near_radius_sd_mm,0.0,0.0
0,length_weighted_shape_stats_global_length_weighted_tortuosity_mean,-0.0002826355767532207,0.00030799497922917796
0,length_weighted_shape_stats_near_tumor_length_weighted_curvature_mean_quantiles_q10,0.0,0.0
0,per_shell_topology_shell_gt20mm_shell_length_mm_per_tumor_mm3,0.0042218689277512935,0.002670179417701979
0,length_weighted_shape_stats_global_length_weighted_tortuosity_quantiles_q25,0.0,0.0
0,length_weighted_shape_stats_global_length_weighted_curvature_mean_quantiles_q10,0.0004769475357710551,0.0013820317960832813
0,per_shell_topology_shell_gt20mm_shell_length_fraction_of_total_graph_length,0.0,0.0
0,length_weighted_shape_stats_global_length_weighted_curvature_mean_quantiles_q90,0.0038685744568098036,0.0015469497762890835
0,length_weighted_shape_stats_global_length_weighted_curvature_mean_quantiles_q25,-0.0008832361773538078,0.0018476321307179442
0,graph_skel_per_tumor_voxel,0.00319731496202087,0.0029721389508853982
0,length_weighted_shape_stats_global_length_weighted_curvature_mean_quantiles_q50,0.0010598834128245915,0.0007283352103193152
0,length_weighted_shape_stats_global_length_weighted_curvature_mean_quantiles_q75,0.004327857269033719,0.001368873610037763
0,length_weighted_shape_stats_global_length_weighted_curvature_mean,0.001642819289878117,0.0006322391862982947
0,per_shell_topology_shell_10_20mm_shell_volume_fraction_of_total_graph_volume,0.0,0.0
0,length_weighted_shape_stats_global_length_weighted_tortuosity_quantiles_q10,0.0048754636989931325,0.0017650586111000715
0,per_shell_topology_shell_10_20mm_shell_volume_burden_mm3_per_tumor_mm3,5.299417064127399e-05,0.0003537358133633843
0,graph_tumor_r8_skel_frac_skeleton,0.0,0.0
0,per_shell_topology_shell_5_10mm_shell_length_fraction_of_total_graph_length,0.0,7.899904530999208e-05
0,graph_tumor_shell_r4_8_skel_frac_skeleton,0.0,0.0
0,per_shell_topology_shell_5_10mm_shell_volume_burden_mm3_per_tumor_mm3,0.00017664723547081707,0.0002620101920895442
0,per_shell_topology_shell_10_20mm_shell_length_mm_per_tumor_mm3,0.0033209680268503792,0.0019218050194607275
0,per_shell_topology_shell_2_5mm_shell_length_fraction_of_total_graph_length,0.0,0.0
0,graph_tumor_shell_r2_4_skel_frac_skeleton,0.0,0.0
0,graph_tumor_shell_r4_8_skel_frac_shell,0.0008479067302596732,0.0003853987675193808
0,per_shell_topology_shell_2_5mm_shell_length_mm_per_tumor_mm3,0.0,0.0
0,graph_tumor_r8_skel_frac_region,0.0,0.0
0,graph_tumor_shell_r2_4_skel_frac_shell,-0.0007065889418830351,0.00042542287860066266
0,graph_tumor_r4_skel_frac_region,0.0,0.0
0,graph_skel_in_tumor_voxels,0.0,0.0
0,graph_tumor_r2_skel_frac_region,0.0,0.0
0,graph_tumor_r2_skel_frac_skeleton,0.0,0.0
0,per_shell_topology_shell_0_2mm_node_count,0.0,0.0
0,per_shell_topology_shell_0_2mm_endpoint_count,0.0003356297473944836,0.00038255445729924324
0,per_shell_topology_inside_tumor_endpoint_count,0.0,0.0
0,directional_near_boundary_tangential_alignment_mean,0.0,0.0
0,per_shell_topology_shell_2_5mm_degree_distribution_deg0,0.0,0.0
0,per_shell_topology_shell_0_2mm_degree_distribution_deg2,0.0,0.0
0,per_shell_topology_shell_0_2mm_degree_distribution_deg0,0.0,0.0
0,directional_near_boundary_normal_alignment_abs_cos_mean,0.0004946122593181724,0.000504605435685775
0,per_shell_topology_shell_gt20mm_degree_distribution_deg0,0.0,0.0
0,per_shell_topology_shell_5_10mm_degree_distribution_deg0,0.0010952128599187928,0.0009206016054262927
0,per_shell_topology_inside_tumor_degree_distribution_deg0,0.0,0.0
0,per_shell_topology_shell_2_5mm_degree_distribution_deg4plus,0.0,0.0
0,per_shell_topology_shell_gt20mm_degree_distribution_deg4plus,1.7664723547083927e-05,0.00026731577372234055
0,per_shell_topology_shell_5_10mm_degree_distribution_deg4plus,0.0,0.0
0,per_shell_topology_inside_tumor_degree_distribution_deg4plus,0.0,0.0
0,per_shell_topology_shell_10_20mm_degree_distribution_deg4plus,0.0,0.0
0,directional_near_boundary_radial_alignment_abs_cos_quantiles_q10,0.0,0.0
0,directional_near_boundary_normal_alignment_abs_cos_quantiles_q25,0.0002119766825649183,0.0004239533651298181
0,directional_near_boundary_normal_alignment_abs_cos_quantiles_q10,0.0,0.0
0,per_shell_topology_shell_0_2mm_shell_volume_burden_mm3_per_tumor_mm3,-0.00017664723547075045,0.001268912559340604
0,per_shell_topology_shell_0_2mm_shell_volume_fraction_of_total_graph_volume,0.0,0.0
0,caliber_heterogeneity_near_tumor_near_high_radius_tail_fraction_vs_global_q90,0.0,0.0
0,graph_core_to_periphery_volume_ratio,0.0,0.0
0,graph_crossing_fraction_of_near_burden,0.0005476064299593686,0.0013440289391716549
0,kinematic_reference_normalized_signal_all_segments_washin_rel_reference_hurdle_value_given_signal_max,0.0031973149620208472,0.0011914198006654285
0,kinematic_normalized_shell_burdens_shell_gt20mm_kinetic_auc_weighted_volume_mm3,0.0,0.0
0,kinematic_reference_normalized_signal_all_segments_auc_rel_reference_hurdle_value_given_signal_max,0.0001413177883766381,0.0003332973372922445
0,kinematic_reference_normalized_signal_all_segments_washin_rel_reference_hurdle_value_given_signal_q90,0.000777247836071393,0.0010275950943119249
0,kinematic_reference_normalized_signal_all_segments_peak_rel_reference_hurdle_value_given_signal_q90,0.0008655714538067683,0.0006242924234966696
0,kinematic_reference_normalized_signal_near_tumor_segments_peak_rel_reference_hurdle_value_given_signal_max,0.0,0.0
0,kinematic_reference_normalized_signal_all_segments_auc_rel_reference_hurdle_value_given_signal_median,0.0,0.0
0,kinematic_reference_normalized_signal_all_segments_peak_rel_reference_hurdle_value_given_signal_median,0.0009538950715421213,0.0005869368565920081
0,kinematic_reference_normalized_signal_near_tumor_segments_auc_rel_reference_hurdle_value_given_signal_median,0.0,0.0
0,kinematic_reference_normalized_signal_all_segments_washin_rel_reference_hurdle_value_given_signal_median,0.004592828122239911,0.002719449623448268
0,kinematic_normalized_shell_burdens_shell_10_20mm_kinetic_auc_weighted_volume_mm3,0.000900900900900925,0.001836536666789983
0,kinematic_normalized_shell_burdens_shell_10_20mm_auc_weighted_volume_per_shell_segment,-0.0009009009009008584,0.0011044337772365893
0,kinematic_reference_normalized_signal_near_tumor_segments_peak_rel_reference_hurdle_value_given_signal_min,0.0009362303479950596,0.00046097821412118087
0,kinematic_normalized_shell_burdens_shell_5_10mm_kinetic_auc_weighted_volume_mm3,0.0,0.0
0,kinematic_normalized_shell_burdens_shell_gt20mm_auc_weighted_volume_per_shell_segment,-0.0002826355767532207,0.001153494274320025
0,kinematic_normalized_shell_burdens_shell_5_10mm_auc_weighted_volume_per_shell_segment,-0.001289524818936605,0.0005966912472727254
0,kinematic_reference_normalized_signal_all_segments_peak_rel_reference_hurdle_value_given_signal_min,0.0,0.0
0,kinematic_normalized_shell_burdens_shell_10_20mm_auc_weighted_volume_per_shell_length_mm,0.0007065889418830685,0.0011664069259296232
0,kinematic_normalized_shell_burdens_shell_gt20mm_auc_weighted_volume_per_shell_length_mm,-0.0009009009009008917,0.0007513220391498861
0,kinematic_normalized_shell_burdens_shell_5_10mm_auc_weighted_volume_per_shell_length_mm,-3.532944709414565e-05,0.0005848064072512571
0,kinematic_normalized_shell_burdens_shell_gt20mm_auc_weighted_volume_per_tumor_mm3,0.0008479067302596844,0.0005046054356857828
0,kinematic_shell_contrasts_5_10mm_vs_10_20mm_tte_ratio,0.0,0.0
0,kinematic_shell_contrasts_5_10mm_vs_10_20mm_ttp_ratio,0.0,0.0
0,kinematic_shell_contrasts_5_10mm_vs_10_20mm_peak_ratio,0.0011305423070129494,0.0008804052848879663
0,kinematic_normalized_shell_burdens_shell_10_20mm_auc_weighted_volume_per_tumor_mm3,0.0,0.0
0,kinematic_reference_normalized_signal_all_segments_peak_rel_reference_hurdle_has_signal_fraction,0.0,0.0
0,kinematic_reference_normalized_signal_near_tumor_segments_peak_rel_reference_hurdle_has_signal_fraction,0.0,0.0
0,kinematic_normalized_shell_burdens_shell_10_20mm_auc_weighted_volume_per_shell_mm3,0.0,0.0
0,kinematic_normalized_shell_burdens_shell_10_20mm_auc_weighted_volume_per_shell_voxel,-0.000494612259318139,0.0008610533550223739
0,kinematic_normalized_shell_burdens_shell_5_10mm_auc_weighted_volume_per_tumor_mm3,0.0006182653241476932,0.0010925028154789725
0,kinematic_kinetic_topology_coupling_early_bifurcation_density_per_tumor_mm3,0.003144320791379629,0.0012309663586069037
0,kinematic_normalized_shell_burdens_shell_gt20mm_auc_weighted_volume_per_shell_mm3,1.1102230246251566e-17,0.00044688608516777953
0,kinematic_normalized_shell_burdens_shell_gt20mm_auc_weighted_volume_per_shell_voxel,0.0,0.0
0,kinematic_reference_normalized_signal_reference_auc_positive,0.0,0.0
0,kinematic_normalized_shell_burdens_shell_5_10mm_peak_weighted_volume_per_shell_voxel,-0.00010598834128244805,0.0005869368565919853
0,kinematic_reference_normalized_signal_reference_washin_slope,0.0018018018018018168,0.005011803038701432
0,kinematic_temporal_heterogeneity_near_tumor_cv_auc,0.0,0.0
0,kinematic_shell_contrasts_0_2mm_vs_2_5mm_ttp_ratio,-0.000388623918035691,0.0005574892717915229
0,kinematic_shell_contrasts_inside_vs_2_5mm_ttp_ratio,0.0,0.0
0,kinematic_shell_contrasts_inside_vs_0_2mm_ttp_ratio,0.0,0.0
0,kinematic_shell_contrasts_0_2mm_vs_2_5mm_washin_ratio,0.0,0.0
0,kinematic_shell_contrasts_inside_vs_2_5mm_washin_ratio,0.0,0.0
0,kinematic_shell_contrasts_inside_vs_0_2mm_washin_ratio,0.0,0.0
0,kinematic_temporal_heterogeneity_near_tumor_cv_tte_time,0.0,0.0
0,kinematic_shell_contrasts_5_10mm_vs_10_20mm_washin_ratio,0.0013248542660307615,0.0005655470974591869
0,kinematic_temporal_heterogeneity_near_tumor_cv_washin_slope,-0.0007065889418830573,0.001286011285864777
0,kinematic_temporal_heterogeneity_near_tumor_cv_washout_slope,0.0013425189895778233,0.0011316458136758233
0,kinematic_component_invasion_crossing_length_concentration_max_fraction,0.0,0.0
0,kinematic_normalized_shell_burdens_shell_2_5mm_kinetic_auc_weighted_volume_mm3,0.0,0.0
0,kinematic_normalized_shell_burdens_shell_0_2mm_kinetic_auc_weighted_volume_mm3,0.0,0.0
0,kinematic_normalized_shell_burdens_inside_tumor_kinetic_auc_weighted_volume_mm3,0.0,0.0
0,kinematic_reference_normalized_signal_all_segments_washin_rel_reference_hurdle_value_given_signal_min,0.0,0.0
0,kinematic_reference_normalized_signal_near_tumor_segments_auc_rel_reference_hurdle_value_given_signal_sd,0.0,0.0
0,kinematic_reference_normalized_signal_near_tumor_segments_washin_rel_reference_hurdle_value_given_signal_sd,0.0,0.0
0,kinematic_reference_normalized_signal_near_tumor_segments_washin_rel_reference_hurdle_value_given_signal_q90,0.0,0.0
0,kinematic_reference_normalized_signal_near_tumor_segments_washin_rel_reference_hurdle_value_given_signal_min,0.0,0.0
0,kinematic_reference_normalized_signal_near_tumor_segments_washin_rel_reference_hurdle_value_given_signal_median,-0.0012541953718424148,0.0007085734364999721
0,kinematic_shell_kinetics_shell_10_20mm_auc_rel_reference_hurdle_value_given_signal_max,-0.00012365306482952086,0.0008974305455488835
0,kinematic_shell_kinetics_shell_10_20mm_peak_rel_reference_hurdle_value_given_signal_q90,0.00033562974739446136,0.0012147628508711959
0,kinematic_shell_kinetics_shell_10_20mm_washin_rel_reference_hurdle_value_given_signal_max,-0.00037095919448860705,0.0030396159525116514
0,kinematic_shell_kinetics_shell_10_20mm_auc_rel_reference_hurdle_value_given_signal_median,0.0005652711535064636,0.00035152356018606606
0,kinematic_shell_kinetics_shell_gt20mm_peak_rel_reference_hurdle_value_given_signal_iqr,0.0,0.0
0,kinematic_shell_kinetics_shell_10_20mm_auc_rel_reference_hurdle_value_given_signal_iqr,-0.00024730612965905284,0.00032763181400798265
0,kinematic_shell_kinetics_shell_5_10mm_peak_rel_reference_hurdle_value_given_signal_max,-0.000830242006712567,0.0007328199439212781
0,kinematic_shell_kinetics_shell_10_20mm_peak_rel_reference_hurdle_value_given_signal_iqr,0.0,0.0
0,kinematic_shell_kinetics_shell_10_20mm_washin_rel_reference_hurdle_value_given_signal_mean,0.0029146793852676267,0.0025964740139223725
0,kinematic_shell_kinetics_shell_10_20mm_peak_rel_reference_hurdle_value_given_signal_min,3.5329447094167854e-05,0.00010598834128250356
0,kinematic_shell_segment_counts_shell_gt20mm,-0.0002826355767532096,0.0002119766825649442
0,kinematic_graph_local_propagation_weighted_linear_fit_n,-0.00012365306482950978,0.0006843798137364733
0,kinematic_propagation_speed_speed_positive_delay_mm_per_time_max,0.0026143790849673444,0.0015334770827917848
0,kinematic_kinetic_topology_coupling_early_bifurcation_count,0.0,0.0
0,kinematic_kinetic_topology_coupling_early_cycle_length_burden_mm_ge50,0.0,0.0
0,kinematic_propagation_speed_speed_positive_delay_mm_per_time_q90,0.000635930047694766,0.000901420301867004
0,kinematic_shell_kinetics_shell_gt20mm_auc_rel_reference_hurdle_value_given_signal_min,1.7664723547128335e-05,0.00024284979835485069
0,kinematic_propagation_speed_negative_delay_segment_count,0.0,0.0
0,kinematic_shell_segment_counts_shell_10_20mm,-0.0015721603956897923,0.0023797601917304083
0,kinematic_shell_kinetics_shell_5_10mm_peak_rel_reference_hurdle_value_given_signal_min,0.0012541953718424592,0.0006091128652028408
0,kinematic_propagation_speed_speed_positive_delay_mm_per_time_iqr,0.006535947712418289,0.004284196234913231
0,kinematic_kinetic_topology_coupling_cycle_count,-0.0001413177883765826,0.0008646697227006259
0,kinematic_propagation_speed_speed_positive_delay_mm_per_time_mean,0.00017664723547076156,0.0011690791102472672
0,kinematic_propagation_speed_speed_positive_delay_mm_per_time_sd,0.00038862391803566875,0.0018557210368018034
0,kinematic_kinetic_topology_coupling_early_cycle_count_all_nodes,0.0,0.0
0,kinematic_propagation_speed_speed_positive_delay_mm_per_time_median,5.299417064125178e-05,0.0004808570072007122
0,kinematic_component_invasion_component_count,-0.0010952128599187373,0.0010592944250531699
0,kinematic_shell_kinetics_shell_5_10mm_time_to_peak_hurdle_value_given_signal_max,0.0,0.0
0,kinematic_shell_kinetics_shell_5_10mm_time_to_peak_hurdle_value_given_signal_mean,0.0,0.0
0,kinematic_shell_kinetics_shell_10_20mm_time_to_peak_hurdle_value_given_signal_q90,0.0,0.0
0,kinematic_shell_kinetics_shell_10_20mm_auc_hurdle_value_given_signal_max,-0.0015015015015014898,0.0024746380014347103
0,kinematic_shell_kinetics_shell_5_10mm_auc_hurdle_value_given_signal_max,0.0,0.0
0,kinematic_shell_segment_counts_shell_5_10mm,0.0,0.0
0,kinematic_propagation_speed_delay_all_segments_min,0.0,0.0
0,kinematic_propagation_speed_delay_all_segments_max,0.0013248542660307505,0.0004756372378673704
0,kinematic_shell_contrasts_5_10mm_vs_10_20mm_ttp_delta,0.0002473061296590862,0.0007377005129065899
0,kinematic_graph_local_propagation_distance_binned_dispersion_distance_bin_count,-0.000264970853206159,0.0007463215041256728
0,kinematic_arrival_delay_vs_reference_all_segments_hurdle_value_given_signal_q90,0.0,0.0
0,kinematic_arrival_delay_vs_reference_all_segments_hurdle_value_given_signal_max,0.0,0.0
0,kinematic_shell_kinetics_shell_5_10mm_time_to_peak_hurdle_value_given_signal_min,0.0,0.0
0,kinematic_shell_kinetics_shell_10_20mm_time_to_peak_hurdle_value_given_signal_min,0.0,0.0
0,kinematic_shell_kinetics_shell_10_20mm_time_to_peak_hurdle_value_given_signal_max,0.0,0.0
0,kinematic_shell_kinetics_shell_10_20mm_time_to_peak_hurdle_value_given_signal_iqr,0.0,0.0
0,kinematic_shell_kinetics_shell_gt20mm_time_to_peak_hurdle_value_given_signal_median,0.0,0.0
0,kinematic_shell_kinetics_shell_10_20mm_time_to_peak_hurdle_value_given_signal_median,0.0,0.0
0,kinematic_shell_kinetics_shell_gt20mm_time_to_enhancement_hurdle_value_given_signal_max,0.0,0.0
0,kinematic_shell_kinetics_shell_5_10mm_time_to_enhancement_hurdle_value_given_signal_q90,0.0,0.0
0,kinematic_shell_kinetics_shell_5_10mm_time_to_enhancement_hurdle_value_given_signal_min,0.0,0.0
0,kinematic_shell_kinetics_shell_10_20mm_time_to_enhancement_hurdle_value_given_signal_max,0.0,0.0
0,kinematic_graph_local_propagation_earliest_arrival_component_near_tumor_earliest_threshold_tte,0.0,0.0
0,kinematic_graph_local_propagation_earliest_arrival_component_near_tumor_largest_component_segments,0.0,0.0
0,kinematic_shell_kinetics_shell_10_20mm_auc_hurdle_value_given_signal_median,0.0,0.0
0,kinematic_shell_kinetics_shell_10_20mm_time_to_enhancement_hurdle_value_given_signal_q90,0.0007772478360714152,0.00035505654905921413
0,kinematic_shell_kinetics_shell_10_20mm_auc_hurdle_value_given_signal_iqr,-0.0001413177883766048,0.0005287627467619097
0,kinematic_shell_kinetics_shell_5_10mm_auc_hurdle_value_given_signal_mean,-0.00037095919448861816,0.0006192739142539538
0,kinematic_shell_contrasts_5_10mm_vs_10_20mm_washin_delta_norm_l1,0.00024730612965911947,0.0003805097902939167
0,kinematic_shell_contrasts_5_10mm_vs_10_20mm_auc_delta,0.0,0.0
0,kinematic_shell_kinetics_shell_10_20mm_time_to_peak_hurdle_value_given_signal_sd,0.005423070128952523,0.0020095127391755144
0,kinematic_core_to_periphery_tte_delta,0.0,0.0
0,kinematic_shell_kinetics_shell_gt20mm_auc_hurdle_value_given_signal_q90,0.0002826355767532207,0.0009649532085319057
0,kinematic_shell_kinetics_shell_10_20mm_auc_hurdle_value_given_signal_sd,0.0,0.0
0,kinematic_graph_local_propagation_earliest_arrival_component_near_tumor_largest_component_fraction_near_segments,0.0,0.0
0,kinematic_shell_contrasts_5_10mm_vs_10_20mm_washout_delta_norm_l1,0.0005299417064122958,0.00033516456387580504
0,kinematic_shell_kinetics_shell_10_20mm_time_to_enhancement_hurdle_value_given_signal_mean,0.0,0.0
0,kinematic_shell_kinetics_shell_gt20mm_auc_hurdle_value_given_signal_median,0.00042395336512985883,0.0005869368565920008
0,kinematic_shell_kinetics_shell_gt20mm_auc_hurdle_value_given_signal_max,0.0,0.0
0,kinematic_shell_kinetics_shell_gt20mm_time_to_peak_hurdle_value_given_signal_mean,0.0006359300476947438,0.0012420700110402352
0,kinematic_graph_local_propagation_distance_binned_dispersion_distance_bin_monotonic_nondecreasing_fraction,0.0004592828122240378,0.0005311180490504597
0,kinematic_propagation_speed_speed_positive_delay_mm_per_time_min,-0.0006006006006006092,0.0006475994622795803
0,kinematic_arrival_delay_vs_reference_all_segments_hurdle_value_given_signal_mean,0.0010775481363716644,0.001170279602547395
0,kinematic_shell_kinetics_shell_gt20mm_auc_hurdle_value_given_signal_iqr,-0.000494612259318139,0.0009733246644730986
0,kinematic_graph_local_propagation_graph_distance_available_fraction,0.0027910263204380835,0.0029461454498342075
0,kinematic_graph_local_propagation_weighted_linear_fit_intercept,0.0002473061296590862,0.0028121884814884136
0,kinematic_shell_kinetics_shell_10_20mm_time_to_enhancement_hurdle_value_given_signal_sd,0.0,0.0
0,kinematic_shell_kinetics_shell_10_20mm_peak_enhancement_hurdle_value_given_signal_median,0.0006535947712418277,0.0004032048122421457
0,kinematic_shell_kinetics_shell_10_20mm_peak_enhancement_hurdle_value_given_signal_q90,0.0,0.0
0,kinematic_shell_contrasts_5_10mm_vs_10_20mm_auc_delta_norm_l1,-0.0007242536654301412,0.0010815947369610562
0,kinematic_shell_kinetics_shell_gt20mm_time_to_enhancement_hurdle_value_given_signal_mean,0.005511393746687865,0.002713476338360346
0,kinematic_arrival_delay_vs_reference_near_tumor_segments_hurdle_valid_fraction,0.0,0.0
0,kinematic_kinetic_topology_coupling_early_cycle_length_fraction_ge50,0.0013248542660307505,0.0005134937945150593
0,kinematic_graph_local_propagation_distance_binned_dispersion_mean_tte_std_across_distance_bins,0.0006889242183359956,0.00027874463589575656
0,kinematic_shell_kinetics_shell_10_20mm_peak_enhancement_hurdle_value_given_signal_iqr,0.0,0.0
0,kinematic_graph_local_propagation_weighted_linear_fit_rmse,-0.001324854266030695,0.002337157082268154
0,kinematic_shell_contrasts_5_10mm_vs_10_20mm_peak_delta,0.0,0.0
0,kinematic_shell_kinetics_shell_gt20mm_time_to_enhancement_hurdle_value_given_signal_sd,0.0,0.0
0,kinematic_propagation_speed_delay_all_segments_sd,0.0,0.0
0,kinematic_graph_local_propagation_weighted_linear_fit_mae,-0.0012365306482953308,0.0012664510389637947
0,kinematic_arrival_delay_vs_reference_all_segments_hurdle_value_given_signal_sd,-0.0009892245186362558,0.00038050979029392184
0,kinematic_early_enhancing_fraction_volume_fraction_all_segments,0.0,0.0
0,kinematic_kinetic_topology_coupling_early_bifurcation_fraction_of_bifurcations,0.0,0.0
0,kinematic_early_enhancing_fraction_count_fraction_all_segments,0.0001413177883766603,0.0017031578580736827
0,kinematic_kinetic_topology_coupling_early_node_fraction,0.001996113760819651,0.0026532979280165436
0,kinematic_shell_kinetics_shell_10_20mm_washin_slope_hurdle_value_given_signal_max,-0.00045928281222391566,0.0008804052848879824
0,kinematic_shell_kinetics_shell_gt20mm_auc_hurdle_value_given_signal_sd,0.00485779897544607,0.0010867753693885706
0,kinematic_shell_kinetics_shell_10_20mm_auc_hurdle_value_given_signal_min,-0.0004239533651298033,0.0005131898620856412
0,kinematic_shell_kinetics_shell_5_10mm_time_to_enhancement_hurdle_valid_fraction,0.0,0.0
0,kinematic_shell_kinetics_shell_gt20mm_time_to_peak_hurdle_value_given_signal_sd,0.0016074898427840046,0.0020317503972710634
0,kinematic_shell_kinetics_shell_gt20mm_peak_enhancement_hurdle_value_given_signal_median,-0.0011835364776541124,0.001552185497347699
0,kinematic_shell_kinetics_shell_gt20mm_washin_slope_hurdle_value_given_signal_max,0.0,0.0
0,kinematic_shell_kinetics_shell_10_20mm_peak_enhancement_hurdle_value_given_signal_sd,0.00022964140611201334,0.00094154799302147
0,kinematic_shell_kinetics_shell_gt20mm_peak_enhancement_hurdle_value_given_signal_mean,-5.299417064120737e-05,0.0008655714538067459
0,kinematic_shell_kinetics_shell_10_20mm_washin_slope_hurdle_value_given_signal_q90,-0.001236530648295342,0.0006016388046608762
0,kinematic_shell_kinetics_shell_gt20mm_peak_enhancement_hurdle_value_given_signal_q90,0.00017664723547079487,0.00019350735117653982
0,kinematic_caliber_flow_kinetic_surrogates_tortuosity_weighted_peak_enhancement_mean,0.0,0.0
0,kinematic_shell_kinetics_shell_10_20mm_washout_slope_hurdle_value_given_signal_min,0.0001413177883766603,0.0005953824252376994
0,kinematic_shell_kinetics_shell_gt20mm_washout_slope_hurdle_value_given_signal_min,0.00022964140611198003,0.00029611472556512354
0,kinematic_shell_kinetics_shell_gt20mm_peak_enhancement_hurdle_value_given_signal_iqr,-0.0005122769828652008,0.0007798530314306384
0,kinematic_propagation_speed_delay_all_segments_mean,-0.000494612259318139,0.0009137973613409625
0,kinematic_shell_kinetics_shell_10_20mm_washin_slope_hurdle_value_given_signal_mean,-0.0005122769828652008,0.0017584165366228725
0,kinematic_shell_kinetics_shell_10_20mm_washin_slope_hurdle_value_given_signal_sd,0.0,0.0
0,kinematic_kinetic_topology_coupling_valid_time_node_fraction,0.0,0.0
0,kinematic_shell_kinetics_shell_gt20mm_washin_slope_hurdle_value_given_signal_q90,-0.0006535947712418277,0.0007199323042683397
0,kinematic_arrival_delay_vs_reference_all_segments_hurdle_valid_fraction,-0.0002826355767532096,0.0005252099893064242
0,kinematic_shell_kinetics_shell_10_20mm_washin_slope_hurdle_value_given_signal_iqr,0.0,0.0
0,kinematic_shell_kinetics_shell_10_20mm_washout_slope_hurdle_value_given_signal_mean,0.0,0.0
0,kinematic_shell_kinetics_shell_gt20mm_peak_enhancement_hurdle_value_given_signal_sd,0.00015898251192369983,0.0002428497983548337
0,kinematic_graph_local_propagation_weighted_linear_fit_r2,-3.532944709414565e-05,0.0004983831824647891
0,kinematic_shell_kinetics_shell_10_20mm_washout_slope_hurdle_value_given_signal_sd,0.0,0.0
0,kinematic_shell_kinetics_shell_gt20mm_washout_slope_hurdle_value_given_signal_iqr,0.0007065889418830462,0.0017415661605887582
0,kinematic_shell_kinetics_shell_10_20mm_washout_slope_hurdle_value_given_signal_iqr,0.0,0.0
0,kinematic_shell_contrasts_5_10mm_vs_10_20mm_washin_delta,0.0004946122593181501,0.0004454873772449829
0,kinematic_shell_kinetics_shell_gt20mm_washin_slope_hurdle_value_given_signal_iqr,0.0003532944709415453,0.0005473214409054545
0,kinematic_shell_kinetics_shell_gt20mm_washin_slope_hurdle_value_given_signal_median,0.0016958134605193575,0.0021938420344476206
0,kinematic_caliber_flow_kinetic_surrogates_radius_weighted_washin_mean,-0.0009185656244479867,0.0008895727477134432
0,kinematic_shell_kinetics_shell_gt20mm_washin_slope_hurdle_value_given_signal_sd,0.00031796502384737744,0.0006260393975152563
0,kinematic_shell_kinetics_shell_gt20mm_washout_slope_hurdle_value_given_signal_sd,-0.0004592828122239823,0.0006804932091241295
0,kinematic_shell_contrasts_5_10mm_vs_10_20mm_washout_delta,-0.0015721603956897923,0.0010253150935121945
0,kinematic_shell_kinetics_shell_gt20mm_washin_slope_hurdle_value_given_signal_mean,0.001218865924748258,0.001064143824895184
0,kinematic_shell_kinetics_shell_5_10mm_auc_hurdle_value_given_signal_min,-0.0005829358770535365,0.0007496589003329101
0,kinematic_shell_kinetics_shell_gt20mm_washout_slope_hurdle_value_given_signal_mean,0.0009185656244479867,0.0008825293055500166
0,kinematic_shell_kinetics_shell_gt20mm_peak_enhancement_hurdle_value_given_signal_max,0.0,0.0
0,kinematic_shell_kinetics_shell_10_20mm_washout_slope_hurdle_value_given_signal_median,0.0031973149620208472,0.0018348367990925455
0,kinematic_caliber_flow_kinetic_surrogates_radius_weighted_washout_mean,0.0013425189895778233,0.0014246136833532125
0,kinematic_shell_kinetics_shell_10_20mm_washin_slope_hurdle_value_given_signal_median,-0.0005829358770535143,0.00106297024436182
0,kinematic_shell_kinetics_shell_5_10mm_washout_slope_hurdle_value_given_signal_min,0.0,0.0
0,kinematic_shell_kinetics_shell_gt20mm_washout_slope_hurdle_value_given_signal_median,0.0010068892421833842,0.0023302040278835572
0,kinematic_shell_kinetics_shell_gt20mm_auc_hurdle_value_given_signal_min,0.0008832361773538411,0.0005240203841792156
0,kinematic_shell_kinetics_shell_5_10mm_washout_slope_hurdle_value_given_signal_mean,0.0,0.0
0,kinematic_shell_kinetics_shell_gt20mm_peak_enhancement_hurdle_value_given_signal_min,5.299417064127399e-05,0.0003262000585165192
0,kinematic_kinetic_topology_coupling_early_cycle_length_per_tumor_mm3_ge50,0.009397632927044697,0.0044047192723571695
0,kinematic_graph_local_propagation_slope_tte_vs_graph_distance_from_boundary,-0.0007419183889771919,0.0005740355700149668
0,kinematic_shell_segment_counts_shell_2_5mm,0.0,0.0
0,kinematic_shell_contrasts_0_2mm_vs_2_5mm_ttp_delta,0.0,0.0
0,kinematic_shell_contrasts_0_2mm_vs_2_5mm_tte_delta,0.0,0.0
0,kinematic_shell_contrasts_0_2mm_vs_2_5mm_auc_delta,0.0,0.0
0,kinematic_propagation_speed_delay_all_segments_q90,0.0002826355767531874,0.00014131778837662146
0,kinematic_propagation_speed_delay_all_segments_iqr,0.0,0.0
0,kinematic_shell_contrasts_inside_vs_2_5mm_ttp_delta,0.0,0.0
0,kinematic_shell_contrasts_inside_vs_2_5mm_tte_delta,0.0,0.0
0,kinematic_shell_contrasts_inside_vs_2_5mm_auc_delta,0.0006889242183360067,0.00034840280733645766
0,kinematic_shell_contrasts_inside_vs_0_2mm_ttp_delta,0.0,0.0
0,kinematic_shell_contrasts_inside_vs_0_2mm_tte_delta,0.0,0.0
0,kinematic_shell_contrasts_inside_vs_0_2mm_auc_delta,0.0,0.0
0,kinematic_shell_contrasts_0_2mm_vs_2_5mm_peak_delta,0.0,0.0
0,kinematic_shell_contrasts_inside_vs_2_5mm_peak_delta,0.0,0.0
0,kinematic_shell_contrasts_inside_vs_0_2mm_peak_delta,0.0,0.0
0,kinematic_shell_contrasts_5_10mm_vs_10_20mm_tte_delta,-7.06588941883024e-05,0.00016189986556991578
0,kinematic_shell_contrasts_0_2mm_vs_2_5mm_washin_delta,-0.00026497085320612566,0.0004949276002869644
0,kinematic_propagation_speed_delay_all_segments_median,0.0,0.0
0,kinematic_component_invasion_crossing_component_count,0.0,0.0
0,kinematic_shell_contrasts_inside_vs_2_5mm_washin_delta,0.0,0.0
0,kinematic_shell_contrasts_inside_vs_0_2mm_washin_delta,0.0,0.0
0,kinematic_shell_contrasts_0_2mm_vs_2_5mm_washout_delta,-0.00026497085320613677,0.00026497085320613677
0,kinematic_shell_contrasts_inside_vs_2_5mm_washout_delta,0.0,0.0
0,kinematic_shell_contrasts_inside_vs_0_2mm_washout_delta,0.0,0.0
0,kinematic_temporal_heterogeneity_near_tumor_ttp_entropy_bits,0.0,0.0
0,kinematic_early_enhancing_fraction_count_fraction_near_tumor,0.0,0.0
0,kinematic_early_enhancing_fraction_early_phase_time_threshold,0.0,0.0
0,kinematic_early_enhancing_fraction_volume_fraction_shell_2_5mm,0.0,0.0
0,kinematic_early_enhancing_fraction_volume_fraction_shell_0_2mm,0.0005476064299593686,0.0005987794120006661
0,kinematic_boundary_caliber_gradient_positive_dilation_fraction,0.0,0.0
0,kinematic_shell_kinetics_shell_2_5mm_auc_hurdle_value_given_signal_sd,0.0,0.0
0,kinematic_shell_kinetics_shell_0_2mm_auc_hurdle_value_given_signal_sd,0.0,0.0
0,kinematic_component_invasion_largest_crossing_component_segment_count,0.0,0.0
0,kinematic_shell_kinetics_shell_5_10mm_auc_hurdle_value_given_signal_sd,-0.0006006006006006092,0.00018014554013754918
0,kinematic_shell_kinetics_shell_2_5mm_auc_hurdle_value_given_signal_min,0.0,0.0
0,kinematic_shell_kinetics_inside_tumor_auc_hurdle_value_given_signal_sd,0.0,0.0
0,kinematic_shell_kinetics_shell_2_5mm_time_to_peak_hurdle_valid_fraction,0.0,0.0
0,kinematic_shell_kinetics_shell_10_20mm_time_to_peak_hurdle_valid_fraction,0.0,0.0
0,kinematic_boundary_caliber_gradient_inside_radius_length_weighted_mean_mm,0.0,0.0
0,kinematic_component_invasion_mean_crossing_component_max_invasion_depth_mm,0.0,0.0
0,kinematic_component_invasion_largest_crossing_component_crossing_length_mm,0.00017664723547081707,0.0003443488551425146
0,kinematic_shell_kinetics_shell_2_5mm_washin_slope_hurdle_value_given_signal_sd,0.0,0.0
0,kinematic_shell_kinetics_shell_2_5mm_time_to_peak_hurdle_value_given_signal_sd,0.0,0.0
0,kinematic_shell_kinetics_shell_0_2mm_washin_slope_hurdle_value_given_signal_sd,0.0,0.0
0,kinematic_shell_kinetics_shell_0_2mm_time_to_peak_hurdle_value_given_signal_sd,0.0,0.0
0,kinematic_shell_kinetics_shell_5_10mm_washin_slope_hurdle_value_given_signal_sd,-0.00014131778837667142,7.065889418833571e-05
0,kinematic_shell_kinetics_shell_5_10mm_time_to_peak_hurdle_value_given_signal_sd,0.0,0.0
0,kinematic_shell_kinetics_shell_2_5mm_washout_slope_hurdle_value_given_signal_sd,0.002508390743684874,0.0011415293708817342
0,kinematic_shell_kinetics_shell_2_5mm_washin_slope_hurdle_value_given_signal_q90,0.0,0.0
0,kinematic_shell_kinetics_shell_2_5mm_washin_slope_hurdle_value_given_signal_min,0.0,0.0
0,kinematic_shell_kinetics_shell_2_5mm_washin_slope_hurdle_value_given_signal_iqr,0.0,0.0
0,kinematic_shell_kinetics_shell_2_5mm_time_to_peak_hurdle_value_given_signal_q90,0.0,0.0
0,kinematic_shell_kinetics_shell_2_5mm_time_to_peak_hurdle_value_given_signal_iqr,0.0,0.0
0,kinematic_shell_kinetics_shell_0_2mm_washout_slope_hurdle_value_given_signal_sd,0.0,0.0
0,kinematic_shell_kinetics_shell_0_2mm_washin_slope_hurdle_value_given_signal_q90,0.0,0.0
0,kinematic_shell_kinetics_shell_0_2mm_washin_slope_hurdle_value_given_signal_min,0.0,0.0
0,kinematic_shell_kinetics_shell_0_2mm_time_to_peak_hurdle_value_given_signal_iqr,0.0,0.0
0,kinematic_shell_kinetics_inside_tumor_washin_slope_hurdle_value_given_signal_sd,0.0,0.0
0,kinematic_shell_kinetics_inside_tumor_time_to_peak_hurdle_value_given_signal_sd,0.0,0.0
0,kinematic_arrival_delay_vs_reference_all_segments_hurdle_value_given_signal_min,0.0,0.0
0,kinematic_arrival_delay_vs_reference_all_segments_hurdle_value_given_signal_iqr,0.0,0.0
0,kinematic_shell_kinetics_shell_gt20mm_washin_slope_hurdle_value_given_signal_min,0.0,0.0
0,kinematic_shell_kinetics_shell_gt20mm_time_to_peak_hurdle_value_given_signal_q90,0.0,0.0
0,kinematic_shell_kinetics_shell_gt20mm_time_to_peak_hurdle_value_given_signal_min,0.0,0.0
0,kinematic_shell_kinetics_shell_gt20mm_time_to_peak_hurdle_value_given_signal_max,0.0,0.0
0,kinematic_shell_kinetics_shell_gt20mm_time_to_peak_hurdle_value_given_signal_iqr,0.0005122769828652341,0.0003105175027600458
0,kinematic_shell_kinetics_shell_5_10mm_washout_slope_hurdle_value_given_signal_sd,-0.00031796502384734415,0.00024730612965908775
0,kinematic_shell_kinetics_shell_5_10mm_washin_slope_hurdle_value_given_signal_q90,0.0002649708532061923,0.00030850113401466626
0,kinematic_shell_kinetics_shell_5_10mm_washin_slope_hurdle_value_given_signal_min,0.0,0.0
0,kinematic_shell_kinetics_shell_5_10mm_washin_slope_hurdle_value_given_signal_iqr,0.0,0.0
0,kinematic_shell_kinetics_shell_5_10mm_time_to_peak_hurdle_value_given_signal_iqr,0.0,0.0
0,kinematic_shell_kinetics_shell_2_5mm_washout_slope_hurdle_value_given_signal_q90,0.00038862391803565763,0.000789200067256249
0,kinematic_shell_kinetics_shell_2_5mm_washout_slope_hurdle_value_given_signal_min,0.0,0.0
0,kinematic_shell_kinetics_shell_10_20mm_time_to_enhancement_hurdle_valid_fraction,0.0,0.0
0,kinematic_shell_kinetics_shell_0_2mm_washout_slope_hurdle_value_given_signal_q90,0.0004592828122240267,0.0004686980802480632
0,kinematic_shell_kinetics_inside_tumor_washout_slope_hurdle_value_given_signal_sd,0.0,0.0
0,kinematic_shell_kinetics_inside_tumor_washin_slope_hurdle_value_given_signal_q90,0.0,0.0
0,kinematic_shell_kinetics_inside_tumor_washin_slope_hurdle_value_given_signal_min,0.0,0.0
0,kinematic_shell_kinetics_inside_tumor_time_to_peak_hurdle_value_given_signal_iqr,0.0,0.0
0,kinematic_peritumoral_multi_scale_contrasts_core_shell_gradient_per_mm_ttp_slope,0.0,0.0
0,kinematic_peritumoral_multi_scale_contrasts_core_shell_gradient_per_mm_tte_slope,0.0,0.0
0,kinematic_peritumoral_multi_scale_contrasts_core_shell_gradient_per_mm_auc_slope,0.0,0.0
0,kinematic_boundary_caliber_gradient_outside_minus_inside_length_weighted_mean_mm,0.0,0.0
0,kinematic_shell_kinetics_shell_gt20mm_washout_slope_hurdle_value_given_signal_q90,0.00019431195901785657,0.0003393282584755048
0,kinematic_shell_kinetics_shell_gt20mm_washout_slope_hurdle_value_given_signal_max,0.0,0.0
0,kinematic_shell_kinetics_shell_5_10mm_washout_slope_hurdle_value_given_signal_q90,-0.00044161808867688724,0.0007076921259145046
0,kinematic_shell_kinetics_shell_10_20mm_washin_slope_hurdle_value_given_signal_min,0.0,0.0
0,kinematic_shell_kinetics_inside_tumor_washout_slope_hurdle_value_given_signal_q90,0.0,0.0
0,kinematic_peritumoral_multi_scale_contrasts_core_shell_gradient_per_mm_peak_slope,0.0,0.0
0,kinematic_shell_kinetics_shell_2_5mm_washin_slope_hurdle_value_given_signal_median,0.0,0.0
0,kinematic_shell_kinetics_shell_10_20mm_washout_slope_hurdle_value_given_signal_q90,-0.00019431195901781217,0.00042871086732069156
0,kinematic_shell_kinetics_shell_10_20mm_washout_slope_hurdle_value_given_signal_max,0.0,0.0
0,kinematic_shell_kinetics_shell_0_2mm_washin_slope_hurdle_value_given_signal_median,0.0,0.0
0,kinematic_shell_kinetics_inside_tumor_washout_slope_hurdle_value_given_signal_mean,0.0,0.0
0,kinematic_arrival_delay_vs_reference_all_segments_hurdle_value_given_signal_median,0.0,0.0
0,kinematic_shell_kinetics_shell_5_10mm_washin_slope_hurdle_value_given_signal_median,0.0006889242183359845,0.00118353647765412
0,kinematic_shell_kinetics_shell_2_5mm_washout_slope_hurdle_value_given_signal_median,0.0006535947712418277,0.0011284703235247774
0,kinematic_shell_kinetics_shell_2_5mm_auc_rel_reference_hurdle_value_given_signal_sd,0.0,0.0
0,kinematic_shell_kinetics_shell_0_2mm_auc_rel_reference_hurdle_value_given_signal_sd,0.0,0.0
0,kinematic_shell_kinetics_inside_tumor_washin_slope_hurdle_value_given_signal_median,0.00010598834128249246,0.00031796502384741566
0,kinematic_peritumoral_multi_scale_contrasts_core_shell_gradient_per_mm_washin_slope,-0.001218865924748258,0.003535990561269511
0,kinematic_boundary_caliber_gradient_gradient_mm_per_mm_hurdle_value_given_signal_sd,0.0,0.0
0,kinematic_shell_kinetics_shell_5_10mm_auc_rel_reference_hurdle_value_given_signal_sd,0.0,0.0
0,kinematic_shell_kinetics_shell_2_5mm_auc_rel_reference_hurdle_value_given_signal_q90,0.0,0.0
0,kinematic_shell_kinetics_shell_0_2mm_auc_rel_reference_hurdle_value_given_signal_q90,-8.832361773535302e-05,0.0005544022196246146
0,kinematic_shell_kinetics_inside_tumor_auc_rel_reference_hurdle_value_given_signal_sd,0.0,0.0
0,kinematic_peritumoral_multi_scale_contrasts_core_shell_gradient_per_mm_washout_slope,0.00012365306482955418,0.0004330560209196718
0,kinematic_boundary_crossing_dynamic_burden_kinetic_weighted_volume_auc_per_tumor_mm3,0.0,0.0
0,kinematic_boundary_caliber_gradient_gradient_mm_per_mm_hurdle_value_given_signal_q90,0.0,0.0
0,kinematic_boundary_caliber_gradient_gradient_mm_per_mm_hurdle_value_given_signal_min,0.0,0.0
0,kinematic_shell_kinetics_shell_2_5mm_time_to_enhancement_hurdle_value_given_signal_sd,0.0,0.0
0,kinematic_shell_kinetics_shell_0_2mm_time_to_enhancement_hurdle_value_given_signal_sd,0.0,0.0
0,kinematic_shell_kinetics_inside_tumor_auc_rel_reference_hurdle_value_given_signal_q90,0.0,0.0
0,kinematic_boundary_caliber_gradient_outside_over_inside_hurdle_value_given_signal_q90,0.0,0.0
0,kinematic_boundary_caliber_gradient_outside_over_inside_hurdle_value_given_signal_min,0.0,0.0
0,kinematic_boundary_caliber_gradient_gradient_mm_per_mm_hurdle_value_given_signal_mean,0.0,0.0
0,kinematic_arrival_delay_vs_reference_near_tumor_segments_hurdle_value_given_signal_sd,0.0,0.0
0,kinematic_shell_kinetics_shell_5_10mm_time_to_enhancement_hurdle_value_given_signal_sd,7.065889418832461e-05,0.0008102699128196071
0,kinematic_shell_kinetics_shell_2_5mm_washin_rel_reference_hurdle_value_given_signal_sd,0.0,0.0
0,kinematic_shell_kinetics_shell_2_5mm_time_to_enhancement_hurdle_value_given_signal_min,0.0,0.0
0,kinematic_shell_kinetics_shell_2_5mm_time_to_enhancement_hurdle_value_given_signal_iqr,-0.0009185656244479756,0.0003515235601860549
0,kinematic_shell_kinetics_shell_0_2mm_washin_rel_reference_hurdle_value_given_signal_sd,0.0,0.0
0,kinematic_shell_kinetics_shell_0_2mm_time_to_enhancement_hurdle_value_given_signal_iqr,0.0,0.0
0,kinematic_shell_kinetics_inside_tumor_time_to_enhancement_hurdle_value_given_signal_sd,0.0,0.0
0,kinematic_arrival_delay_vs_reference_near_tumor_segments_hurdle_value_given_signal_q90,0.0,0.0
0,kinematic_arrival_delay_vs_reference_near_tumor_segments_hurdle_value_given_signal_min,0.0,0.0
0,kinematic_arrival_delay_vs_reference_near_tumor_segments_hurdle_value_given_signal_max,0.0,0.0
0,kinematic_arrival_delay_vs_reference_near_tumor_segments_hurdle_value_given_signal_iqr,0.0,0.0
0,kinematic_shell_kinetics_shell_gt20mm_time_to_enhancement_hurdle_value_given_signal_q90,0.0,0.0
0,kinematic_shell_kinetics_shell_gt20mm_time_to_enhancement_hurdle_value_given_signal_min,0.0,0.0
0,kinematic_shell_kinetics_shell_gt20mm_time_to_enhancement_hurdle_value_given_signal_iqr,0.0,0.0
0,kinematic_shell_kinetics_shell_5_10mm_washin_rel_reference_hurdle_value_given_signal_sd,0.0,0.0
0,kinematic_shell_kinetics_shell_5_10mm_time_to_enhancement_hurdle_value_given_signal_iqr,0.0,0.0
0,kinematic_shell_kinetics_shell_2_5mm_washin_rel_reference_hurdle_value_given_signal_q90,3.532944709414565e-05,0.0003853987675193645
0,kinematic_shell_kinetics_shell_2_5mm_washin_rel_reference_hurdle_value_given_signal_min,0.0,0.0
0,kinematic_shell_kinetics_shell_0_2mm_washin_rel_reference_hurdle_value_given_signal_q90,0.0,0.0
0,kinematic_shell_kinetics_shell_0_2mm_washin_rel_reference_hurdle_value_given_signal_min,0.0,0.0
0,kinematic_shell_kinetics_inside_tumor_washin_rel_reference_hurdle_value_given_signal_sd,0.0,0.0
0,kinematic_shell_kinetics_inside_tumor_time_to_enhancement_hurdle_value_given_signal_iqr,0.0,0.0
0,kinematic_boundary_caliber_gradient_gradient_mm_per_mm_hurdle_value_given_signal_median,0.0,0.0
0,kinematic_arrival_delay_vs_reference_near_tumor_segments_hurdle_value_given_signal_mean,0.0,0.0
0,kinematic_shell_kinetics_shell_gt20mm_washin_rel_reference_hurdle_value_given_signal_min,0.0,0.0
0,kinematic_shell_kinetics_shell_5_10mm_washin_rel_reference_hurdle_value_given_signal_q90,0.0,0.0
0,kinematic_shell_kinetics_shell_5_10mm_washin_rel_reference_hurdle_value_given_signal_min,0.0,0.0
0,kinematic_shell_kinetics_shell_10_20mm_time_to_enhancement_hurdle_value_given_signal_min,0.0,0.0
0,kinematic_shell_kinetics_shell_10_20mm_time_to_enhancement_hurdle_value_given_signal_iqr,0.0,0.0
0,kinematic_shell_kinetics_inside_tumor_washin_rel_reference_hurdle_value_given_signal_q90,0.0,0.0
0,kinematic_shell_kinetics_shell_10_20mm_washin_rel_reference_hurdle_value_given_signal_min,0.0,0.0
0,kinematic_arrival_delay_vs_reference_near_tumor_segments_hurdle_value_given_signal_median,0.0,0.0
0,kinematic_shell_kinetics_shell_gt20mm_time_to_enhancement_hurdle_value_given_signal_median,0.0,0.0
0,kinematic_shell_kinetics_shell_2_5mm_washin_rel_reference_hurdle_value_given_signal_median,0.0,0.0
0,kinematic_shell_kinetics_shell_10_20mm_time_to_enhancement_hurdle_value_given_signal_median,-1.766472354705062e-05,0.00014673421414800871
0,kinematic_core_to_periphery_peak_ratio,0.0,0.0
0,morph_seg_length_cv,0.001165871754107084,0.0007502830094186946
0,morph_radius_cv,0.0001413177883766048,0.0013927153043226971
0,morph_bifurcation_density_per_length,0.0,0.0
0,morph_seg_volume_sum,0.0002473061296590862,0.0005869368565919694
0,morph_seg_length_sum,0.0,0.0
0,morph_seg_volume_max,-0.0012541953718423926,0.00033000426942713133
0,morph_radius_mean_sum,0.0,0.0
0,morph_seg_volume_std,0.0,0.0
0,morph_curvature_mean_sum,1.7664723547106133e-05,0.000909175709765598
0,morph_seg_length_max,-0.00017664723547075045,0.0005586076064596645
0,morph_seg_volume_mean,0.00402755696873347,0.001535510603222099
0,morph_seg_length_std,0.0,0.0
0,morph_seg_tortuosity_max,0.000900900900900925,0.0009689869741673031
0,morph_curvature_mean_max,0.0006889242183360178,0.0005555267688929688
0,morph_radius_mean_max,0.0005829358770535475,0.0010717407745711137
0,morph_radius_mean_mean,0.002296414061119967,0.0034786501004027033
0,morph_radius_mean_std,-0.0005122769828652229,0.0016840884480077815
0,morph_seg_tortuosity_std,0.0006889242183360178,0.0008226907629178484
0,morph_curvature_mean_mean,0.0007595831125242647,0.0011117554479815885
0,morph_curvature_mean_std,0.0007242536654301524,0.0007878149839596474
0,morph_seg_tortuosity_mean,0.0003709591944886292,0.0003743087811414341
0,morph_bifurcation_per_segment,0.006624271330153708,0.0018682063303259652
0,morph_seg_dup_fraction,0.00019431195901786769,0.0007798530314306123
0,morph_seg_tortuosity_invalid_n,0.0,0.0
0,morph_bif_angle_std,0.000582935877053492,0.0005061490472317459
0,morph_bif_angle_mean,-0.0011128775834657878,0.0011449412063663142
0,morph_bif_angle_max,0.0,0.0
0,tumor_size_outer_to_inner_shell_ratio,-0.0015544956721427194,0.0054639705536445845
0,tumor_size_tumor_r8_region_voxels,-0.0041512100335629465,0.005411434603735584
0,tumor_size_tumor_voxels,-0.0030559971736441984,0.0025962336441742173
0,tumor_size_shell_0_2_over_tumor,0.0,0.0
1,clinical_post,0.0,0.0
1,clinical_luminal_b,0.0,0.0
1,clinical_luminal_a,0.13444621091679912,0.03894688587347571
1,clinical_triple_negative,0.0013425189895778012,0.0005974751642920982
1,clinical_pre (<6 months since LMP AND no prior bilateral ovariectomy AND not on estrogen replacement),0.0,0.0
1,clinical_pre (< 6 months since LMP AND no prior bilateral ovariectomy AND not on estrogen replacement),0.0,0.0
1,age,-0.0020667726550079426,0.0007661278375623225
1,normalized_ratios_near_length_per_tumor_equiv_radius,0.0,0.0
1,caliber_heterogeneity_near_tumor_near_radius_cv,0.0,0.0
1,normalized_ratios_near_volume_per_skeleton_edge,-0.0023317435082141126,0.0013655642529650427
1,per_shell_topology_shell_5_10mm_shell_volume_density_mm3_per_shell_mm3,-0.0002649708532061701,0.000252920350879299
1,per_shell_topology_shell_10_20mm_shell_volume_density_mm3_per_shell_mm3,0.0,0.0
1,per_shell_topology_shell_2_5mm_shell_volume_density_mm3_per_shell_mm3,0.0,0.0
1,per_shell_topology_shell_gt20mm_shell_volume_density_mm3_per_shell_mm3,-0.002420067125949521,0.0012641081549418839
1,per_shell_topology_shell_5_10mm_shell_length_density_mm_per_shell_mm3,-0.0012895248189365937,0.0008211721815346877
1,per_shell_topology_shell_10_20mm_shell_length_density_mm_per_shell_mm3,0.0,0.0
1,normalized_ratios_near_volume_per_shell_voxel,0.0,0.0
1,per_shell_topology_shell_10_20mm_node_density_per_shell_voxel,0.0,0.0
1,per_shell_topology_shell_2_5mm_node_density_per_shell_mm3,0.0003356297473944503,0.0009625248348931574
1,per_shell_topology_shell_gt20mm_shell_length_density_mm_per_shell_mm3,0.0,0.0
1,per_shell_topology_shell_5_10mm_endpoint_density_per_shell_mm3,0.0,0.0
1,per_shell_topology_shell_5_10mm_endpoint_density_per_shell_voxel,-0.00042395336512986994,0.0005427412646436094
1,per_shell_topology_shell_gt20mm_node_density_per_shell_voxel,-0.002526055467231947,0.00392144926939439
1,per_shell_topology_shell_2_5mm_endpoint_density_per_shell_voxel,0.0,0.0
1,per_shell_topology_shell_10_20mm_endpoint_density_per_shell_mm3,-0.00024730612965906396,0.0007419183889772315
1,per_shell_topology_shell_10_20mm_endpoint_density_per_shell_voxel,-0.00017664723547076156,0.0002736607204527344
1,per_shell_topology_shell_10_20mm_bifurcation_density_per_shell_mm3,-3.5329447094156754e-05,0.0004454873772449468
1,per_shell_topology_shell_gt20mm_bifurcation_density_per_shell_mm3,0.0,0.0
1,per_shell_topology_shell_gt20mm_endpoint_density_per_shell_mm3,-0.0003003003003003046,0.0007701900496941052
1,per_shell_topology_shell_gt20mm_bifurcation_density_per_shell_voxel,-0.0025437201907790308,0.0005369611077043267
1,per_shell_topology_shell_gt20mm_endpoint_density_per_shell_voxel,-0.0007949125596184659,0.001072322926039662
1,normalized_ratios_inside_volume_per_tumor_voxel,0.0,0.0
1,per_shell_topology_shell_0_2mm_node_density_per_shell_mm3,-0.00037095919448859593,0.0006630745231981347
1,normalized_ratios_crossing_length_per_tumor_equiv_surface,0.0,0.0
1,per_shell_topology_shell_2_5mm_cycle_density_per_shell_mm3,0.0,0.0
1,per_shell_topology_shell_0_2mm_cycle_density_per_shell_mm3,0.0,0.0
1,per_shell_topology_shell_5_10mm_cycle_density_per_shell_mm3,0.0,0.0
1,per_shell_topology_shell_0_2mm_edge_density_per_shell_voxel,0.0,0.0
1,per_shell_topology_inside_tumor_cycle_density_per_shell_mm3,0.0003356297473944503,0.00045001728326649895
1,per_shell_topology_shell_10_20mm_cycle_density_per_shell_mm3,0.0,0.0
1,per_shell_topology_shell_2_5mm_bifurcation_density_per_shell_mm3,0.0,0.0
1,per_shell_topology_shell_0_2mm_bifurcation_density_per_shell_mm3,0.0,0.0
1,per_shell_topology_shell_5_10mm_bifurcation_density_per_shell_mm3,-0.0001943119590178455,0.00012365306482955103
1,per_shell_topology_inside_tumor_bifurcation_density_per_shell_mm3,0.0,0.0
1,per_shell_topology_shell_gt20mm_shell_region_voxels,0.0,0.0
1,per_shell_topology_shell_gt20mm_shell_region_volume_mm3,-0.003356297473944514,0.0027908027073847643
1,per_shell_topology_shell_10_20mm_shell_region_voxels,0.00824942589648472,0.007915314065697046
1,per_shell_topology_shell_10_20mm_shell_region_volume_mm3,0.002084437378555004,0.0011765289387279177
1,per_shell_topology_shell_2_5mm_shell_region_voxels,-0.0022787493375728495,0.003562366450013791
1,per_shell_topology_inside_tumor_shell_region_volume_mm3,0.004115880586468801,0.003413499293097604
1,graph_totals_total_volume_burden_mm3,0.0,0.0
1,per_shell_topology_shell_0_2mm_shell_region_volume_mm3,-0.0008125772831654943,0.00026438137338093706
1,graph_totals_total_length_mm,-0.000494612259318139,0.0013308467197906406
1,per_shell_topology_shell_gt20mm_edge_count,-0.0009009009009009028,0.0007996092773542548
1,per_shell_topology_shell_10_20mm_shell_volume_burden_mm3,0.010563504681151737,0.002699641392652503
1,per_shell_topology_shell_gt20mm_shell_region_volume_per_tumor_mm3,-0.0018901254195371696,0.002105068869652916
1,per_shell_topology_shell_5_10mm_shell_volume_burden_mm3,0.0003356297473944725,0.0007718089480640611
1,per_shell_topology_shell_10_20mm_shell_length_mm,0.00037095919448860705,0.0006342103187074876
1,per_shell_topology_shell_5_10mm_shell_length_mm,0.0,0.0
1,per_shell_topology_shell_gt20mm_bifurcation_count,0.0,0.0
1,graph_tumor_r8_skel_voxels,0.0,0.0
1,per_shell_topology_shell_gt20mm_endpoint_count,0.0,0.0
1,per_shell_topology_shell_2_5mm_shell_volume_burden_mm3,0.0,0.0
1,graph_tumor_shell_r4_8_skel_voxels,0.0008655714538067571,0.0006630745231981356
1,per_shell_topology_shell_10_20mm_endpoint_count,8.832361773536412e-05,8.832361773536414e-05
1,per_shell_topology_shell_10_20mm_shell_region_volume_per_tumor_mm3,-0.003003003003003013,0.0022260355417097204
1,per_shell_topology_shell_5_10mm_endpoint_count,0.0,0.0
1,graph_tumor_r4_skel_voxels,0.0,0.0
1,per_shell_topology_shell_10_20mm_bifurcation_count,0.0,0.0
1,graph_tumor_shell_r2_4_skel_voxels,0.0,0.0
1,per_shell_topology_shell_2_5mm_endpoint_count,0.0,0.0
1,per_shell_topology_shell_2_5mm_degree_distribution_deg2,0.0,0.0
1,length_weighted_shape_stats_near_tumor_segment_count,0.0,0.0
1,per_shell_topology_shell_10_20mm_degree_distribution_deg0,0.0,0.0
1,length_weighted_shape_stats_near_tumor_length_weighted_tortuosity_quantiles_q90,0.0010068892421833619,0.0016152358933893142
1,caliber_heterogeneity_near_tumor_near_radius_q90_mm,0.0,0.0
1,caliber_heterogeneity_near_tumor_near_radius_q50_mm,0.0,0.0
1,caliber_heterogeneity_near_tumor_near_radius_q25_mm,0.0009009009009008806,0.000677045324032364
1,length_weighted_shape_stats_near_tumor_length_weighted_tortuosity_quantiles_q50,-0.00044161808867689836,0.0009651148828579801
1,per_shell_topology_shell_2_5mm_shell_region_volume_per_tumor_mm3,0.0005652711535064636,0.0015716641172609206
1,per_shell_topology_shell_gt20mm_shell_volume_burden_mm3_per_tumor_mm3,0.0,0.0
1,caliber_heterogeneity_near_tumor_near_radius_q10_mm,-0.0012365306482953642,0.0005858726003101257
1,length_weighted_shape_stats_near_tumor_length_weighted_curvature_mean_quantiles_q25,0.0,0.0
1,length_weighted_shape_stats_near_tumor_length_weighted_curvature_mean_quantiles_q50,0.0,0.0
1,length_weighted_shape_stats_near_tumor_length_weighted_curvature_mean_quantiles_q90,0.0,0.0
1,length_weighted_shape_stats_global_length_weighted_tortuosity_quantiles_q90,-2.2204460492503132e-17,0.0008056353471818805
1,caliber_heterogeneity_near_tumor_global_node_radius_q90_mm,0.0028970146617205428,0.0008804052848879703
1,length_weighted_shape_stats_global_length_weighted_tortuosity_quantiles_q75,-0.0006889242183359845,0.0020286764104931305
1,per_shell_topology_shell_0_2mm_shell_region_volume_per_tumor_mm3,0.0,0.0
1,caliber_heterogeneity_near_tumor_near_radius_sd_mm,0.0,0.0
1,length_weighted_shape_stats_global_length_weighted_tortuosity_quantiles_q50,-0.0015015015015015121,0.0009683427008419339
1,length_weighted_shape_stats_near_tumor_length_weighted_curvature_mean_quantiles_q10,0.0003003003003003046,0.0017630243685452982
1,length_weighted_shape_stats_global_length_weighted_tortuosity_mean,0.0,0.0
1,per_shell_topology_shell_gt20mm_shell_length_mm_per_tumor_mm3,0.0010068892421833508,0.0018443358790088994
1,per_shell_topology_shell_gt20mm_shell_volume_fraction_of_total_graph_volume,-0.003515279985868214,0.0012724733060202752
1,length_weighted_shape_stats_global_length_weighted_tortuosity_quantiles_q25,0.0,0.0
1,length_weighted_shape_stats_global_length_weighted_curvature_mean_quantiles_q10,0.009874580462815741,0.004497016751155645
1,graph_skel_per_tumor_voxel,-0.003974562798092196,0.005573353252852031
1,length_weighted_shape_stats_global_length_weighted_curvature_mean_quantiles_q90,-0.0005299417064122847,0.001324265311004495
1,length_weighted_shape_stats_global_length_weighted_curvature_mean_quantiles_q50,-0.0033033033033033066,0.0019671396802442595
1,length_weighted_shape_stats_global_length_weighted_curvature_mean_quantiles_q25,0.0015191662250485737,0.0018412032108525566
1,length_weighted_shape_stats_global_length_weighted_curvature_mean_quantiles_q75,-0.0020667726550079313,0.0028658802377065327
1,length_weighted_shape_stats_global_length_weighted_curvature_mean,-0.001978449037272556,0.0009000345665329116
1,per_shell_topology_shell_10_20mm_shell_volume_fraction_of_total_graph_volume,-0.0020844373785550594,0.002425669513339937
1,length_weighted_shape_stats_global_length_weighted_tortuosity_quantiles_q10,0.0016781487369722625,0.0009050477624059016
1,per_shell_topology_shell_10_20mm_shell_volume_burden_mm3_per_tumor_mm3,0.0,0.0
1,graph_tumor_r8_skel_frac_skeleton,0.0,0.0
1,per_shell_topology_shell_5_10mm_shell_length_fraction_of_total_graph_length,0.0,0.0
1,graph_tumor_shell_r4_8_skel_frac_skeleton,-0.0003532944709415564,0.000157998090620009
1,per_shell_topology_shell_5_10mm_shell_volume_burden_mm3_per_tumor_mm3,-7.06588941882802e-05,0.0004686980802480574
1,per_shell_topology_shell_10_20mm_shell_length_mm_per_tumor_mm3,-0.00024730612965905284,0.0005484605086118925
1,per_shell_topology_shell_2_5mm_shell_length_fraction_of_total_graph_length,-0.0012541953718424592,0.0013370457141965227
1,graph_tumor_shell_r2_4_skel_frac_skeleton,0.0006359300476947328,0.00044126465277503007
1,per_shell_topology_shell_2_5mm_shell_length_mm_per_tumor_mm3,0.0,0.0
1,graph_tumor_shell_r4_8_skel_frac_shell,0.0,0.0
1,graph_tumor_r8_skel_frac_region,-0.00044161808867692053,0.0008734665476117921
1,graph_tumor_shell_r2_4_skel_frac_shell,0.0,0.0
1,graph_tumor_r4_skel_frac_region,-0.0003356297473944503,0.0002787446358957579
1,graph_skel_in_tumor_voxels,0.0,0.0
1,graph_tumor_r2_skel_frac_region,-0.0001413177883766381,0.0002826355767532415
1,graph_tumor_r2_skel_frac_skeleton,0.0,0.0
1,per_shell_topology_shell_0_2mm_node_count,0.0,0.0
1,per_shell_topology_shell_10_20mm_cycle_count,0.0,0.0
1,per_shell_topology_shell_0_2mm_endpoint_count,0.0009185656244479867,0.0009137973613409381
1,per_shell_topology_inside_tumor_endpoint_count,0.0,0.0
1,directional_near_boundary_tangential_alignment_mean,0.00024730612965906396,0.0009320548283535271
1,per_shell_topology_shell_2_5mm_degree_distribution_deg0,-0.0003356297473944836,0.00040628864158277105
1,per_shell_topology_shell_0_2mm_degree_distribution_deg2,0.0,0.0
1,per_shell_topology_shell_0_2mm_degree_distribution_deg0,-0.0015015015015014787,0.000671491885135105
1,directional_near_boundary_normal_alignment_abs_cos_mean,0.0,0.0
1,per_shell_topology_shell_gt20mm_degree_distribution_deg0,0.0,0.0
1,per_shell_topology_shell_5_10mm_degree_distribution_deg0,0.0,0.0
1,per_shell_topology_inside_tumor_degree_distribution_deg0,0.0,0.0
1,per_shell_topology_shell_2_5mm_degree_distribution_deg4plus,0.0,0.0
1,per_shell_topology_shell_gt20mm_degree_distribution_deg4plus,0.0,0.0
1,per_shell_topology_shell_5_10mm_degree_distribution_deg4plus,0.0,0.0
1,per_shell_topology_inside_tumor_degree_distribution_deg4plus,0.0,0.0
1,per_shell_topology_shell_10_20mm_degree_distribution_deg4plus,0.0,0.0
1,directional_near_boundary_radial_alignment_abs_cos_quantiles_q90,0.0,0.0
1,directional_near_boundary_radial_alignment_abs_cos_quantiles_q10,0.001077548136371642,0.00039853432865848414
1,directional_near_boundary_normal_alignment_abs_cos_quantiles_q90,0.0,0.0
1,directional_near_boundary_normal_alignment_abs_cos_quantiles_q25,0.0,0.0
1,directional_near_boundary_normal_alignment_abs_cos_quantiles_q10,0.0,0.0
1,per_shell_topology_shell_0_2mm_shell_volume_burden_mm3_per_tumor_mm3,0.0,0.0
1,per_shell_topology_shell_0_2mm_shell_volume_fraction_of_total_graph_volume,0.0,0.0
1,caliber_heterogeneity_near_tumor_near_high_radius_tail_fraction_vs_global_q90,-0.0003532944709415564,0.001361444894400134
1,graph_core_to_periphery_length_ratio,0.0,0.0
1,graph_crossing_fraction_of_near_burden,-0.0010775481363716976,0.0016747983923188412
1,kinematic_reference_normalized_signal_all_segments_washin_rel_reference_hurdle_value_given_signal_max,0.0024907260201377903,0.0006907336087623112
1,kinematic_normalized_shell_burdens_shell_gt20mm_kinetic_auc_weighted_volume_mm3,0.0,0.0
1,kinematic_reference_normalized_signal_all_segments_auc_rel_reference_hurdle_value_given_signal_max,0.0009362303479950818,0.0011584880715116966
1,kinematic_reference_normalized_signal_all_segments_washin_rel_reference_hurdle_value_given_signal_q90,0.0,0.0
1,kinematic_reference_normalized_signal_all_segments_peak_rel_reference_hurdle_value_given_signal_q90,0.0004769475357710884,0.0005243180384969351
1,kinematic_reference_normalized_signal_near_tumor_segments_peak_rel_reference_hurdle_value_given_signal_max,0.0,0.0
1,kinematic_reference_normalized_signal_all_segments_auc_rel_reference_hurdle_value_given_signal_mean,0.0001943119590178233,0.00047694753577108063
1,kinematic_reference_normalized_signal_all_segments_peak_rel_reference_hurdle_value_given_signal_median,0.0,0.0
1,kinematic_reference_normalized_signal_near_tumor_segments_auc_rel_reference_hurdle_value_given_signal_median,0.0,0.0
1,kinematic_reference_normalized_signal_all_segments_washin_rel_reference_hurdle_value_given_signal_median,0.0,0.0
1,kinematic_normalized_shell_burdens_shell_10_20mm_kinetic_auc_weighted_volume_mm3,-0.00024730612965909724,0.0005192347096519747
1,kinematic_reference_normalized_signal_near_tumor_segments_peak_rel_reference_hurdle_value_given_signal_min,0.0,0.0
1,kinematic_normalized_shell_burdens_shell_5_10mm_kinetic_auc_weighted_volume_mm3,0.0,0.0
1,kinematic_normalized_shell_burdens_shell_10_20mm_auc_weighted_volume_per_shell_segment,-0.0002649708532061701,0.0005924928398250846
1,kinematic_normalized_shell_burdens_shell_gt20mm_auc_weighted_volume_per_shell_segment,-0.001289524818936616,0.0007980467760520503
1,kinematic_normalized_shell_burdens_shell_5_10mm_auc_weighted_volume_per_shell_segment,0.0,0.0
1,kinematic_reference_normalized_signal_all_segments_peak_rel_reference_hurdle_value_given_signal_min,0.0007949125596184214,0.0003184553325794006
1,kinematic_normalized_shell_burdens_shell_10_20mm_auc_weighted_volume_per_shell_length_mm,-0.0004769475357710551,0.00046097821412116727
1,kinematic_normalized_shell_burdens_shell_5_10mm_auc_weighted_volume_per_shell_length_mm,0.0,0.0
1,kinematic_normalized_shell_burdens_shell_gt20mm_auc_weighted_volume_per_shell_length_mm,-0.010616498851792954,0.004748131795522813
1,kinematic_shell_contrasts_5_10mm_vs_10_20mm_tte_ratio,0.0,0.0
1,kinematic_normalized_shell_burdens_shell_gt20mm_auc_weighted_volume_per_tumor_mm3,-0.00065359477124185,0.0004609782141211749
1,kinematic_shell_contrasts_5_10mm_vs_10_20mm_peak_ratio,-0.0026673732556085515,0.0008264750090294915
1,kinematic_shell_contrasts_5_10mm_vs_10_20mm_ttp_ratio,0.0,0.0
1,kinematic_normalized_shell_burdens_shell_10_20mm_auc_weighted_volume_per_tumor_mm3,-0.00037095919448861816,0.0008035022374523339
1,kinematic_reference_normalized_signal_all_segments_peak_rel_reference_hurdle_has_signal_fraction,0.0,0.0
1,kinematic_normalized_shell_burdens_shell_5_10mm_auc_weighted_volume_per_tumor_mm3,0.0,0.0
1,kinematic_normalized_shell_burdens_shell_10_20mm_auc_weighted_volume_per_shell_mm3,-0.0004239533651298255,0.0003965720600714525
1,kinematic_normalized_shell_burdens_shell_10_20mm_auc_weighted_volume_per_shell_voxel,-0.00022964140611196892,0.0008619588693697893
1,kinematic_kinetic_topology_coupling_early_bifurcation_density_per_tumor_mm3,0.0015015015015014787,0.0019848264488821865
1,kinematic_normalized_shell_burdens_shell_gt20mm_auc_weighted_volume_per_shell_mm3,-0.003568274156509443,0.0010997620502577867
1,kinematic_normalized_shell_burdens_shell_5_10mm_auc_weighted_volume_per_shell_voxel,0.0,0.0
1,kinematic_normalized_shell_burdens_shell_gt20mm_auc_weighted_volume_per_shell_voxel,0.0,0.0
1,kinematic_reference_normalized_signal_reference_auc_positive,-0.0007419183889772363,0.0008537746669206293
1,kinematic_reference_normalized_signal_reference_washin_slope,0.0008479067302596732,0.0005404366204125764
1,kinematic_temporal_heterogeneity_near_tumor_cv_auc,0.0,0.0
1,kinematic_shell_contrasts_0_2mm_vs_2_5mm_ttp_ratio,-0.00010598834128245915,0.0003179650238473775
1,kinematic_shell_contrasts_inside_vs_2_5mm_ttp_ratio,0.0,0.0
1,kinematic_shell_contrasts_inside_vs_0_2mm_ttp_ratio,0.0,0.0
1,kinematic_shell_contrasts_0_2mm_vs_2_5mm_washin_ratio,0.0,0.0
1,kinematic_shell_contrasts_inside_vs_2_5mm_washin_ratio,0.0,0.0
1,kinematic_shell_contrasts_inside_vs_0_2mm_washin_ratio,0.0,0.0
1,kinematic_temporal_heterogeneity_near_tumor_cv_tte_time,0.0,0.0
1,kinematic_shell_contrasts_5_10mm_vs_10_20mm_washin_ratio,0.0,0.0
1,kinematic_temporal_heterogeneity_near_tumor_cv_washin_slope,0.0,0.0
1,kinematic_temporal_heterogeneity_near_tumor_cv_washout_slope,0.0013248542660307394,0.0008406998081109993
1,kinematic_component_invasion_crossing_length_concentration_max_fraction,0.0,0.0
1,kinematic_normalized_shell_burdens_shell_2_5mm_kinetic_auc_weighted_volume_mm3,0.0,0.0
1,kinematic_normalized_shell_burdens_shell_0_2mm_kinetic_auc_weighted_volume_mm3,0.0,0.0
1,kinematic_normalized_shell_burdens_inside_tumor_kinetic_auc_weighted_volume_mm3,0.0,0.0
1,kinematic_normalized_shell_burdens_shell_2_5mm_peak_weighted_volume_per_shell_length_mm,0.0,0.0
1,kinematic_reference_normalized_signal_near_tumor_segments_peak_rel_reference_hurdle_valid_fraction,0.0,0.0
1,kinematic_reference_normalized_signal_all_segments_washin_rel_reference_hurdle_value_given_signal_min,0.0,0.0
1,kinematic_reference_normalized_signal_near_tumor_segments_auc_rel_reference_hurdle_value_given_signal_sd,0.0,0.0
1,kinematic_reference_normalized_signal_near_tumor_segments_washin_rel_reference_hurdle_value_given_signal_sd,0.0,0.0
1,kinematic_reference_normalized_signal_near_tumor_segments_washin_rel_reference_hurdle_value_given_signal_q90,0.0,0.0
1,kinematic_reference_normalized_signal_near_tumor_segments_washin_rel_reference_hurdle_value_given_signal_min,0.0,0.0
1,kinematic_reference_normalized_signal_near_tumor_segments_washin_rel_reference_hurdle_value_given_signal_median,0.0,0.0
1,kinematic_shell_kinetics_shell_10_20mm_auc_rel_reference_hurdle_value_given_signal_max,0.0011128775834658212,0.0005061490472317425
1,kinematic_shell_kinetics_shell_10_20mm_peak_rel_reference_hurdle_value_given_signal_q90,-0.0003709591944885848,0.001536830948595672
1,kinematic_shell_kinetics_shell_10_20mm_washin_rel_reference_hurdle_value_given_signal_max,0.00045928281222397117,0.00040436400431939065
1,kinematic_shell_kinetics_shell_10_20mm_auc_rel_reference_hurdle_value_given_signal_median,1.766472354706172e-05,0.0018314323304409507
1,kinematic_shell_kinetics_shell_5_10mm_peak_rel_reference_hurdle_value_given_signal_max,0.0,0.0
1,kinematic_shell_kinetics_shell_gt20mm_peak_rel_reference_hurdle_value_given_signal_iqr,-0.001519166225048596,0.0007334583816296523
1,kinematic_shell_kinetics_shell_10_20mm_auc_rel_reference_hurdle_value_given_signal_iqr,-0.00045928281222400446,0.0009287008958201773
1,kinematic_shell_kinetics_shell_10_20mm_peak_rel_reference_hurdle_value_given_signal_iqr,0.0,0.0
1,kinematic_shell_kinetics_shell_10_20mm_washin_rel_reference_hurdle_value_given_signal_mean,0.00022964140611199114,0.0003448016480470562
1,kinematic_shell_kinetics_shell_10_20mm_peak_rel_reference_hurdle_value_given_signal_min,-0.005246422893481728,0.003866960903547003
1,kinematic_shell_kinetics_shell_10_20mm_washin_rel_reference_hurdle_value_given_signal_iqr,-0.00024730612965905284,0.0004195139405418717
1,kinematic_shell_kinetics_shell_10_20mm_washin_rel_reference_hurdle_value_given_signal_median,0.0016604840134251564,0.0014783590145138895
1,kinematic_shell_segment_counts_shell_gt20mm,3.532944709414565e-05,0.0002206323263875239
1,kinematic_graph_local_propagation_weighted_linear_fit_n,0.00021197668256496273,0.00015399748961457817
1,kinematic_shell_kinetics_shell_5_10mm_peak_rel_reference_hurdle_value_given_signal_min,-0.0002826355767532207,0.0010030079185004979
1,kinematic_propagation_speed_speed_positive_delay_mm_per_time_max,0.0013071895424836555,0.0006129429985125432
1,kinematic_kinetic_topology_coupling_early_bifurcation_count,0.0,0.0
1,kinematic_kinetic_topology_coupling_early_cycle_length_burden_mm_ge50,0.0014308426073131653,0.0005147077295295212
1,kinematic_propagation_speed_speed_positive_delay_mm_per_time_q90,0.0,0.0
1,kinematic_shell_kinetics_shell_gt20mm_auc_rel_reference_hurdle_value_given_signal_min,0.0006359300476946994,0.0008479067302596478
1,kinematic_propagation_speed_negative_delay_segment_count,0.0,0.0
1,kinematic_shell_segment_counts_shell_10_20mm,-0.0006889242183359845,0.0008302420067125959
1,kinematic_kinetic_topology_coupling_cycle_count,0.0,0.0
1,kinematic_propagation_speed_speed_positive_delay_mm_per_time_iqr,0.004098215862921739,0.006320812301579714
1,kinematic_propagation_speed_speed_positive_delay_mm_per_time_sd,0.0018547959724430573,0.0009906429883631749
1,kinematic_propagation_speed_speed_positive_delay_mm_per_time_mean,0.0,0.0
1,kinematic_propagation_speed_speed_positive_delay_mm_per_time_median,-0.0014131778837660701,0.0009545490963509329
1,kinematic_kinetic_topology_coupling_early_cycle_count_all_nodes,0.0,0.0
1,kinematic_component_invasion_component_count,0.0,0.0
1,kinematic_shell_kinetics_shell_5_10mm_time_to_peak_hurdle_value_given_signal_q90,-0.00038862391803567986,0.0004012653839110017
1,kinematic_shell_kinetics_shell_5_10mm_time_to_peak_hurdle_value_given_signal_mean,0.0003179650238473664,0.0008718574583468201
1,kinematic_shell_kinetics_shell_5_10mm_auc_hurdle_value_given_signal_max,-0.0007419183889772807,0.00036885025645330477
1,kinematic_shell_kinetics_shell_10_20mm_time_to_peak_hurdle_value_given_signal_q90,0.0,0.0
1,kinematic_shell_kinetics_shell_10_20mm_auc_hurdle_value_given_signal_max,-0.0002826355767532318,0.0005192347096519641
1,kinematic_shell_segment_counts_shell_5_10mm,0.0,0.0
1,kinematic_propagation_speed_delay_all_segments_min,-0.00404522169228051,0.001777829591672861
1,kinematic_propagation_speed_delay_all_segments_max,0.00010598834128244805,0.0005484605086118876
1,kinematic_shell_contrasts_5_10mm_vs_10_20mm_ttp_delta,-0.0001413177883765937,0.0002826355767532151
1,kinematic_graph_local_propagation_distance_binned_dispersion_distance_bin_count,0.0,0.0
1,kinematic_arrival_delay_vs_reference_all_segments_hurdle_value_given_signal_q90,0.0,0.0
1,kinematic_arrival_delay_vs_reference_all_segments_hurdle_value_given_signal_max,0.0,0.0
1,kinematic_shell_kinetics_shell_5_10mm_time_to_peak_hurdle_value_given_signal_min,0.0,0.0
1,kinematic_shell_kinetics_shell_10_20mm_time_to_peak_hurdle_value_given_signal_min,0.0,0.0
1,kinematic_shell_kinetics_shell_10_20mm_time_to_peak_hurdle_value_given_signal_max,0.0,0.0
1,kinematic_shell_kinetics_shell_10_20mm_time_to_peak_hurdle_value_given_signal_iqr,-0.0001236530648295431,0.0006611894461124462
1,kinematic_shell_kinetics_shell_gt20mm_time_to_peak_hurdle_value_given_signal_median,0.0,0.0
1,kinematic_shell_kinetics_shell_10_20mm_time_to_peak_hurdle_value_given_signal_median,0.0002826355767532207,0.000925334806833329
1,kinematic_shell_kinetics_shell_gt20mm_time_to_enhancement_hurdle_value_given_signal_max,0.0,0.0
1,kinematic_shell_kinetics_shell_5_10mm_time_to_enhancement_hurdle_value_given_signal_q90,0.0,0.0
1,kinematic_shell_kinetics_shell_5_10mm_time_to_enhancement_hurdle_value_given_signal_min,0.0,0.0
1,kinematic_shell_kinetics_shell_10_20mm_time_to_enhancement_hurdle_value_given_signal_max,0.0,0.0
1,kinematic_shell_kinetics_shell_5_10mm_time_to_enhancement_hurdle_value_given_signal_median,0.0,0.0
1,kinematic_graph_local_propagation_earliest_arrival_component_near_tumor_earliest_threshold_tte,0.0,0.0
1,kinematic_graph_local_propagation_earliest_arrival_component_near_tumor_largest_component_segments,0.0,0.0
1,kinematic_shell_kinetics_shell_10_20mm_auc_hurdle_value_given_signal_q90,0.0,0.0
1,kinematic_shell_kinetics_shell_10_20mm_auc_hurdle_value_given_signal_median,-0.0007595831125242647,0.0005061490472317142
1,kinematic_shell_kinetics_shell_10_20mm_time_to_peak_hurdle_value_given_signal_mean,0.0005476064299593575,0.0002787446358957614
1,kinematic_shell_kinetics_shell_5_10mm_auc_hurdle_value_given_signal_mean,-0.004062886415827594,0.002660286252890525
1,kinematic_shell_kinetics_shell_10_20mm_time_to_enhancement_hurdle_value_given_signal_q90,0.0,0.0
1,kinematic_shell_kinetics_shell_10_20mm_auc_hurdle_value_given_signal_iqr,0.0,0.0
1,kinematic_shell_contrasts_5_10mm_vs_10_20mm_washin_delta_norm_l1,-0.00026497085320613677,0.0005977362415010972
1,kinematic_shell_contrasts_5_10mm_vs_10_20mm_auc_delta,0.0,0.0
1,kinematic_core_to_periphery_tte_delta,-0.0014308426073131985,0.0009722019364647332
1,kinematic_shell_kinetics_shell_10_20mm_time_to_peak_hurdle_value_given_signal_sd,-0.00022964140611200223,0.0021242518647892105
1,kinematic_shell_kinetics_shell_gt20mm_auc_hurdle_value_given_signal_q90,3.532944709414565e-05,7.06588941882913e-05
1,kinematic_graph_local_propagation_earliest_arrival_component_near_tumor_largest_component_fraction_near_segments,0.0,0.0
1,kinematic_shell_contrasts_5_10mm_vs_10_20mm_washout_delta_norm_l1,0.0,0.0
1,kinematic_shell_kinetics_shell_10_20mm_auc_hurdle_value_given_signal_sd,-0.00044161808867689836,0.0005314117278393113
1,kinematic_shell_kinetics_shell_5_10mm_peak_enhancement_hurdle_value_given_signal_q90,0.0,0.0
1,kinematic_shell_kinetics_shell_gt20mm_auc_hurdle_value_given_signal_median,0.0004062886415827527,0.0009547125325470263
1,kinematic_shell_kinetics_shell_10_20mm_time_to_enhancement_hurdle_value_given_signal_mean,0.0,0.0
1,kinematic_shell_kinetics_shell_gt20mm_auc_hurdle_value_given_signal_max,-0.00653594771241831,0.0023541185301477145
1,kinematic_shell_kinetics_shell_gt20mm_auc_hurdle_value_given_signal_mean,-0.0001413177883765715,0.00010598834128247025
1,kinematic_shell_kinetics_shell_gt20mm_time_to_peak_hurdle_value_given_signal_mean,0.0008479067302596732,0.001425927296987145
1,kinematic_graph_local_propagation_distance_binned_dispersion_distance_bin_monotonic_nondecreasing_fraction,0.0,0.0
1,kinematic_propagation_speed_speed_positive_delay_mm_per_time_min,-0.0031796502384737746,0.0006119239737038972
1,kinematic_arrival_delay_vs_reference_all_segments_hurdle_value_given_signal_mean,0.0013248542660307284,0.0007870224133526055
1,kinematic_shell_kinetics_shell_gt20mm_auc_hurdle_value_given_signal_iqr,0.0,0.0
1,kinematic_shell_kinetics_shell_10_20mm_time_to_enhancement_hurdle_value_given_signal_sd,0.0,0.0
1,kinematic_graph_local_propagation_graph_distance_available_fraction,0.0,0.0
1,kinematic_graph_local_propagation_weighted_linear_fit_intercept,0.004628157569334057,0.0014411643211002514
1,kinematic_shell_kinetics_shell_10_20mm_peak_enhancement_hurdle_value_given_signal_median,-0.00044161808867689836,0.0006621326555022638
1,kinematic_shell_contrasts_5_10mm_vs_10_20mm_auc_delta_norm_l1,-0.00017664723547073936,0.00034434885514250327
1,kinematic_shell_kinetics_shell_10_20mm_peak_enhancement_hurdle_value_given_signal_q90,-0.00012365306482952086,0.00011310941949183532
1,kinematic_shell_kinetics_shell_gt20mm_time_to_enhancement_hurdle_value_given_signal_mean,-0.00010598834128249246,0.00014131778837665198
1,kinematic_kinetic_topology_coupling_early_cycle_length_fraction_ge50,-0.0006712594947889117,0.0008390278810837746
1,kinematic_shell_kinetics_shell_10_20mm_peak_enhancement_hurdle_value_given_signal_iqr,0.0,0.0
1,kinematic_graph_local_propagation_distance_binned_dispersion_mean_tte_std_across_distance_bins,1.7664723547083927e-05,0.00025537594585415245
1,kinematic_early_enhancing_fraction_count_fraction_near_tumor,0.0,0.0
1,kinematic_shell_contrasts_5_10mm_vs_10_20mm_peak_delta,0.0,0.0
1,kinematic_graph_local_propagation_weighted_linear_fit_rmse,-0.002137431549196267,0.0015549974299015545
1,kinematic_arrival_delay_vs_reference_all_segments_hurdle_value_given_signal_sd,0.0013425189895777678,0.0004268873334603511
1,kinematic_propagation_speed_delay_all_segments_sd,-0.0007242536654301079,0.0010192101562799284
1,kinematic_shell_kinetics_shell_gt20mm_time_to_enhancement_hurdle_value_given_signal_sd,0.0006182653241477043,0.0005011927560187381
1,kinematic_early_enhancing_fraction_volume_fraction_all_segments,-0.0008479067302596732,0.0008754291957861793
1,kinematic_shell_kinetics_shell_10_20mm_auc_hurdle_value_given_signal_min,0.0008479067302596621,0.0013769422554251903
1,kinematic_graph_local_propagation_weighted_linear_fit_mae,0.001996113760819673,0.0010804401118794083
1,kinematic_shell_kinetics_shell_10_20mm_washin_slope_hurdle_value_given_signal_max,0.0,0.0
1,kinematic_kinetic_topology_coupling_early_bifurcation_fraction_of_bifurcations,-0.0006889242183360067,0.0006952364831003137
1,kinematic_kinetic_topology_coupling_early_node_fraction,0.0012365306482953642,0.0012835825560561745
1,kinematic_early_enhancing_fraction_count_fraction_all_segments,0.0,0.0
1,kinematic_shell_kinetics_shell_gt20mm_auc_hurdle_value_given_signal_sd,-0.005334746511217114,0.0021165258153329823
1,kinematic_arrival_delay_vs_reference_near_tumor_segments_hurdle_valid_fraction,0.0,0.0
1,kinematic_shell_kinetics_shell_gt20mm_peak_enhancement_hurdle_value_given_signal_median,-0.0016781487369722625,0.0009520941867664454
1,kinematic_shell_kinetics_shell_gt20mm_time_to_peak_hurdle_value_given_signal_sd,-0.002155096272743329,0.002393292994798104
1,kinematic_shell_kinetics_shell_gt20mm_washin_slope_hurdle_value_given_signal_max,-0.0007419183889772029,0.000510751891708212
1,kinematic_shell_kinetics_shell_10_20mm_peak_enhancement_hurdle_value_given_signal_sd,-0.000388623918035691,0.0005046054356857867
1,kinematic_shell_kinetics_shell_gt20mm_washout_slope_hurdle_value_given_signal_min,0.0,0.0
1,kinematic_shell_kinetics_shell_10_20mm_washin_slope_hurdle_value_given_signal_q90,0.00038862391803566875,0.0019460080344702773
1,kinematic_shell_kinetics_shell_gt20mm_peak_enhancement_hurdle_value_given_signal_q90,0.0007595831125242869,0.0019923584286342076
1,kinematic_shell_kinetics_shell_10_20mm_washout_slope_hurdle_value_given_signal_min,-0.002614379084967333,0.0010384694193039516
1,kinematic_shell_kinetics_shell_gt20mm_peak_enhancement_hurdle_value_given_signal_mean,-0.0013955131602190307,0.0009817836588298858
1,kinematic_caliber_flow_kinetic_surrogates_tortuosity_weighted_peak_enhancement_mean,-0.0010952128599187483,0.0011222314201921164
1,kinematic_shell_kinetics_shell_gt20mm_peak_enhancement_hurdle_value_given_signal_iqr,-0.0008479067302596621,0.0024614256772090178
1,kinematic_propagation_speed_delay_all_segments_mean,-0.005370075958311249,0.002620340101153658
1,kinematic_shell_kinetics_shell_5_10mm_auc_hurdle_value_given_signal_min,0.0,0.0
1,kinematic_shell_kinetics_shell_10_20mm_washin_slope_hurdle_value_given_signal_sd,0.0,0.0
1,kinematic_shell_kinetics_shell_5_10mm_time_to_enhancement_hurdle_valid_fraction,0.0,0.0
1,kinematic_shell_kinetics_shell_10_20mm_washin_slope_hurdle_value_given_signal_mean,0.0,0.0
1,kinematic_kinetic_topology_coupling_valid_time_node_fraction,-0.00022964140611199114,0.000326200058516503
1,kinematic_shell_kinetics_shell_gt20mm_washin_slope_hurdle_value_given_signal_q90,-0.0005652711535064081,0.000621035005520124
1,kinematic_arrival_delay_vs_reference_all_segments_hurdle_valid_fraction,0.0,0.0
1,kinematic_shell_kinetics_shell_10_20mm_washout_slope_hurdle_value_given_signal_mean,0.00045928281222397117,0.0005484605086119354
1,kinematic_shell_kinetics_shell_10_20mm_washin_slope_hurdle_value_given_signal_iqr,0.0,0.0
1,kinematic_shell_kinetics_shell_10_20mm_washout_slope_hurdle_value_given_signal_sd,0.0,0.0
1,kinematic_shell_kinetics_shell_gt20mm_peak_enhancement_hurdle_value_given_signal_sd,-0.0018018018018018055,0.0014497992954377724
1,kinematic_graph_local_propagation_weighted_linear_fit_r2,-8.832361773535302e-05,0.0005372515925011676
1,kinematic_shell_kinetics_shell_10_20mm_washout_slope_hurdle_value_given_signal_iqr,-0.008373078961314262,0.0026605208356918607
1,kinematic_shell_kinetics_shell_gt20mm_washout_slope_hurdle_value_given_signal_iqr,0.0019254548666313264,0.0016803785890070707
1,kinematic_shell_kinetics_shell_gt20mm_washin_slope_hurdle_value_given_signal_iqr,-0.000353294470941512,0.00045381496480006246
1,kinematic_shell_contrasts_5_10mm_vs_10_20mm_washin_delta,0.0,0.0
1,kinematic_caliber_flow_kinetic_surrogates_radius_weighted_washin_mean,-0.0019431195901784214,0.00101476111049956
1,kinematic_shell_kinetics_shell_5_10mm_washout_slope_hurdle_value_given_signal_min,-0.0006889242183360067,0.0005207349575334121
1,kinematic_shell_kinetics_shell_gt20mm_washin_slope_hurdle_value_given_signal_median,-0.0008655714538067794,0.001240184371557537
1,kinematic_shell_kinetics_shell_gt20mm_washin_slope_hurdle_value_given_signal_sd,8.832361773537522e-05,0.001057673017482628
1,kinematic_shell_kinetics_shell_gt20mm_washout_slope_hurdle_value_given_signal_sd,-1.766472354706172e-05,0.00020063269195550278
1,kinematic_shell_kinetics_shell_gt20mm_washin_slope_hurdle_value_given_signal_mean,-0.0013425189895778233,0.0011093671413607376
1,kinematic_shell_contrasts_5_10mm_vs_10_20mm_washout_delta,0.00035329447094153423,0.000591174722864585
1,kinematic_shell_kinetics_shell_gt20mm_washout_slope_hurdle_value_given_signal_mean,-0.001218865924748258,0.0015266450532988884
1,kinematic_shell_kinetics_shell_10_20mm_washout_slope_hurdle_value_given_signal_median,0.0,0.0
1,kinematic_shell_kinetics_shell_gt20mm_peak_enhancement_hurdle_value_given_signal_max,-0.0037979155626214345,0.0015221416657493604
1,kinematic_caliber_flow_kinetic_surrogates_radius_weighted_washout_mean,0.0,0.0
1,kinematic_shell_kinetics_shell_gt20mm_washout_slope_hurdle_value_given_signal_median,0.0,0.0
1,kinematic_shell_kinetics_shell_10_20mm_washin_slope_hurdle_value_given_signal_median,-0.0004769475357710662,0.0008869380117034703
1,kinematic_shell_kinetics_shell_5_10mm_washout_slope_hurdle_value_given_signal_mean,0.0,0.0
1,kinematic_shell_kinetics_shell_5_10mm_washin_slope_hurdle_value_given_signal_max,0.0001413177883766381,0.0003140149944290943
1,kinematic_shell_kinetics_shell_gt20mm_auc_hurdle_value_given_signal_min,0.00038862391803565763,0.000498383182464797
1,kinematic_shell_kinetics_shell_5_10mm_washin_slope_hurdle_value_given_signal_mean,0.0,0.0
1,kinematic_shell_kinetics_shell_gt20mm_peak_enhancement_hurdle_value_given_signal_min,0.0,0.0
1,kinematic_kinetic_topology_coupling_early_cycle_length_per_tumor_mm3_ge50,0.0009185656244479646,0.007958462788373113
1,kinematic_graph_local_propagation_slope_tte_vs_graph_distance_from_boundary,-0.0011128775834657878,0.0013196624409552995
1,kinematic_shell_segment_counts_shell_2_5mm,0.0,0.0
1,kinematic_shell_contrasts_0_2mm_vs_2_5mm_ttp_delta,-0.0007772478360713708,0.00043413551412980057
1,kinematic_shell_contrasts_0_2mm_vs_2_5mm_tte_delta,0.0,0.0
1,kinematic_shell_contrasts_0_2mm_vs_2_5mm_auc_delta,0.0,0.0
1,kinematic_propagation_speed_delay_all_segments_q90,0.0005829358770534698,0.0003356297473944491
1,kinematic_propagation_speed_delay_all_segments_iqr,0.0,0.0
1,kinematic_shell_contrasts_inside_vs_2_5mm_ttp_delta,0.0,0.0
1,kinematic_shell_contrasts_inside_vs_2_5mm_tte_delta,0.0,0.0
1,kinematic_shell_contrasts_inside_vs_2_5mm_auc_delta,0.0,0.0
1,kinematic_shell_contrasts_inside_vs_0_2mm_ttp_delta,0.0,0.0
1,kinematic_shell_contrasts_inside_vs_0_2mm_tte_delta,0.0,0.0
1,kinematic_shell_contrasts_inside_vs_0_2mm_auc_delta,0.0,0.0
1,kinematic_shell_contrasts_0_2mm_vs_2_5mm_peak_delta,0.0,0.0
1,kinematic_shell_contrasts_inside_vs_2_5mm_peak_delta,0.00040628864158274156,0.0010025411498790074
1,kinematic_shell_contrasts_inside_vs_0_2mm_peak_delta,0.0,0.0
1,kinematic_shell_contrasts_5_10mm_vs_10_20mm_tte_delta,-0.00038862391803567986,0.0005287627467619178
1,kinematic_shell_contrasts_0_2mm_vs_2_5mm_washin_delta,0.0,0.0
1,kinematic_propagation_speed_delay_all_segments_median,0.0,0.0
1,kinematic_component_invasion_crossing_component_count,0.0,0.0
1,kinematic_shell_contrasts_inside_vs_2_5mm_washin_delta,0.0,0.0
1,kinematic_shell_contrasts_inside_vs_0_2mm_washin_delta,0.0,0.0
1,kinematic_shell_contrasts_0_2mm_vs_2_5mm_washout_delta,0.0,0.0
1,kinematic_shell_contrasts_inside_vs_2_5mm_washout_delta,-0.0004239533651298477,0.0005869368565919854
1,kinematic_shell_contrasts_inside_vs_0_2mm_washout_delta,0.0,0.0
1,kinematic_component_invasion_crossing_component_fraction,0.0,0.0
1,kinematic_temporal_heterogeneity_near_tumor_ttp_entropy_bits,0.0,0.0
1,kinematic_early_enhancing_fraction_early_phase_time_threshold,0.0,0.0
1,kinematic_early_enhancing_fraction_volume_fraction_shell_2_5mm,0.0,0.0
1,kinematic_early_enhancing_fraction_volume_fraction_shell_0_2mm,0.0,0.0
1,kinematic_boundary_caliber_gradient_positive_dilation_fraction,0.000494612259318139,0.0003515235601860448
1,kinematic_shell_kinetics_shell_2_5mm_auc_hurdle_value_given_signal_sd,0.0,0.0
1,kinematic_shell_kinetics_shell_0_2mm_auc_hurdle_value_given_signal_sd,0.0,0.0
1,kinematic_component_invasion_largest_crossing_component_segment_count,0.0,0.0
1,kinematic_shell_kinetics_shell_5_10mm_auc_hurdle_value_given_signal_sd,0.0,0.0
1,kinematic_shell_kinetics_inside_tumor_auc_hurdle_value_given_signal_sd,0.0,0.0
1,kinematic_shell_kinetics_shell_2_5mm_time_to_peak_hurdle_valid_fraction,0.0,0.0
1,kinematic_shell_kinetics_shell_10_20mm_time_to_peak_hurdle_valid_fraction,0.0,0.0
1,kinematic_boundary_caliber_gradient_inside_radius_length_weighted_mean_mm,0.00022964140611202443,0.0005122769828652188
1,kinematic_component_invasion_mean_crossing_component_max_invasion_depth_mm,0.0,0.0
1,kinematic_component_invasion_largest_crossing_component_crossing_length_mm,0.000494612259318139,0.004783064378652574
1,kinematic_boundary_crossing_dynamic_burden_kinetic_weighted_volume_auc_mm3,-0.004716481187069421,0.00366052116354322
1,kinematic_shell_kinetics_shell_2_5mm_washin_slope_hurdle_value_given_signal_sd,0.0,0.0
1,kinematic_shell_kinetics_shell_2_5mm_time_to_peak_hurdle_value_given_signal_sd,0.0,0.0
1,kinematic_shell_kinetics_shell_2_5mm_time_to_enhancement_hurdle_valid_fraction,0.0,0.0
1,kinematic_shell_kinetics_shell_0_2mm_washin_slope_hurdle_value_given_signal_sd,0.0,0.0
1,kinematic_shell_kinetics_shell_0_2mm_time_to_peak_hurdle_value_given_signal_sd,0.0,0.0
1,kinematic_shell_kinetics_shell_5_10mm_washin_slope_hurdle_value_given_signal_sd,0.0,0.0
1,kinematic_shell_kinetics_shell_5_10mm_time_to_peak_hurdle_value_given_signal_sd,0.0,0.0
1,kinematic_shell_kinetics_shell_2_5mm_washout_slope_hurdle_value_given_signal_sd,0.0,0.0
1,kinematic_shell_kinetics_shell_2_5mm_washin_slope_hurdle_value_given_signal_q90,0.0,0.0
1,kinematic_shell_kinetics_shell_2_5mm_washin_slope_hurdle_value_given_signal_min,-0.00044161808867692053,0.000877031732012481
1,kinematic_shell_kinetics_shell_2_5mm_washin_slope_hurdle_value_given_signal_iqr,0.0,0.0
1,kinematic_shell_kinetics_shell_2_5mm_time_to_peak_hurdle_value_given_signal_q90,0.0012188659247482803,0.0005555267688930066
1,kinematic_shell_kinetics_shell_2_5mm_time_to_peak_hurdle_value_given_signal_min,-1.1102230246251566e-17,0.0009930026018410308
1,kinematic_shell_kinetics_shell_2_5mm_time_to_peak_hurdle_value_given_signal_iqr,0.0,0.0
1,kinematic_shell_kinetics_shell_0_2mm_washout_slope_hurdle_value_given_signal_sd,0.0007065889418830462,7.899904531001691e-05
1,kinematic_shell_kinetics_shell_0_2mm_washin_slope_hurdle_value_given_signal_q90,0.0,0.0
1,kinematic_shell_kinetics_shell_0_2mm_washin_slope_hurdle_value_given_signal_min,0.0,0.0
1,kinematic_shell_kinetics_shell_0_2mm_time_to_peak_hurdle_value_given_signal_iqr,0.0,0.0
1,kinematic_shell_kinetics_inside_tumor_washin_slope_hurdle_value_given_signal_sd,0.0,0.0
1,kinematic_shell_kinetics_inside_tumor_time_to_peak_hurdle_value_given_signal_sd,0.0,0.0
1,kinematic_arrival_delay_vs_reference_all_segments_hurdle_value_given_signal_min,0.0,0.0
1,kinematic_arrival_delay_vs_reference_all_segments_hurdle_value_given_signal_iqr,0.0,0.0
1,kinematic_shell_kinetics_shell_gt20mm_washin_slope_hurdle_value_given_signal_min,0.0,0.0
1,kinematic_shell_kinetics_shell_gt20mm_time_to_peak_hurdle_value_given_signal_q90,0.0,0.0
1,kinematic_shell_kinetics_shell_gt20mm_time_to_peak_hurdle_value_given_signal_min,0.0,0.0
1,kinematic_shell_kinetics_shell_gt20mm_time_to_peak_hurdle_value_given_signal_max,0.0,0.0
1,kinematic_shell_kinetics_shell_gt20mm_time_to_peak_hurdle_value_given_signal_iqr,0.0,0.0
1,kinematic_shell_kinetics_shell_5_10mm_washout_slope_hurdle_value_given_signal_sd,0.0,0.0
1,kinematic_shell_kinetics_shell_5_10mm_washin_slope_hurdle_value_given_signal_min,-0.0005476064299593686,0.0015205007633284362
1,kinematic_shell_kinetics_shell_5_10mm_washin_slope_hurdle_value_given_signal_iqr,0.0,0.0
1,kinematic_shell_kinetics_shell_5_10mm_time_to_peak_hurdle_value_given_signal_iqr,0.0,0.0
1,kinematic_shell_kinetics_shell_2_5mm_washout_slope_hurdle_value_given_signal_q90,0.0,0.0
1,kinematic_shell_kinetics_shell_2_5mm_washout_slope_hurdle_value_given_signal_min,0.0,0.0
1,kinematic_shell_kinetics_shell_10_20mm_time_to_enhancement_hurdle_valid_fraction,0.0,0.0
1,kinematic_shell_kinetics_shell_0_2mm_washout_slope_hurdle_value_given_signal_q90,0.0004062886415827527,0.002328864522123333
1,kinematic_shell_kinetics_inside_tumor_washout_slope_hurdle_value_given_signal_sd,0.0,0.0
1,kinematic_shell_kinetics_inside_tumor_washin_slope_hurdle_value_given_signal_q90,0.0,0.0
1,kinematic_shell_kinetics_inside_tumor_washin_slope_hurdle_value_given_signal_min,0.0,0.0
1,kinematic_shell_kinetics_inside_tumor_time_to_peak_hurdle_value_given_signal_iqr,0.0,0.0
1,kinematic_peritumoral_multi_scale_contrasts_core_shell_gradient_per_mm_ttp_slope,0.0,0.0
1,kinematic_peritumoral_multi_scale_contrasts_core_shell_gradient_per_mm_tte_slope,0.0,0.0
1,kinematic_peritumoral_multi_scale_contrasts_core_shell_gradient_per_mm_auc_slope,0.0,0.0
1,kinematic_boundary_caliber_gradient_outside_minus_inside_length_weighted_mean_mm,-0.00022964140611202443,0.00041087098921082754
1,kinematic_shell_kinetics_shell_gt20mm_washout_slope_hurdle_value_given_signal_q90,0.00017664723547081707,0.00017664723547076153
1,kinematic_shell_kinetics_shell_gt20mm_washout_slope_hurdle_value_given_signal_max,0.0,0.0
1,kinematic_shell_kinetics_shell_5_10mm_washout_slope_hurdle_value_given_signal_q90,0.0006889242183359845,0.0007878149839596569
1,kinematic_shell_kinetics_shell_10_20mm_washin_slope_hurdle_value_given_signal_min,0.0,0.0
1,kinematic_shell_kinetics_inside_tumor_washout_slope_hurdle_value_given_signal_q90,0.0,0.0
1,kinematic_shell_kinetics_inside_tumor_washout_slope_hurdle_value_given_signal_min,0.0,0.0
1,kinematic_peritumoral_multi_scale_contrasts_core_shell_gradient_per_mm_peak_slope,0.0,0.0
1,kinematic_shell_kinetics_shell_2_5mm_washin_slope_hurdle_value_given_signal_median,0.0,0.0
1,kinematic_shell_kinetics_shell_10_20mm_washout_slope_hurdle_value_given_signal_q90,0.0,0.0
1,kinematic_shell_kinetics_shell_10_20mm_washout_slope_hurdle_value_given_signal_max,0.0,0.0
1,kinematic_shell_kinetics_shell_0_2mm_washin_slope_hurdle_value_given_signal_median,0.0,0.0
1,kinematic_arrival_delay_vs_reference_all_segments_hurdle_value_given_signal_median,0.0,0.0
1,kinematic_shell_kinetics_shell_5_10mm_washin_slope_hurdle_value_given_signal_median,0.0,0.0
1,kinematic_shell_kinetics_shell_2_5mm_washout_slope_hurdle_value_given_signal_median,0.0,0.0
1,kinematic_shell_kinetics_shell_2_5mm_auc_rel_reference_hurdle_value_given_signal_sd,0.0,0.0
1,kinematic_shell_kinetics_shell_0_2mm_auc_rel_reference_hurdle_value_given_signal_sd,0.0,0.0
1,kinematic_shell_kinetics_inside_tumor_washin_slope_hurdle_value_given_signal_median,0.0,0.0
1,kinematic_peritumoral_multi_scale_contrasts_core_shell_gradient_per_mm_washin_slope,-0.0013071895424836444,0.0005869368565919968
1,kinematic_boundary_caliber_gradient_gradient_mm_per_mm_hurdle_value_given_signal_sd,0.0,0.0
1,kinematic_shell_kinetics_shell_5_10mm_peak_enhancement_hurdle_value_given_signal_iqr,0.0,0.0
1,kinematic_shell_kinetics_shell_5_10mm_auc_rel_reference_hurdle_value_given_signal_sd,0.0004062886415827749,0.0005418781717074374
1,kinematic_shell_kinetics_shell_2_5mm_auc_rel_reference_hurdle_value_given_signal_q90,0.0,0.0
1,kinematic_shell_kinetics_shell_0_2mm_auc_rel_reference_hurdle_value_given_signal_q90,0.0,0.0
1,kinematic_shell_kinetics_inside_tumor_auc_rel_reference_hurdle_value_given_signal_sd,0.0,0.0
1,kinematic_peritumoral_multi_scale_contrasts_core_shell_gradient_per_mm_washout_slope,-0.00017664723547075045,0.0005415901684068681
1,kinematic_boundary_caliber_gradient_gradient_mm_per_mm_hurdle_value_given_signal_q90,0.0,0.0
1,kinematic_boundary_caliber_gradient_gradient_mm_per_mm_hurdle_value_given_signal_min,0.0,0.0
1,kinematic_boundary_caliber_gradient_gradient_mm_per_mm_hurdle_value_given_signal_max,0.0,0.0
1,kinematic_shell_kinetics_shell_2_5mm_time_to_enhancement_hurdle_value_given_signal_sd,0.00015898251192365543,0.00025537594585412247
1,kinematic_shell_kinetics_shell_0_2mm_time_to_enhancement_hurdle_value_given_signal_sd,0.0,0.0
1,kinematic_shell_kinetics_inside_tumor_auc_rel_reference_hurdle_value_given_signal_q90,0.0,0.0
1,kinematic_boundary_caliber_gradient_outside_over_inside_hurdle_value_given_signal_q90,0.00017664723547078376,0.000886762084296825
1,kinematic_boundary_caliber_gradient_outside_over_inside_hurdle_value_given_signal_min,-0.0004062886415827749,0.0010746483783257562
1,kinematic_boundary_caliber_gradient_gradient_mm_per_mm_hurdle_value_given_signal_mean,0.0,0.0
1,kinematic_arrival_delay_vs_reference_near_tumor_segments_hurdle_value_given_signal_sd,0.0,0.0
1,kinematic_shell_kinetics_shell_5_10mm_time_to_enhancement_hurdle_value_given_signal_sd,0.0005829358770535143,0.0006371555837085675
1,kinematic_shell_kinetics_shell_2_5mm_washin_rel_reference_hurdle_value_given_signal_sd,0.0,0.0
1,kinematic_shell_kinetics_shell_2_5mm_time_to_enhancement_hurdle_value_given_signal_iqr,0.0,0.0
1,kinematic_shell_kinetics_shell_0_2mm_washin_rel_reference_hurdle_value_given_signal_sd,0.0,0.0
1,kinematic_shell_kinetics_shell_0_2mm_time_to_enhancement_hurdle_value_given_signal_iqr,0.0,0.0
1,kinematic_shell_kinetics_inside_tumor_time_to_enhancement_hurdle_value_given_signal_sd,0.0,0.0
1,kinematic_arrival_delay_vs_reference_near_tumor_segments_hurdle_value_given_signal_q90,0.0,0.0
1,kinematic_arrival_delay_vs_reference_near_tumor_segments_hurdle_value_given_signal_min,0.0,0.0
1,kinematic_arrival_delay_vs_reference_near_tumor_segments_hurdle_value_given_signal_max,-0.0001413177883765715,0.00010598834128247026
1,kinematic_arrival_delay_vs_reference_near_tumor_segments_hurdle_value_given_signal_iqr,0.0,0.0
1,kinematic_shell_kinetics_shell_gt20mm_time_to_enhancement_hurdle_value_given_signal_q90,0.00015898251192368872,0.0003484028073364509
1,kinematic_shell_kinetics_shell_gt20mm_time_to_enhancement_hurdle_value_given_signal_min,0.0,0.0
1,kinematic_shell_kinetics_shell_gt20mm_time_to_enhancement_hurdle_value_given_signal_iqr,-0.00017664723547078376,0.0015621049969569954
1,kinematic_shell_kinetics_shell_5_10mm_washin_rel_reference_hurdle_value_given_signal_sd,0.0007065889418830462,0.0003351645638758109
1,kinematic_shell_kinetics_shell_5_10mm_time_to_enhancement_hurdle_value_given_signal_iqr,0.0,0.0
1,kinematic_shell_kinetics_shell_2_5mm_washin_rel_reference_hurdle_value_given_signal_q90,0.0,0.0
1,kinematic_shell_kinetics_shell_2_5mm_washin_rel_reference_hurdle_value_given_signal_min,0.0,0.0
1,kinematic_shell_kinetics_shell_0_2mm_washin_rel_reference_hurdle_value_given_signal_q90,0.0,0.0
1,kinematic_shell_kinetics_shell_0_2mm_washin_rel_reference_hurdle_value_given_signal_min,0.0,0.0
1,kinematic_shell_kinetics_inside_tumor_washin_rel_reference_hurdle_value_given_signal_sd,0.0,0.0
1,kinematic_shell_kinetics_inside_tumor_time_to_enhancement_hurdle_value_given_signal_iqr,0.0,0.0
1,kinematic_boundary_caliber_gradient_gradient_mm_per_mm_hurdle_value_given_signal_median,-0.0015898251192368984,0.0006319923624800453
1,kinematic_arrival_delay_vs_reference_near_tumor_segments_hurdle_value_given_signal_mean,0.0,0.0
1,kinematic_shell_kinetics_shell_gt20mm_washin_rel_reference_hurdle_value_given_signal_min,0.0,0.0
1,kinematic_shell_kinetics_shell_5_10mm_washin_rel_reference_hurdle_value_given_signal_q90,0.0,0.0
1,kinematic_shell_kinetics_shell_5_10mm_washin_rel_reference_hurdle_value_given_signal_min,0.0,0.0
1,kinematic_shell_kinetics_shell_10_20mm_time_to_enhancement_hurdle_value_given_signal_min,0.0,0.0
1,kinematic_shell_kinetics_shell_10_20mm_time_to_enhancement_hurdle_value_given_signal_iqr,0.0,0.0
1,kinematic_shell_kinetics_inside_tumor_washin_rel_reference_hurdle_value_given_signal_q90,0.0,0.0
1,kinematic_shell_kinetics_shell_10_20mm_washin_rel_reference_hurdle_value_given_signal_min,-0.00037095919448866256,0.0003484028073364087
1,kinematic_shell_kinetics_shell_gt20mm_time_to_enhancement_hurdle_value_given_signal_median,0.0,0.0
1,kinematic_shell_kinetics_shell_0_2mm_washin_rel_reference_hurdle_value_given_signal_median,0.0,0.0
1,kinematic_shell_kinetics_shell_5_10mm_washin_rel_reference_hurdle_value_given_signal_median,0.0,0.0
1,kinematic_shell_kinetics_shell_10_20mm_time_to_enhancement_hurdle_value_given_signal_median,0.0,0.0
1,kinematic_core_to_periphery_peak_ratio,0.0,0.0
1,morph_seg_length_cv,-0.00015898251192375534,5.299417064125179e-05
1,morph_radius_cv,-0.0007772478360713708,0.001190764850475368
1,morph_bifurcation_density_per_length,5.299417064124068e-05,0.003313301331709708
1,morph_seg_volume_sum,-0.002084437378554993,0.0005901181094679454
1,morph_seg_length_sum,0.0,0.0
1,morph_seg_volume_max,0.0,0.0
1,morph_bif_angle_n,0.0,0.0
1,morph_seg_volume_std,0.0,0.0
1,morph_seg_length_max,0.0009362303479950485,0.00103319758458856
1,morph_seg_volume_mean,-0.016693163751987306,0.013521131443122232
1,morph_seg_length_std,-0.000529941706412318,0.004189929436968901
1,morph_seg_tortuosity_max,-0.0004946122593181279,0.0036415046745734243
1,morph_curvature_mean_max,0.0,0.0
1,morph_radius_mean_max,0.0034622858152270177,0.00035505654905918323
1,morph_radius_mean_mean,-0.003373962197491631,0.0008848245742001898
1,morph_radius_mean_std,0.0,0.0
1,morph_seg_tortuosity_std,0.0009009009009009028,0.0005498810251288786
1,morph_curvature_mean_mean,-0.001731142907613481,0.0010883534217099127
1,morph_curvature_mean_std,0.0004062886415827083,0.0008763198554893167
1,morph_seg_tortuosity_mean,0.00012365306482953198,0.001234130964473303
1,morph_bifurcation_per_segment,0.0013955131602190196,0.0015529894261844123
1,morph_seg_dup_fraction,0.0012718600953894766,0.0007144938497140507
1,morph_seg_tortuosity_invalid_n,0.0,0.0
1,morph_bif_angle_std,0.0,0.0
1,morph_bif_angle_mean,-0.0022964140611199447,0.004736649947992159
1,morph_bif_angle_max,0.0,0.0
1,tumor_size_outer_to_inner_shell_ratio,-0.00024730612965907507,0.0004882626730643197
1,tumor_size_tumor_r8_region_voxels,0.007207207207207212,0.003909295514890825
1,tumor_size_tumor_voxels,0.00042395336512981443,0.0008217419784217053
1,tumor_size_shell_0_2_over_tumor,0.0,0.0
2,clinical_post,0.0,0.0
2,clinical_luminal_b,0.0,0.0
2,clinical_luminal_a,0.11506993006993023,0.02703181655140396
2,clinical_triple_negative,0.0,0.0
2,clinical_pre (<6 months since LMP AND no prior bilateral ovariectomy AND not on estrogen replacement),0.0,0.0
2,clinical_pre (< 6 months since LMP AND no prior bilateral ovariectomy AND not on estrogen replacement),0.0,0.0
2,age,-0.000244755244755146,0.0005484051448027371
2,normalized_ratios_near_length_per_tumor_equiv_radius,0.0,0.0
2,caliber_heterogeneity_near_tumor_near_radius_cv,0.0,0.0
2,normalized_ratios_near_volume_per_skeleton_edge,0.0,0.0
2,per_shell_topology_shell_10_20mm_shell_volume_density_mm3_per_shell_mm3,0.0,0.0
2,per_shell_topology_shell_5_10mm_shell_volume_density_mm3_per_shell_mm3,0.0,0.0
2,per_shell_topology_shell_2_5mm_shell_volume_density_mm3_per_shell_mm3,0.0,0.0
2,per_shell_topology_shell_gt20mm_shell_volume_density_mm3_per_shell_mm3,0.0,0.0
2,per_shell_topology_shell_5_10mm_shell_length_density_mm_per_shell_mm3,0.0,0.0
2,per_shell_topology_shell_10_20mm_shell_length_density_mm_per_shell_mm3,0.0,0.0
2,normalized_ratios_near_volume_per_shell_voxel,0.0,0.0
2,per_shell_topology_shell_10_20mm_node_density_per_shell_voxel,3.49650349651176e-05,0.00044777092569457075
2,per_shell_topology_shell_2_5mm_node_density_per_shell_mm3,0.0,0.0
2,per_shell_topology_shell_gt20mm_shell_length_density_mm_per_shell_mm3,0.0,0.0
2,per_shell_topology_shell_5_10mm_endpoint_density_per_shell_mm3,-0.00017482517482508841,0.0007250503969694717
2,per_shell_topology_shell_gt20mm_edge_density_per_shell_voxel,0.0,0.0
2,per_shell_topology_shell_5_10mm_endpoint_density_per_shell_voxel,0.0,0.0
2,per_shell_topology_shell_2_5mm_endpoint_density_per_shell_voxel,0.0,0.0
2,per_shell_topology_shell_10_20mm_endpoint_density_per_shell_mm3,-8.741258741242763e-05,0.0008209340476834777
2,per_shell_topology_shell_10_20mm_endpoint_density_per_shell_voxel,-0.0011013986013984844,0.0008602038181917829
2,per_shell_topology_shell_10_20mm_bifurcation_density_per_shell_mm3,0.0,0.0
2,per_shell_topology_shell_gt20mm_bifurcation_density_per_shell_mm3,0.0,0.0
2,per_shell_topology_shell_gt20mm_endpoint_density_per_shell_mm3,0.0,0.0
2,per_shell_topology_shell_gt20mm_bifurcation_density_per_shell_voxel,0.0019230769230770273,0.000741720399846047
2,per_shell_topology_shell_gt20mm_endpoint_density_per_shell_voxel,0.0,0.0
2,normalized_ratios_inside_volume_per_tumor_voxel,0.0,0.0
2,per_shell_topology_shell_0_2mm_node_density_per_shell_mm3,0.0,0.0
2,normalized_ratios_crossing_length_per_tumor_equiv_surface,0.0,0.0
2,per_shell_topology_shell_2_5mm_cycle_density_per_shell_mm3,0.0,0.0
2,per_shell_topology_shell_0_2mm_cycle_density_per_shell_mm3,0.0,0.0
2,per_shell_topology_shell_5_10mm_cycle_density_per_shell_mm3,0.0,0.0
2,per_shell_topology_shell_0_2mm_edge_density_per_shell_voxel,0.0,0.0
2,per_shell_topology_inside_tumor_cycle_density_per_shell_mm3,0.0,0.0
2,per_shell_topology_shell_10_20mm_cycle_density_per_shell_mm3,0.0,0.0
2,per_shell_topology_shell_2_5mm_bifurcation_density_per_shell_mm3,0.0,0.0
2,per_shell_topology_shell_0_2mm_bifurcation_density_per_shell_mm3,0.0,0.0
2,per_shell_topology_shell_5_10mm_bifurcation_density_per_shell_mm3,0.0,0.0
2,per_shell_topology_inside_tumor_bifurcation_density_per_shell_mm3,0.0,0.0
2,per_shell_topology_shell_gt20mm_shell_region_voxels,-0.0010839160839159368,0.0004806897582121235
2,per_shell_topology_shell_gt20mm_shell_region_volume_mm3,0.0,0.0
2,per_shell_topology_shell_10_20mm_shell_region_voxels,-0.006660839160839027,0.006360105260231031
2,per_shell_topology_shell_10_20mm_shell_region_volume_mm3,-0.006416083916083759,0.009411068285229647
2,per_shell_topology_shell_2_5mm_shell_region_voxels,-0.0006818181818180058,0.002140377125719946
2,per_shell_topology_inside_tumor_shell_region_volume_mm3,-0.00041958041958036765,0.0007131495823206743
2,graph_totals_total_volume_burden_mm3,-0.0016783216783215482,0.000691388808856138
2,per_shell_topology_shell_0_2mm_shell_region_volume_mm3,-0.0019405594405593196,0.002293410457640324
2,graph_totals_total_length_mm,-0.001328671328671227,0.0009257484122289335
2,per_shell_topology_shell_gt20mm_node_count,0.0,0.0
2,per_shell_topology_shell_10_20mm_shell_volume_burden_mm3,0.0013811188811189811,0.0007638479816417273
2,per_shell_topology_shell_gt20mm_shell_region_volume_per_tumor_mm3,0.0,0.0
2,per_shell_topology_shell_5_10mm_shell_volume_burden_mm3,0.0,0.0
2,per_shell_topology_shell_10_20mm_shell_length_mm,0.0,0.0
2,per_shell_topology_shell_gt20mm_bifurcation_count,-0.0011363636363635131,0.001757406102500389
2,per_shell_topology_shell_5_10mm_node_count,0.0,0.0
2,per_shell_topology_shell_gt20mm_endpoint_count,-0.00027972027972016366,0.0007547913687035381
2,graph_tumor_r8_skel_voxels,0.0,0.0
2,per_shell_topology_shell_2_5mm_shell_volume_burden_mm3,0.0,0.0
2,graph_tumor_shell_r4_8_skel_voxels,0.0,0.0
2,per_shell_topology_shell_10_20mm_endpoint_count,0.00103146853146866,0.0010237353826543817
2,per_shell_topology_shell_10_20mm_shell_region_volume_per_tumor_mm3,-6.993006992996875e-05,0.0007342657342657081
2,per_shell_topology_shell_5_10mm_endpoint_count,0.0,0.0
2,graph_tumor_r4_skel_voxels,0.0,0.0
2,per_shell_topology_shell_2_5mm_endpoint_count,0.0,0.0
2,per_shell_topology_shell_10_20mm_bifurcation_count,0.0,0.0
2,per_shell_topology_shell_2_5mm_degree_distribution_deg2,0.0,0.0
2,length_weighted_shape_stats_near_tumor_length_weighted_tortuosity_quantiles_q90,0.0,0.0
2,length_weighted_shape_stats_near_tumor_segment_count,0.0,0.0
2,per_shell_topology_shell_10_20mm_degree_distribution_deg0,0.0,0.0
2,caliber_heterogeneity_near_tumor_near_radius_q90_mm,0.00022727272727288695,0.0012559458080882275
2,caliber_heterogeneity_near_tumor_near_radius_q50_mm,0.0,0.0
2,length_weighted_shape_stats_near_tumor_length_weighted_tortuosity_quantiles_q50,0.000524475524475676,0.0009447032228046418
2,caliber_heterogeneity_near_tumor_near_radius_q25_mm,0.0,0.0
2,per_shell_topology_shell_2_5mm_shell_region_volume_per_tumor_mm3,0.0006818181818183056,0.0004784591672518939
2,per_shell_topology_shell_gt20mm_shell_volume_burden_mm3_per_tumor_mm3,0.0,0.0
2,caliber_heterogeneity_near_tumor_near_radius_q10_mm,0.0,0.0
2,length_weighted_shape_stats_near_tumor_length_weighted_curvature_mean_quantiles_q25,0.0,0.0
2,length_weighted_shape_stats_near_tumor_length_weighted_curvature_mean_quantiles_q90,0.0,0.0
2,length_weighted_shape_stats_global_length_weighted_tortuosity_quantiles_q90,0.0006818181818182611,0.00032660037923548554
2,caliber_heterogeneity_near_tumor_global_node_radius_q90_mm,0.00047202797202811064,0.00030331034218351985
2,length_weighted_shape_stats_global_length_weighted_tortuosity_quantiles_q75,0.00019230769230779154,0.0011369014327195165
2,per_shell_topology_shell_0_2mm_shell_region_volume_per_tumor_mm3,0.0,0.0
2,length_weighted_shape_stats_global_length_weighted_tortuosity_quantiles_q50,-0.0019405594405592975,0.001197137644459459
2,caliber_heterogeneity_near_tumor_near_radius_sd_mm,0.0,0.0
2,length_weighted_shape_stats_global_length_weighted_tortuosity_mean,0.0,0.0
2,length_weighted_shape_stats_near_tumor_length_weighted_curvature_mean_quantiles_q10,0.0,0.0
2,per_shell_topology_shell_gt20mm_shell_length_mm_per_tumor_mm3,0.00019230769230784705,0.001377573567698747
2,length_weighted_shape_stats_global_length_weighted_tortuosity_quantiles_q25,0.0,0.0
2,per_shell_topology_shell_gt20mm_shell_volume_fraction_of_total_graph_volume,-1.7482517482436676e-05,0.0011971376444594418
2,length_weighted_shape_stats_global_length_weighted_curvature_mean_quantiles_q10,-0.001433566433566269,0.00446800614135244
2,length_weighted_shape_stats_global_length_weighted_curvature_mean_quantiles_q90,0.0013636363636364667,0.0007408958077068813
2,length_weighted_shape_stats_global_length_weighted_curvature_mean_quantiles_q50,0.0009790209790210946,0.0006166151079911958
2,length_weighted_shape_stats_global_length_weighted_curvature_mean_quantiles_q75,0.000454545454545574,0.0012635881817897095
2,graph_skel_per_tumor_voxel,0.0027972027972029577,0.0033709993123161876
2,length_weighted_shape_stats_global_length_weighted_curvature_mean_quantiles_q25,-0.0002447552447551571,0.0004077588737654126
2,length_weighted_shape_stats_global_length_weighted_curvature_mean,6.661338147750939e-17,0.0006541359067786286
2,per_shell_topology_shell_10_20mm_shell_volume_fraction_of_total_graph_volume,-0.00033216783216770683,0.002009272967296383
2,length_weighted_shape_stats_global_length_weighted_tortuosity_quantiles_q10,-0.00015734265734252962,0.005289696729126922
2,per_shell_topology_shell_10_20mm_shell_volume_burden_mm3_per_tumor_mm3,0.0,0.0
2,graph_tumor_r8_skel_frac_skeleton,0.0,0.0
2,per_shell_topology_shell_5_10mm_shell_length_fraction_of_total_graph_length,-0.002744755244755104,0.0016175816803007913
2,graph_tumor_shell_r4_8_skel_frac_skeleton,0.0,0.0
2,per_shell_topology_shell_5_10mm_shell_volume_burden_mm3_per_tumor_mm3,0.00040209790209799756,0.00036713286713285775
2,per_shell_topology_shell_10_20mm_shell_length_mm_per_tumor_mm3,0.002132867132867244,0.001758362372123079
2,per_shell_topology_shell_2_5mm_shell_length_fraction_of_total_graph_length,0.0,0.0
2,graph_tumor_shell_r2_4_skel_frac_skeleton,0.0,0.0
2,graph_tumor_shell_r4_8_skel_frac_shell,0.0,0.0
2,per_shell_topology_shell_2_5mm_shell_length_mm_per_tumor_mm3,0.0,0.0
2,graph_tumor_r8_skel_frac_region,0.0,0.0
2,graph_tumor_shell_r2_4_skel_frac_shell,0.0,0.0
2,graph_tumor_r4_skel_frac_region,0.0,0.0
2,graph_skel_in_tumor_voxels,0.0,0.0
2,graph_tumor_r2_skel_frac_region,0.0,0.0
2,graph_tumor_r2_skel_frac_skeleton,0.0,0.0
2,per_shell_topology_shell_0_2mm_node_count,0.0,0.0
2,per_shell_topology_inside_tumor_endpoint_count,0.0,0.0
2,directional_near_boundary_tangential_alignment_mean,0.0,0.0
2,per_shell_topology_shell_2_5mm_degree_distribution_deg0,0.0,0.0
2,per_shell_topology_shell_0_2mm_degree_distribution_deg2,0.0,0.0
2,per_shell_topology_shell_0_2mm_degree_distribution_deg0,0.0,0.0
2,directional_near_boundary_normal_alignment_abs_cos_mean,0.0,0.0
2,per_shell_topology_shell_gt20mm_degree_distribution_deg0,0.0,0.0
2,per_shell_topology_shell_5_10mm_degree_distribution_deg0,0.0,0.0
2,per_shell_topology_inside_tumor_degree_distribution_deg0,0.0,0.0
2,per_shell_topology_shell_2_5mm_degree_distribution_deg4plus,0.0,0.0
2,per_shell_topology_shell_gt20mm_degree_distribution_deg4plus,0.0,0.0
2,per_shell_topology_shell_5_10mm_degree_distribution_deg4plus,0.0,0.0
2,per_shell_topology_inside_tumor_degree_distribution_deg4plus,0.0,0.0
2,per_shell_topology_shell_10_20mm_degree_distribution_deg4plus,0.0,0.0
2,directional_near_boundary_radial_alignment_abs_cos_quantiles_q90,0.0,0.0
2,directional_near_boundary_radial_alignment_abs_cos_quantiles_q10,0.0,0.0
2,directional_near_boundary_normal_alignment_abs_cos_quantiles_q90,0.0,0.0
2,directional_near_boundary_normal_alignment_abs_cos_quantiles_q25,0.000559440559440616,0.0004678002853237237
2,directional_near_boundary_normal_alignment_abs_cos_quantiles_q10,0.0,0.0
2,per_shell_topology_shell_0_2mm_shell_volume_burden_mm3_per_tumor_mm3,0.0,0.0
2,per_shell_topology_shell_0_2mm_shell_volume_fraction_of_total_graph_volume,0.0,0.0
2,caliber_heterogeneity_near_tumor_near_high_radius_tail_fraction_vs_global_q90,0.0,0.0
2,graph_core_to_periphery_volume_ratio,0.0,0.0
2,graph_crossing_fraction_of_near_burden,8.741258741268298e-05,0.00032472335001759023
2,kinematic_reference_normalized_signal_all_segments_washin_rel_reference_hurdle_value_given_signal_max,0.0003146853146853923,0.0008079874131672459
2,kinematic_normalized_shell_burdens_shell_gt20mm_kinetic_auc_weighted_volume_mm3,0.0,0.0
2,kinematic_reference_normalized_signal_all_segments_washin_rel_reference_hurdle_value_given_signal_q90,0.00047202797202807736,0.000668234785091469
2,kinematic_reference_normalized_signal_all_segments_auc_rel_reference_hurdle_value_given_signal_max,0.0,0.0
2,kinematic_reference_normalized_signal_all_segments_peak_rel_reference_hurdle_value_given_signal_q90,0.0005069930069931172,0.0014147883221108546
2,kinematic_reference_normalized_signal_near_tumor_segments_peak_rel_reference_hurdle_value_given_signal_max,-0.0005069930069928841,0.0008327626128541636
2,kinematic_reference_normalized_signal_all_segments_auc_rel_reference_hurdle_value_given_signal_mean,0.0,0.0
2,kinematic_reference_normalized_signal_all_segments_peak_rel_reference_hurdle_value_given_signal_median,0.0,0.0
2,kinematic_reference_normalized_signal_near_tumor_segments_auc_rel_reference_hurdle_value_given_signal_median,0.0,0.0
2,kinematic_reference_normalized_signal_all_segments_washin_rel_reference_hurdle_value_given_signal_median,0.0,0.0
2,kinematic_normalized_shell_burdens_shell_10_20mm_kinetic_auc_weighted_volume_mm3,0.001048951048951119,0.0014267276757414702
2,kinematic_normalized_shell_burdens_shell_10_20mm_auc_weighted_volume_per_shell_segment,-0.0001573426573425407,0.0004848050567784084
2,kinematic_reference_normalized_signal_near_tumor_segments_peak_rel_reference_hurdle_value_given_signal_min,0.0,0.0
2,kinematic_normalized_shell_burdens_shell_5_10mm_kinetic_auc_weighted_volume_mm3,0.0,0.0
2,kinematic_normalized_shell_burdens_shell_gt20mm_auc_weighted_volume_per_shell_segment,-6.993006992999096e-05,0.0005371430592915115
2,kinematic_normalized_shell_burdens_shell_5_10mm_auc_weighted_volume_per_shell_segment,0.0,0.0
2,kinematic_reference_normalized_signal_all_segments_peak_rel_reference_hurdle_value_given_signal_min,0.0,0.0
2,kinematic_normalized_shell_burdens_shell_10_20mm_auc_weighted_volume_per_shell_length_mm,0.0,0.0
2,kinematic_normalized_shell_burdens_shell_gt20mm_auc_weighted_volume_per_shell_length_mm,0.0,0.0
2,kinematic_normalized_shell_burdens_shell_5_10mm_auc_weighted_volume_per_shell_length_mm,0.0,0.0
2,kinematic_normalized_shell_burdens_shell_gt20mm_auc_weighted_volume_per_tumor_mm3,0.0,0.0
2,kinematic_shell_contrasts_5_10mm_vs_10_20mm_tte_ratio,0.0,0.0
2,kinematic_shell_contrasts_5_10mm_vs_10_20mm_ttp_ratio,0.0,0.0
2,kinematic_shell_contrasts_5_10mm_vs_10_20mm_peak_ratio,0.0,0.0
2,kinematic_normalized_shell_burdens_shell_10_20mm_auc_weighted_volume_per_tumor_mm3,0.0,0.0
2,kinematic_reference_normalized_signal_all_segments_peak_rel_reference_hurdle_has_signal_fraction,0.0,0.0
2,kinematic_normalized_shell_burdens_shell_10_20mm_auc_weighted_volume_per_shell_mm3,-8.741258741251645e-05,0.0007047428101659634
2,kinematic_normalized_shell_burdens_shell_5_10mm_auc_weighted_volume_per_tumor_mm3,0.0,0.0
2,kinematic_kinetic_topology_coupling_early_bifurcation_density_per_tumor_mm3,0.0023776223776225012,0.0021585068998672503
2,kinematic_normalized_shell_burdens_shell_gt20mm_auc_weighted_volume_per_shell_mm3,-0.0020454545454544394,0.0010461793217046837
2,kinematic_normalized_shell_burdens_shell_gt20mm_auc_weighted_volume_per_shell_voxel,0.0,0.0
2,kinematic_normalized_shell_burdens_shell_10_20mm_peak_weighted_volume_per_shell_voxel,0.001783216783216901,0.000792712171241612
2,kinematic_normalized_shell_burdens_shell_5_10mm_peak_weighted_volume_per_shell_voxel,0.0,0.0
2,kinematic_reference_normalized_signal_reference_auc_positive,0.0,0.0
2,kinematic_reference_normalized_signal_reference_washin_slope,0.00043706293706302635,0.0011629488370323126
2,kinematic_temporal_heterogeneity_near_tumor_cv_auc,0.0,0.0
2,kinematic_shell_contrasts_0_2mm_vs_2_5mm_ttp_ratio,0.0,0.0
2,kinematic_shell_contrasts_inside_vs_2_5mm_ttp_ratio,0.0,0.0
2,kinematic_shell_contrasts_inside_vs_0_2mm_ttp_ratio,0.0011188811188811987,0.0006597189602836708
2,kinematic_shell_contrasts_0_2mm_vs_2_5mm_washin_ratio,0.0,0.0
2,kinematic_shell_contrasts_inside_vs_2_5mm_washin_ratio,0.0,0.0
2,kinematic_shell_contrasts_inside_vs_0_2mm_washin_ratio,0.0,0.0
2,kinematic_temporal_heterogeneity_near_tumor_cv_tte_time,0.0015209790209791741,0.0006543694850424281
2,kinematic_shell_contrasts_5_10mm_vs_10_20mm_washin_ratio,0.0,0.0
2,kinematic_temporal_heterogeneity_near_tumor_cv_washin_slope,0.0,0.0
2,kinematic_temporal_heterogeneity_near_tumor_cv_washout_slope,0.0,0.0
2,kinematic_component_invasion_crossing_length_concentration_max_fraction,0.0,0.0
2,kinematic_normalized_shell_burdens_shell_2_5mm_kinetic_auc_weighted_volume_mm3,0.0,0.0
2,kinematic_normalized_shell_burdens_shell_0_2mm_kinetic_auc_weighted_volume_mm3,0.0,0.0
2,kinematic_normalized_shell_burdens_inside_tumor_kinetic_auc_weighted_volume_mm3,0.0,0.0
2,kinematic_reference_normalized_signal_near_tumor_segments_peak_rel_reference_hurdle_valid_fraction,0.0,0.0
2,kinematic_reference_normalized_signal_all_segments_washin_rel_reference_hurdle_value_given_signal_min,0.0,0.0
2,kinematic_reference_normalized_signal_near_tumor_segments_peak_rel_reference_hurdle_has_signal_fraction,0.0,0.0
2,kinematic_reference_normalized_signal_near_tumor_segments_auc_rel_reference_hurdle_value_given_signal_sd,0.0,0.0
2,kinematic_reference_normalized_signal_near_tumor_segments_washin_rel_reference_hurdle_value_given_signal_sd,0.0,0.0
2,kinematic_reference_normalized_signal_near_tumor_segments_washin_rel_reference_hurdle_value_given_signal_q90,0.0,0.0
2,kinematic_reference_normalized_signal_near_tumor_segments_washin_rel_reference_hurdle_value_given_signal_min,0.0,0.0
2,kinematic_reference_normalized_signal_near_tumor_segments_washin_rel_reference_hurdle_value_given_signal_median,0.0008741258741260194,0.0008311093932870759
2,kinematic_shell_kinetics_shell_10_20mm_auc_rel_reference_hurdle_value_given_signal_max,0.0,0.0
2,kinematic_shell_kinetics_shell_10_20mm_peak_rel_reference_hurdle_value_given_signal_median,0.0,0.0
2,kinematic_shell_kinetics_shell_10_20mm_washin_rel_reference_hurdle_value_given_signal_max,0.0033391608391609706,0.001899811588703166
2,kinematic_shell_kinetics_shell_gt20mm_peak_rel_reference_hurdle_value_given_signal_iqr,0.0,0.0
2,kinematic_shell_kinetics_shell_10_20mm_auc_rel_reference_hurdle_value_given_signal_iqr,0.0006293706293707624,0.0020967362728062508
2,kinematic_shell_kinetics_shell_5_10mm_peak_rel_reference_hurdle_value_given_signal_max,0.0,0.0
2,kinematic_shell_kinetics_shell_10_20mm_peak_rel_reference_hurdle_value_given_signal_iqr,0.0,0.0
2,kinematic_shell_kinetics_shell_10_20mm_washin_rel_reference_hurdle_value_given_signal_mean,0.0,0.0
2,kinematic_shell_kinetics_shell_10_20mm_washin_rel_reference_hurdle_value_given_signal_iqr,0.0039685314685316,0.0014814821889776568
2,kinematic_shell_kinetics_shell_10_20mm_peak_rel_reference_hurdle_value_given_signal_min,0.0,0.0
2,kinematic_shell_kinetics_shell_10_20mm_washin_rel_reference_hurdle_value_given_signal_median,0.0005244755244756538,0.000729253622888597
2,kinematic_shell_segment_counts_shell_gt20mm,0.0,0.0
2,kinematic_graph_local_propagation_weighted_linear_fit_n,0.0,0.0
2,kinematic_propagation_speed_speed_positive_delay_mm_per_time_max,0.0,0.0
2,kinematic_kinetic_topology_coupling_early_bifurcation_count,0.0007167832167832677,0.00043845930783161934
2,kinematic_kinetic_topology_coupling_early_cycle_length_burden_mm_ge50,0.0,0.0
2,kinematic_propagation_speed_speed_positive_delay_mm_per_time_q90,0.0,0.0
2,kinematic_shell_kinetics_shell_gt20mm_auc_rel_reference_hurdle_value_given_signal_min,0.00045454545454560736,0.0008921224351169588
2,kinematic_shell_kinetics_shell_5_10mm_peak_rel_reference_hurdle_value_given_signal_min,0.00019230769230778045,0.0005212605425131251
2,kinematic_propagation_speed_negative_delay_segment_count,0.000874125874125975,0.000590277727836852
2,kinematic_shell_segment_counts_shell_10_20mm,0.0,0.0
2,kinematic_kinetic_topology_coupling_cycle_count,0.0,0.0
2,kinematic_propagation_speed_speed_positive_delay_mm_per_time_iqr,0.004335664335664469,0.0025643939228404264
2,kinematic_propagation_speed_speed_positive_delay_mm_per_time_sd,0.0,0.0
2,kinematic_propagation_speed_speed_positive_delay_mm_per_time_mean,0.0,0.0
2,kinematic_propagation_speed_speed_positive_delay_mm_per_time_median,0.0,0.0
2,kinematic_kinetic_topology_coupling_early_cycle_count_all_nodes,0.0,0.0
2,kinematic_component_invasion_component_count,0.0,0.0
2,kinematic_shell_kinetics_shell_5_10mm_time_to_peak_hurdle_value_given_signal_max,0.0,0.0
2,kinematic_shell_kinetics_shell_5_10mm_time_to_peak_hurdle_value_given_signal_mean,5.24475524476653e-05,0.0013060505381552092
2,kinematic_shell_kinetics_shell_10_20mm_time_to_peak_hurdle_value_given_signal_q90,0.0,0.0
2,kinematic_shell_kinetics_shell_10_20mm_auc_hurdle_value_given_signal_max,0.0,0.0
2,kinematic_shell_kinetics_shell_5_10mm_auc_hurdle_value_given_signal_max,0.0,0.0
2,kinematic_shell_segment_counts_shell_5_10mm,0.0,0.0
2,kinematic_propagation_speed_delay_all_segments_min,0.0,0.0
2,kinematic_propagation_speed_delay_all_segments_max,0.0,0.0
2,kinematic_shell_contrasts_5_10mm_vs_10_20mm_ttp_delta,-6.993006992990214e-05,0.0004296575429176437
2,kinematic_graph_local_propagation_distance_binned_dispersion_distance_bin_count,0.0,0.0
2,kinematic_arrival_delay_vs_reference_all_segments_hurdle_value_given_signal_max,0.0,0.0
2,kinematic_shell_kinetics_shell_5_10mm_time_to_peak_hurdle_value_given_signal_min,0.0,0.0
2,kinematic_shell_kinetics_shell_10_20mm_time_to_peak_hurdle_value_given_signal_min,0.0,0.0
2,kinematic_shell_kinetics_shell_10_20mm_time_to_peak_hurdle_value_given_signal_max,0.0,0.0
2,kinematic_shell_kinetics_shell_10_20mm_time_to_peak_hurdle_value_given_signal_iqr,0.0,0.0
2,kinematic_shell_kinetics_shell_gt20mm_time_to_peak_hurdle_value_given_signal_median,0.0,0.0
2,kinematic_shell_kinetics_shell_10_20mm_time_to_peak_hurdle_value_given_signal_median,0.0,0.0
2,kinematic_shell_kinetics_shell_gt20mm_time_to_enhancement_hurdle_value_given_signal_max,0.0,0.0
2,kinematic_shell_kinetics_shell_5_10mm_time_to_enhancement_hurdle_value_given_signal_q90,0.0010314685314686378,0.0010207454948947528
2,kinematic_shell_kinetics_shell_5_10mm_time_to_enhancement_hurdle_value_given_signal_min,0.0,0.0
2,kinematic_shell_kinetics_shell_10_20mm_time_to_enhancement_hurdle_value_given_signal_q90,0.0,0.0
2,kinematic_shell_kinetics_shell_10_20mm_time_to_enhancement_hurdle_value_given_signal_max,0.0,0.0
2,kinematic_shell_kinetics_shell_5_10mm_time_to_enhancement_hurdle_value_given_signal_median,0.0,0.0
2,kinematic_graph_local_propagation_earliest_arrival_component_near_tumor_earliest_threshold_tte,0.0,0.0
2,kinematic_graph_local_propagation_earliest_arrival_component_near_tumor_largest_component_segments,0.0,0.0
2,kinematic_shell_kinetics_shell_10_20mm_auc_hurdle_value_given_signal_median,0.0,0.0
2,kinematic_shell_kinetics_shell_10_20mm_auc_hurdle_value_given_signal_iqr,0.0,0.0
2,kinematic_shell_kinetics_shell_5_10mm_auc_hurdle_value_given_signal_mean,0.0005944055944056559,0.0003146853146853269
2,kinematic_shell_contrasts_5_10mm_vs_10_20mm_washin_delta_norm_l1,0.0,0.0
2,kinematic_shell_contrasts_5_10mm_vs_10_20mm_auc_delta,0.0,0.0
2,kinematic_arrival_delay_vs_reference_all_segments_hurdle_value_given_signal_q90,0.0,0.0
2,kinematic_shell_kinetics_shell_10_20mm_time_to_peak_hurdle_value_given_signal_sd,0.0009790209790210946,0.0010524417442861892
2,kinematic_core_to_periphery_tte_delta,0.0,0.0
2,kinematic_shell_kinetics_shell_gt20mm_auc_hurdle_value_given_signal_q90,0.0,0.0
2,kinematic_shell_kinetics_shell_10_20mm_auc_hurdle_value_given_signal_sd,0.0,0.0
2,kinematic_shell_contrasts_5_10mm_vs_10_20mm_washout_delta_norm_l1,0.0,0.0
2,kinematic_graph_local_propagation_earliest_arrival_component_near_tumor_largest_component_fraction_near_segments,0.0,0.0
2,kinematic_shell_kinetics_shell_gt20mm_auc_hurdle_value_given_signal_median,0.0,0.0
2,kinematic_shell_kinetics_shell_10_20mm_time_to_enhancement_hurdle_value_given_signal_mean,0.0,0.0
2,kinematic_propagation_speed_speed_positive_delay_mm_per_time_min,0.000367132867132991,0.0006924930881237235
2,kinematic_shell_kinetics_shell_gt20mm_auc_hurdle_value_given_signal_mean,0.0,0.0
2,kinematic_shell_kinetics_shell_gt20mm_auc_hurdle_value_given_signal_max,0.0,0.0
2,kinematic_graph_local_propagation_distance_binned_dispersion_distance_bin_monotonic_nondecreasing_fraction,0.0006643356643358355,0.0004408923151369992
2,kinematic_shell_kinetics_shell_gt20mm_time_to_peak_hurdle_value_given_signal_mean,0.0,0.0
2,kinematic_arrival_delay_vs_reference_all_segments_hurdle_value_given_signal_mean,0.0021328671328672113,0.0017214732342784977
2,kinematic_shell_kinetics_shell_gt20mm_auc_hurdle_value_given_signal_iqr,-0.00020979020979010609,0.0004339046729367301
2,kinematic_graph_local_propagation_graph_distance_available_fraction,0.00034965034965043216,0.0007660455349722263
2,kinematic_shell_kinetics_shell_10_20mm_peak_enhancement_hurdle_value_given_signal_median,0.00047202797202807736,0.000610888294043947
2,kinematic_shell_kinetics_shell_10_20mm_time_to_enhancement_hurdle_value_given_signal_sd,0.0,0.0
2,kinematic_graph_local_propagation_weighted_linear_fit_intercept,0.00024475524475536803,0.000668920505933838
2,kinematic_shell_kinetics_shell_10_20mm_peak_enhancement_hurdle_value_given_signal_q90,0.0,0.0
2,kinematic_shell_contrasts_5_10mm_vs_10_20mm_auc_delta_norm_l1,0.0,0.0
2,kinematic_arrival_delay_vs_reference_near_tumor_segments_hurdle_valid_fraction,0.0,0.0
2,kinematic_shell_kinetics_shell_gt20mm_time_to_enhancement_hurdle_value_given_signal_mean,0.0,0.0
2,kinematic_kinetic_topology_coupling_early_cycle_length_fraction_ge50,0.0,0.0
2,kinematic_graph_local_propagation_distance_binned_dispersion_mean_tte_std_across_distance_bins,0.0015209790209791741,0.0008743006818216592
2,kinematic_shell_kinetics_shell_10_20mm_peak_enhancement_hurdle_value_given_signal_iqr,0.0,0.0
2,kinematic_graph_local_propagation_weighted_linear_fit_rmse,0.0,0.0
2,kinematic_shell_contrasts_5_10mm_vs_10_20mm_peak_delta,0.0,0.0
2,kinematic_propagation_speed_delay_all_segments_sd,0.0,0.0
2,kinematic_graph_local_propagation_weighted_linear_fit_mae,0.0,0.0
2,kinematic_arrival_delay_vs_reference_all_segments_hurdle_value_given_signal_sd,0.0,0.0
2,kinematic_shell_kinetics_shell_gt20mm_time_to_enhancement_hurdle_value_given_signal_sd,0.0003846153846155054,0.0007771367402410234
2,kinematic_early_enhancing_fraction_volume_fraction_all_segments,0.0008741258741259639,0.0006634148937416149
2,kinematic_shell_kinetics_shell_10_20mm_washin_slope_hurdle_value_given_signal_max,0.0,0.0
2,kinematic_kinetic_topology_coupling_early_bifurcation_fraction_of_bifurcations,0.0,0.0
2,kinematic_kinetic_topology_coupling_early_node_fraction,1.748251748260321e-05,0.0007638479816417403
2,kinematic_shell_kinetics_shell_10_20mm_auc_hurdle_value_given_signal_min,0.0,0.0
2,kinematic_early_enhancing_fraction_count_fraction_all_segments,0.0,0.0
2,kinematic_shell_kinetics_shell_gt20mm_auc_hurdle_value_given_signal_sd,0.0,0.0
2,kinematic_shell_kinetics_shell_5_10mm_time_to_enhancement_hurdle_valid_fraction,0.0,0.0
2,kinematic_shell_kinetics_shell_gt20mm_washin_slope_hurdle_value_given_signal_max,0.0,0.0
2,kinematic_shell_kinetics_shell_gt20mm_time_to_peak_hurdle_value_given_signal_sd,0.00019230769230778045,0.0004588952709232842
2,kinematic_shell_kinetics_shell_gt20mm_peak_enhancement_hurdle_value_given_signal_median,-0.0010314685314684047,0.0013069862721374176
2,kinematic_shell_kinetics_shell_10_20mm_peak_enhancement_hurdle_value_given_signal_sd,0.0,0.0
2,kinematic_shell_kinetics_shell_10_20mm_washin_slope_hurdle_value_given_signal_q90,0.0,0.0
2,kinematic_shell_kinetics_shell_10_20mm_washout_slope_hurdle_value_given_signal_min,0.0,0.0
2,kinematic_shell_kinetics_shell_gt20mm_washout_slope_hurdle_value_given_signal_min,-1.7482517482436676e-05,0.0010986200939416045
2,kinematic_caliber_flow_kinetic_surrogates_tortuosity_weighted_peak_enhancement_mean,0.0,0.0
2,kinematic_shell_kinetics_shell_gt20mm_peak_enhancement_hurdle_value_given_signal_mean,0.0002797202797203968,0.0007342657342657552
2,kinematic_shell_kinetics_shell_gt20mm_peak_enhancement_hurdle_value_given_signal_q90,0.00041958041958055635,0.0013725724773699748
2,kinematic_shell_kinetics_shell_gt20mm_peak_enhancement_hurdle_value_given_signal_iqr,0.0,0.0
2,kinematic_propagation_speed_delay_all_segments_mean,0.0,0.0
2,kinematic_shell_kinetics_shell_10_20mm_washin_slope_hurdle_value_given_signal_sd,0.0007517482517483742,0.0014289752508335537
2,kinematic_shell_kinetics_shell_10_20mm_washin_slope_hurdle_value_given_signal_mean,0.0,0.0
2,kinematic_kinetic_topology_coupling_valid_time_node_fraction,0.0005069930069931949,0.0007394505588306313
2,kinematic_shell_kinetics_shell_gt20mm_washin_slope_hurdle_value_given_signal_q90,0.0,0.0
2,kinematic_arrival_delay_vs_reference_all_segments_hurdle_valid_fraction,0.0,0.0
2,kinematic_shell_kinetics_shell_10_20mm_washin_slope_hurdle_value_given_signal_iqr,0.0,0.0
2,kinematic_shell_kinetics_shell_10_20mm_washout_slope_hurdle_value_given_signal_mean,0.0,0.0
2,kinematic_shell_kinetics_shell_10_20mm_washout_slope_hurdle_value_given_signal_sd,0.0,0.0
2,kinematic_shell_kinetics_shell_gt20mm_peak_enhancement_hurdle_value_given_signal_sd,0.0,0.0
2,kinematic_graph_local_propagation_weighted_linear_fit_r2,-0.0023076923076921995,0.001349215481228972
2,kinematic_shell_kinetics_shell_10_20mm_washout_slope_hurdle_value_given_signal_iqr,0.0,0.0
2,kinematic_shell_kinetics_shell_5_10mm_auc_hurdle_value_given_signal_min,0.0,0.0
2,kinematic_shell_kinetics_shell_gt20mm_washout_slope_hurdle_value_given_signal_iqr,0.0011888111888113339,0.0007927121712415587
2,kinematic_shell_kinetics_shell_gt20mm_washin_slope_hurdle_value_given_signal_iqr,0.00108391608391617,0.0011378419647044026
2,kinematic_shell_contrasts_5_10mm_vs_10_20mm_washin_delta,0.0,0.0
2,kinematic_shell_kinetics_shell_gt20mm_washin_slope_hurdle_value_given_signal_median,0.0005769230769231748,0.0007210346373182326
2,kinematic_caliber_flow_kinetic_surrogates_radius_weighted_washin_mean,-0.00033216783216767355,0.0006562351181511784
2,kinematic_shell_kinetics_shell_gt20mm_washin_slope_hurdle_value_given_signal_sd,0.0,0.0
2,kinematic_shell_contrasts_5_10mm_vs_10_20mm_washout_delta,3.496503496512871e-05,0.0005517389453866904
2,kinematic_shell_kinetics_shell_gt20mm_washin_slope_hurdle_value_given_signal_mean,0.00019230769230781374,0.0009621739794277758
2,kinematic_shell_kinetics_shell_gt20mm_washout_slope_hurdle_value_given_signal_sd,8.741258741268298e-05,0.0006553029655241596
2,kinematic_shell_kinetics_shell_gt20mm_washout_slope_hurdle_value_given_signal_mean,0.0,0.0
2,kinematic_shell_kinetics_shell_5_10mm_washout_slope_hurdle_value_given_signal_min,-0.0002272727272726316,0.0007936754869102144
2,kinematic_shell_kinetics_shell_10_20mm_washout_slope_hurdle_value_given_signal_median,0.0,0.0
2,kinematic_shell_kinetics_shell_gt20mm_peak_enhancement_hurdle_value_given_signal_max,0.0,0.0
2,kinematic_caliber_flow_kinetic_surrogates_radius_weighted_washout_mean,0.0,0.0
2,kinematic_shell_kinetics_shell_gt20mm_washout_slope_hurdle_value_given_signal_median,0.0,0.0
2,kinematic_shell_kinetics_shell_10_20mm_washin_slope_hurdle_value_given_signal_median,0.0,0.0
2,kinematic_shell_kinetics_shell_5_10mm_washout_slope_hurdle_value_given_signal_mean,0.0,0.0
2,kinematic_shell_kinetics_shell_gt20mm_auc_hurdle_value_given_signal_min,0.0030244755244756226,0.0012113505035888058
2,kinematic_shell_kinetics_shell_gt20mm_peak_enhancement_hurdle_value_given_signal_min,0.0002447552447553458,0.0007588298746227222
2,kinematic_kinetic_topology_coupling_early_cycle_length_per_tumor_mm3_ge50,0.003199300699300889,0.003052239277092509
2,kinematic_graph_local_propagation_slope_tte_vs_graph_distance_from_boundary,-0.0007692307692306666,0.002642348199987278
2,kinematic_shell_segment_counts_shell_2_5mm,0.0,0.0
2,kinematic_shell_segment_counts_shell_0_2mm,0.0,0.0
2,kinematic_shell_contrasts_0_2mm_vs_2_5mm_ttp_delta,0.0,0.0
2,kinematic_shell_contrasts_0_2mm_vs_2_5mm_tte_delta,0.0,0.0
2,kinematic_shell_contrasts_0_2mm_vs_2_5mm_auc_delta,0.0,0.0
2,kinematic_propagation_speed_delay_all_segments_q90,0.0,0.0
2,kinematic_propagation_speed_delay_all_segments_iqr,0.0,0.0
2,kinematic_shell_contrasts_inside_vs_2_5mm_ttp_delta,0.0,0.0
2,kinematic_shell_contrasts_inside_vs_2_5mm_tte_delta,0.0,0.0
2,kinematic_shell_contrasts_inside_vs_2_5mm_auc_delta,0.0,0.0
2,kinematic_shell_contrasts_inside_vs_0_2mm_ttp_delta,0.0,0.0
2,kinematic_shell_contrasts_inside_vs_0_2mm_tte_delta,0.0,0.0
2,kinematic_shell_contrasts_inside_vs_0_2mm_auc_delta,0.0,0.0
2,kinematic_shell_contrasts_0_2mm_vs_2_5mm_peak_delta,0.0,0.0
2,kinematic_shell_contrasts_inside_vs_2_5mm_peak_delta,0.0,0.0
2,kinematic_shell_contrasts_inside_vs_0_2mm_peak_delta,0.0005769230769231748,0.0005531220985858758
2,kinematic_shell_contrasts_5_10mm_vs_10_20mm_tte_delta,0.0,0.0
2,kinematic_shell_contrasts_0_2mm_vs_2_5mm_washin_delta,0.0,0.0
2,kinematic_propagation_speed_delay_all_segments_median,0.0,0.0
2,kinematic_component_invasion_crossing_component_count,0.0,0.0
2,kinematic_shell_contrasts_inside_vs_2_5mm_washin_delta,0.0,0.0
2,kinematic_shell_contrasts_inside_vs_0_2mm_washin_delta,0.0,0.0
2,kinematic_shell_contrasts_0_2mm_vs_2_5mm_washout_delta,0.0,0.0
2,kinematic_shell_contrasts_inside_vs_2_5mm_washout_delta,0.0,0.0
2,kinematic_shell_contrasts_inside_vs_0_2mm_washout_delta,0.0,0.0
2,kinematic_component_invasion_crossing_component_fraction,0.0,0.0
2,kinematic_temporal_heterogeneity_near_tumor_ttp_entropy_bits,0.0,0.0
2,kinematic_early_enhancing_fraction_count_fraction_near_tumor,0.0,0.0
2,kinematic_early_enhancing_fraction_early_phase_time_threshold,0.0,0.0
2,kinematic_early_enhancing_fraction_volume_fraction_shell_2_5mm,0.0,0.0
2,kinematic_early_enhancing_fraction_volume_fraction_shell_0_2mm,0.0,0.0
2,kinematic_boundary_caliber_gradient_positive_dilation_fraction,0.0,0.0
2,kinematic_shell_kinetics_shell_2_5mm_auc_hurdle_value_given_signal_sd,0.0,0.0
2,kinematic_shell_kinetics_shell_0_2mm_auc_hurdle_value_given_signal_sd,0.0,0.0
2,kinematic_component_invasion_largest_crossing_component_segment_count,0.0,0.0
2,kinematic_shell_kinetics_shell_5_10mm_auc_hurdle_value_given_signal_sd,0.0,0.0
2,kinematic_shell_kinetics_shell_2_5mm_auc_hurdle_value_given_signal_min,0.0,0.0
2,kinematic_shell_kinetics_inside_tumor_auc_hurdle_value_given_signal_sd,0.0,0.0
2,kinematic_shell_kinetics_shell_2_5mm_time_to_peak_hurdle_valid_fraction,0.0,0.0
2,kinematic_shell_kinetics_shell_10_20mm_time_to_peak_hurdle_valid_fraction,0.0,0.0
2,kinematic_boundary_caliber_gradient_inside_radius_length_weighted_mean_mm,-0.0002097902097900728,0.0004932425167715213
2,kinematic_component_invasion_mean_crossing_component_max_invasion_depth_mm,0.0,0.0
2,kinematic_component_invasion_largest_crossing_component_crossing_length_mm,0.0,0.0
2,kinematic_boundary_crossing_dynamic_burden_kinetic_weighted_volume_auc_mm3,6.99300699302463e-05,0.0003599870678666859
2,kinematic_shell_kinetics_shell_2_5mm_washin_slope_hurdle_value_given_signal_sd,0.0,0.0
2,kinematic_shell_kinetics_shell_2_5mm_time_to_peak_hurdle_value_given_signal_sd,0.0,0.0
2,kinematic_shell_kinetics_shell_0_2mm_washin_slope_hurdle_value_given_signal_sd,0.0,0.0
2,kinematic_shell_kinetics_shell_0_2mm_time_to_peak_hurdle_value_given_signal_sd,0.0,0.0
2,kinematic_shell_kinetics_shell_5_10mm_washin_slope_hurdle_value_given_signal_sd,0.0,0.0
2,kinematic_shell_kinetics_shell_5_10mm_time_to_peak_hurdle_value_given_signal_sd,0.0,0.0
2,kinematic_shell_kinetics_shell_2_5mm_washout_slope_hurdle_value_given_signal_sd,0.0,0.0
2,kinematic_shell_kinetics_shell_2_5mm_washin_slope_hurdle_value_given_signal_q90,0.0,0.0
2,kinematic_shell_kinetics_shell_2_5mm_washin_slope_hurdle_value_given_signal_min,0.0,0.0
2,kinematic_shell_kinetics_shell_2_5mm_washin_slope_hurdle_value_given_signal_iqr,0.0,0.0
2,kinematic_shell_kinetics_shell_2_5mm_time_to_peak_hurdle_value_given_signal_q90,0.0,0.0
2,kinematic_shell_kinetics_shell_2_5mm_time_to_peak_hurdle_value_given_signal_min,0.0,0.0
2,kinematic_shell_kinetics_shell_2_5mm_time_to_peak_hurdle_value_given_signal_iqr,0.0,0.0
2,kinematic_shell_kinetics_shell_0_2mm_washout_slope_hurdle_value_given_signal_sd,0.0,0.0
2,kinematic_shell_kinetics_shell_0_2mm_washin_slope_hurdle_value_given_signal_q90,0.0,0.0
2,kinematic_shell_kinetics_shell_0_2mm_washin_slope_hurdle_value_given_signal_min,0.0,0.0
2,kinematic_shell_kinetics_shell_0_2mm_time_to_peak_hurdle_value_given_signal_iqr,0.0,0.0
2,kinematic_shell_kinetics_inside_tumor_washin_slope_hurdle_value_given_signal_sd,0.0,0.0
2,kinematic_shell_kinetics_inside_tumor_time_to_peak_hurdle_value_given_signal_sd,0.0,0.0
2,kinematic_arrival_delay_vs_reference_all_segments_hurdle_value_given_signal_min,0.0,0.0
2,kinematic_arrival_delay_vs_reference_all_segments_hurdle_value_given_signal_iqr,0.0,0.0
2,kinematic_shell_kinetics_shell_gt20mm_washin_slope_hurdle_value_given_signal_min,0.0,0.0
2,kinematic_shell_kinetics_shell_gt20mm_time_to_peak_hurdle_value_given_signal_q90,0.0,0.0
2,kinematic_shell_kinetics_shell_gt20mm_time_to_peak_hurdle_value_given_signal_min,0.0,0.0
2,kinematic_shell_kinetics_shell_gt20mm_time_to_peak_hurdle_value_given_signal_max,0.0,0.0
2,kinematic_shell_kinetics_shell_gt20mm_time_to_peak_hurdle_value_given_signal_iqr,0.0003146853146853812,0.00041958041958039264
2,kinematic_shell_kinetics_shell_5_10mm_washout_slope_hurdle_value_given_signal_sd,0.0,0.0
2,kinematic_shell_kinetics_shell_5_10mm_washin_slope_hurdle_value_given_signal_q90,0.0,0.0
2,kinematic_shell_kinetics_shell_5_10mm_washin_slope_hurdle_value_given_signal_min,0.0,0.0
2,kinematic_shell_kinetics_shell_5_10mm_time_to_peak_hurdle_value_given_signal_iqr,0.0,0.0
2,kinematic_shell_kinetics_shell_2_5mm_washout_slope_hurdle_value_given_signal_q90,0.0,0.0
2,kinematic_shell_kinetics_shell_2_5mm_washout_slope_hurdle_value_given_signal_min,-0.001048951048950919,0.0013360121101078756
2,kinematic_shell_kinetics_shell_10_20mm_time_to_enhancement_hurdle_valid_fraction,0.0,0.0
2,kinematic_shell_kinetics_shell_0_2mm_washout_slope_hurdle_value_given_signal_q90,0.0,0.0
2,kinematic_shell_kinetics_inside_tumor_washin_slope_hurdle_value_given_signal_q90,0.0,0.0
2,kinematic_shell_kinetics_inside_tumor_washin_slope_hurdle_value_given_signal_min,0.0,0.0
2,kinematic_shell_kinetics_inside_tumor_time_to_peak_hurdle_value_given_signal_iqr,0.0,0.0
2,kinematic_peritumoral_multi_scale_contrasts_core_shell_gradient_per_mm_ttp_slope,0.0,0.0
2,kinematic_peritumoral_multi_scale_contrasts_core_shell_gradient_per_mm_tte_slope,0.0,0.0
2,kinematic_peritumoral_multi_scale_contrasts_core_shell_gradient_per_mm_auc_slope,0.0,0.0
2,kinematic_boundary_caliber_gradient_outside_minus_inside_length_weighted_mean_mm,0.0,0.0
2,kinematic_shell_kinetics_shell_gt20mm_washout_slope_hurdle_value_given_signal_q90,0.0,0.0
2,kinematic_shell_kinetics_shell_gt20mm_washout_slope_hurdle_value_given_signal_max,0.0,0.0
2,kinematic_shell_kinetics_shell_5_10mm_washout_slope_hurdle_value_given_signal_q90,0.0,0.0
2,kinematic_shell_kinetics_shell_10_20mm_washin_slope_hurdle_value_given_signal_min,0.0,0.0
2,kinematic_shell_kinetics_inside_tumor_washout_slope_hurdle_value_given_signal_q90,0.0,0.0
2,kinematic_shell_kinetics_inside_tumor_washout_slope_hurdle_value_given_signal_iqr,0.0,0.0
2,kinematic_peritumoral_multi_scale_contrasts_core_shell_gradient_per_mm_peak_slope,0.0,0.0
2,kinematic_shell_kinetics_shell_2_5mm_washin_slope_hurdle_value_given_signal_median,0.0,0.0
2,kinematic_shell_kinetics_shell_10_20mm_washout_slope_hurdle_value_given_signal_q90,0.0,0.0
2,kinematic_shell_kinetics_shell_10_20mm_washout_slope_hurdle_value_given_signal_max,0.0,0.0
2,kinematic_shell_kinetics_shell_0_2mm_washin_slope_hurdle_value_given_signal_median,0.0,0.0
2,kinematic_shell_kinetics_inside_tumor_washout_slope_hurdle_value_given_signal_mean,0.0,0.0
2,kinematic_arrival_delay_vs_reference_all_segments_hurdle_value_given_signal_median,0.0,0.0
2,kinematic_shell_kinetics_shell_5_10mm_washin_slope_hurdle_value_given_signal_median,-0.0016083916083915462,0.0012960666428566538
2,kinematic_shell_kinetics_shell_2_5mm_washout_slope_hurdle_value_given_signal_median,0.0,0.0
2,kinematic_shell_kinetics_shell_2_5mm_auc_rel_reference_hurdle_value_given_signal_sd,0.0,0.0
2,kinematic_shell_kinetics_shell_0_2mm_auc_rel_reference_hurdle_value_given_signal_sd,0.0,0.0
2,kinematic_shell_kinetics_inside_tumor_washin_slope_hurdle_value_given_signal_median,0.0,0.0
2,kinematic_peritumoral_multi_scale_contrasts_core_shell_gradient_per_mm_washin_slope,0.0,0.0
2,kinematic_boundary_caliber_gradient_gradient_mm_per_mm_hurdle_value_given_signal_sd,0.0,0.0
2,kinematic_shell_kinetics_shell_5_10mm_peak_enhancement_hurdle_value_given_signal_iqr,0.0,0.0
2,kinematic_shell_kinetics_shell_5_10mm_auc_rel_reference_hurdle_value_given_signal_sd,0.0,0.0
2,kinematic_shell_kinetics_shell_2_5mm_auc_rel_reference_hurdle_value_given_signal_q90,0.0,0.0
2,kinematic_shell_kinetics_shell_0_2mm_auc_rel_reference_hurdle_value_given_signal_q90,0.0,0.0
2,kinematic_peritumoral_multi_scale_contrasts_core_shell_gradient_per_mm_washout_slope,0.0,0.0
2,kinematic_boundary_caliber_gradient_gradient_mm_per_mm_hurdle_value_given_signal_q90,0.0,0.0
2,kinematic_boundary_caliber_gradient_gradient_mm_per_mm_hurdle_value_given_signal_min,0.0,0.0
2,kinematic_boundary_caliber_gradient_gradient_mm_per_mm_hurdle_value_given_signal_max,0.0,0.0
2,kinematic_shell_kinetics_shell_2_5mm_time_to_enhancement_hurdle_value_given_signal_sd,0.0,0.0
2,kinematic_shell_kinetics_shell_0_2mm_time_to_enhancement_hurdle_value_given_signal_sd,0.0,0.0
2,kinematic_shell_kinetics_inside_tumor_auc_rel_reference_hurdle_value_given_signal_q90,0.0,0.0
2,kinematic_boundary_caliber_gradient_outside_over_inside_hurdle_value_given_signal_q90,0.0,0.0
2,kinematic_boundary_caliber_gradient_outside_over_inside_hurdle_value_given_signal_min,0.0,0.0
2,kinematic_boundary_caliber_gradient_gradient_mm_per_mm_hurdle_value_given_signal_mean,0.0,0.0
2,kinematic_arrival_delay_vs_reference_near_tumor_segments_hurdle_value_given_signal_sd,0.0,0.0
2,kinematic_shell_kinetics_shell_5_10mm_time_to_enhancement_hurdle_value_given_signal_sd,0.0011713286713287752,0.0013700093145779801
2,kinematic_shell_kinetics_shell_2_5mm_washin_rel_reference_hurdle_value_given_signal_sd,0.0,0.0
2,kinematic_shell_kinetics_shell_2_5mm_time_to_enhancement_hurdle_value_given_signal_iqr,0.0,0.0
2,kinematic_shell_kinetics_shell_0_2mm_washin_rel_reference_hurdle_value_given_signal_sd,0.0,0.0
2,kinematic_shell_kinetics_shell_0_2mm_time_to_enhancement_hurdle_value_given_signal_iqr,0.0,0.0
2,kinematic_shell_kinetics_inside_tumor_time_to_enhancement_hurdle_value_given_signal_sd,0.0,0.0
2,kinematic_arrival_delay_vs_reference_near_tumor_segments_hurdle_value_given_signal_q90,0.0,0.0
2,kinematic_arrival_delay_vs_reference_near_tumor_segments_hurdle_value_given_signal_min,0.0,0.0
2,kinematic_arrival_delay_vs_reference_near_tumor_segments_hurdle_value_given_signal_max,0.0,0.0
2,kinematic_arrival_delay_vs_reference_near_tumor_segments_hurdle_value_given_signal_iqr,0.0,0.0
2,kinematic_shell_kinetics_shell_gt20mm_time_to_enhancement_hurdle_value_given_signal_q90,0.0,0.0
2,kinematic_shell_kinetics_shell_gt20mm_time_to_enhancement_hurdle_value_given_signal_min,0.0,0.0
2,kinematic_shell_kinetics_shell_gt20mm_time_to_enhancement_hurdle_value_given_signal_iqr,0.0,0.0
2,kinematic_shell_kinetics_shell_5_10mm_washin_rel_reference_hurdle_value_given_signal_sd,0.0,0.0
2,kinematic_shell_kinetics_shell_5_10mm_time_to_enhancement_hurdle_value_given_signal_iqr,0.0,0.0
2,kinematic_shell_kinetics_shell_2_5mm_washin_rel_reference_hurdle_value_given_signal_q90,0.0,0.0
2,kinematic_shell_kinetics_shell_2_5mm_washin_rel_reference_hurdle_value_given_signal_min,0.0,0.0
2,kinematic_shell_kinetics_shell_0_2mm_washin_rel_reference_hurdle_value_given_signal_q90,0.0,0.0
2,kinematic_shell_kinetics_shell_0_2mm_washin_rel_reference_hurdle_value_given_signal_min,0.0,0.0
2,kinematic_shell_kinetics_inside_tumor_washin_rel_reference_hurdle_value_given_signal_sd,0.0,0.0
2,kinematic_shell_kinetics_inside_tumor_time_to_enhancement_hurdle_value_given_signal_iqr,0.0,0.0
2,kinematic_boundary_caliber_gradient_gradient_mm_per_mm_hurdle_value_given_signal_median,0.0,0.0
2,kinematic_arrival_delay_vs_reference_near_tumor_segments_hurdle_value_given_signal_mean,0.0,0.0
2,kinematic_shell_kinetics_shell_gt20mm_washin_rel_reference_hurdle_value_given_signal_min,0.0,0.0
2,kinematic_shell_kinetics_shell_5_10mm_washin_rel_reference_hurdle_value_given_signal_q90,0.0,0.0
2,kinematic_shell_kinetics_shell_5_10mm_washin_rel_reference_hurdle_value_given_signal_min,0.0,0.0
2,kinematic_shell_kinetics_shell_10_20mm_time_to_enhancement_hurdle_value_given_signal_min,0.0,0.0
2,kinematic_shell_kinetics_shell_10_20mm_time_to_enhancement_hurdle_value_given_signal_iqr,0.0,0.0
2,kinematic_shell_kinetics_inside_tumor_washin_rel_reference_hurdle_value_given_signal_q90,0.0,0.0
2,kinematic_shell_kinetics_shell_10_20mm_washin_rel_reference_hurdle_value_given_signal_min,0.0,0.0
2,kinematic_arrival_delay_vs_reference_near_tumor_segments_hurdle_value_given_signal_median,0.0,0.0
2,kinematic_shell_kinetics_shell_gt20mm_time_to_enhancement_hurdle_value_given_signal_median,0.0,0.0
2,kinematic_shell_kinetics_shell_0_2mm_washin_rel_reference_hurdle_value_given_signal_median,0.0,0.0
2,kinematic_shell_kinetics_shell_5_10mm_washin_rel_reference_hurdle_value_given_signal_median,0.0,0.0
2,kinematic_shell_kinetics_shell_10_20mm_time_to_enhancement_hurdle_value_given_signal_median,0.0,0.0
2,kinematic_core_to_periphery_peak_ratio,0.0,0.0
2,morph_seg_length_cv,0.0,0.0
2,morph_radius_cv,-0.00031468531468524795,0.0008303735725201318
2,morph_bifurcation_density_per_length,0.0,0.0
2,morph_seg_volume_sum,0.0,0.0
2,morph_seg_length_sum,0.0,0.0
2,morph_seg_volume_max,0.0,0.0
2,morph_radius_mean_sum,0.0,0.0
2,morph_seg_volume_std,0.0,0.0
2,morph_curvature_mean_sum,0.0,0.0
2,morph_seg_length_max,-0.0031468531468529905,0.00047557589191383646
2,morph_seg_volume_mean,0.0002797202797204301,0.0021499942852647677
2,morph_seg_length_std,-0.000891608391608234,0.0009364169049539588
2,morph_seg_length_mean,-0.0004370629370628598,0.00039287071773152745
2,morph_seg_tortuosity_max,0.0009615384615385802,0.0009390244057339456
2,morph_curvature_mean_max,-0.0002097902097901394,0.0009077451038983876
2,morph_radius_mean_max,1.7482517482636518e-05,0.0005270913787301151
2,morph_radius_mean_mean,-0.001730769230769169,0.001259348144297341
2,morph_radius_mean_std,-0.0006818181818180724,0.0014191023687818815
2,morph_seg_tortuosity_std,0.0,0.0
2,morph_curvature_mean_mean,0.0009790209790210725,0.001239163996270565
2,morph_curvature_mean_std,1.748251748264762e-05,0.00059260319079295
2,morph_seg_tortuosity_mean,0.0,0.0
2,morph_bifurcation_per_segment,0.005174825174825304,0.002152835563477216
2,morph_seg_dup_fraction,1.7482517482614312e-05,0.000810442446608343
2,morph_seg_tortuosity_invalid_n,0.0,0.0
2,morph_bif_angle_std,0.0,0.0
2,morph_bif_angle_mean,-0.00033216783216770683,0.004155877926023171
2,morph_bif_angle_max,0.0,0.0
2,tumor_size_outer_to_inner_shell_ratio,-0.0023951048951047606,0.002233455755651006
2,tumor_size_tumor_r8_region_voxels,-0.0067132867132865814,0.005751827958722458
2,tumor_size_tumor_voxels,-0.00027972027972010815,0.0010668633777897061
2,tumor_size_shell_0_2_over_tumor,0.0,0.0
3,clinical_post,0.0,0.0
3,clinical_luminal_b,0.0,0.0
3,clinical_luminal_a,0.06983957219251338,0.03660919847642821
3,clinical_triple_negative,0.0,0.0
3,clinical_pre (<6 months since LMP AND no prior bilateral ovariectomy AND not on estrogen replacement),0.0,0.0
3,clinical_pre (< 6 months since LMP AND no prior bilateral ovariectomy AND not on estrogen replacement),0.0,0.0
3,age,0.0004099821746880505,0.0003909396113985915
3,normalized_ratios_near_length_per_tumor_equiv_radius,0.0,0.0
3,caliber_heterogeneity_near_tumor_near_radius_cv,0.0,0.0
3,normalized_ratios_near_volume_per_skeleton_edge,0.0,0.0
3,per_shell_topology_shell_10_20mm_shell_volume_density_mm3_per_shell_mm3,0.0,0.0
3,per_shell_topology_shell_5_10mm_shell_volume_density_mm3_per_shell_mm3,0.0,0.0
3,per_shell_topology_shell_2_5mm_shell_volume_density_mm3_per_shell_mm3,0.0,0.0
3,per_shell_topology_shell_gt20mm_shell_volume_density_mm3_per_shell_mm3,0.0,0.0
3,per_shell_topology_shell_5_10mm_shell_length_density_mm_per_shell_mm3,0.0,0.0
3,per_shell_topology_shell_10_20mm_shell_length_density_mm_per_shell_mm3,0.0,0.0
3,normalized_ratios_near_volume_per_shell_voxel,0.0,0.0
3,per_shell_topology_shell_10_20mm_node_density_per_shell_voxel,0.0008021390374331472,0.0006537297975362386
3,per_shell_topology_shell_gt20mm_shell_length_density_mm_per_shell_mm3,0.0,0.0
3,per_shell_topology_shell_2_5mm_node_density_per_shell_voxel,0.0,0.0
3,per_shell_topology_shell_5_10mm_endpoint_density_per_shell_mm3,0.0,0.0
3,per_shell_topology_shell_5_10mm_endpoint_density_per_shell_voxel,0.0,0.0
3,per_shell_topology_shell_2_5mm_endpoint_density_per_shell_mm3,0.0,0.0
3,per_shell_topology_shell_gt20mm_edge_density_per_shell_voxel,-8.912655971479166e-05,0.0004799612127570803
3,per_shell_topology_shell_10_20mm_endpoint_density_per_shell_mm3,-0.0014260249554367,0.0008322721946473328
3,per_shell_topology_shell_10_20mm_endpoint_density_per_shell_voxel,1.7825311942953893e-05,0.000629967809164783
3,per_shell_topology_shell_10_20mm_bifurcation_density_per_shell_mm3,0.0,0.0
3,per_shell_topology_shell_gt20mm_bifurcation_density_per_shell_mm3,0.0,0.0
3,per_shell_topology_shell_gt20mm_endpoint_density_per_shell_mm3,0.0,0.0
3,per_shell_topology_shell_gt20mm_bifurcation_density_per_shell_voxel,0.0,0.0
3,per_shell_topology_shell_gt20mm_endpoint_density_per_shell_voxel,-8.912655971480277e-05,0.000499426942107746
3,normalized_ratios_inside_volume_per_tumor_voxel,0.0,0.0
3,per_shell_topology_shell_0_2mm_node_density_per_shell_mm3,-0.00046345811051692334,0.0005178552244682509
3,normalized_ratios_crossing_length_per_tumor_equiv_surface,0.0,0.0
3,per_shell_topology_shell_2_5mm_cycle_density_per_shell_mm3,0.0,0.0
3,per_shell_topology_shell_0_2mm_cycle_density_per_shell_mm3,0.0,0.0
3,per_shell_topology_shell_5_10mm_cycle_density_per_shell_mm3,0.0,0.0
3,per_shell_topology_shell_0_2mm_edge_density_per_shell_voxel,0.0,0.0
3,per_shell_topology_inside_tumor_cycle_density_per_shell_mm3,0.0,0.0
3,per_shell_topology_shell_10_20mm_cycle_density_per_shell_mm3,0.0,0.0
3,per_shell_topology_shell_2_5mm_bifurcation_density_per_shell_mm3,0.0,0.0
3,per_shell_topology_shell_0_2mm_bifurcation_density_per_shell_mm3,0.0,0.0
3,per_shell_topology_shell_5_10mm_bifurcation_density_per_shell_mm3,0.0006238859180035638,0.0007317068004197416
3,per_shell_topology_inside_tumor_bifurcation_density_per_shell_mm3,0.0,0.0
3,per_shell_topology_shell_gt20mm_shell_region_voxels,0.0005169340463458183,0.0008108068032473534
3,per_shell_topology_shell_gt20mm_shell_region_volume_mm3,0.0,0.0
3,per_shell_topology_shell_10_20mm_shell_region_voxels,0.003101604278074865,0.0013742841545380498
3,per_shell_topology_shell_10_20mm_shell_region_volume_mm3,0.009376114081996456,0.002783489667870679
3,per_shell_topology_shell_2_5mm_shell_region_voxels,0.00016042780748664053,0.0013679112330088885
3,per_shell_topology_inside_tumor_shell_region_volume_mm3,0.0019429590017825404,0.0015050517952093728
3,graph_totals_total_volume_burden_mm3,0.0,0.0
3,per_shell_topology_shell_0_2mm_shell_region_volume_mm3,0.0,0.0
3,graph_totals_total_length_mm,0.0,0.0
3,per_shell_topology_shell_gt20mm_edge_count,0.0,0.0
3,per_shell_topology_shell_10_20mm_shell_volume_burden_mm3,0.0018894830659536676,0.0040461494922810455
3,per_shell_topology_shell_gt20mm_shell_region_volume_per_tumor_mm3,0.003565062388591811,0.0008436477409055201
3,per_shell_topology_shell_5_10mm_shell_volume_burden_mm3,0.0,0.0
3,per_shell_topology_shell_10_20mm_shell_length_mm,0.0,0.0
3,per_shell_topology_shell_5_10mm_shell_length_mm,0.0,0.0
3,per_shell_topology_shell_gt20mm_bifurcation_count,0.0,0.0
3,graph_tumor_r8_skel_voxels,0.0,0.0
3,per_shell_topology_shell_gt20mm_endpoint_count,0.0,0.0
3,per_shell_topology_shell_2_5mm_shell_volume_burden_mm3,0.0,0.0
3,graph_tumor_shell_r4_8_skel_voxels,0.0,0.0
3,per_shell_topology_shell_10_20mm_endpoint_count,0.0,0.0
3,per_shell_topology_shell_10_20mm_shell_region_volume_per_tumor_mm3,0.001176470588235301,0.0029172581170022844
3,per_shell_topology_shell_5_10mm_endpoint_count,0.0,0.0
3,graph_tumor_r4_skel_voxels,0.0,0.0
3,graph_tumor_shell_r2_4_skel_voxels,0.0,0.0
3,per_shell_topology_shell_10_20mm_bifurcation_count,0.0,0.0
3,per_shell_topology_shell_2_5mm_endpoint_count,0.0,0.0
3,per_shell_topology_shell_2_5mm_degree_distribution_deg2,0.0,0.0
3,length_weighted_shape_stats_near_tumor_segment_count,0.0,0.0
3,per_shell_topology_shell_10_20mm_degree_distribution_deg0,0.0,0.0
3,length_weighted_shape_stats_near_tumor_length_weighted_tortuosity_quantiles_q90,-0.0009625668449197766,0.000672654626171614
3,caliber_heterogeneity_near_tumor_near_radius_q75_mm,0.0,0.0
3,caliber_heterogeneity_near_tumor_near_radius_q50_mm,0.0,0.0
3,length_weighted_shape_stats_near_tumor_length_weighted_tortuosity_quantiles_q50,-0.0008021390374331361,0.0004311367779838731
3,caliber_heterogeneity_near_tumor_near_radius_q25_mm,-0.0008377896613190772,0.0006766578572585442
3,per_shell_topology_shell_2_5mm_shell_region_volume_per_tumor_mm3,-0.0007130124777183555,0.0007392670714198961
3,caliber_heterogeneity_near_tumor_near_radius_q10_mm,0.0,0.0
3,per_shell_topology_shell_gt20mm_shell_volume_burden_mm3_per_tumor_mm3,0.0,0.0
3,length_weighted_shape_stats_near_tumor_length_weighted_curvature_mean_quantiles_q25,0.0,0.0
3,length_weighted_shape_stats_near_tumor_length_weighted_curvature_mean_quantiles_q50,0.0,0.0
3,length_weighted_shape_stats_near_tumor_length_weighted_curvature_mean_quantiles_q90,0.0,0.0
3,length_weighted_shape_stats_global_length_weighted_tortuosity_quantiles_q90,-0.0006951871657753684,0.002530252643000223
3,caliber_heterogeneity_near_tumor_global_node_radius_q90_mm,0.0022103386809269156,0.001332017232960384
3,length_weighted_shape_stats_global_length_weighted_tortuosity_quantiles_q75,0.000606060606060621,0.0009737255104276487
3,per_shell_topology_shell_0_2mm_shell_region_volume_per_tumor_mm3,5.347593582889498e-05,0.0005968152956429033
3,caliber_heterogeneity_near_tumor_near_radius_sd_mm,0.0,0.0
3,length_weighted_shape_stats_global_length_weighted_tortuosity_quantiles_q50,0.0,0.0
3,length_weighted_shape_stats_global_length_weighted_tortuosity_mean,0.0,0.0
3,length_weighted_shape_stats_near_tumor_length_weighted_curvature_mean_quantiles_q10,0.0,0.0
3,per_shell_topology_shell_gt20mm_shell_length_mm_per_tumor_mm3,0.0023351158645276483,0.0017012670463726165
3,length_weighted_shape_stats_global_length_weighted_tortuosity_quantiles_q25,0.0,0.0
3,per_shell_topology_shell_gt20mm_shell_length_fraction_of_total_graph_length,0.0,0.0
3,length_weighted_shape_stats_global_length_weighted_curvature_mean_quantiles_q10,0.002032085561497332,0.000976983216117282
3,length_weighted_shape_stats_global_length_weighted_curvature_mean_quantiles_q90,0.0,0.0
3,graph_skel_per_tumor_voxel,0.0065418894830659765,0.004160635535156312
3,length_weighted_shape_stats_global_length_weighted_curvature_mean_quantiles_q25,0.0,0.0
3,length_weighted_shape_stats_global_length_weighted_curvature_mean_quantiles_q50,0.0,0.0
3,length_weighted_shape_stats_global_length_weighted_curvature_mean_quantiles_q75,0.0006951871657754016,0.0013977818124859198
3,length_weighted_shape_stats_global_length_weighted_curvature_mean,0.0,0.0
3,per_shell_topology_shell_10_20mm_shell_volume_fraction_of_total_graph_volume,0.0,0.0
3,length_weighted_shape_stats_global_length_weighted_tortuosity_quantiles_q10,0.0,0.0
3,per_shell_topology_shell_10_20mm_shell_volume_burden_mm3_per_tumor_mm3,0.0,0.0
3,graph_tumor_r8_skel_frac_skeleton,0.0,0.0
3,per_shell_topology_shell_5_10mm_shell_length_fraction_of_total_graph_length,0.0,0.0
3,graph_tumor_shell_r4_8_skel_frac_skeleton,0.0017468805704099922,0.0009186523156309796
3,per_shell_topology_shell_5_10mm_shell_volume_burden_mm3_per_tumor_mm3,0.0009090909090909482,0.0003941772618092166
3,per_shell_topology_shell_10_20mm_shell_length_mm_per_tumor_mm3,0.002477718360071346,0.002680265496594422
3,per_shell_topology_shell_2_5mm_shell_length_fraction_of_total_graph_length,0.0,0.0
3,graph_tumor_shell_r2_4_skel_frac_skeleton,0.0,0.0
3,graph_tumor_shell_r4_8_skel_frac_shell,0.0,0.0
3,per_shell_topology_shell_2_5mm_shell_length_mm_per_tumor_mm3,0.0,0.0
3,graph_tumor_r8_skel_frac_region,0.0,0.0
3,graph_tumor_shell_r2_4_skel_frac_shell,0.0,0.0
3,graph_tumor_r4_skel_frac_region,0.0,0.0
3,graph_skel_in_tumor_voxels,0.0,0.0
3,graph_tumor_r2_skel_frac_region,0.0,0.0
3,graph_tumor_r2_skel_frac_skeleton,0.0,0.0
3,per_shell_topology_shell_0_2mm_node_count,0.0,0.0
3,per_shell_topology_shell_10_20mm_cycle_count,0.0,0.0
3,per_shell_topology_inside_tumor_endpoint_count,0.0,0.0
3,directional_near_boundary_tangential_alignment_mean,0.0026381461675579533,0.0011925653250393989
3,per_shell_topology_shell_2_5mm_degree_distribution_deg0,0.0,0.0
3,per_shell_topology_shell_0_2mm_degree_distribution_deg2,0.0,0.0
3,per_shell_topology_shell_0_2mm_degree_distribution_deg0,0.0,0.0
3,directional_near_boundary_normal_alignment_abs_cos_mean,0.0,0.0
3,per_shell_topology_shell_gt20mm_degree_distribution_deg0,0.0,0.0
3,per_shell_topology_shell_5_10mm_degree_distribution_deg0,0.0,0.0
3,per_shell_topology_inside_tumor_degree_distribution_deg0,0.0,0.0
3,per_shell_topology_shell_2_5mm_degree_distribution_deg4plus,0.0,0.0
3,per_shell_topology_shell_gt20mm_degree_distribution_deg4plus,0.0,0.0
3,per_shell_topology_shell_5_10mm_degree_distribution_deg4plus,0.0,0.0
3,per_shell_topology_inside_tumor_degree_distribution_deg4plus,0.0,0.0
3,per_shell_topology_shell_10_20mm_degree_distribution_deg4plus,0.0,0.0
3,directional_near_boundary_radial_alignment_abs_cos_quantiles_q90,0.0,0.0
3,directional_near_boundary_radial_alignment_abs_cos_quantiles_q10,-1.7825311942964996e-05,0.0006399758670594043
3,directional_near_boundary_normal_alignment_abs_cos_quantiles_q90,0.0,0.0
3,directional_near_boundary_normal_alignment_abs_cos_quantiles_q25,5.347593582889498e-05,0.000797371452632597
3,directional_near_boundary_normal_alignment_abs_cos_quantiles_q10,-0.0012121212121211865,0.0005091927578283876
3,per_shell_topology_shell_0_2mm_shell_volume_fraction_of_total_graph_volume,0.0,0.0
3,caliber_heterogeneity_near_tumor_near_high_radius_tail_fraction_vs_global_q90,0.00010695187165776776,0.0004233277036377138
3,graph_core_to_periphery_length_ratio,-0.0006238859180035638,0.0006339899908655297
3,graph_crossing_fraction_of_near_burden,0.0002673796791444083,0.002160101279572284
3,kinematic_reference_normalized_signal_all_segments_washin_rel_reference_hurdle_value_given_signal_max,-0.0004634581105169122,0.0009572707010408471
3,kinematic_normalized_shell_burdens_shell_gt20mm_kinetic_auc_weighted_volume_mm3,0.0,0.0
3,kinematic_reference_normalized_signal_all_segments_washin_rel_reference_hurdle_value_given_signal_q90,0.0,0.0
3,kinematic_reference_normalized_signal_all_segments_auc_rel_reference_hurdle_value_given_signal_max,0.0,0.0
3,kinematic_reference_normalized_signal_all_segments_peak_rel_reference_hurdle_value_given_signal_max,0.0,0.0
3,kinematic_reference_normalized_signal_near_tumor_segments_peak_rel_reference_hurdle_value_given_signal_max,0.0,0.0
3,kinematic_reference_normalized_signal_all_segments_auc_rel_reference_hurdle_value_given_signal_mean,0.0,0.0
3,kinematic_reference_normalized_signal_all_segments_peak_rel_reference_hurdle_value_given_signal_median,-0.001087344028520476,0.002009522293527255
3,kinematic_reference_normalized_signal_all_segments_peak_rel_reference_hurdle_value_given_signal_iqr,0.0,0.0
3,kinematic_reference_normalized_signal_near_tumor_segments_auc_rel_reference_hurdle_value_given_signal_median,0.0,0.0
3,kinematic_reference_normalized_signal_all_segments_washin_rel_reference_hurdle_value_given_signal_median,0.0004634581105169566,0.0023931103667505934
3,kinematic_normalized_shell_burdens_shell_10_20mm_kinetic_auc_weighted_volume_mm3,0.0,0.0
3,kinematic_reference_normalized_signal_near_tumor_segments_peak_rel_reference_hurdle_value_given_signal_min,0.0007130124777183777,0.0009499402919411364
3,kinematic_normalized_shell_burdens_shell_10_20mm_auc_weighted_volume_per_shell_segment,0.00017825311942960554,0.00038231034918943774
3,kinematic_normalized_shell_burdens_shell_5_10mm_kinetic_auc_weighted_volume_mm3,0.0,0.0
3,kinematic_normalized_shell_burdens_shell_gt20mm_auc_weighted_volume_per_shell_segment,0.0,0.0
3,kinematic_normalized_shell_burdens_shell_5_10mm_auc_weighted_volume_per_shell_segment,0.0,0.0
3,kinematic_reference_normalized_signal_all_segments_peak_rel_reference_hurdle_value_given_signal_min,0.0,0.0
3,kinematic_normalized_shell_burdens_shell_10_20mm_auc_weighted_volume_per_shell_length_mm,0.0,0.0
3,kinematic_normalized_shell_burdens_shell_5_10mm_auc_weighted_volume_per_shell_length_mm,0.0005347593582887722,0.0005406684808593004
3,kinematic_normalized_shell_burdens_shell_gt20mm_auc_weighted_volume_per_shell_length_mm,0.0022103386809269043,0.0006236312187000171
3,kinematic_shell_contrasts_5_10mm_vs_10_20mm_tte_ratio,0.0,0.0
3,kinematic_normalized_shell_burdens_shell_gt20mm_auc_weighted_volume_per_tumor_mm3,0.0,0.0
3,kinematic_shell_contrasts_5_10mm_vs_10_20mm_ttp_ratio,0.0,0.0
3,kinematic_shell_contrasts_5_10mm_vs_10_20mm_peak_ratio,0.0,0.0
3,kinematic_reference_normalized_signal_near_tumor_segments_peak_rel_reference_hurdle_has_signal_fraction,0.0,0.0
3,kinematic_normalized_shell_burdens_shell_10_20mm_auc_weighted_volume_per_tumor_mm3,0.0,0.0
3,kinematic_reference_normalized_signal_all_segments_peak_rel_reference_hurdle_has_signal_fraction,0.0,0.0
3,kinematic_normalized_shell_burdens_shell_10_20mm_auc_weighted_volume_per_shell_mm3,0.0,0.0
3,kinematic_normalized_shell_burdens_shell_5_10mm_auc_weighted_volume_per_tumor_mm3,0.0,0.0
3,kinematic_normalized_shell_burdens_shell_10_20mm_auc_weighted_volume_per_shell_voxel,0.0,0.0
3,kinematic_kinetic_topology_coupling_early_bifurcation_density_per_tumor_mm3,0.003351158645276342,0.009574300116181945
3,kinematic_normalized_shell_burdens_shell_gt20mm_auc_weighted_volume_per_shell_mm3,0.0,0.0
3,kinematic_normalized_shell_burdens_shell_gt20mm_auc_weighted_volume_per_shell_voxel,0.0,0.0
3,kinematic_normalized_shell_burdens_shell_5_10mm_auc_weighted_volume_per_shell_voxel,0.0,0.0
3,kinematic_reference_normalized_signal_reference_auc_positive,0.0,0.0
3,kinematic_reference_normalized_signal_reference_washin_slope,0.0,0.0
3,kinematic_temporal_heterogeneity_near_tumor_cv_auc,0.0,0.0
3,kinematic_shell_contrasts_0_2mm_vs_2_5mm_ttp_ratio,0.0,0.0
3,kinematic_shell_contrasts_inside_vs_2_5mm_ttp_ratio,0.0,0.0
3,kinematic_shell_contrasts_inside_vs_0_2mm_ttp_ratio,0.0,0.0
3,kinematic_shell_contrasts_0_2mm_vs_2_5mm_washin_ratio,0.0,0.0
3,kinematic_shell_contrasts_inside_vs_2_5mm_washin_ratio,0.0,0.0
3,kinematic_shell_contrasts_inside_vs_0_2mm_washin_ratio,0.0,0.0
3,kinematic_temporal_heterogeneity_near_tumor_cv_tte_time,0.00024955436720144333,0.0004380822006218805
3,kinematic_shell_contrasts_5_10mm_vs_10_20mm_washin_ratio,0.0,0.0
3,kinematic_temporal_heterogeneity_near_tumor_cv_washin_slope,0.0,0.0
3,kinematic_temporal_heterogeneity_near_tumor_cv_washout_slope,0.0,0.0
3,kinematic_component_invasion_crossing_length_concentration_max_fraction,0.0,0.0
3,kinematic_normalized_shell_burdens_shell_2_5mm_kinetic_auc_weighted_volume_mm3,0.0,0.0
3,kinematic_normalized_shell_burdens_shell_0_2mm_kinetic_auc_weighted_volume_mm3,0.0,0.0
3,kinematic_normalized_shell_burdens_inside_tumor_kinetic_auc_weighted_volume_mm3,0.0,0.0
3,kinematic_reference_normalized_signal_near_tumor_segments_peak_rel_reference_hurdle_valid_fraction,0.0,0.0
3,kinematic_reference_normalized_signal_all_segments_washin_rel_reference_hurdle_value_given_signal_min,0.0,0.0
3,kinematic_reference_normalized_signal_near_tumor_segments_auc_rel_reference_hurdle_value_given_signal_sd,-0.00010695187165774556,0.00024179429529858624
3,kinematic_reference_normalized_signal_near_tumor_segments_washin_rel_reference_hurdle_value_given_signal_sd,0.0,0.0
3,kinematic_reference_normalized_signal_near_tumor_segments_washin_rel_reference_hurdle_value_given_signal_min,0.0,0.0
3,kinematic_reference_normalized_signal_near_tumor_segments_washin_rel_reference_hurdle_value_given_signal_mean,0.0,0.0
3,kinematic_shell_kinetics_shell_10_20mm_auc_rel_reference_hurdle_value_given_signal_max,-0.00019607843137254833,0.00038603222509281333
3,kinematic_shell_kinetics_shell_10_20mm_peak_rel_reference_hurdle_value_given_signal_q90,0.0007486631016042744,0.0007512052586704124
3,kinematic_shell_kinetics_shell_10_20mm_auc_rel_reference_hurdle_value_given_signal_mean,0.0,0.0
3,kinematic_shell_kinetics_shell_10_20mm_washin_rel_reference_hurdle_value_given_signal_max,0.0010695187165775221,0.0009262303783790867
3,kinematic_shell_kinetics_shell_5_10mm_peak_rel_reference_hurdle_value_given_signal_max,0.0,0.0
3,kinematic_shell_kinetics_shell_10_20mm_auc_rel_reference_hurdle_value_given_signal_iqr,0.0,0.0
3,kinematic_shell_kinetics_shell_10_20mm_peak_rel_reference_hurdle_value_given_signal_iqr,-0.00017825311942960554,0.0008768894029410841
3,kinematic_shell_kinetics_shell_5_10mm_auc_rel_reference_hurdle_value_given_signal_median,0.0016042780748663165,0.0021656103455953636
3,kinematic_shell_kinetics_shell_10_20mm_washin_rel_reference_hurdle_value_given_signal_mean,0.0,0.0
3,kinematic_shell_kinetics_shell_10_20mm_peak_rel_reference_hurdle_value_given_signal_min,-0.0009803921568627306,0.0022437954370244533
3,kinematic_shell_kinetics_shell_10_20mm_washin_rel_reference_hurdle_value_given_signal_median,0.0022459893048128675,0.0012834224598930292
3,kinematic_shell_segment_counts_shell_gt20mm,0.0,0.0
3,kinematic_graph_local_propagation_weighted_linear_fit_n,0.0,0.0
3,kinematic_kinetic_topology_coupling_early_bifurcation_count,0.0,0.0
3,kinematic_propagation_speed_speed_positive_delay_mm_per_time_max,0.0005525846702317039,0.0011862875673422258
3,kinematic_kinetic_topology_coupling_early_cycle_length_burden_mm_ge50,0.0,0.0
3,kinematic_shell_kinetics_shell_5_10mm_peak_rel_reference_hurdle_value_given_signal_min,-0.0022281639928698584,0.0026212907611145547
3,kinematic_propagation_speed_speed_positive_delay_mm_per_time_q90,0.0002495543672013989,0.0016839024140633998
3,kinematic_shell_kinetics_shell_gt20mm_auc_rel_reference_hurdle_value_given_signal_min,0.0,0.0
3,kinematic_propagation_speed_negative_delay_segment_count,0.0,0.0
3,kinematic_shell_segment_counts_shell_10_20mm,0.0,0.0
3,kinematic_kinetic_topology_coupling_cycle_count,0.0,0.0
3,kinematic_propagation_speed_speed_positive_delay_mm_per_time_iqr,0.0015508021390374439,0.0020167826082159745
3,kinematic_propagation_speed_speed_positive_delay_mm_per_time_sd,0.0007843137254902266,0.0008776138057106077
3,kinematic_propagation_speed_speed_positive_delay_mm_per_time_mean,0.0,0.0
3,kinematic_propagation_speed_speed_positive_delay_mm_per_time_median,0.0,0.0
3,kinematic_kinetic_topology_coupling_early_cycle_count_all_nodes,0.0,0.0
3,kinematic_component_invasion_component_count,-0.00037433155080213165,0.0005989410914941464
3,kinematic_shell_kinetics_shell_5_10mm_time_to_peak_hurdle_value_given_signal_q90,0.0,0.0
3,kinematic_shell_kinetics_shell_5_10mm_time_to_peak_hurdle_value_given_signal_mean,0.0,0.0
3,kinematic_shell_kinetics_shell_5_10mm_auc_hurdle_value_given_signal_max,0.0,0.0
3,kinematic_shell_kinetics_shell_10_20mm_auc_hurdle_value_given_signal_max,-0.00044563279857396944,0.0005057490538007347
3,kinematic_shell_segment_counts_shell_5_10mm,0.0,0.0
3,kinematic_propagation_speed_delay_all_segments_min,0.0010516934046345683,0.00046789321741199844
3,kinematic_propagation_speed_delay_all_segments_max,0.0,0.0
3,kinematic_shell_contrasts_5_10mm_vs_10_20mm_ttp_delta,0.0,0.0
3,kinematic_graph_local_propagation_distance_binned_dispersion_distance_bin_count,3.565062388588558e-05,0.0008121772370691202
3,kinematic_arrival_delay_vs_reference_all_segments_hurdle_value_given_signal_max,0.0,0.0
3,kinematic_shell_kinetics_shell_5_10mm_time_to_peak_hurdle_value_given_signal_min,0.0,0.0
3,kinematic_shell_kinetics_shell_10_20mm_time_to_peak_hurdle_value_given_signal_q90,0.0,0.0
3,kinematic_shell_kinetics_shell_10_20mm_time_to_peak_hurdle_value_given_signal_min,0.0,0.0
3,kinematic_shell_kinetics_shell_10_20mm_time_to_peak_hurdle_value_given_signal_max,0.0,0.0
3,kinematic_shell_kinetics_shell_10_20mm_time_to_peak_hurdle_value_given_signal_iqr,0.0,0.0
3,kinematic_shell_kinetics_shell_gt20mm_time_to_peak_hurdle_value_given_signal_median,0.0,0.0
3,kinematic_shell_kinetics_shell_10_20mm_time_to_peak_hurdle_value_given_signal_median,0.0,0.0
3,kinematic_shell_kinetics_shell_gt20mm_time_to_enhancement_hurdle_value_given_signal_max,0.0,0.0
3,kinematic_shell_kinetics_shell_5_10mm_time_to_enhancement_hurdle_value_given_signal_q90,0.0,0.0
3,kinematic_shell_kinetics_shell_5_10mm_time_to_enhancement_hurdle_value_given_signal_min,0.0,0.0
3,kinematic_shell_kinetics_shell_10_20mm_time_to_enhancement_hurdle_value_given_signal_max,0.0,0.0
3,kinematic_graph_local_propagation_earliest_arrival_component_near_tumor_earliest_threshold_tte,0.0,0.0
3,kinematic_graph_local_propagation_earliest_arrival_component_near_tumor_largest_component_segments,0.0,0.0
3,kinematic_shell_kinetics_shell_10_20mm_auc_hurdle_value_given_signal_q90,0.0,0.0
3,kinematic_shell_kinetics_shell_10_20mm_auc_hurdle_value_given_signal_median,-0.0013190730837789543,0.0027281463771420583
3,kinematic_arrival_delay_vs_reference_all_segments_hurdle_value_given_signal_q90,0.0,0.0
3,kinematic_shell_kinetics_shell_10_20mm_time_to_peak_hurdle_value_given_signal_mean,0.0,0.0
3,kinematic_shell_kinetics_shell_5_10mm_auc_hurdle_value_given_signal_mean,0.0013190730837789766,0.0007227499084745817
3,kinematic_shell_kinetics_shell_10_20mm_auc_hurdle_value_given_signal_iqr,0.0,0.0
3,kinematic_shell_contrasts_5_10mm_vs_10_20mm_washin_delta_norm_l1,0.0,0.0
3,kinematic_shell_kinetics_shell_10_20mm_time_to_enhancement_hurdle_value_given_signal_q90,0.0,0.0
3,kinematic_shell_contrasts_5_10mm_vs_10_20mm_auc_delta,0.0,0.0
3,kinematic_core_to_periphery_tte_delta,0.0,0.0
3,kinematic_shell_kinetics_shell_10_20mm_time_to_peak_hurdle_value_given_signal_sd,-0.00012477718360071055,0.0028798224439696004
3,kinematic_shell_contrasts_5_10mm_vs_10_20mm_washout_delta_norm_l1,0.0016755793226381432,0.001401754242519625
3,kinematic_shell_kinetics_shell_gt20mm_auc_hurdle_value_given_signal_q90,0.0,0.0
3,kinematic_graph_local_propagation_earliest_arrival_component_near_tumor_largest_component_fraction_near_segments,0.0,0.0
3,kinematic_shell_kinetics_shell_10_20mm_auc_hurdle_value_given_signal_sd,0.0,0.0
3,kinematic_shell_kinetics_shell_gt20mm_auc_hurdle_value_given_signal_median,0.0,0.0
3,kinematic_propagation_speed_speed_positive_delay_mm_per_time_min,-0.008039215686274503,0.0038648055230905364
3,kinematic_shell_kinetics_shell_gt20mm_time_to_peak_hurdle_value_given_signal_mean,-0.00016042780748660724,0.0038549271993519956
3,kinematic_shell_kinetics_shell_gt20mm_auc_hurdle_value_given_signal_max,0.0,0.0
3,kinematic_graph_local_propagation_distance_binned_dispersion_distance_bin_monotonic_nondecreasing_fraction,0.0,0.0
3,kinematic_shell_kinetics_shell_10_20mm_time_to_enhancement_hurdle_value_given_signal_mean,-0.00046345811051696774,0.0006081540858906506
3,kinematic_shell_kinetics_shell_10_20mm_time_to_enhancement_hurdle_value_given_signal_sd,0.0,0.0
3,kinematic_arrival_delay_vs_reference_all_segments_hurdle_value_given_signal_mean,0.0,0.0
3,kinematic_graph_local_propagation_graph_distance_available_fraction,-0.003155080213903716,0.001704252709823583
3,kinematic_shell_kinetics_shell_gt20mm_auc_hurdle_value_given_signal_iqr,0.0,0.0
3,kinematic_graph_local_propagation_weighted_linear_fit_intercept,0.0014260249554367554,0.0026354951270269517
3,kinematic_shell_kinetics_shell_gt20mm_time_to_peak_hurdle_value_given_signal_iqr,0.0,0.0
3,kinematic_shell_kinetics_shell_10_20mm_peak_enhancement_hurdle_value_given_signal_median,0.0,0.0
3,kinematic_shell_contrasts_5_10mm_vs_10_20mm_auc_delta_norm_l1,0.0,0.0
3,kinematic_shell_kinetics_shell_10_20mm_peak_enhancement_hurdle_value_given_signal_q90,0.0,0.0
3,kinematic_shell_kinetics_shell_gt20mm_time_to_enhancement_hurdle_value_given_signal_mean,0.0015864527629233516,0.0007788253930464475
3,kinematic_kinetic_topology_coupling_early_cycle_length_fraction_ge50,0.0,0.0
3,kinematic_graph_local_propagation_distance_binned_dispersion_mean_tte_std_across_distance_bins,0.0007130124777183444,0.000926230378379074
3,kinematic_shell_kinetics_shell_10_20mm_peak_enhancement_hurdle_value_given_signal_iqr,0.0,0.0
3,kinematic_arrival_delay_vs_reference_near_tumor_segments_hurdle_valid_fraction,0.0005169340463458072,0.0007581522395057582
3,kinematic_graph_local_propagation_weighted_linear_fit_rmse,-0.0005347593582887611,0.0006226113795569781
3,kinematic_shell_contrasts_5_10mm_vs_10_20mm_peak_delta,0.0010695187165775666,0.0011188844796060542
3,kinematic_propagation_speed_delay_all_segments_sd,-0.00033868092691624607,0.0005070040161614177
3,kinematic_graph_local_propagation_weighted_linear_fit_mae,0.0,0.0
3,kinematic_shell_kinetics_shell_gt20mm_time_to_enhancement_hurdle_value_given_signal_sd,0.0,0.0
3,kinematic_early_enhancing_fraction_volume_fraction_all_segments,-0.00014260249554367554,0.0005153950907237624
3,kinematic_arrival_delay_vs_reference_all_segments_hurdle_value_given_signal_sd,0.0,0.0
3,kinematic_shell_kinetics_shell_10_20mm_washin_slope_hurdle_value_given_signal_max,0.00017825311942959443,0.0006427007621147967
3,kinematic_kinetic_topology_coupling_early_node_fraction,0.0010160427807486493,0.000504490969628694
3,kinematic_early_enhancing_fraction_count_fraction_all_segments,0.001729055258467005,0.0010425902899030082
3,kinematic_kinetic_topology_coupling_early_bifurcation_fraction_of_bifurcations,0.0,0.0
3,kinematic_shell_kinetics_shell_gt20mm_auc_hurdle_value_given_signal_sd,0.0015686274509804088,0.0024097817634397287
3,kinematic_shell_kinetics_shell_gt20mm_time_to_peak_hurdle_value_given_signal_sd,0.0,0.0
3,kinematic_shell_kinetics_shell_10_20mm_auc_hurdle_value_given_signal_min,0.0,0.0
3,kinematic_shell_kinetics_shell_gt20mm_peak_enhancement_hurdle_value_given_signal_median,0.0007843137254902377,0.0006337393523932879
3,kinematic_shell_kinetics_shell_gt20mm_washin_slope_hurdle_value_given_signal_max,0.0,0.0
3,kinematic_shell_kinetics_shell_5_10mm_time_to_enhancement_hurdle_valid_fraction,0.0,0.0
3,kinematic_shell_kinetics_shell_10_20mm_peak_enhancement_hurdle_value_given_signal_sd,0.00012477718360071055,0.0006951871657754379
3,kinematic_shell_kinetics_shell_gt20mm_washout_slope_hurdle_value_given_signal_min,0.0,0.0
3,kinematic_shell_kinetics_shell_10_20mm_washin_slope_hurdle_value_given_signal_q90,0.0,0.0
3,kinematic_shell_kinetics_shell_10_20mm_washout_slope_hurdle_value_given_signal_min,0.0,0.0
3,kinematic_caliber_flow_kinetic_surrogates_tortuosity_weighted_peak_enhancement_mean,0.0,0.0
3,kinematic_shell_kinetics_shell_gt20mm_peak_enhancement_hurdle_value_given_signal_mean,0.0,0.0
3,kinematic_shell_kinetics_shell_gt20mm_peak_enhancement_hurdle_value_given_signal_q90,0.0,0.0
3,kinematic_shell_kinetics_shell_gt20mm_peak_enhancement_hurdle_value_given_signal_iqr,-0.0006417112299464955,0.0008444006618415083
3,kinematic_propagation_speed_delay_all_segments_mean,-0.0005704099821746799,0.0006317306647654252
3,kinematic_shell_kinetics_shell_10_20mm_washin_slope_hurdle_value_given_signal_sd,0.0,0.0
3,kinematic_shell_kinetics_shell_10_20mm_washin_slope_hurdle_value_given_signal_mean,0.0,0.0
3,kinematic_kinetic_topology_coupling_valid_time_node_fraction,0.00117647058823529,0.0004862096861670812
3,kinematic_shell_kinetics_shell_gt20mm_washin_slope_hurdle_value_given_signal_q90,0.0,0.0
3,kinematic_arrival_delay_vs_reference_all_segments_hurdle_valid_fraction,0.0005169340463458294,0.0005718008888536876
3,kinematic_shell_kinetics_shell_10_20mm_washin_slope_hurdle_value_given_signal_iqr,0.0006951871657754239,0.0006924393796632683
3,kinematic_shell_kinetics_shell_10_20mm_washout_slope_hurdle_value_given_signal_mean,0.0,0.0
3,kinematic_shell_kinetics_shell_10_20mm_washout_slope_hurdle_value_given_signal_sd,0.0,0.0
3,kinematic_shell_kinetics_shell_10_20mm_washout_slope_hurdle_value_given_signal_iqr,0.0,0.0
3,kinematic_shell_kinetics_shell_gt20mm_peak_enhancement_hurdle_value_given_signal_sd,0.0,0.0
3,kinematic_shell_kinetics_shell_5_10mm_auc_hurdle_value_given_signal_min,0.0,0.0
3,kinematic_graph_local_propagation_weighted_linear_fit_r2,0.00016042780748666275,0.0007238481463189585
3,kinematic_shell_kinetics_shell_gt20mm_washout_slope_hurdle_value_given_signal_iqr,0.0010338680926916034,0.00048358859059717573
3,kinematic_shell_kinetics_shell_gt20mm_washin_slope_hurdle_value_given_signal_iqr,0.0,0.0
3,kinematic_shell_contrasts_5_10mm_vs_10_20mm_washin_delta,0.0,0.0
3,kinematic_shell_kinetics_shell_gt20mm_washin_slope_hurdle_value_given_signal_median,0.00121212121212122,0.0005568805473017311
3,kinematic_caliber_flow_kinetic_surrogates_radius_weighted_washin_mean,0.0009803921568627195,0.0006187720127525899
3,kinematic_shell_contrasts_5_10mm_vs_10_20mm_washout_delta,-0.00010695187165776776,0.0004307681274008655
3,kinematic_shell_kinetics_shell_gt20mm_washin_slope_hurdle_value_given_signal_sd,-0.0007486631016042633,0.000868881112795331
3,kinematic_shell_kinetics_shell_gt20mm_washout_slope_hurdle_value_given_signal_sd,-0.0012299465240641738,0.001000284338438355
3,kinematic_shell_kinetics_shell_gt20mm_washin_slope_hurdle_value_given_signal_mean,0.0,0.0
3,kinematic_shell_kinetics_shell_5_10mm_washout_slope_hurdle_value_given_signal_min,0.0,0.0
3,kinematic_shell_kinetics_shell_10_20mm_washout_slope_hurdle_value_given_signal_median,0.0007664884135472505,0.001305148841924118
3,kinematic_shell_kinetics_shell_gt20mm_washout_slope_hurdle_value_given_signal_mean,0.0005347593582887722,0.0011688838724245722
3,kinematic_shell_kinetics_shell_gt20mm_peak_enhancement_hurdle_value_given_signal_max,0.0,0.0
3,kinematic_caliber_flow_kinetic_surrogates_radius_weighted_washout_mean,0.0,0.0
3,kinematic_shell_kinetics_shell_gt20mm_washout_slope_hurdle_value_given_signal_median,0.0,0.0
3,kinematic_shell_kinetics_shell_10_20mm_washin_slope_hurdle_value_given_signal_median,0.0003565062388591556,0.001069518716577526
3,kinematic_shell_kinetics_shell_5_10mm_washout_slope_hurdle_value_given_signal_mean,0.0,0.0
3,kinematic_shell_kinetics_shell_gt20mm_auc_hurdle_value_given_signal_min,-0.00044563279857396944,0.0035518918929947916
3,kinematic_kinetic_topology_coupling_early_cycle_length_per_tumor_mm3_ge50,0.0018360071301247727,0.0022842147904322324
3,kinematic_graph_local_propagation_slope_tte_vs_graph_distance_from_boundary,0.0,0.0
3,kinematic_shell_kinetics_shell_5_10mm_washin_slope_hurdle_value_given_signal_max,0.0,0.0
3,kinematic_shell_segment_counts_shell_2_5mm,0.0,0.0
3,kinematic_shell_contrasts_0_2mm_vs_2_5mm_ttp_delta,0.0,0.0
3,kinematic_shell_contrasts_0_2mm_vs_2_5mm_tte_delta,0.0,0.0
3,kinematic_shell_contrasts_0_2mm_vs_2_5mm_auc_delta,0.00010695187165774556,0.0007183401668309983
3,kinematic_propagation_speed_delay_all_segments_q90,0.0,0.0
3,kinematic_propagation_speed_delay_all_segments_iqr,0.0,0.0
3,kinematic_shell_contrasts_inside_vs_2_5mm_ttp_delta,0.0,0.0
3,kinematic_shell_contrasts_inside_vs_2_5mm_tte_delta,0.0,0.0
3,kinematic_shell_contrasts_inside_vs_2_5mm_auc_delta,0.0,0.0
3,kinematic_shell_contrasts_inside_vs_0_2mm_ttp_delta,0.0,0.0
3,kinematic_shell_contrasts_inside_vs_0_2mm_tte_delta,0.0,0.0
3,kinematic_shell_contrasts_inside_vs_0_2mm_auc_delta,0.0,0.0
3,kinematic_shell_contrasts_0_2mm_vs_2_5mm_peak_delta,0.0,0.0
3,kinematic_shell_contrasts_inside_vs_2_5mm_peak_delta,0.0,0.0
3,kinematic_shell_contrasts_inside_vs_0_2mm_peak_delta,0.0,0.0
3,kinematic_shell_contrasts_5_10mm_vs_10_20mm_tte_delta,0.0,0.0
3,kinematic_shell_contrasts_0_2mm_vs_2_5mm_washin_delta,0.0,0.0
3,kinematic_propagation_speed_delay_all_segments_median,0.0,0.0
3,kinematic_component_invasion_crossing_component_count,0.0,0.0
3,kinematic_shell_contrasts_inside_vs_2_5mm_washin_delta,0.0,0.0
3,kinematic_shell_contrasts_inside_vs_0_2mm_washin_delta,0.0,0.0
3,kinematic_shell_contrasts_0_2mm_vs_2_5mm_washout_delta,0.0,0.0
3,kinematic_shell_contrasts_inside_vs_2_5mm_washout_delta,0.0,0.0
3,kinematic_shell_contrasts_inside_vs_0_2mm_washout_delta,0.0,0.0
3,kinematic_component_invasion_crossing_component_fraction,0.0,0.0
3,kinematic_temporal_heterogeneity_near_tumor_ttp_entropy_bits,0.0,0.0
3,kinematic_early_enhancing_fraction_count_fraction_near_tumor,0.0,0.0
3,kinematic_early_enhancing_fraction_early_phase_time_threshold,0.0,0.0
3,kinematic_early_enhancing_fraction_volume_fraction_shell_2_5mm,0.0,0.0
3,kinematic_early_enhancing_fraction_volume_fraction_shell_0_2mm,0.0,0.0
3,kinematic_boundary_caliber_gradient_positive_dilation_fraction,0.0,0.0
3,kinematic_shell_kinetics_shell_2_5mm_auc_hurdle_value_given_signal_sd,0.0,0.0
3,kinematic_shell_kinetics_shell_0_2mm_auc_hurdle_value_given_signal_sd,0.0,0.0
3,kinematic_component_invasion_largest_crossing_component_segment_count,0.0,0.0
3,kinematic_shell_kinetics_shell_5_10mm_auc_hurdle_value_given_signal_sd,0.0,0.0
3,kinematic_shell_kinetics_shell_2_5mm_auc_hurdle_value_given_signal_min,0.0,0.0
3,kinematic_shell_kinetics_inside_tumor_auc_hurdle_value_given_signal_sd,0.0,0.0
3,kinematic_shell_kinetics_shell_2_5mm_time_to_peak_hurdle_valid_fraction,0.0,0.0
3,kinematic_shell_kinetics_shell_10_20mm_time_to_peak_hurdle_valid_fraction,0.0,0.0
3,kinematic_boundary_caliber_gradient_inside_radius_length_weighted_mean_mm,0.0,0.0
3,kinematic_component_invasion_mean_crossing_component_max_invasion_depth_mm,0.0,0.0
3,kinematic_component_invasion_largest_crossing_component_crossing_length_mm,0.0,0.0
3,kinematic_shell_kinetics_shell_2_5mm_washin_slope_hurdle_value_given_signal_sd,0.0,0.0
3,kinematic_shell_kinetics_shell_2_5mm_time_to_peak_hurdle_value_given_signal_sd,0.0,0.0
3,kinematic_shell_kinetics_shell_2_5mm_time_to_enhancement_hurdle_valid_fraction,0.0,0.0
3,kinematic_shell_kinetics_shell_0_2mm_washin_slope_hurdle_value_given_signal_sd,0.0,0.0
3,kinematic_shell_kinetics_shell_0_2mm_time_to_peak_hurdle_value_given_signal_sd,0.0,0.0
3,kinematic_shell_kinetics_shell_5_10mm_washin_slope_hurdle_value_given_signal_sd,0.0,0.0
3,kinematic_shell_kinetics_shell_5_10mm_time_to_peak_hurdle_value_given_signal_sd,0.0,0.0
3,kinematic_shell_kinetics_shell_2_5mm_washout_slope_hurdle_value_given_signal_sd,0.0,0.0
3,kinematic_shell_kinetics_shell_2_5mm_washin_slope_hurdle_value_given_signal_q90,0.0,0.0
3,kinematic_shell_kinetics_shell_2_5mm_washin_slope_hurdle_value_given_signal_min,0.0,0.0
3,kinematic_shell_kinetics_shell_2_5mm_washin_slope_hurdle_value_given_signal_iqr,0.0,0.0
3,kinematic_shell_kinetics_shell_2_5mm_time_to_peak_hurdle_value_given_signal_q90,0.0,0.0
3,kinematic_shell_kinetics_shell_2_5mm_time_to_peak_hurdle_value_given_signal_iqr,0.0,0.0
3,kinematic_shell_kinetics_shell_0_2mm_washout_slope_hurdle_value_given_signal_sd,0.0,0.0
3,kinematic_shell_kinetics_shell_0_2mm_washin_slope_hurdle_value_given_signal_q90,0.0,0.0
3,kinematic_shell_kinetics_shell_0_2mm_washin_slope_hurdle_value_given_signal_min,0.0,0.0
3,kinematic_shell_kinetics_inside_tumor_washin_slope_hurdle_value_given_signal_sd,0.0,0.0
3,kinematic_shell_kinetics_inside_tumor_time_to_peak_hurdle_value_given_signal_sd,0.0,0.0
3,kinematic_arrival_delay_vs_reference_all_segments_hurdle_value_given_signal_min,0.0,0.0
3,kinematic_arrival_delay_vs_reference_all_segments_hurdle_value_given_signal_iqr,0.0,0.0
3,kinematic_shell_kinetics_shell_gt20mm_washin_slope_hurdle_value_given_signal_min,0.0,0.0
3,kinematic_shell_kinetics_shell_gt20mm_time_to_peak_hurdle_value_given_signal_q90,-0.0012655971479500594,0.0014643903314467811
3,kinematic_shell_kinetics_shell_gt20mm_time_to_peak_hurdle_value_given_signal_min,0.0,0.0
3,kinematic_shell_kinetics_shell_gt20mm_time_to_peak_hurdle_value_given_signal_max,0.0,0.0
3,kinematic_shell_kinetics_shell_5_10mm_washout_slope_hurdle_value_given_signal_sd,0.0,0.0
3,kinematic_shell_kinetics_shell_5_10mm_washin_slope_hurdle_value_given_signal_min,0.0,0.0
3,kinematic_shell_kinetics_shell_5_10mm_time_to_peak_hurdle_value_given_signal_iqr,0.0,0.0
3,kinematic_shell_kinetics_shell_2_5mm_washout_slope_hurdle_value_given_signal_q90,0.0,0.0
3,kinematic_shell_kinetics_shell_2_5mm_washout_slope_hurdle_value_given_signal_min,-3.5650623885918885e-05,0.00039698854636935685
3,kinematic_shell_kinetics_shell_10_20mm_time_to_enhancement_hurdle_valid_fraction,-3.565062388592999e-05,0.0008652164776835322
3,kinematic_shell_kinetics_shell_0_2mm_washout_slope_hurdle_value_given_signal_q90,-0.0014438502673796648,0.0013562473840732332
3,kinematic_shell_kinetics_shell_0_2mm_washout_slope_hurdle_value_given_signal_min,0.0,0.0
3,kinematic_shell_kinetics_inside_tumor_washout_slope_hurdle_value_given_signal_sd,0.0,0.0
3,kinematic_shell_kinetics_inside_tumor_washin_slope_hurdle_value_given_signal_q90,0.0,0.0
3,kinematic_shell_kinetics_inside_tumor_washin_slope_hurdle_value_given_signal_min,0.0,0.0
3,kinematic_shell_kinetics_inside_tumor_time_to_peak_hurdle_value_given_signal_iqr,0.0,0.0
3,kinematic_peritumoral_multi_scale_contrasts_core_shell_gradient_per_mm_ttp_slope,0.0,0.0
3,kinematic_peritumoral_multi_scale_contrasts_core_shell_gradient_per_mm_tte_slope,0.0,0.0
3,kinematic_peritumoral_multi_scale_contrasts_core_shell_gradient_per_mm_auc_slope,0.0,0.0
3,kinematic_boundary_caliber_gradient_outside_minus_inside_length_weighted_mean_mm,0.0,0.0
3,kinematic_shell_kinetics_shell_gt20mm_washout_slope_hurdle_value_given_signal_q90,0.0,0.0
3,kinematic_shell_kinetics_shell_gt20mm_washout_slope_hurdle_value_given_signal_max,0.0,0.0
3,kinematic_shell_kinetics_shell_5_10mm_washout_slope_hurdle_value_given_signal_q90,-0.0001960784313725261,0.0005662167620059974
3,kinematic_shell_kinetics_shell_10_20mm_washin_slope_hurdle_value_given_signal_min,0.0,0.0
3,kinematic_shell_kinetics_inside_tumor_washout_slope_hurdle_value_given_signal_q90,0.0,0.0
3,kinematic_shell_kinetics_inside_tumor_washout_slope_hurdle_value_given_signal_min,0.0,0.0
3,kinematic_peritumoral_multi_scale_contrasts_core_shell_gradient_per_mm_peak_slope,0.0,0.0
3,kinematic_shell_kinetics_shell_2_5mm_washin_slope_hurdle_value_given_signal_median,0.0,0.0
3,kinematic_shell_kinetics_shell_10_20mm_washout_slope_hurdle_value_given_signal_q90,0.0,0.0
3,kinematic_shell_kinetics_shell_10_20mm_washout_slope_hurdle_value_given_signal_max,0.0,0.0
3,kinematic_shell_kinetics_shell_0_2mm_washin_slope_hurdle_value_given_signal_median,0.0,0.0
3,kinematic_arrival_delay_vs_reference_all_segments_hurdle_value_given_signal_median,0.0,0.0
3,kinematic_shell_kinetics_shell_5_10mm_washin_slope_hurdle_value_given_signal_median,0.0,0.0
3,kinematic_shell_kinetics_shell_2_5mm_washout_slope_hurdle_value_given_signal_median,-0.0002852049910873289,0.0008812268872947052
3,kinematic_shell_kinetics_shell_2_5mm_auc_rel_reference_hurdle_value_given_signal_sd,0.0,0.0
3,kinematic_shell_kinetics_shell_0_2mm_auc_rel_reference_hurdle_value_given_signal_sd,0.0,0.0
3,kinematic_shell_kinetics_inside_tumor_washin_slope_hurdle_value_given_signal_median,0.0,0.0
3,kinematic_peritumoral_multi_scale_contrasts_core_shell_gradient_per_mm_washin_slope,0.0,0.0
3,kinematic_boundary_caliber_gradient_gradient_mm_per_mm_hurdle_value_given_signal_sd,0.0,0.0
3,kinematic_shell_kinetics_shell_5_10mm_auc_rel_reference_hurdle_value_given_signal_sd,0.002103386809269181,0.0025656067522741
3,kinematic_shell_kinetics_shell_2_5mm_auc_rel_reference_hurdle_value_given_signal_q90,0.0,0.0
3,kinematic_shell_kinetics_shell_0_2mm_auc_rel_reference_hurdle_value_given_signal_q90,-0.00019607843137253722,0.0005491237718626933
3,kinematic_shell_kinetics_inside_tumor_auc_rel_reference_hurdle_value_given_signal_sd,0.0,0.0
3,kinematic_peritumoral_multi_scale_contrasts_core_shell_gradient_per_mm_washout_slope,0.0,0.0
3,kinematic_boundary_crossing_dynamic_burden_kinetic_weighted_volume_auc_per_tumor_mm3,0.0,0.0
3,kinematic_boundary_caliber_gradient_gradient_mm_per_mm_hurdle_value_given_signal_q90,0.0,0.0
3,kinematic_boundary_caliber_gradient_gradient_mm_per_mm_hurdle_value_given_signal_min,0.0,0.0
3,kinematic_boundary_caliber_gradient_gradient_mm_per_mm_hurdle_value_given_signal_max,0.0,0.0
3,kinematic_shell_kinetics_shell_2_5mm_time_to_enhancement_hurdle_value_given_signal_sd,0.0,0.0
3,kinematic_shell_kinetics_shell_0_2mm_time_to_enhancement_hurdle_value_given_signal_sd,0.0,0.0
3,kinematic_shell_kinetics_inside_tumor_auc_rel_reference_hurdle_value_given_signal_q90,0.0,0.0
3,kinematic_boundary_caliber_gradient_outside_over_inside_hurdle_value_given_signal_q90,0.0,0.0
3,kinematic_boundary_caliber_gradient_outside_over_inside_hurdle_value_given_signal_min,0.0,0.0
3,kinematic_boundary_caliber_gradient_gradient_mm_per_mm_hurdle_value_given_signal_mean,0.0,0.0
3,kinematic_arrival_delay_vs_reference_near_tumor_segments_hurdle_value_given_signal_sd,0.0,0.0
3,kinematic_shell_kinetics_shell_5_10mm_time_to_enhancement_hurdle_value_given_signal_sd,0.0,0.0
3,kinematic_shell_kinetics_shell_2_5mm_washin_rel_reference_hurdle_value_given_signal_sd,0.0,0.0
3,kinematic_shell_kinetics_shell_2_5mm_time_to_enhancement_hurdle_value_given_signal_iqr,0.0,0.0
3,kinematic_shell_kinetics_shell_0_2mm_washin_rel_reference_hurdle_value_given_signal_sd,0.0,0.0
3,kinematic_shell_kinetics_shell_0_2mm_time_to_enhancement_hurdle_value_given_signal_iqr,0.0,0.0
3,kinematic_shell_kinetics_inside_tumor_time_to_enhancement_hurdle_value_given_signal_sd,0.0,0.0
3,kinematic_arrival_delay_vs_reference_near_tumor_segments_hurdle_value_given_signal_q90,0.0,0.0
3,kinematic_arrival_delay_vs_reference_near_tumor_segments_hurdle_value_given_signal_min,0.0,0.0
3,kinematic_arrival_delay_vs_reference_near_tumor_segments_hurdle_value_given_signal_max,0.0,0.0
3,kinematic_arrival_delay_vs_reference_near_tumor_segments_hurdle_value_given_signal_iqr,0.0,0.0
3,kinematic_shell_kinetics_shell_gt20mm_time_to_enhancement_hurdle_value_given_signal_q90,0.0,0.0
3,kinematic_shell_kinetics_shell_gt20mm_time_to_enhancement_hurdle_value_given_signal_min,0.0,0.0
3,kinematic_shell_kinetics_shell_gt20mm_time_to_enhancement_hurdle_value_given_signal_iqr,0.0,0.0
3,kinematic_shell_kinetics_shell_5_10mm_washin_rel_reference_hurdle_value_given_signal_sd,0.0,0.0
3,kinematic_shell_kinetics_shell_5_10mm_time_to_enhancement_hurdle_value_given_signal_iqr,0.0,0.0
3,kinematic_shell_kinetics_shell_2_5mm_washin_rel_reference_hurdle_value_given_signal_q90,0.0,0.0
3,kinematic_shell_kinetics_shell_0_2mm_washin_rel_reference_hurdle_value_given_signal_q90,0.0,0.0
3,kinematic_shell_kinetics_shell_0_2mm_washin_rel_reference_hurdle_value_given_signal_min,0.0,0.0
3,kinematic_shell_kinetics_inside_tumor_washin_rel_reference_hurdle_value_given_signal_sd,0.0,0.0
3,kinematic_shell_kinetics_inside_tumor_time_to_enhancement_hurdle_value_given_signal_iqr,0.0,0.0
3,kinematic_boundary_caliber_gradient_gradient_mm_per_mm_hurdle_value_given_signal_median,0.0,0.0
3,kinematic_arrival_delay_vs_reference_near_tumor_segments_hurdle_value_given_signal_mean,0.0,0.0
3,kinematic_shell_kinetics_shell_gt20mm_washin_rel_reference_hurdle_value_given_signal_min,0.0,0.0
3,kinematic_shell_kinetics_shell_5_10mm_washin_rel_reference_hurdle_value_given_signal_min,0.0,0.0
3,kinematic_shell_kinetics_shell_10_20mm_time_to_enhancement_hurdle_value_given_signal_min,0.0,0.0
3,kinematic_shell_kinetics_shell_10_20mm_time_to_enhancement_hurdle_value_given_signal_iqr,0.0,0.0
3,kinematic_shell_kinetics_inside_tumor_washin_rel_reference_hurdle_value_given_signal_q90,0.0,0.0
3,kinematic_shell_kinetics_inside_tumor_washin_rel_reference_hurdle_value_given_signal_min,0.0,0.0
3,kinematic_shell_kinetics_shell_2_5mm_time_to_enhancement_hurdle_value_given_signal_median,0.0,0.0
3,kinematic_shell_kinetics_shell_10_20mm_washin_rel_reference_hurdle_value_given_signal_min,0.0,0.0
3,kinematic_arrival_delay_vs_reference_near_tumor_segments_hurdle_value_given_signal_median,0.0,0.0
3,kinematic_shell_kinetics_shell_gt20mm_time_to_enhancement_hurdle_value_given_signal_median,0.0,0.0
3,kinematic_shell_kinetics_shell_0_2mm_washin_rel_reference_hurdle_value_given_signal_median,0.0,0.0
3,kinematic_shell_kinetics_shell_5_10mm_washin_rel_reference_hurdle_value_given_signal_median,0.0,0.0
3,kinematic_shell_kinetics_shell_10_20mm_time_to_enhancement_hurdle_value_given_signal_median,0.0,0.0
3,kinematic_shell_kinetics_inside_tumor_washin_rel_reference_hurdle_value_given_signal_median,0.0,0.0
3,kinematic_boundary_crossing_dynamic_burden_kinetic_weighted_volume_auc_per_crossing_length_mm,0.0,0.0
3,kinematic_core_to_periphery_peak_ratio,0.0,0.0
3,morph_seg_length_cv,0.0,0.0
3,morph_radius_cv,0.0,0.0
3,morph_bifurcation_density_per_length,-0.00042780748663101553,0.0010399965879368837
3,morph_seg_volume_sum,-0.00012477718360075495,0.0009020735065155126
3,morph_seg_length_sum,0.0,0.0
3,morph_seg_volume_max,-0.003208556149732633,0.001366865562401479
3,morph_bif_angle_n,0.0,0.0
3,morph_seg_volume_std,-0.000819964349376101,0.0006583310271878696
3,morph_seg_length_max,-0.00014260249554365334,0.0009047114110837291
3,morph_seg_volume_mean,0.0010338680926916366,0.0032251501969051267
3,morph_seg_length_std,0.0,0.0
3,morph_seg_tortuosity_max,0.0,0.0
3,morph_curvature_mean_max,0.00019607843137255942,0.00043989171762040937
3,morph_radius_mean_max,-0.0008556149732619978,0.0011436017777073334
3,morph_radius_mean_mean,0.003582887700534798,0.0014225671089289711
3,morph_radius_mean_std,0.0,0.0
3,morph_seg_tortuosity_std,0.0,0.0
3,morph_curvature_mean_mean,0.0,0.0
3,morph_seg_tortuosity_mean,0.0,0.0
3,morph_curvature_mean_std,0.0,0.0
3,morph_bifurcation_per_segment,0.004010695187165791,0.0028512142269435554
3,morph_seg_dup_fraction,-0.00037433155080214276,0.0008186069521002096
3,morph_seg_tortuosity_invalid_n,0.0,0.0
3,morph_bif_angle_std,0.0,0.0
3,morph_bif_angle_mean,0.0018894830659536455,0.0006679142244276676
3,morph_bif_angle_max,0.0,0.0
3,tumor_size_outer_to_inner_shell_ratio,0.002139037433155089,0.0016568912711047968
3,tumor_size_tumor_r8_region_voxels,-0.00019607843137257053,0.0015134729088860778
3,tumor_size_tumor_voxels,0.0,0.0
3,tumor_size_shell_0_2_over_tumor,0.0,0.0
4,clinical_post,0.0,0.0
4,clinical_luminal_b,0.0,0.0
4,clinical_luminal_a,0.09076648841354722,0.037371207548561575
4,clinical_triple_negative,0.0,0.0
4,clinical_pre (<6 months since LMP AND no prior bilateral ovariectomy AND not on estrogen replacement),0.0,0.0
4,clinical_pre (< 6 months since LMP AND no prior bilateral ovariectomy AND not on estrogen replacement),0.0,0.0
4,age,3.5650623885918885e-05,0.0013476690318314408
4,normalized_ratios_near_length_per_tumor_equiv_radius,0.0,0.0
4,caliber_heterogeneity_near_tumor_near_radius_cv,0.0,0.0
4,normalized_ratios_near_volume_per_skeleton_edge,0.0,0.0
4,per_shell_topology_shell_5_10mm_shell_volume_density_mm3_per_shell_mm3,0.0,0.0
4,per_shell_topology_shell_10_20mm_shell_volume_density_mm3_per_shell_mm3,0.0007664884135472616,0.0007220901640117238
4,per_shell_topology_shell_2_5mm_shell_volume_density_mm3_per_shell_mm3,0.0,0.0
4,per_shell_topology_shell_gt20mm_shell_volume_density_mm3_per_shell_mm3,0.0,0.0
4,per_shell_topology_shell_5_10mm_shell_length_density_mm_per_shell_mm3,0.0,0.0
4,normalized_ratios_near_volume_per_shell_voxel,0.0,0.0
4,per_shell_topology_shell_10_20mm_shell_length_density_mm_per_shell_mm3,0.0,0.0
4,per_shell_topology_shell_10_20mm_node_density_per_shell_voxel,-0.000998217468805651,0.0007859325377913964
4,per_shell_topology_shell_2_5mm_node_density_per_shell_mm3,0.0005704099821747133,0.0007637891367425382
4,per_shell_topology_shell_gt20mm_shell_length_density_mm_per_shell_mm3,0.0,0.0
4,per_shell_topology_shell_5_10mm_endpoint_density_per_shell_mm3,0.0,0.0
4,per_shell_topology_shell_5_10mm_endpoint_density_per_shell_voxel,0.0,0.0
4,per_shell_topology_shell_gt20mm_edge_density_per_shell_voxel,0.0,0.0
4,per_shell_topology_shell_2_5mm_endpoint_density_per_shell_voxel,0.0,0.0
4,per_shell_topology_shell_10_20mm_endpoint_density_per_shell_mm3,-0.0006238859180035528,0.0014198842831392284
4,per_shell_topology_shell_10_20mm_endpoint_density_per_shell_voxel,-0.0013190730837789432,0.0004380822006219094
4,per_shell_topology_shell_10_20mm_bifurcation_density_per_shell_mm3,0.001550802139037455,0.0006951871657754
4,per_shell_topology_shell_gt20mm_bifurcation_density_per_shell_mm3,0.0,0.0
4,per_shell_topology_shell_gt20mm_endpoint_density_per_shell_mm3,0.0,0.0
4,per_shell_topology_shell_gt20mm_bifurcation_density_per_shell_voxel,0.0,0.0
4,per_shell_topology_shell_gt20mm_endpoint_density_per_shell_voxel,0.0,0.0
4,normalized_ratios_inside_volume_per_tumor_voxel,0.0,0.0
4,per_shell_topology_shell_0_2mm_node_density_per_shell_mm3,-0.00044563279857392504,0.0016896477699763909
4,normalized_ratios_crossing_length_per_tumor_equiv_surface,0.0,0.0
4,per_shell_topology_shell_2_5mm_cycle_density_per_shell_mm3,0.0,0.0
4,per_shell_topology_shell_0_2mm_cycle_density_per_shell_mm3,0.0,0.0
4,per_shell_topology_inside_tumor_node_density_per_shell_mm3,0.0,0.0
4,per_shell_topology_shell_5_10mm_cycle_density_per_shell_mm3,0.0,0.0
4,per_shell_topology_shell_0_2mm_edge_density_per_shell_voxel,-0.00017825311942958332,0.0009860475355393406
4,per_shell_topology_inside_tumor_cycle_density_per_shell_mm3,0.0,0.0
4,per_shell_topology_shell_10_20mm_cycle_density_per_shell_mm3,0.0,0.0
4,per_shell_topology_shell_2_5mm_bifurcation_density_per_shell_mm3,0.0,0.0
4,per_shell_topology_shell_0_2mm_bifurcation_density_per_shell_mm3,0.0,0.0
4,per_shell_topology_shell_5_10mm_bifurcation_density_per_shell_mm3,-0.0003208556149732589,0.000925544027504262
4,per_shell_topology_inside_tumor_bifurcation_density_per_shell_mm3,0.0,0.0
4,per_shell_topology_shell_0_2mm_shell_volume_density_mm3_per_shell_mm3,0.0,0.0
4,per_shell_topology_shell_gt20mm_shell_region_voxels,-0.0008021390374331139,0.0014154016064959233
4,per_shell_topology_shell_gt20mm_shell_region_volume_mm3,3.565062388594109e-05,0.000742697563493745
4,per_shell_topology_shell_10_20mm_shell_region_voxels,-0.0007486631016042522,0.0038062780566329984
4,per_shell_topology_shell_10_20mm_shell_region_volume_mm3,0.004723707664884136,0.012095035696698935
4,per_shell_topology_shell_2_5mm_shell_region_voxels,-0.0018360071301247616,0.004317296440379831
4,per_shell_topology_inside_tumor_shell_region_volume_mm3,0.00037433155080216494,0.006594136803230168
4,graph_totals_total_volume_burden_mm3,0.0,0.0
4,graph_totals_total_length_mm,0.0,0.0
4,per_shell_topology_shell_gt20mm_edge_count,0.0,0.0
4,per_shell_topology_shell_10_20mm_shell_volume_burden_mm3,0.0,0.0
4,per_shell_topology_shell_gt20mm_shell_region_volume_per_tumor_mm3,0.0,0.0
4,per_shell_topology_shell_5_10mm_shell_volume_burden_mm3,0.0,0.0
4,per_shell_topology_shell_10_20mm_shell_length_mm,0.0,0.0
4,per_shell_topology_shell_5_10mm_shell_length_mm,0.0,0.0
4,per_shell_topology_shell_2_5mm_shell_volume_burden_mm3,0.0,0.0
4,graph_tumor_r8_skel_voxels,0.0,0.0
4,per_shell_topology_shell_gt20mm_bifurcation_count,0.0,0.0
4,per_shell_topology_shell_gt20mm_endpoint_count,0.0,0.0
4,graph_tumor_shell_r4_8_skel_voxels,0.0,0.0
4,per_shell_topology_shell_2_5mm_node_count,0.0,0.0
4,per_shell_topology_shell_10_20mm_endpoint_count,0.0,0.0
4,graph_tumor_r4_skel_voxels,0.0,0.0
4,per_shell_topology_shell_5_10mm_endpoint_count,0.0,0.0
4,per_shell_topology_shell_10_20mm_shell_region_volume_per_tumor_mm3,-7.130124777182667e-05,0.001087782267550245
4,graph_tumor_shell_r2_4_skel_voxels,3.5650623885918885e-05,0.001010869652674382
4,per_shell_topology_shell_10_20mm_bifurcation_count,0.0,0.0
4,length_weighted_shape_stats_near_tumor_segment_count,0.0,0.0
4,per_shell_topology_shell_10_20mm_degree_distribution_deg0,0.0,0.0
4,length_weighted_shape_stats_near_tumor_length_weighted_tortuosity_quantiles_q90,0.0,0.0
4,caliber_heterogeneity_near_tumor_near_radius_q50_mm,0.0,0.0
4,caliber_heterogeneity_near_tumor_near_radius_q90_mm,-0.00014260249554366445,0.0006801705535949748
4,length_weighted_shape_stats_near_tumor_length_weighted_tortuosity_quantiles_q50,-0.0003565062388591556,0.0008659506453826186
4,caliber_heterogeneity_near_tumor_near_radius_q25_mm,-0.0005882352941176117,0.0009125793751280236
4,per_shell_topology_shell_2_5mm_shell_region_volume_per_tumor_mm3,5.347593582887278e-05,0.00047195017094025425
4,length_weighted_shape_stats_near_tumor_length_weighted_tortuosity_quantiles_q10,-0.0005525846702317261,0.0005314813374643687
4,per_shell_topology_shell_gt20mm_shell_volume_burden_mm3_per_tumor_mm3,0.00017825311942962774,0.0009018973718840433
4,caliber_heterogeneity_near_tumor_near_radius_q10_mm,0.0,0.0
4,length_weighted_shape_stats_near_tumor_length_weighted_curvature_mean_quantiles_q25,0.0,0.0
4,length_weighted_shape_stats_near_tumor_length_weighted_curvature_mean_quantiles_q90,0.0,0.0
4,length_weighted_shape_stats_near_tumor_length_weighted_curvature_mean_quantiles_q50,0.0,0.0
4,length_weighted_shape_stats_global_length_weighted_tortuosity_quantiles_q90,0.0007308377896613205,0.0008857225132837578
4,caliber_heterogeneity_near_tumor_global_node_radius_q90_mm,-8.912655971476946e-05,0.0009474283255556915
4,caliber_heterogeneity_near_tumor_near_radius_sd_mm,0.0,0.0
4,length_weighted_shape_stats_global_length_weighted_tortuosity_quantiles_q75,8.912655971481387e-05,0.0005421356978875507
4,length_weighted_shape_stats_near_tumor_length_weighted_curvature_mean_quantiles_q10,0.0,0.0
4,per_shell_topology_shell_0_2mm_shell_region_volume_per_tumor_mm3,-0.000516934046345785,0.0016031883801637884
4,length_weighted_shape_stats_global_length_weighted_tortuosity_quantiles_q50,0.0,0.0
4,length_weighted_shape_stats_global_length_weighted_tortuosity_mean,0.0,0.0
4,per_shell_topology_shell_gt20mm_shell_length_mm_per_tumor_mm3,-0.005490196078431375,0.010776517858113295
4,length_weighted_shape_stats_global_length_weighted_tortuosity_quantiles_q25,0.0,0.0
4,per_shell_topology_shell_gt20mm_shell_volume_fraction_of_total_graph_volume,0.0,0.0
4,length_weighted_shape_stats_global_length_weighted_curvature_mean_quantiles_q10,0.0028342245989305126,0.0019238954227211267
4,length_weighted_shape_stats_global_length_weighted_curvature_mean_quantiles_q90,0.0,0.0
4,graph_skel_per_tumor_voxel,-0.003832442067736175,0.006985271018620132
4,length_weighted_shape_stats_global_length_weighted_curvature_mean_quantiles_q75,0.0,0.0
4,length_weighted_shape_stats_global_length_weighted_curvature_mean_quantiles_q50,3.3306690738754695e-17,0.0006327358056791033
4,length_weighted_shape_stats_global_length_weighted_curvature_mean_quantiles_q25,-0.0004812834224598994,0.0002988066776156633
4,length_weighted_shape_stats_global_length_weighted_curvature_mean,0.0003565062388592,0.0006764230289130158
4,per_shell_topology_shell_10_20mm_shell_volume_fraction_of_total_graph_volume,0.0,0.0
4,length_weighted_shape_stats_global_length_weighted_tortuosity_quantiles_q10,0.002067736185383251,0.0017026672279871308
4,per_shell_topology_shell_10_20mm_shell_volume_burden_mm3_per_tumor_mm3,0.0,0.0
4,graph_tumor_r8_skel_frac_skeleton,0.0,0.0
4,per_shell_topology_shell_5_10mm_shell_length_fraction_of_total_graph_length,0.0,0.0
4,graph_tumor_shell_r4_8_skel_frac_skeleton,0.0,0.0
4,per_shell_topology_shell_5_10mm_shell_volume_burden_mm3_per_tumor_mm3,0.0,0.0
4,per_shell_topology_shell_10_20mm_shell_length_mm_per_tumor_mm3,-0.0014795008912655838,0.0019149562629506925
4,per_shell_topology_shell_2_5mm_shell_length_fraction_of_total_graph_length,0.0,0.0
4,graph_tumor_shell_r2_4_skel_frac_skeleton,0.0,0.0
4,per_shell_topology_shell_5_10mm_shell_length_mm_per_tumor_mm3,0.0,0.0
4,per_shell_topology_shell_2_5mm_shell_length_mm_per_tumor_mm3,-0.00021390374331549112,0.0004835885905971643
4,graph_tumor_shell_r4_8_skel_frac_shell,0.0,0.0
4,graph_tumor_r8_skel_frac_region,0.00019607843137257053,0.0003233218742819449
4,graph_tumor_shell_r2_4_skel_frac_shell,0.0,0.0
4,graph_tumor_r4_skel_frac_region,0.0,0.0
4,graph_tumor_r2_skel_frac_region,0.0,0.0
4,graph_tumor_r2_skel_frac_skeleton,0.0,0.0
4,graph_skel_in_tumor_frac_skeleton,0.0,0.0
4,per_shell_topology_shell_0_2mm_node_count,0.0,0.0
4,per_shell_topology_inside_tumor_edge_count,0.0,0.0
4,per_shell_topology_shell_10_20mm_cycle_count,0.0,0.0
4,boundary_crossing_crossing_volume_burden_mm3,0.0,0.0
4,per_shell_topology_shell_0_2mm_endpoint_count,0.0,0.0
4,directional_near_boundary_tangential_alignment_mean,0.0,0.0
4,per_shell_topology_shell_2_5mm_degree_distribution_deg0,0.0,0.0
4,per_shell_topology_shell_0_2mm_degree_distribution_deg2,0.0,0.0
4,per_shell_topology_shell_0_2mm_degree_distribution_deg0,0.0,0.0
4,directional_near_boundary_normal_alignment_abs_cos_mean,0.0,0.0
4,per_shell_topology_shell_gt20mm_degree_distribution_deg0,0.0,0.0
4,per_shell_topology_shell_5_10mm_degree_distribution_deg0,0.0,0.0
4,per_shell_topology_inside_tumor_degree_distribution_deg0,0.0,0.0
4,per_shell_topology_shell_2_5mm_degree_distribution_deg4plus,0.0,0.0
4,per_shell_topology_shell_gt20mm_degree_distribution_deg4plus,0.0,0.0
4,per_shell_topology_shell_5_10mm_degree_distribution_deg4plus,0.0,0.0
4,per_shell_topology_inside_tumor_degree_distribution_deg4plus,0.0,0.0
4,per_shell_topology_shell_10_20mm_degree_distribution_deg4plus,0.0,0.0
4,directional_near_boundary_radial_alignment_abs_cos_quantiles_q90,0.0,0.0
4,directional_near_boundary_radial_alignment_abs_cos_quantiles_q10,0.0,0.00030874345945967495
4,directional_near_boundary_normal_alignment_abs_cos_quantiles_q90,-0.0005525846702317039,0.0007497233812767257
4,directional_near_boundary_normal_alignment_abs_cos_quantiles_q25,0.0,0.0
4,directional_near_boundary_normal_alignment_abs_cos_quantiles_q10,0.0,0.0
4,per_shell_topology_shell_0_2mm_shell_volume_fraction_of_total_graph_volume,0.0,0.0
4,caliber_heterogeneity_near_tumor_near_high_radius_tail_fraction_vs_global_q90,0.0,0.0
4,graph_core_to_periphery_length_ratio,0.0,0.0
4,graph_crossing_fraction_of_near_burden,0.0,0.0
4,kinematic_reference_normalized_signal_all_segments_washin_rel_reference_hurdle_value_given_signal_max,0.0006417112299465288,0.0008137406210704542
4,kinematic_normalized_shell_burdens_shell_gt20mm_kinetic_auc_weighted_volume_mm3,0.0,0.0
4,kinematic_reference_normalized_signal_all_segments_auc_rel_reference_hurdle_value_given_signal_max,-0.0007664884135472283,0.00030925760379496033
4,kinematic_reference_normalized_signal_all_segments_peak_rel_reference_hurdle_value_given_signal_max,0.0,0.0
4,kinematic_reference_normalized_signal_near_tumor_segments_auc_rel_reference_hurdle_value_given_signal_max,0.0,0.0
4,kinematic_reference_normalized_signal_all_segments_auc_rel_reference_hurdle_value_given_signal_median,0.0,0.0
4,kinematic_reference_normalized_signal_all_segments_peak_rel_reference_hurdle_value_given_signal_median,0.0,0.0
4,kinematic_reference_normalized_signal_all_segments_washin_rel_reference_hurdle_value_given_signal_median,-0.005508021390374307,0.003778335466831218
4,kinematic_normalized_shell_burdens_shell_10_20mm_kinetic_auc_weighted_volume_mm3,-0.00035650623885917775,0.0002391516553475522
4,kinematic_normalized_shell_burdens_shell_5_10mm_kinetic_auc_weighted_volume_mm3,0.0,0.0
4,kinematic_normalized_shell_burdens_shell_10_20mm_auc_weighted_volume_per_shell_segment,0.0,0.0
4,kinematic_normalized_shell_burdens_shell_gt20mm_auc_weighted_volume_per_shell_segment,-0.0008021390374331582,0.0008060904851761257
4,kinematic_normalized_shell_burdens_shell_5_10mm_auc_weighted_volume_per_shell_segment,0.0,0.0
4,kinematic_reference_normalized_signal_all_segments_peak_rel_reference_hurdle_value_given_signal_min,0.0,0.0
4,kinematic_normalized_shell_burdens_shell_10_20mm_auc_weighted_volume_per_shell_length_mm,0.0,0.0
4,kinematic_normalized_shell_burdens_shell_5_10mm_auc_weighted_volume_per_shell_length_mm,0.0,0.0
4,kinematic_normalized_shell_burdens_shell_gt20mm_auc_weighted_volume_per_shell_length_mm,0.0003743315508021539,0.0007368993443349246
4,kinematic_shell_contrasts_5_10mm_vs_10_20mm_tte_ratio,0.0,0.0
4,kinematic_normalized_shell_burdens_shell_gt20mm_auc_weighted_volume_per_tumor_mm3,0.0,0.0
4,kinematic_shell_contrasts_5_10mm_vs_10_20mm_peak_ratio,0.0,0.0
4,kinematic_shell_contrasts_5_10mm_vs_10_20mm_ttp_ratio,0.0,0.0
4,kinematic_normalized_shell_burdens_shell_10_20mm_auc_weighted_volume_per_tumor_mm3,0.0,0.0
4,kinematic_reference_normalized_signal_all_segments_peak_rel_reference_hurdle_has_signal_fraction,0.0,0.0
4,kinematic_normalized_shell_burdens_shell_5_10mm_auc_weighted_volume_per_tumor_mm3,0.0,0.0
4,kinematic_normalized_shell_burdens_shell_10_20mm_auc_weighted_volume_per_shell_mm3,-0.00014260249554360894,0.001062962674928734
4,kinematic_normalized_shell_burdens_shell_10_20mm_auc_weighted_volume_per_shell_voxel,8.912655971480277e-05,0.001348729585599075
4,kinematic_kinetic_topology_coupling_early_bifurcation_density_per_tumor_mm3,0.0015864527629233295,0.0019238954227211527
4,kinematic_normalized_shell_burdens_shell_5_10mm_auc_weighted_volume_per_shell_voxel,0.0,0.0
4,kinematic_normalized_shell_burdens_shell_gt20mm_auc_weighted_volume_per_shell_mm3,0.0,0.0
4,kinematic_normalized_shell_burdens_shell_gt20mm_auc_weighted_volume_per_shell_voxel,-0.001033868092691592,0.0012318825342724385
4,kinematic_reference_normalized_signal_reference_auc_positive,-0.0009625668449197655,0.0008019409539538077
4,kinematic_reference_normalized_signal_reference_peak_enhancement,0.0,0.0
4,kinematic_reference_normalized_signal_reference_washin_slope,-0.003137254901960762,0.0012431797343431666
4,kinematic_temporal_heterogeneity_near_tumor_cv_auc,0.0,0.0
4,kinematic_shell_contrasts_0_2mm_vs_2_5mm_ttp_ratio,0.0,0.0
4,kinematic_shell_contrasts_inside_vs_2_5mm_ttp_ratio,0.0,0.0
4,kinematic_shell_contrasts_inside_vs_0_2mm_ttp_ratio,0.0,0.0
4,kinematic_shell_contrasts_0_2mm_vs_2_5mm_washin_ratio,0.0,0.0
4,kinematic_shell_contrasts_inside_vs_2_5mm_washin_ratio,0.0,0.0
4,kinematic_shell_contrasts_inside_vs_0_2mm_washin_ratio,0.0,0.0
4,kinematic_temporal_heterogeneity_near_tumor_cv_tte_time,0.0,0.0
4,kinematic_shell_contrasts_5_10mm_vs_10_20mm_washin_ratio,0.0,0.0
4,kinematic_temporal_heterogeneity_near_tumor_cv_washin_slope,0.0,0.0
4,kinematic_temporal_heterogeneity_near_tumor_cv_washout_slope,0.0028342245989304905,0.0021158127179585085
4,kinematic_component_invasion_crossing_length_concentration_max_fraction,0.0,0.0
4,kinematic_normalized_shell_burdens_shell_2_5mm_kinetic_auc_weighted_volume_mm3,0.0,0.0
4,kinematic_normalized_shell_burdens_shell_0_2mm_kinetic_auc_weighted_volume_mm3,0.0,0.0
4,kinematic_normalized_shell_burdens_inside_tumor_kinetic_auc_weighted_volume_mm3,0.0,0.0
4,kinematic_normalized_shell_burdens_shell_2_5mm_peak_weighted_volume_per_shell_length_mm,0.0,0.0
4,kinematic_reference_normalized_signal_near_tumor_segments_peak_rel_reference_hurdle_valid_fraction,0.0,0.0
4,kinematic_reference_normalized_signal_all_segments_washin_rel_reference_hurdle_value_given_signal_min,0.0,0.0
4,kinematic_reference_normalized_signal_near_tumor_segments_peak_rel_reference_hurdle_has_signal_fraction,0.0,0.0
4,kinematic_reference_normalized_signal_near_tumor_segments_auc_rel_reference_hurdle_value_given_signal_sd,0.0,0.0
4,kinematic_reference_normalized_signal_near_tumor_segments_washin_rel_reference_hurdle_value_given_signal_sd,0.0,0.0
4,kinematic_reference_normalized_signal_near_tumor_segments_washin_rel_reference_hurdle_value_given_signal_q90,0.0,0.0
4,kinematic_reference_normalized_signal_near_tumor_segments_washin_rel_reference_hurdle_value_given_signal_min,0.0,0.0
4,kinematic_reference_normalized_signal_near_tumor_segments_washin_rel_reference_hurdle_value_given_signal_median,0.0005704099821746799,0.00038890239267860605
4,kinematic_shell_kinetics_shell_10_20mm_auc_rel_reference_hurdle_value_given_signal_max,-0.00016042780748658502,0.001601205217133319
4,kinematic_shell_kinetics_shell_10_20mm_washin_rel_reference_hurdle_value_given_signal_max,-0.001408199643493735,0.0020886063365230328
4,kinematic_shell_kinetics_shell_10_20mm_peak_rel_reference_hurdle_value_given_signal_q90,0.0,0.0
4,kinematic_shell_kinetics_shell_10_20mm_auc_rel_reference_hurdle_value_given_signal_median,0.0,0.0
4,kinematic_shell_kinetics_shell_5_10mm_peak_rel_reference_hurdle_value_given_signal_max,0.0,0.0
4,kinematic_shell_kinetics_shell_gt20mm_peak_rel_reference_hurdle_value_given_signal_iqr,0.0,0.0
4,kinematic_shell_kinetics_shell_10_20mm_auc_rel_reference_hurdle_value_given_signal_iqr,0.0,0.0
4,kinematic_shell_kinetics_shell_5_10mm_peak_rel_reference_hurdle_value_given_signal_median,0.0,0.0
4,kinematic_shell_kinetics_shell_10_20mm_peak_rel_reference_hurdle_value_given_signal_iqr,0.0,0.0
4,kinematic_shell_kinetics_shell_10_20mm_washin_rel_reference_hurdle_value_given_signal_mean,0.00012477718360074386,0.001975395246767929
4,kinematic_shell_kinetics_shell_10_20mm_peak_rel_reference_hurdle_value_given_signal_min,0.0,0.0
4,kinematic_shell_kinetics_shell_10_20mm_washin_rel_reference_hurdle_value_given_signal_iqr,0.0002139037433155244,0.0020997581921750265
4,kinematic_shell_kinetics_shell_10_20mm_washin_rel_reference_hurdle_value_given_signal_median,-0.0009625668449197878,0.0006534867301184893
4,kinematic_shell_kinetics_shell_5_10mm_peak_rel_reference_hurdle_value_given_signal_min,0.0,0.0
4,kinematic_shell_segment_counts_shell_gt20mm,0.0,0.0
4,kinematic_graph_local_propagation_weighted_linear_fit_n,0.0,0.0
4,kinematic_kinetic_topology_coupling_early_bifurcation_count,0.0,0.0
4,kinematic_propagation_speed_speed_positive_delay_mm_per_time_max,0.0,0.0
4,kinematic_kinetic_topology_coupling_early_cycle_length_burden_mm_ge50,0.0,0.0
4,kinematic_shell_kinetics_shell_gt20mm_auc_rel_reference_hurdle_value_given_signal_min,0.0,0.0
4,kinematic_propagation_speed_speed_positive_delay_mm_per_time_q90,0.0,0.0
4,kinematic_shell_segment_counts_shell_10_20mm,0.0022459893048128567,0.0009605842128561367
4,kinematic_propagation_speed_negative_delay_segment_count,0.0,0.0
4,kinematic_kinetic_topology_coupling_cycle_count,0.0,0.0
4,kinematic_propagation_speed_speed_positive_delay_mm_per_time_iqr,-0.00709447415329767,0.009007622397547307
4,kinematic_propagation_speed_speed_positive_delay_mm_per_time_sd,0.0,0.0
4,kinematic_propagation_speed_speed_positive_delay_mm_per_time_mean,0.0,0.0
4,kinematic_propagation_speed_speed_positive_delay_mm_per_time_median,0.0,0.0
4,kinematic_kinetic_topology_coupling_early_cycle_count_all_nodes,0.0,0.0
4,kinematic_component_invasion_component_count,0.0,0.0
4,kinematic_shell_kinetics_shell_5_10mm_time_to_peak_hurdle_value_given_signal_q90,0.0,0.0
4,kinematic_shell_kinetics_shell_5_10mm_time_to_peak_hurdle_value_given_signal_mean,0.0,0.0
4,kinematic_shell_kinetics_shell_5_10mm_auc_hurdle_value_given_signal_max,0.0,0.0
4,kinematic_shell_kinetics_shell_10_20mm_auc_hurdle_value_given_signal_max,0.0004456327985739916,0.0005119931057520313
4,kinematic_shell_segment_counts_shell_5_10mm,0.0,0.0
4,kinematic_propagation_speed_delay_all_segments_min,0.0,0.0
4,kinematic_propagation_speed_delay_all_segments_max,0.0,0.0
4,kinematic_shell_contrasts_5_10mm_vs_10_20mm_ttp_delta,0.0,0.0
4,kinematic_graph_local_propagation_distance_binned_dispersion_distance_bin_count,0.0,0.0
4,kinematic_arrival_delay_vs_reference_all_segments_hurdle_value_given_signal_q90,0.0,0.0
4,kinematic_arrival_delay_vs_reference_all_segments_hurdle_value_given_signal_max,0.0,0.0
4,kinematic_shell_kinetics_shell_5_10mm_time_to_peak_hurdle_value_given_signal_min,0.0,0.0
4,kinematic_shell_kinetics_shell_10_20mm_time_to_peak_hurdle_value_given_signal_q90,0.0,0.0
4,kinematic_shell_kinetics_shell_10_20mm_time_to_peak_hurdle_value_given_signal_min,0.0,0.0
4,kinematic_shell_kinetics_shell_10_20mm_time_to_peak_hurdle_value_given_signal_iqr,0.0,0.0
4,kinematic_shell_kinetics_shell_gt20mm_time_to_peak_hurdle_value_given_signal_median,0.0,0.0
4,kinematic_shell_kinetics_shell_10_20mm_time_to_peak_hurdle_value_given_signal_median,0.0,0.0
4,kinematic_shell_kinetics_shell_gt20mm_time_to_enhancement_hurdle_value_given_signal_max,0.0,0.0
4,kinematic_shell_kinetics_shell_5_10mm_time_to_enhancement_hurdle_value_given_signal_q90,0.0,0.0
4,kinematic_shell_kinetics_shell_5_10mm_time_to_enhancement_hurdle_value_given_signal_min,0.0,0.0
4,kinematic_shell_kinetics_shell_10_20mm_time_to_enhancement_hurdle_value_given_signal_max,0.0,0.0
4,kinematic_shell_kinetics_shell_5_10mm_time_to_enhancement_hurdle_value_given_signal_median,0.0,0.0
4,kinematic_graph_local_propagation_earliest_arrival_component_near_tumor_largest_component_segments,0.0,0.0
4,kinematic_shell_kinetics_shell_5_10mm_auc_hurdle_value_given_signal_mean,0.0,0.0
4,kinematic_shell_kinetics_shell_10_20mm_auc_hurdle_value_given_signal_median,0.0004991087344028977,0.0007076446788334773
4,kinematic_shell_kinetics_shell_10_20mm_time_to_peak_hurdle_value_given_signal_mean,0.0,0.0
4,kinematic_shell_kinetics_shell_10_20mm_auc_hurdle_value_given_signal_iqr,0.0,0.0
4,kinematic_shell_contrasts_5_10mm_vs_10_20mm_washin_delta_norm_l1,0.0,0.0
4,kinematic_shell_contrasts_5_10mm_vs_10_20mm_auc_delta,0.0,0.0
4,kinematic_core_to_periphery_tte_delta,0.0,0.0
4,kinematic_shell_kinetics_shell_10_20mm_time_to_enhancement_hurdle_value_given_signal_q90,0.0,0.0
4,kinematic_graph_local_propagation_earliest_arrival_component_near_tumor_earliest_threshold_tte,0.0,0.0
4,kinematic_graph_local_propagation_earliest_arrival_component_near_tumor_largest_component_fraction_near_segments,0.0,0.0
4,kinematic_shell_kinetics_shell_10_20mm_time_to_peak_hurdle_value_given_signal_sd,0.0013368983957219639,0.0014596089907974706
4,kinematic_shell_kinetics_shell_gt20mm_auc_hurdle_value_given_signal_q90,0.0,0.0
4,kinematic_shell_contrasts_5_10mm_vs_10_20mm_washout_delta_norm_l1,0.0,0.0
4,kinematic_shell_kinetics_shell_5_10mm_peak_enhancement_hurdle_value_given_signal_q90,0.0,0.0
4,kinematic_shell_kinetics_shell_gt20mm_auc_hurdle_value_given_signal_median,0.0,0.0
4,kinematic_shell_kinetics_shell_10_20mm_auc_hurdle_value_given_signal_sd,0.0,0.0
4,kinematic_shell_kinetics_shell_gt20mm_time_to_peak_hurdle_value_given_signal_mean,0.0,0.0
4,kinematic_shell_kinetics_shell_10_20mm_time_to_enhancement_hurdle_value_given_signal_mean,-0.0003030303030303272,0.0005350563643423776
4,kinematic_shell_kinetics_shell_gt20mm_auc_hurdle_value_given_signal_mean,0.0,0.0
4,kinematic_shell_kinetics_shell_gt20mm_auc_hurdle_value_given_signal_max,0.0,0.0
4,kinematic_graph_local_propagation_distance_binned_dispersion_distance_bin_monotonic_nondecreasing_fraction,0.0,0.0
4,kinematic_early_enhancing_fraction_count_fraction_near_tumor,0.0,0.0
4,kinematic_propagation_speed_speed_positive_delay_mm_per_time_min,0.0,0.0
4,kinematic_arrival_delay_vs_reference_all_segments_hurdle_value_given_signal_mean,0.0,0.0
4,kinematic_shell_kinetics_shell_10_20mm_time_to_enhancement_hurdle_value_given_signal_sd,0.0,0.0
4,kinematic_graph_local_propagation_graph_distance_available_fraction,-0.000516934046345796,0.004530891353642681
4,kinematic_shell_kinetics_shell_gt20mm_auc_hurdle_value_given_signal_iqr,0.0,0.0
4,kinematic_graph_local_propagation_weighted_linear_fit_intercept,-0.00012477718360066615,0.00402871767693748
4,kinematic_shell_contrasts_5_10mm_vs_10_20mm_auc_delta_norm_l1,0.0,0.0
4,kinematic_shell_kinetics_shell_10_20mm_peak_enhancement_hurdle_value_given_signal_median,0.0,0.0
4,kinematic_shell_kinetics_shell_gt20mm_time_to_enhancement_hurdle_value_given_signal_mean,0.0016221033868092593,0.0005433066186854932
4,kinematic_shell_kinetics_shell_10_20mm_peak_enhancement_hurdle_value_given_signal_q90,0.0007308377896613427,0.0006691024734090421
4,kinematic_kinetic_topology_coupling_early_cycle_length_fraction_ge50,0.0,0.0
4,kinematic_graph_local_propagation_distance_binned_dispersion_mean_tte_std_across_distance_bins,0.0,0.0
4,kinematic_shell_kinetics_shell_10_20mm_peak_enhancement_hurdle_value_given_signal_iqr,0.0,0.0
4,kinematic_shell_contrasts_5_10mm_vs_10_20mm_peak_delta,0.0,0.0
4,kinematic_graph_local_propagation_weighted_linear_fit_rmse,0.0,0.0
4,kinematic_shell_kinetics_shell_10_20mm_auc_hurdle_value_given_signal_min,5.347593582887278e-05,0.001305148841924121
4,kinematic_propagation_speed_delay_all_segments_sd,0.0,0.0
4,kinematic_shell_kinetics_shell_gt20mm_time_to_enhancement_hurdle_value_given_signal_sd,0.0,0.0
4,kinematic_graph_local_propagation_weighted_linear_fit_mae,0.0,0.0
4,kinematic_arrival_delay_vs_reference_all_segments_hurdle_value_given_signal_sd,0.0,0.0
4,kinematic_early_enhancing_fraction_volume_fraction_all_segments,3.565062388589668e-05,0.000925544027504274
4,kinematic_shell_kinetics_shell_10_20mm_washin_slope_hurdle_value_given_signal_max,0.0,0.0
4,kinematic_early_enhancing_fraction_count_fraction_all_segments,0.0,0.0
4,kinematic_kinetic_topology_coupling_early_bifurcation_fraction_of_bifurcations,-0.001033868092691559,0.0009691463257802347
4,kinematic_kinetic_topology_coupling_early_node_fraction,0.0,0.0
4,kinematic_shell_kinetics_shell_gt20mm_auc_hurdle_value_given_signal_sd,0.001051693404634535,0.000837789661319084
4,kinematic_shell_kinetics_shell_gt20mm_peak_enhancement_hurdle_value_given_signal_median,-0.00021390374331549112,0.0004351713231990478
4,kinematic_shell_kinetics_shell_gt20mm_time_to_peak_hurdle_value_given_signal_sd,0.0,0.0
4,kinematic_shell_kinetics_shell_gt20mm_washin_slope_hurdle_value_given_signal_max,0.0,0.0
4,kinematic_shell_kinetics_shell_10_20mm_peak_enhancement_hurdle_value_given_signal_sd,-0.0009447415329767895,0.0005290845661196567
4,kinematic_shell_kinetics_shell_5_10mm_auc_hurdle_value_given_signal_min,0.0,0.0
4,kinematic_shell_kinetics_shell_gt20mm_peak_enhancement_hurdle_value_given_signal_mean,0.0,0.0
4,kinematic_shell_kinetics_shell_gt20mm_washout_slope_hurdle_value_given_signal_min,0.0,0.0
4,kinematic_shell_kinetics_shell_10_20mm_washout_slope_hurdle_value_given_signal_min,0.0,0.0
4,kinematic_shell_kinetics_shell_gt20mm_peak_enhancement_hurdle_value_given_signal_q90,0.0,0.0
4,kinematic_shell_kinetics_shell_10_20mm_washin_slope_hurdle_value_given_signal_q90,-0.0014438502673796872,0.001067883479554373
4,kinematic_caliber_flow_kinetic_surrogates_tortuosity_weighted_peak_enhancement_mean,-0.001782531194295911,0.0010454815186178262
4,kinematic_shell_kinetics_shell_gt20mm_peak_enhancement_hurdle_value_given_signal_iqr,-0.0003743315508021094,0.0008565428717813924
4,kinematic_propagation_speed_delay_all_segments_mean,0.0,0.0
4,kinematic_shell_kinetics_shell_10_20mm_washin_slope_hurdle_value_given_signal_sd,0.0,0.0
4,kinematic_shell_kinetics_shell_10_20mm_washin_slope_hurdle_value_given_signal_mean,0.0,0.0
4,kinematic_shell_kinetics_shell_gt20mm_washin_slope_hurdle_value_given_signal_q90,-0.0029055258467022725,0.0012953741389678344
4,kinematic_kinetic_topology_coupling_valid_time_node_fraction,0.0002673796791444194,0.0007141256906955543
4,kinematic_shell_kinetics_shell_10_20mm_washin_slope_hurdle_value_given_signal_iqr,0.0,0.0
4,kinematic_shell_kinetics_shell_10_20mm_washout_slope_hurdle_value_given_signal_mean,0.0,0.0
4,kinematic_shell_kinetics_shell_10_20mm_washout_slope_hurdle_value_given_signal_sd,0.0,0.0
4,kinematic_shell_kinetics_shell_gt20mm_peak_enhancement_hurdle_value_given_signal_sd,-0.0002852049910873733,0.002264867048024015
4,kinematic_shell_kinetics_shell_10_20mm_washout_slope_hurdle_value_given_signal_iqr,0.0,0.0
4,kinematic_graph_local_propagation_weighted_linear_fit_r2,0.0,0.0
4,kinematic_shell_contrasts_5_10mm_vs_10_20mm_washin_delta,0.0,0.0
4,kinematic_shell_kinetics_shell_gt20mm_washout_slope_hurdle_value_given_signal_iqr,0.0006951871657754349,0.0009379908817770204
4,kinematic_shell_kinetics_shell_5_10mm_washout_slope_hurdle_value_given_signal_min,8.912655971480277e-05,0.0007901661411515663
4,kinematic_shell_kinetics_shell_gt20mm_washin_slope_hurdle_value_given_signal_iqr,-0.0011764705882353122,0.0016086294720397117
4,kinematic_shell_kinetics_shell_gt20mm_washin_slope_hurdle_value_given_signal_median,-0.0006238859180035528,0.001037090068291538
4,kinematic_caliber_flow_kinetic_surrogates_radius_weighted_washin_mean,0.0,0.0
4,kinematic_shell_kinetics_shell_gt20mm_washin_slope_hurdle_value_given_signal_sd,0.0,0.0
4,kinematic_shell_kinetics_shell_gt20mm_washout_slope_hurdle_value_given_signal_sd,0.0,0.0
4,kinematic_shell_kinetics_shell_gt20mm_washin_slope_hurdle_value_given_signal_mean,-0.0008199643493760567,0.0007737088917722144
4,kinematic_shell_contrasts_5_10mm_vs_10_20mm_washout_delta,-0.0006951871657753684,0.0006643367256179806
4,kinematic_shell_kinetics_shell_gt20mm_washout_slope_hurdle_value_given_signal_mean,0.0,0.0
4,kinematic_shell_kinetics_shell_10_20mm_washin_slope_hurdle_value_given_signal_median,0.0,0.0
4,kinematic_shell_kinetics_shell_10_20mm_washout_slope_hurdle_value_given_signal_median,0.0,0.0
4,kinematic_shell_kinetics_shell_gt20mm_peak_enhancement_hurdle_value_given_signal_max,0.0,0.0
4,kinematic_shell_kinetics_shell_5_10mm_washin_slope_hurdle_value_given_signal_max,0.0,0.0
4,kinematic_caliber_flow_kinetic_surrogates_radius_weighted_washout_mean,-3.5650623885907785e-05,0.0009886220765677027
4,kinematic_shell_kinetics_shell_gt20mm_washout_slope_hurdle_value_given_signal_median,0.0,0.0
4,kinematic_shell_kinetics_shell_5_10mm_washout_slope_hurdle_value_given_signal_mean,0.0009447415329768338,0.00045828734874091596
4,kinematic_shell_kinetics_shell_gt20mm_auc_hurdle_value_given_signal_min,-0.0004812834224598772,0.0010931727705142276
4,kinematic_shell_kinetics_shell_5_10mm_washin_slope_hurdle_value_given_signal_mean,0.0,0.0
4,kinematic_kinetic_topology_coupling_early_cycle_length_per_tumor_mm3_ge50,0.005543672014260237,0.0031022700946998017
4,kinematic_graph_local_propagation_slope_tte_vs_graph_distance_from_boundary,0.0,0.0
4,kinematic_shell_segment_counts_shell_2_5mm,0.0,0.0
4,kinematic_shell_contrasts_0_2mm_vs_2_5mm_ttp_delta,0.0,0.0
4,kinematic_shell_contrasts_0_2mm_vs_2_5mm_tte_delta,0.0,0.0
4,kinematic_shell_contrasts_0_2mm_vs_2_5mm_auc_delta,0.0,0.0
4,kinematic_propagation_speed_delay_all_segments_q90,0.0,0.0
4,kinematic_propagation_speed_delay_all_segments_iqr,0.0,0.0
4,kinematic_shell_contrasts_inside_vs_2_5mm_ttp_delta,0.0,0.0
4,kinematic_shell_contrasts_inside_vs_2_5mm_tte_delta,0.0,0.0
4,kinematic_shell_contrasts_inside_vs_2_5mm_auc_delta,0.0,0.0
4,kinematic_shell_contrasts_inside_vs_0_2mm_ttp_delta,0.0,0.0
4,kinematic_shell_contrasts_inside_vs_0_2mm_tte_delta,0.0,0.0
4,kinematic_shell_contrasts_inside_vs_0_2mm_auc_delta,0.0,0.0
4,kinematic_shell_contrasts_0_2mm_vs_2_5mm_peak_delta,0.0,0.0
4,kinematic_shell_contrasts_inside_vs_2_5mm_peak_delta,0.0,0.0
4,kinematic_shell_contrasts_inside_vs_0_2mm_peak_delta,0.0,0.0
4,kinematic_shell_contrasts_5_10mm_vs_10_20mm_tte_delta,0.0,0.0
4,kinematic_shell_contrasts_0_2mm_vs_2_5mm_washin_delta,0.0,0.0
4,kinematic_propagation_speed_delay_all_segments_median,0.0,0.0
4,kinematic_component_invasion_crossing_component_count,0.0,0.0
4,kinematic_shell_contrasts_inside_vs_2_5mm_washin_delta,0.0,0.0
4,kinematic_shell_contrasts_inside_vs_0_2mm_washin_delta,0.0,0.0
4,kinematic_shell_contrasts_0_2mm_vs_2_5mm_washout_delta,0.0,0.0
4,kinematic_shell_contrasts_inside_vs_2_5mm_washout_delta,0.0,0.0
4,kinematic_shell_contrasts_inside_vs_0_2mm_washout_delta,0.0,0.0
4,kinematic_component_invasion_crossing_component_fraction,0.0,0.0
4,kinematic_temporal_heterogeneity_near_tumor_ttp_entropy_bits,0.0,0.0
4,kinematic_early_enhancing_fraction_early_phase_time_threshold,0.0,0.0
4,kinematic_early_enhancing_fraction_volume_fraction_shell_2_5mm,0.0,0.0
4,kinematic_early_enhancing_fraction_volume_fraction_shell_0_2mm,0.0,0.0
4,kinematic_boundary_caliber_gradient_positive_dilation_fraction,-0.0002317290552584783,0.00044420448464803125
4,kinematic_boundary_crossing_dynamic_burden_crossing_segment_count,0.0,0.0
4,kinematic_shell_kinetics_shell_2_5mm_auc_hurdle_value_given_signal_sd,-0.00012477718360071055,0.0002988066776157163
4,kinematic_shell_kinetics_shell_0_2mm_auc_hurdle_value_given_signal_sd,0.0,0.0
4,kinematic_component_invasion_largest_crossing_component_segment_count,0.0,0.0
4,kinematic_shell_kinetics_shell_5_10mm_auc_hurdle_value_given_signal_sd,0.0,0.0
4,kinematic_shell_kinetics_inside_tumor_auc_hurdle_value_given_signal_sd,0.0,0.0
4,kinematic_shell_kinetics_shell_2_5mm_time_to_peak_hurdle_valid_fraction,0.0,0.0
4,kinematic_shell_kinetics_shell_5_10mm_time_to_peak_hurdle_valid_fraction,0.0,0.0
4,kinematic_shell_kinetics_shell_10_20mm_time_to_peak_hurdle_valid_fraction,0.0,0.0
4,kinematic_boundary_caliber_gradient_inside_radius_length_weighted_mean_mm,0.0,0.0
4,kinematic_component_invasion_mean_crossing_component_max_invasion_depth_mm,0.0,0.0
4,kinematic_boundary_crossing_dynamic_burden_kinetic_weighted_volume_auc_mm3,0.0,0.0
4,kinematic_component_invasion_largest_crossing_component_fraction_total_volume,0.0,0.0
4,kinematic_shell_kinetics_shell_2_5mm_washin_slope_hurdle_value_given_signal_sd,0.0,0.0
4,kinematic_shell_kinetics_shell_2_5mm_time_to_peak_hurdle_value_given_signal_sd,0.0,0.0
4,kinematic_shell_kinetics_shell_2_5mm_time_to_enhancement_hurdle_valid_fraction,0.0,0.0
4,kinematic_shell_kinetics_shell_0_2mm_washin_slope_hurdle_value_given_signal_sd,0.0,0.0
4,kinematic_shell_kinetics_shell_0_2mm_time_to_peak_hurdle_value_given_signal_sd,0.0,0.0
4,kinematic_arrival_delay_vs_reference_near_tumor_segments_hurdle_valid_fraction,0.0,0.0
4,kinematic_shell_kinetics_shell_5_10mm_washin_slope_hurdle_value_given_signal_sd,0.0,0.0
4,kinematic_shell_kinetics_shell_5_10mm_time_to_peak_hurdle_value_given_signal_sd,0.0,0.0
4,kinematic_shell_kinetics_shell_2_5mm_washout_slope_hurdle_value_given_signal_sd,0.0002852049910873289,0.0006679142244276325
4,kinematic_shell_kinetics_shell_2_5mm_washin_slope_hurdle_value_given_signal_q90,0.0,0.0
4,kinematic_shell_kinetics_shell_2_5mm_washin_slope_hurdle_value_given_signal_min,0.0,0.0
4,kinematic_shell_kinetics_shell_2_5mm_time_to_peak_hurdle_value_given_signal_q90,0.0,0.0
4,kinematic_shell_kinetics_shell_2_5mm_time_to_peak_hurdle_value_given_signal_min,0.0,0.0
4,kinematic_shell_kinetics_shell_2_5mm_time_to_peak_hurdle_value_given_signal_iqr,0.0,0.0
4,kinematic_shell_kinetics_shell_0_2mm_washout_slope_hurdle_value_given_signal_sd,0.0,0.0
4,kinematic_shell_kinetics_shell_0_2mm_washin_slope_hurdle_value_given_signal_q90,0.0,0.0
4,kinematic_shell_kinetics_shell_0_2mm_washin_slope_hurdle_value_given_signal_min,0.0,0.0
4,kinematic_shell_kinetics_shell_0_2mm_time_to_peak_hurdle_value_given_signal_iqr,0.0,0.0
4,kinematic_shell_kinetics_inside_tumor_washin_slope_hurdle_value_given_signal_sd,0.0,0.0
4,kinematic_shell_kinetics_inside_tumor_time_to_peak_hurdle_value_given_signal_sd,0.0,0.0
4,kinematic_arrival_delay_vs_reference_all_segments_hurdle_value_given_signal_min,0.0,0.0
4,kinematic_arrival_delay_vs_reference_all_segments_hurdle_value_given_signal_iqr,0.0,0.0
4,kinematic_shell_kinetics_shell_gt20mm_washin_slope_hurdle_value_given_signal_min,0.0,0.0
4,kinematic_shell_kinetics_shell_gt20mm_time_to_peak_hurdle_value_given_signal_q90,0.0,0.0
4,kinematic_shell_kinetics_shell_gt20mm_time_to_peak_hurdle_value_given_signal_min,0.0,0.0
4,kinematic_shell_kinetics_shell_gt20mm_time_to_peak_hurdle_value_given_signal_max,0.0,0.0
4,kinematic_shell_kinetics_shell_gt20mm_time_to_peak_hurdle_value_given_signal_iqr,0.0,0.0
4,kinematic_shell_kinetics_shell_5_10mm_washout_slope_hurdle_value_given_signal_sd,0.0,0.0
4,kinematic_shell_kinetics_shell_5_10mm_washin_slope_hurdle_value_given_signal_min,0.0,0.0
4,kinematic_shell_kinetics_shell_5_10mm_washin_slope_hurdle_value_given_signal_iqr,0.0,0.0
4,kinematic_shell_kinetics_shell_5_10mm_time_to_peak_hurdle_value_given_signal_iqr,0.0,0.0
4,kinematic_shell_kinetics_shell_2_5mm_washout_slope_hurdle_value_given_signal_q90,0.0,0.0
4,kinematic_shell_kinetics_shell_2_5mm_washout_slope_hurdle_value_given_signal_min,0.0,0.0
4,kinematic_shell_kinetics_shell_10_20mm_time_to_enhancement_hurdle_valid_fraction,0.0,0.0
4,kinematic_shell_kinetics_shell_0_2mm_washout_slope_hurdle_value_given_signal_q90,0.0,0.0
4,kinematic_shell_kinetics_inside_tumor_washout_slope_hurdle_value_given_signal_sd,0.0,0.0
4,kinematic_shell_kinetics_inside_tumor_washin_slope_hurdle_value_given_signal_q90,0.0,0.0
4,kinematic_shell_kinetics_inside_tumor_washin_slope_hurdle_value_given_signal_min,0.0,0.0
4,kinematic_shell_kinetics_inside_tumor_time_to_peak_hurdle_value_given_signal_iqr,0.0,0.0
4,kinematic_peritumoral_multi_scale_contrasts_core_shell_gradient_per_mm_ttp_slope,0.0,0.0
4,kinematic_peritumoral_multi_scale_contrasts_core_shell_gradient_per_mm_tte_slope,0.0,0.0
4,kinematic_peritumoral_multi_scale_contrasts_core_shell_gradient_per_mm_auc_slope,0.0,0.0
4,kinematic_boundary_caliber_gradient_outside_minus_inside_length_weighted_mean_mm,0.00017825311942960554,0.0003739068977433629
4,kinematic_shell_kinetics_shell_gt20mm_washout_slope_hurdle_value_given_signal_q90,0.0,0.0
4,kinematic_shell_kinetics_shell_gt20mm_washout_slope_hurdle_value_given_signal_max,0.0,0.0
4,kinematic_shell_kinetics_shell_5_10mm_washout_slope_hurdle_value_given_signal_q90,0.0,0.0
4,kinematic_shell_kinetics_shell_10_20mm_washin_slope_hurdle_value_given_signal_min,0.0,0.0
4,kinematic_shell_kinetics_shell_10_20mm_time_to_peak_hurdle_value_given_signal_max,0.0,0.0
4,kinematic_shell_kinetics_inside_tumor_washout_slope_hurdle_value_given_signal_q90,0.0,0.0
4,kinematic_shell_kinetics_inside_tumor_washout_slope_hurdle_value_given_signal_min,0.0,0.0
4,kinematic_peritumoral_multi_scale_contrasts_core_shell_gradient_per_mm_peak_slope,0.0,0.0
4,kinematic_shell_kinetics_shell_2_5mm_washin_slope_hurdle_value_given_signal_median,0.0,0.0
4,kinematic_shell_kinetics_shell_10_20mm_washout_slope_hurdle_value_given_signal_q90,0.0,0.0
4,kinematic_shell_kinetics_shell_10_20mm_washout_slope_hurdle_value_given_signal_max,0.0,0.0
4,kinematic_shell_kinetics_shell_0_2mm_washin_slope_hurdle_value_given_signal_median,0.0,0.0
4,kinematic_arrival_delay_vs_reference_all_segments_hurdle_value_given_signal_median,0.0,0.0
4,kinematic_shell_kinetics_shell_5_10mm_washin_slope_hurdle_value_given_signal_median,0.0,0.0
4,kinematic_shell_kinetics_shell_2_5mm_auc_rel_reference_hurdle_value_given_signal_sd,0.0,0.0
4,kinematic_shell_kinetics_shell_0_2mm_auc_rel_reference_hurdle_value_given_signal_sd,0.0,0.0
4,kinematic_shell_kinetics_inside_tumor_washin_slope_hurdle_value_given_signal_median,0.0,0.0
4,kinematic_peritumoral_multi_scale_contrasts_core_shell_gradient_per_mm_washin_slope,0.0,0.0
4,kinematic_boundary_caliber_gradient_gradient_mm_per_mm_hurdle_value_given_signal_sd,0.0,0.0
4,kinematic_shell_kinetics_shell_5_10mm_peak_enhancement_hurdle_value_given_signal_iqr,0.0,0.0
4,kinematic_shell_kinetics_shell_5_10mm_auc_rel_reference_hurdle_value_given_signal_sd,0.0,0.0
4,kinematic_shell_kinetics_shell_2_5mm_auc_rel_reference_hurdle_value_given_signal_q90,0.0,0.0
4,kinematic_shell_kinetics_shell_0_2mm_auc_rel_reference_hurdle_value_given_signal_q90,0.0,0.0
4,kinematic_peritumoral_multi_scale_contrasts_core_shell_gradient_per_mm_washout_slope,0.0,0.0
4,kinematic_boundary_caliber_gradient_gradient_mm_per_mm_hurdle_value_given_signal_q90,0.0,0.0
4,kinematic_boundary_caliber_gradient_gradient_mm_per_mm_hurdle_value_given_signal_min,0.0,0.0
4,kinematic_boundary_caliber_gradient_gradient_mm_per_mm_hurdle_value_given_signal_max,0.0,0.0
4,kinematic_shell_kinetics_shell_2_5mm_time_to_enhancement_hurdle_value_given_signal_sd,0.0,0.0
4,kinematic_shell_kinetics_shell_0_2mm_time_to_enhancement_hurdle_value_given_signal_sd,0.0,0.0
4,kinematic_shell_kinetics_inside_tumor_peak_rel_reference_hurdle_value_given_signal_sd,0.0,0.0
4,kinematic_shell_kinetics_inside_tumor_auc_rel_reference_hurdle_value_given_signal_q90,0.0,0.0
4,kinematic_boundary_crossing_dynamic_burden_kinetic_weighted_volume_peak_per_tumor_mm3,0.0,0.0
4,kinematic_boundary_caliber_gradient_outside_over_inside_hurdle_value_given_signal_q90,0.0,0.0
4,kinematic_boundary_caliber_gradient_outside_over_inside_hurdle_value_given_signal_min,0.0,0.0
4,kinematic_boundary_caliber_gradient_gradient_mm_per_mm_hurdle_value_given_signal_mean,0.0,0.0
4,kinematic_arrival_delay_vs_reference_near_tumor_segments_hurdle_value_given_signal_sd,0.0,0.0
4,kinematic_shell_kinetics_shell_5_10mm_time_to_enhancement_hurdle_value_given_signal_sd,0.0,0.0
4,kinematic_shell_kinetics_shell_2_5mm_washin_rel_reference_hurdle_value_given_signal_sd,0.0,0.0
4,kinematic_shell_kinetics_shell_2_5mm_time_to_enhancement_hurdle_value_given_signal_q90,0.0,0.0
4,kinematic_shell_kinetics_shell_2_5mm_time_to_enhancement_hurdle_value_given_signal_iqr,0.0,0.0
4,kinematic_shell_kinetics_shell_0_2mm_washin_rel_reference_hurdle_value_given_signal_sd,0.0,0.0
4,kinematic_shell_kinetics_shell_0_2mm_time_to_enhancement_hurdle_value_given_signal_iqr,0.0,0.0
4,kinematic_shell_kinetics_inside_tumor_time_to_enhancement_hurdle_value_given_signal_sd,0.0,0.0
4,kinematic_arrival_delay_vs_reference_near_tumor_segments_hurdle_value_given_signal_q90,0.0,0.0
4,kinematic_arrival_delay_vs_reference_near_tumor_segments_hurdle_value_given_signal_min,0.0,0.0
4,kinematic_arrival_delay_vs_reference_near_tumor_segments_hurdle_value_given_signal_max,0.0,0.0
4,kinematic_arrival_delay_vs_reference_near_tumor_segments_hurdle_value_given_signal_iqr,0.0,0.0
4,kinematic_shell_kinetics_shell_gt20mm_time_to_enhancement_hurdle_value_given_signal_q90,0.0,0.0
4,kinematic_shell_kinetics_shell_gt20mm_time_to_enhancement_hurdle_value_given_signal_min,0.0,0.0
4,kinematic_shell_kinetics_shell_gt20mm_time_to_enhancement_hurdle_value_given_signal_iqr,0.0,0.0
4,kinematic_shell_kinetics_shell_5_10mm_washin_rel_reference_hurdle_value_given_signal_sd,0.0,0.0
4,kinematic_shell_kinetics_shell_5_10mm_time_to_enhancement_hurdle_value_given_signal_iqr,0.0,0.0
4,kinematic_shell_kinetics_shell_2_5mm_washin_rel_reference_hurdle_value_given_signal_q90,0.0,0.0
4,kinematic_shell_kinetics_shell_2_5mm_washin_rel_reference_hurdle_value_given_signal_min,0.0,0.0
4,kinematic_shell_kinetics_shell_0_2mm_washin_rel_reference_hurdle_value_given_signal_q90,0.0,0.0
4,kinematic_shell_kinetics_shell_0_2mm_washin_rel_reference_hurdle_value_given_signal_min,0.0,0.0
4,kinematic_shell_kinetics_inside_tumor_washin_rel_reference_hurdle_value_given_signal_sd,0.0,0.0
4,kinematic_shell_kinetics_inside_tumor_time_to_enhancement_hurdle_value_given_signal_iqr,0.0,0.0
4,kinematic_boundary_caliber_gradient_gradient_mm_per_mm_hurdle_value_given_signal_median,0.0,0.0
4,kinematic_arrival_delay_vs_reference_near_tumor_segments_hurdle_value_given_signal_mean,0.0,0.0
4,kinematic_shell_kinetics_shell_5_10mm_washin_rel_reference_hurdle_value_given_signal_q90,0.0,0.0
4,kinematic_shell_kinetics_shell_5_10mm_washin_rel_reference_hurdle_value_given_signal_min,-3.5650623885907785e-05,0.00027383763807021925
4,kinematic_shell_kinetics_shell_10_20mm_time_to_enhancement_hurdle_value_given_signal_min,0.0,0.0
4,kinematic_shell_kinetics_shell_10_20mm_time_to_enhancement_hurdle_value_given_signal_iqr,0.0,0.0
4,kinematic_shell_kinetics_inside_tumor_washin_rel_reference_hurdle_value_given_signal_q90,0.0,0.0
4,kinematic_shell_kinetics_shell_10_20mm_washin_rel_reference_hurdle_value_given_signal_min,0.0,0.0
4,kinematic_shell_kinetics_shell_gt20mm_time_to_enhancement_hurdle_value_given_signal_median,0.0,0.0
4,kinematic_shell_kinetics_shell_0_2mm_washin_rel_reference_hurdle_value_given_signal_median,0.0,0.0
4,kinematic_shell_kinetics_shell_5_10mm_washin_rel_reference_hurdle_value_given_signal_median,0.0003030303030303272,0.0007973714526325918
4,kinematic_shell_kinetics_shell_10_20mm_time_to_enhancement_hurdle_value_given_signal_median,0.0,0.0
4,kinematic_core_to_periphery_peak_ratio,0.0,0.0
4,morph_seg_length_cv,-0.00163992869875218,0.0005029139386690067
4,morph_radius_cv,0.0,0.0
4,morph_bifurcation_density_per_length,-0.00012477718360071055,0.0005806237958967
4,morph_bif_angle_sum,-0.0004456327985739583,0.0002673796791443898
4,morph_seg_volume_sum,0.0,0.0
4,morph_seg_length_sum,0.0,0.0
4,morph_seg_volume_max,0.0,0.0
4,morph_seg_volume_std,0.0,0.0
4,morph_seg_length_max,-0.0004991087344028311,0.0008199643493760992
4,morph_seg_volume_mean,-0.0002317290552584672,0.0008324630608795397
4,morph_seg_length_std,-0.0014973262032085155,0.0021717639088082597
4,morph_bif_angle_std,0.0,0.0
4,morph_bif_angle_mean,0.0038859180035650588,0.005015093781335946
4,morph_seg_tortuosity_max,0.0,0.0
4,morph_curvature_mean_max,-0.00049910873440282,0.0008353208209525855
4,morph_radius_mean_max,-0.0001960784313725261,0.0011454063334343791
4,morph_radius_mean_mean,0.0,0.0
4,morph_radius_mean_std,0.0,0.0
4,morph_seg_tortuosity_std,0.0005525846702317371,0.0016012052171333207
4,morph_curvature_mean_mean,0.0,0.0
4,morph_curvature_mean_std,-0.0005704099821746689,0.0006801705535949393
4,morph_seg_tortuosity_mean,-0.0011229946524063616,0.0012064721040298018
4,morph_bifurcation_per_segment,0.0,0.0
4,morph_seg_dup_fraction,-0.0017468805704099477,0.0010045634797579532
4,morph_bif_angle_max,0.0,0.0
4,morph_seg_tortuosity_invalid_n,0.0,0.0
4,tumor_size_outer_to_inner_shell_ratio,0.00014260249554367554,0.002262902113733819
4,tumor_size_tumor_r8_region_voxels,0.0016042780748663165,0.0035211195554262767
4,tumor_size_tumor_voxels,0.0,0.0
4,tumor_size_shell_0_2_over_tumor,0.0,0.0
5,clinical_post,0.0,0.0
5,clinical_luminal_b,0.0,0.0
5,clinical_luminal_a,0.1264087617028793,0.03499882392564965
5,clinical_triple_negative,0.0021197668256490833,0.0023686543426054405
5,clinical_pre (<6 months since LMP AND no prior bilateral ovariectomy AND not on estrogen replacement),0.0,0.0
5,clinical_pre (< 6 months since LMP AND no prior bilateral ovariectomy AND not on estrogen replacement),0.0,0.0
5,age,0.0,0.0
5,normalized_ratios_near_length_per_tumor_equiv_radius,0.0,0.0
5,caliber_heterogeneity_near_tumor_near_radius_cv,0.0,0.0
5,normalized_ratios_near_volume_per_skeleton_edge,0.0,0.0
5,per_shell_topology_shell_5_10mm_shell_volume_density_mm3_per_shell_mm3,0.0003532944709414787,0.0010539787239128308
5,per_shell_topology_shell_10_20mm_shell_volume_density_mm3_per_shell_mm3,0.0,0.0
5,per_shell_topology_shell_2_5mm_shell_volume_density_mm3_per_shell_mm3,0.0,0.0
5,per_shell_topology_shell_gt20mm_shell_volume_density_mm3_per_shell_mm3,0.0,0.0
5,per_shell_topology_shell_5_10mm_shell_length_density_mm_per_shell_mm3,0.0,0.0
5,per_shell_topology_shell_10_20mm_shell_length_density_mm_per_shell_mm3,0.0,0.0
5,normalized_ratios_near_volume_per_shell_voxel,-0.0004592828122240267,0.0003370214454749898
5,per_shell_topology_shell_10_20mm_node_density_per_shell_voxel,0.0,0.0
5,per_shell_topology_shell_2_5mm_node_density_per_shell_mm3,-0.002420067125949543,0.0008249633936643885
5,per_shell_topology_shell_gt20mm_shell_length_density_mm_per_shell_mm3,0.0,0.0
5,per_shell_topology_shell_5_10mm_endpoint_density_per_shell_mm3,-0.00017664723547082816,0.0008056353471818708
5,per_shell_topology_shell_5_10mm_endpoint_density_per_shell_voxel,0.0,0.0
5,per_shell_topology_shell_gt20mm_edge_density_per_shell_voxel,-0.0010952128599188038,0.0024979193321764347
5,per_shell_topology_shell_2_5mm_endpoint_density_per_shell_voxel,0.0,0.0
5,per_shell_topology_shell_10_20mm_endpoint_density_per_shell_mm3,0.0,0.0
5,per_shell_topology_shell_10_20mm_endpoint_density_per_shell_voxel,0.0008125772831654831,0.0010634104888388955
5,per_shell_topology_shell_10_20mm_bifurcation_density_per_shell_mm3,0.0005476064299593131,0.0006952364831003107
5,per_shell_topology_shell_gt20mm_bifurcation_density_per_shell_mm3,-0.00022964140611205774,0.001185117337411724
5,per_shell_topology_shell_gt20mm_endpoint_density_per_shell_mm3,0.0,0.0
5,per_shell_topology_shell_gt20mm_bifurcation_density_per_shell_voxel,-0.0017134781840665082,0.002112467559935836
5,per_shell_topology_shell_gt20mm_endpoint_density_per_shell_voxel,0.0,0.0
5,normalized_ratios_inside_volume_per_tumor_voxel,0.0,0.0
5,per_shell_topology_shell_0_2mm_node_density_per_shell_mm3,-0.001324854266030795,0.0008770317320124754
5,normalized_ratios_crossing_length_per_tumor_equiv_surface,0.0,0.0
5,per_shell_topology_shell_2_5mm_cycle_density_per_shell_mm3,0.0,0.0
5,per_shell_topology_shell_0_2mm_cycle_density_per_shell_mm3,0.0,0.0
5,per_shell_topology_shell_5_10mm_cycle_density_per_shell_mm3,0.0,0.0
5,per_shell_topology_shell_0_2mm_edge_density_per_shell_voxel,0.0,0.0
5,per_shell_topology_inside_tumor_cycle_density_per_shell_mm3,0.0,0.0
5,per_shell_topology_shell_10_20mm_cycle_density_per_shell_mm3,0.0,0.0
5,per_shell_topology_shell_2_5mm_bifurcation_density_per_shell_mm3,0.0,0.0
5,per_shell_topology_shell_0_2mm_bifurcation_density_per_shell_mm3,0.0,0.0
5,per_shell_topology_shell_5_10mm_bifurcation_density_per_shell_mm3,0.0,0.0
5,per_shell_topology_inside_tumor_bifurcation_density_per_shell_mm3,0.0,0.0
5,per_shell_topology_shell_gt20mm_shell_region_voxels,0.0,0.0
5,per_shell_topology_shell_gt20mm_shell_region_volume_mm3,0.0,0.0
5,per_shell_topology_shell_10_20mm_shell_region_voxels,0.00779014308426067,0.013851317383395166
5,per_shell_topology_shell_10_20mm_shell_region_volume_mm3,0.006129659070835458,0.004115577318239428
5,per_shell_topology_shell_2_5mm_shell_region_voxels,-3.532944709414565e-05,0.0004089679174276916
5,per_shell_topology_inside_tumor_shell_region_volume_mm3,0.002190425719837419,0.0026179573234478516
5,graph_totals_total_volume_burden_mm3,0.0004946122593180613,0.0006006006006005753
5,per_shell_topology_shell_0_2mm_shell_region_volume_mm3,-0.0012895248189366492,0.00109193142275399
5,graph_totals_total_length_mm,0.0,0.0
5,per_shell_topology_shell_gt20mm_edge_count,0.0,0.0
5,per_shell_topology_shell_10_20mm_shell_volume_burden_mm3,0.0021374315491961894,0.0019016466668915653
5,per_shell_topology_shell_gt20mm_shell_region_volume_per_tumor_mm3,0.0,0.0
5,per_shell_topology_shell_5_10mm_shell_volume_burden_mm3,0.0,0.0
5,per_shell_topology_shell_10_20mm_shell_length_mm,0.0,0.0
5,per_shell_topology_shell_5_10mm_shell_length_mm,0.0,0.0
5,per_shell_topology_shell_gt20mm_bifurcation_count,0.0,0.0
5,per_shell_topology_shell_gt20mm_endpoint_count,0.0,0.0
5,graph_tumor_r8_skel_voxels,-0.0015015015015015453,0.000733671070739966
5,per_shell_topology_shell_2_5mm_shell_volume_burden_mm3,0.0,0.0
5,graph_tumor_shell_r4_8_skel_voxels,0.0,0.0
5,per_shell_topology_shell_10_20mm_endpoint_count,0.0,0.0
5,per_shell_topology_shell_10_20mm_shell_region_volume_per_tumor_mm3,0.0018547959724429576,0.00607586890848179
5,per_shell_topology_shell_5_10mm_endpoint_count,0.0,0.0
5,graph_tumor_r4_skel_voxels,0.0,0.0
5,per_shell_topology_shell_10_20mm_bifurcation_count,-3.5329447094212266e-05,0.000950618197991424
5,per_shell_topology_shell_2_5mm_endpoint_count,0.0,0.0
5,per_shell_topology_shell_2_5mm_degree_distribution_deg2,0.0,0.0
5,length_weighted_shape_stats_near_tumor_segment_count,0.0,0.0
5,per_shell_topology_shell_10_20mm_degree_distribution_deg0,0.0,0.0
5,length_weighted_shape_stats_near_tumor_length_weighted_tortuosity_quantiles_q90,-0.0006889242183360622,0.0005721298265572151
5,caliber_heterogeneity_near_tumor_near_radius_q75_mm,0.0,0.0
5,caliber_heterogeneity_near_tumor_near_radius_q50_mm,0.0,0.0
5,length_weighted_shape_stats_near_tumor_length_weighted_tortuosity_quantiles_q50,0.0,0.0
5,caliber_heterogeneity_near_tumor_near_radius_q25_mm,0.0,0.0
5,per_shell_topology_shell_2_5mm_shell_region_volume_per_tumor_mm3,-0.0012718600953895653,0.0014193470713019583
5,per_shell_topology_shell_gt20mm_shell_volume_burden_mm3_per_tumor_mm3,0.0,0.0
5,length_weighted_shape_stats_near_tumor_length_weighted_curvature_mean_quantiles_q25,0.0,0.0
5,length_weighted_shape_stats_near_tumor_length_weighted_curvature_mean_quantiles_q90,0.0,0.0
5,length_weighted_shape_stats_global_length_weighted_tortuosity_quantiles_q90,0.0,0.0
5,caliber_heterogeneity_near_tumor_global_node_radius_q90_mm,-0.0008655714538068126,0.0007387572395804954
5,length_weighted_shape_stats_global_length_weighted_tortuosity_quantiles_q75,-0.006129659070835613,0.003306702250065802
5,per_shell_topology_shell_0_2mm_shell_region_volume_per_tumor_mm3,0.0004769475357709996,0.000601898075866466
5,caliber_heterogeneity_near_tumor_near_radius_sd_mm,-0.0002826355767532873,0.0006026752202519656
5,length_weighted_shape_stats_global_length_weighted_tortuosity_quantiles_q50,-0.000830242006712656,0.0010271394990359474
5,length_weighted_shape_stats_global_length_weighted_tortuosity_mean,0.0,0.0
5,length_weighted_shape_stats_near_tumor_length_weighted_curvature_mean_quantiles_q10,-0.0003886239180357465,0.0006832389897831999
5,length_weighted_shape_stats_global_length_weighted_tortuosity_quantiles_q25,0.0,0.0
5,per_shell_topology_shell_gt20mm_shell_volume_fraction_of_total_graph_volume,0.0,0.0
5,length_weighted_shape_stats_global_length_weighted_curvature_mean_quantiles_q10,0.0032149796855678314,0.004519408272163173
5,graph_skel_per_tumor_voxel,0.005811694046988081,0.0034047122157449404
5,length_weighted_shape_stats_global_length_weighted_curvature_mean_quantiles_q90,0.00040628864158268605,0.000622289876481469
5,length_weighted_shape_stats_global_length_weighted_curvature_mean_quantiles_q50,0.0,0.0
5,length_weighted_shape_stats_global_length_weighted_curvature_mean_quantiles_q75,0.00045928281222392677,0.0016668611357831245
5,length_weighted_shape_stats_global_length_weighted_curvature_mean_quantiles_q25,0.00045928281222391566,0.0007626579454133095
5,length_weighted_shape_stats_global_length_weighted_curvature_mean,0.0,0.0
5,per_shell_topology_shell_10_20mm_shell_volume_fraction_of_total_graph_volume,0.0,0.0
5,length_weighted_shape_stats_global_length_weighted_tortuosity_quantiles_q10,0.0,0.0
5,per_shell_topology_shell_10_20mm_shell_volume_burden_mm3_per_tumor_mm3,0.0,0.0
5,graph_tumor_r8_skel_frac_skeleton,0.0,0.0
5,per_shell_topology_shell_5_10mm_shell_length_fraction_of_total_graph_length,0.0,0.0
5,graph_tumor_shell_r4_8_skel_frac_skeleton,0.0,0.0
5,per_shell_topology_shell_5_10mm_shell_volume_burden_mm3_per_tumor_mm3,0.0,0.0
5,per_shell_topology_shell_10_20mm_shell_length_mm_per_tumor_mm3,0.0,0.0
5,per_shell_topology_shell_2_5mm_shell_length_fraction_of_total_graph_length,0.0,0.0
5,graph_tumor_shell_r2_4_skel_frac_skeleton,0.0,0.0
5,graph_tumor_shell_r4_8_skel_frac_shell,0.0,0.0
5,per_shell_topology_shell_2_5mm_shell_length_mm_per_tumor_mm3,0.0,0.0
5,graph_tumor_r8_skel_frac_region,0.0,0.0
5,graph_tumor_shell_r2_4_skel_frac_shell,0.0,0.0
5,graph_tumor_r4_skel_frac_region,0.0,0.0
5,graph_skel_in_tumor_voxels,0.0010952128599186705,0.0005168252548429167
5,graph_tumor_r2_skel_frac_region,0.0004769475357709996,0.0002376545494978816
5,graph_tumor_r2_skel_frac_skeleton,8.832361773531971e-05,0.0009906429883631738
5,per_shell_topology_shell_0_2mm_node_count,0.0,0.0
5,per_shell_topology_shell_10_20mm_cycle_count,0.0,0.0
5,per_shell_topology_shell_0_2mm_endpoint_count,0.0,0.0
5,per_shell_topology_inside_tumor_endpoint_count,0.0,0.0
5,directional_near_boundary_tangential_alignment_mean,0.0,0.0
5,per_shell_topology_shell_2_5mm_degree_distribution_deg0,0.0,0.0
5,per_shell_topology_shell_0_2mm_degree_distribution_deg2,0.0,0.0
5,per_shell_topology_shell_0_2mm_degree_distribution_deg0,0.0,0.0
5,directional_near_boundary_normal_alignment_abs_cos_mean,0.0,0.0
5,per_shell_topology_shell_gt20mm_degree_distribution_deg0,0.0,0.0
5,per_shell_topology_shell_5_10mm_degree_distribution_deg0,0.0,0.0
5,per_shell_topology_inside_tumor_degree_distribution_deg0,0.0,0.0
5,per_shell_topology_shell_2_5mm_degree_distribution_deg4plus,0.0,0.0
5,per_shell_topology_shell_gt20mm_degree_distribution_deg4plus,0.0,0.0
5,per_shell_topology_shell_5_10mm_degree_distribution_deg4plus,0.0,0.0
5,per_shell_topology_inside_tumor_degree_distribution_deg4plus,0.0,0.0
5,per_shell_topology_shell_10_20mm_degree_distribution_deg4plus,0.0,0.0
5,directional_near_boundary_radial_alignment_abs_cos_quantiles_q90,0.0,0.0
5,directional_near_boundary_radial_alignment_abs_cos_quantiles_q10,0.0,0.0
5,directional_near_boundary_normal_alignment_abs_cos_quantiles_q90,0.0,0.0
5,directional_near_boundary_normal_alignment_abs_cos_quantiles_q25,0.0008302420067125338,0.00046097821412115697
5,directional_near_boundary_normal_alignment_abs_cos_quantiles_q10,0.0,0.0
5,per_shell_topology_shell_0_2mm_shell_volume_burden_mm3_per_tumor_mm3,0.0003003003003002602,0.0016036027863326168
5,per_shell_topology_shell_0_2mm_shell_volume_fraction_of_total_graph_volume,0.0,0.0
5,caliber_heterogeneity_near_tumor_near_high_radius_tail_fraction_vs_global_q90,0.0,0.0
5,graph_core_to_periphery_length_ratio,0.0,0.0
5,graph_crossing_fraction_of_near_burden,0.0,0.0
5,kinematic_reference_normalized_signal_all_segments_washin_rel_reference_hurdle_value_given_signal_max,-0.0003356297473945169,0.0006630745231981252
5,kinematic_normalized_shell_burdens_shell_gt20mm_kinetic_auc_weighted_volume_mm3,0.0,0.0
5,kinematic_reference_normalized_signal_all_segments_auc_rel_reference_hurdle_value_given_signal_max,0.0,0.0
5,kinematic_reference_normalized_signal_all_segments_washin_rel_reference_hurdle_value_given_signal_q90,0.0,0.0
5,kinematic_reference_normalized_signal_all_segments_peak_rel_reference_hurdle_value_given_signal_max,0.0,0.0
5,kinematic_reference_normalized_signal_near_tumor_segments_peak_rel_reference_hurdle_value_given_signal_max,0.0,0.0
5,kinematic_reference_normalized_signal_all_segments_auc_rel_reference_hurdle_value_given_signal_mean,0.0,0.0
5,kinematic_reference_normalized_signal_all_segments_peak_rel_reference_hurdle_value_given_signal_median,0.0,0.0
5,kinematic_reference_normalized_signal_all_segments_peak_rel_reference_hurdle_value_given_signal_iqr,0.0,0.0
5,kinematic_reference_normalized_signal_near_tumor_segments_auc_rel_reference_hurdle_value_given_signal_median,0.0,0.0
5,kinematic_reference_normalized_signal_all_segments_washin_rel_reference_hurdle_value_given_signal_median,0.0009715597950891608,0.0006430056429323663
5,kinematic_normalized_shell_burdens_shell_10_20mm_kinetic_auc_weighted_volume_mm3,0.00045928281222391566,0.001509688084735667
5,kinematic_reference_normalized_signal_near_tumor_segments_peak_rel_reference_hurdle_value_given_signal_min,-0.0014485073308603714,0.0007931441201428631
5,kinematic_normalized_shell_burdens_shell_5_10mm_kinetic_auc_weighted_volume_mm3,0.0,0.0
5,kinematic_normalized_shell_burdens_shell_10_20mm_auc_weighted_volume_per_shell_segment,0.0,0.0
5,kinematic_normalized_shell_burdens_shell_gt20mm_auc_weighted_volume_per_shell_segment,5.299417064118517e-05,0.000387417632917524
5,kinematic_normalized_shell_burdens_shell_5_10mm_auc_weighted_volume_per_shell_segment,0.0,0.0
5,kinematic_reference_normalized_signal_all_segments_peak_rel_reference_hurdle_value_given_signal_min,0.0,0.0
5,kinematic_normalized_shell_burdens_shell_10_20mm_auc_weighted_volume_per_shell_length_mm,-0.0006182653241477487,0.00024026621637054905
5,kinematic_normalized_shell_burdens_shell_5_10mm_auc_weighted_volume_per_shell_length_mm,-0.0016251545663311107,0.001933137469748009
5,kinematic_normalized_shell_burdens_shell_gt20mm_auc_weighted_volume_per_shell_length_mm,0.0033209680268503237,0.003414184831090411
5,kinematic_shell_contrasts_5_10mm_vs_10_20mm_tte_ratio,0.0,0.0
5,kinematic_normalized_shell_burdens_shell_gt20mm_auc_weighted_volume_per_tumor_mm3,0.0004062886415827527,0.0001943119590178606
5,kinematic_shell_contrasts_5_10mm_vs_10_20mm_peak_ratio,0.0,0.0
5,kinematic_shell_contrasts_5_10mm_vs_10_20mm_ttp_ratio,0.0,0.0
5,kinematic_normalized_shell_burdens_shell_10_20mm_auc_weighted_volume_per_tumor_mm3,0.0,0.0
5,kinematic_reference_normalized_signal_all_segments_peak_rel_reference_hurdle_has_signal_fraction,0.0,0.0
5,kinematic_normalized_shell_burdens_shell_5_10mm_auc_weighted_volume_per_tumor_mm3,-0.0007949125596185436,0.0012090983895882367
5,kinematic_normalized_shell_burdens_shell_10_20mm_auc_weighted_volume_per_shell_mm3,0.0,0.0
5,kinematic_normalized_shell_burdens_shell_10_20mm_auc_weighted_volume_per_shell_voxel,0.0,0.0
5,kinematic_kinetic_topology_coupling_early_bifurcation_density_per_tumor_mm3,0.004451510333863174,0.0057684451588548916
5,kinematic_normalized_shell_burdens_shell_gt20mm_auc_weighted_volume_per_shell_mm3,0.0,0.0
5,kinematic_normalized_shell_burdens_shell_5_10mm_auc_weighted_volume_per_shell_voxel,0.0,0.0
5,kinematic_normalized_shell_burdens_shell_gt20mm_auc_weighted_volume_per_shell_voxel,0.0,0.0
5,kinematic_reference_normalized_signal_reference_auc_positive,0.0,0.0
5,kinematic_reference_normalized_signal_reference_peak_enhancement,0.0,0.0
5,kinematic_reference_normalized_signal_reference_washin_slope,0.0008302420067125449,0.0005861388455409631
5,kinematic_temporal_heterogeneity_near_tumor_cv_auc,0.0,0.0
5,kinematic_shell_contrasts_0_2mm_vs_2_5mm_ttp_ratio,0.0,0.0
5,kinematic_shell_contrasts_inside_vs_2_5mm_ttp_ratio,0.0,0.0
5,kinematic_shell_contrasts_inside_vs_0_2mm_ttp_ratio,0.0,0.0
5,kinematic_shell_contrasts_0_2mm_vs_2_5mm_washin_ratio,0.0,0.0
5,kinematic_shell_contrasts_inside_vs_2_5mm_washin_ratio,0.0,0.0
5,kinematic_shell_contrasts_inside_vs_0_2mm_washin_ratio,0.0,0.0
5,kinematic_temporal_heterogeneity_near_tumor_cv_tte_time,0.0,0.0
5,kinematic_shell_contrasts_5_10mm_vs_10_20mm_washin_ratio,0.0,0.0
5,kinematic_temporal_heterogeneity_near_tumor_cv_washin_slope,0.0,0.0
5,kinematic_temporal_heterogeneity_near_tumor_cv_washout_slope,0.0,0.0
5,kinematic_component_invasion_crossing_length_concentration_max_fraction,0.0,0.0
5,kinematic_normalized_shell_burdens_shell_2_5mm_kinetic_auc_weighted_volume_mm3,0.0,0.0
5,kinematic_normalized_shell_burdens_shell_0_2mm_kinetic_auc_weighted_volume_mm3,0.0,0.0
5,kinematic_normalized_shell_burdens_inside_tumor_kinetic_auc_weighted_volume_mm3,0.0,0.0
5,kinematic_normalized_shell_burdens_shell_2_5mm_peak_weighted_volume_per_shell_length_mm,0.00024730612965899733,0.0005541207257148156
5,kinematic_reference_normalized_signal_near_tumor_segments_peak_rel_reference_hurdle_valid_fraction,0.0,0.0
5,kinematic_reference_normalized_signal_all_segments_washin_rel_reference_hurdle_value_given_signal_min,0.0,0.0
5,kinematic_reference_normalized_signal_near_tumor_segments_auc_rel_reference_hurdle_value_given_signal_sd,0.0,0.0
5,kinematic_reference_normalized_signal_near_tumor_segments_washin_rel_reference_hurdle_value_given_signal_sd,0.0,0.0
5,kinematic_reference_normalized_signal_near_tumor_segments_washin_rel_reference_hurdle_value_given_signal_min,0.0,0.0
5,kinematic_reference_normalized_signal_near_tumor_segments_washin_rel_reference_hurdle_value_given_signal_mean,0.0,0.0
5,kinematic_shell_kinetics_shell_10_20mm_auc_rel_reference_hurdle_value_given_signal_max,0.0,0.0
5,kinematic_shell_kinetics_shell_10_20mm_peak_rel_reference_hurdle_value_given_signal_q90,-0.00024730612965911947,0.0008909747544898808
5,kinematic_shell_kinetics_shell_10_20mm_auc_rel_reference_hurdle_value_given_signal_mean,0.0,0.0
5,kinematic_shell_kinetics_shell_10_20mm_peak_rel_reference_hurdle_value_given_signal_median,0.0,0.0
5,kinematic_shell_kinetics_shell_5_10mm_peak_rel_reference_hurdle_value_given_signal_max,-0.00021197668256498492,0.001258541821625652
5,kinematic_shell_kinetics_shell_10_20mm_washin_rel_reference_hurdle_value_given_signal_q90,0.0012541953718423593,0.003045769235139557
5,kinematic_shell_kinetics_shell_10_20mm_auc_rel_reference_hurdle_value_given_signal_iqr,0.0,0.0
5,kinematic_shell_kinetics_shell_10_20mm_peak_rel_reference_hurdle_value_given_signal_iqr,0.0,0.0
5,kinematic_shell_kinetics_shell_5_10mm_auc_rel_reference_hurdle_value_given_signal_median,0.0,0.0
5,kinematic_shell_kinetics_shell_10_20mm_washin_rel_reference_hurdle_value_given_signal_sd,0.0011305423070128273,0.0013958485260652752
5,kinematic_shell_kinetics_shell_10_20mm_peak_rel_reference_hurdle_value_given_signal_min,0.0,0.0
5,kinematic_shell_kinetics_shell_10_20mm_washin_rel_reference_hurdle_value_given_signal_median,0.0013601837131248518,0.0008058289862538291
5,kinematic_shell_segment_counts_shell_gt20mm,0.0,0.0
5,kinematic_graph_local_propagation_weighted_linear_fit_n,0.0,0.0
5,kinematic_shell_kinetics_shell_5_10mm_peak_rel_reference_hurdle_value_given_signal_min,0.0,0.0
5,kinematic_propagation_speed_speed_positive_delay_mm_per_time_max,0.0,0.0
5,kinematic_kinetic_topology_coupling_early_bifurcation_count,0.00045928281222394894,0.0004341355141298186
5,kinematic_kinetic_topology_coupling_early_cycle_length_burden_mm_ge50,0.0,0.0
5,kinematic_propagation_speed_speed_positive_delay_mm_per_time_q90,0.0,0.0
5,kinematic_shell_kinetics_shell_gt20mm_auc_rel_reference_hurdle_value_given_signal_min,-0.00022964140611203554,0.0012467090611972527
5,kinematic_propagation_speed_negative_delay_segment_count,0.0007419183889771364,0.001032442267882177
5,kinematic_shell_segment_counts_shell_10_20mm,0.0006889242183359401,0.0009295405134727374
5,kinematic_kinetic_topology_coupling_cycle_count,0.0,0.0
5,kinematic_propagation_speed_speed_positive_delay_mm_per_time_iqr,0.010704822469528275,0.007696307396821843
5,kinematic_propagation_speed_speed_positive_delay_mm_per_time_sd,0.0,0.0
5,kinematic_propagation_speed_speed_positive_delay_mm_per_time_mean,0.0006182653241476154,0.0009488110935874195
5,kinematic_propagation_speed_speed_positive_delay_mm_per_time_median,-0.0005476064299594463,0.0004500172832664759
5,kinematic_kinetic_topology_coupling_early_cycle_count_all_nodes,0.0,0.0
5,kinematic_component_invasion_component_count,0.0,0.0
5,kinematic_shell_kinetics_shell_5_10mm_time_to_peak_hurdle_value_given_signal_q90,0.0,0.0
5,kinematic_shell_kinetics_shell_5_10mm_time_to_peak_hurdle_value_given_signal_mean,0.0,0.0
5,kinematic_shell_kinetics_shell_5_10mm_auc_hurdle_value_given_signal_max,0.0,0.0
5,kinematic_shell_kinetics_shell_10_20mm_time_to_peak_hurdle_value_given_signal_q90,0.0,0.0
5,kinematic_shell_kinetics_shell_10_20mm_auc_hurdle_value_given_signal_max,-0.0014661720544074108,0.0005966912472727514
5,kinematic_shell_segment_counts_shell_5_10mm,0.0,0.0
5,kinematic_propagation_speed_delay_all_segments_min,0.0,0.0
5,kinematic_propagation_speed_delay_all_segments_max,0.0,0.0
5,kinematic_shell_contrasts_5_10mm_vs_10_20mm_ttp_delta,0.0,0.0
5,kinematic_graph_local_propagation_distance_binned_dispersion_distance_bin_count,0.0,0.0
5,kinematic_arrival_delay_vs_reference_all_segments_hurdle_value_given_signal_max,0.0,0.0
5,kinematic_shell_kinetics_shell_5_10mm_time_to_peak_hurdle_value_given_signal_min,0.0,0.0
5,kinematic_shell_kinetics_shell_10_20mm_time_to_peak_hurdle_value_given_signal_min,0.0,0.0
5,kinematic_shell_kinetics_shell_10_20mm_time_to_peak_hurdle_value_given_signal_max,0.00019431195901777886,0.000909175709765597
5,kinematic_shell_kinetics_shell_10_20mm_time_to_peak_hurdle_value_given_signal_iqr,0.0,0.0
5,kinematic_shell_kinetics_shell_gt20mm_time_to_peak_hurdle_value_given_signal_median,0.0,0.0
5,kinematic_shell_kinetics_shell_10_20mm_time_to_peak_hurdle_value_given_signal_median,0.0,0.0
5,kinematic_shell_kinetics_shell_gt20mm_time_to_enhancement_hurdle_value_given_signal_max,0.0,0.0
5,kinematic_shell_kinetics_shell_5_10mm_time_to_enhancement_hurdle_value_given_signal_q90,0.0,0.0
5,kinematic_shell_kinetics_shell_5_10mm_time_to_enhancement_hurdle_value_given_signal_min,0.0,0.0
5,kinematic_shell_kinetics_shell_10_20mm_time_to_enhancement_hurdle_value_given_signal_max,0.0,0.0
5,kinematic_shell_kinetics_shell_5_10mm_time_to_enhancement_hurdle_value_given_signal_median,0.0,0.0
5,kinematic_graph_local_propagation_earliest_arrival_component_near_tumor_earliest_threshold_tte,0.0,0.0
5,kinematic_graph_local_propagation_earliest_arrival_component_near_tumor_largest_component_segments,0.0,0.0
5,kinematic_shell_kinetics_shell_10_20mm_auc_hurdle_value_given_signal_median,0.0,0.0
5,kinematic_arrival_delay_vs_reference_all_segments_hurdle_value_given_signal_q90,0.0,0.0
5,kinematic_shell_kinetics_shell_5_10mm_auc_hurdle_value_given_signal_mean,0.0,0.0
5,kinematic_shell_kinetics_shell_10_20mm_time_to_peak_hurdle_value_given_signal_mean,0.0,0.0
5,kinematic_shell_kinetics_shell_10_20mm_auc_hurdle_value_given_signal_iqr,0.0,0.0
5,kinematic_shell_kinetics_shell_10_20mm_time_to_enhancement_hurdle_value_given_signal_q90,0.0,0.0
5,kinematic_shell_contrasts_5_10mm_vs_10_20mm_washin_delta_norm_l1,0.0,0.0
5,kinematic_shell_contrasts_5_10mm_vs_10_20mm_auc_delta,0.0,0.0
5,kinematic_core_to_periphery_tte_delta,0.0,0.0
5,kinematic_shell_kinetics_shell_10_20mm_time_to_peak_hurdle_value_given_signal_sd,0.005935347111817635,0.005231383348213151
5,kinematic_graph_local_propagation_earliest_arrival_component_near_tumor_largest_component_fraction_near_segments,0.0,0.0
5,kinematic_shell_kinetics_shell_gt20mm_auc_hurdle_value_given_signal_q90,0.0,0.0
5,kinematic_shell_kinetics_shell_10_20mm_auc_hurdle_value_given_signal_sd,0.0,0.0
5,kinematic_shell_contrasts_5_10mm_vs_10_20mm_washout_delta_norm_l1,0.0,0.0
5,kinematic_shell_kinetics_shell_5_10mm_peak_enhancement_hurdle_value_given_signal_q90,0.0,0.0
5,kinematic_shell_kinetics_shell_gt20mm_auc_hurdle_value_given_signal_median,0.0,0.0
5,kinematic_shell_kinetics_shell_gt20mm_time_to_peak_hurdle_value_given_signal_mean,0.00017664723547070605,0.0012689125593405963
5,kinematic_shell_kinetics_shell_10_20mm_time_to_enhancement_hurdle_value_given_signal_mean,0.00045928281222391566,0.0005707646854408635
5,kinematic_shell_kinetics_shell_gt20mm_auc_hurdle_value_given_signal_max,0.0,0.0
5,kinematic_graph_local_propagation_distance_binned_dispersion_distance_bin_monotonic_nondecreasing_fraction,0.0,0.0
5,kinematic_shell_kinetics_shell_gt20mm_auc_hurdle_value_given_signal_mean,0.0,0.0
5,kinematic_propagation_speed_speed_positive_delay_mm_per_time_min,0.0,0.0
5,kinematic_shell_kinetics_shell_10_20mm_time_to_enhancement_hurdle_value_given_signal_sd,0.0,0.0
5,kinematic_arrival_delay_vs_reference_all_segments_hurdle_value_given_signal_mean,-0.0008655714538068238,0.0026596410435020296
5,kinematic_shell_kinetics_shell_gt20mm_auc_hurdle_value_given_signal_iqr,0.001165871754106962,0.0017826498232175179
5,kinematic_graph_local_propagation_graph_distance_available_fraction,0.005334746511217059,0.001451950015052763
5,kinematic_graph_local_propagation_weighted_linear_fit_intercept,0.0021374315491962,0.0025186327895453274
5,kinematic_shell_kinetics_shell_10_20mm_peak_enhancement_hurdle_value_given_signal_median,0.0,0.0
5,kinematic_shell_kinetics_shell_10_20mm_peak_enhancement_hurdle_value_given_signal_q90,0.0,0.0
5,kinematic_shell_contrasts_5_10mm_vs_10_20mm_auc_delta_norm_l1,0.0,0.0
5,kinematic_shell_kinetics_shell_gt20mm_time_to_enhancement_hurdle_value_given_signal_mean,0.0032326444091149154,0.0012214233466216113
5,kinematic_graph_local_propagation_distance_binned_dispersion_mean_tte_std_across_distance_bins,0.0,0.0
5,kinematic_kinetic_topology_coupling_early_cycle_length_fraction_ge50,0.0,0.0
5,kinematic_shell_kinetics_shell_10_20mm_peak_enhancement_hurdle_value_given_signal_iqr,0.0,0.0
5,kinematic_graph_local_propagation_weighted_linear_fit_rmse,0.0,0.0
5,kinematic_shell_contrasts_5_10mm_vs_10_20mm_peak_delta,-0.000476947535771155,0.0004743233203355528
5,kinematic_shell_kinetics_shell_gt20mm_time_to_enhancement_hurdle_value_given_signal_sd,0.0,0.0
5,kinematic_arrival_delay_vs_reference_all_segments_hurdle_value_given_signal_sd,0.0,0.0
5,kinematic_propagation_speed_delay_all_segments_sd,-0.0002826355767532873,0.00044828042891534786
5,kinematic_graph_local_propagation_weighted_linear_fit_mae,-0.0003356297473945502,0.0008264750090294811
5,kinematic_early_enhancing_fraction_volume_fraction_all_segments,0.0006712594947888451,0.0008789864196873168
5,kinematic_shell_kinetics_shell_10_20mm_washin_slope_hurdle_value_given_signal_max,0.0,0.0
5,kinematic_early_enhancing_fraction_count_fraction_all_segments,0.0,0.0
5,kinematic_kinetic_topology_coupling_early_node_fraction,0.0009715597950891497,0.0024771586417636775
5,kinematic_shell_kinetics_shell_10_20mm_auc_hurdle_value_given_signal_min,0.0,0.0
5,kinematic_kinetic_topology_coupling_early_bifurcation_fraction_of_bifurcations,0.0,0.0
5,kinematic_arrival_delay_vs_reference_near_tumor_segments_hurdle_valid_fraction,0.0,0.0
5,kinematic_shell_kinetics_shell_gt20mm_auc_hurdle_value_given_signal_sd,-0.0011482070305600222,0.0005255069698160533
5,kinematic_shell_kinetics_shell_gt20mm_time_to_peak_hurdle_value_given_signal_sd,0.0,0.0
5,kinematic_shell_kinetics_shell_gt20mm_washin_slope_hurdle_value_given_signal_max,0.0,0.0
5,kinematic_shell_kinetics_shell_gt20mm_peak_enhancement_hurdle_value_given_signal_median,0.0,0.0
5,kinematic_shell_kinetics_shell_10_20mm_peak_enhancement_hurdle_value_given_signal_sd,0.0006712594947888562,0.0002713706323217646
5,kinematic_shell_kinetics_shell_gt20mm_washout_slope_hurdle_value_given_signal_min,0.0,0.0
5,kinematic_shell_kinetics_shell_10_20mm_washin_slope_hurdle_value_given_signal_q90,0.0,0.0
5,kinematic_shell_kinetics_shell_10_20mm_washout_slope_hurdle_value_given_signal_min,-0.0010245539657305013,0.0011631922016007228
5,kinematic_caliber_flow_kinetic_surrogates_tortuosity_weighted_peak_enhancement_mean,0.0,0.0
5,kinematic_shell_kinetics_shell_gt20mm_peak_enhancement_hurdle_value_given_signal_mean,0.0,0.0
5,kinematic_shell_kinetics_shell_gt20mm_peak_enhancement_hurdle_value_given_signal_q90,0.0,0.0
5,kinematic_shell_kinetics_shell_gt20mm_peak_enhancement_hurdle_value_given_signal_iqr,-0.0035682741565095212,0.0025141066065581513
5,kinematic_shell_kinetics_shell_5_10mm_auc_hurdle_value_given_signal_min,0.0,0.0
5,kinematic_propagation_speed_delay_all_segments_mean,0.0013601837131248518,0.000854687892838969
5,kinematic_shell_kinetics_shell_10_20mm_washin_slope_hurdle_value_given_signal_sd,0.0,0.0
5,kinematic_shell_kinetics_shell_10_20mm_washin_slope_hurdle_value_given_signal_mean,0.0,0.0
5,kinematic_kinetic_topology_coupling_valid_time_node_fraction,0.0,0.0
5,kinematic_shell_kinetics_shell_gt20mm_washin_slope_hurdle_value_given_signal_q90,0.0,0.0
5,kinematic_shell_kinetics_shell_10_20mm_washin_slope_hurdle_value_given_signal_iqr,-0.0014131778837661812,0.001815259859200144
5,kinematic_arrival_delay_vs_reference_all_segments_hurdle_valid_fraction,-0.00035329447094158974,0.0006609534334524035
5,kinematic_shell_kinetics_shell_10_20mm_washout_slope_hurdle_value_given_signal_mean,0.0,0.0
5,kinematic_shell_kinetics_shell_gt20mm_time_to_enhancement_hurdle_valid_fraction,0.0,0.0
5,kinematic_shell_kinetics_shell_10_20mm_washout_slope_hurdle_value_given_signal_sd,0.0,0.0
5,kinematic_shell_kinetics_shell_gt20mm_peak_enhancement_hurdle_value_given_signal_sd,0.0002296414061119134,0.0018762065367750717
5,kinematic_graph_local_propagation_weighted_linear_fit_r2,0.0,0.0
5,kinematic_shell_kinetics_shell_10_20mm_washout_slope_hurdle_value_given_signal_iqr,0.0,0.0
5,kinematic_shell_kinetics_shell_gt20mm_washout_slope_hurdle_value_given_signal_iqr,0.00024730612965897516,0.0015117536050404507
5,kinematic_shell_kinetics_shell_gt20mm_washin_slope_hurdle_value_given_signal_iqr,0.0,0.0
5,kinematic_shell_contrasts_5_10mm_vs_10_20mm_washin_delta,0.0,0.0
5,kinematic_shell_kinetics_shell_5_10mm_washout_slope_hurdle_value_given_signal_min,0.0,0.0
5,kinematic_caliber_flow_kinetic_surrogates_radius_weighted_washin_mean,0.0,0.0
5,kinematic_shell_kinetics_shell_gt20mm_washin_slope_hurdle_value_given_signal_median,-0.0006182653241477265,0.0009119172937035991
5,kinematic_shell_kinetics_shell_gt20mm_washin_slope_hurdle_value_given_signal_sd,0.0,0.0
5,kinematic_shell_contrasts_5_10mm_vs_10_20mm_washout_delta,0.0,0.0
5,kinematic_shell_kinetics_shell_gt20mm_washin_slope_hurdle_value_given_signal_mean,0.00017664723547068385,0.00045381496480002793
5,kinematic_shell_kinetics_shell_gt20mm_washout_slope_hurdle_value_given_signal_sd,0.0,0.0
5,kinematic_shell_kinetics_shell_gt20mm_washout_slope_hurdle_value_given_signal_mean,0.0,0.0
5,kinematic_shell_kinetics_shell_10_20mm_washout_slope_hurdle_value_given_signal_median,0.0002119766825648628,0.0008895727477133877
5,kinematic_caliber_flow_kinetic_surrogates_radius_weighted_washout_mean,0.0005122769828651341,0.0006535947712418452
5,kinematic_shell_kinetics_shell_gt20mm_peak_enhancement_hurdle_value_given_signal_max,-0.0076488252958841875,0.004328434037900582
5,kinematic_shell_kinetics_shell_gt20mm_washout_slope_hurdle_value_given_signal_median,-0.0004592828122240267,0.0002976912126188593
5,kinematic_shell_kinetics_shell_10_20mm_washin_slope_hurdle_value_given_signal_median,0.0,0.0
5,kinematic_shell_kinetics_shell_5_10mm_washout_slope_hurdle_value_given_signal_mean,0.0,0.0
5,kinematic_shell_kinetics_shell_5_10mm_washin_slope_hurdle_value_given_signal_max,0.0,0.0
5,kinematic_shell_kinetics_shell_gt20mm_auc_hurdle_value_given_signal_min,-0.0007772478360714485,0.0005707646854408409
5,kinematic_shell_kinetics_shell_5_10mm_washin_slope_hurdle_value_given_signal_mean,0.0,0.0
5,kinematic_kinetic_topology_coupling_early_cycle_length_per_tumor_mm3_ge50,0.009256315138668026,0.005425802581834869
5,kinematic_graph_local_propagation_slope_tte_vs_graph_distance_from_boundary,0.0,0.0
5,kinematic_shell_segment_counts_shell_2_5mm,0.0,0.0
5,kinematic_shell_contrasts_0_2mm_vs_2_5mm_ttp_delta,0.0,0.0
5,kinematic_shell_contrasts_0_2mm_vs_2_5mm_tte_delta,0.0,0.0
5,kinematic_shell_contrasts_0_2mm_vs_2_5mm_auc_delta,0.0,0.0
5,kinematic_propagation_speed_delay_all_segments_q90,0.0,0.0
5,kinematic_propagation_speed_delay_all_segments_iqr,0.0,0.0
5,kinematic_shell_contrasts_inside_vs_2_5mm_ttp_delta,0.0,0.0
5,kinematic_shell_contrasts_inside_vs_2_5mm_tte_delta,0.0,0.0
5,kinematic_shell_contrasts_inside_vs_2_5mm_auc_delta,0.0,0.0
5,kinematic_shell_contrasts_inside_vs_0_2mm_ttp_delta,0.0,0.0
5,kinematic_shell_contrasts_inside_vs_0_2mm_tte_delta,0.0,0.0
5,kinematic_shell_contrasts_inside_vs_0_2mm_auc_delta,0.0,0.0
5,kinematic_shell_contrasts_0_2mm_vs_2_5mm_peak_delta,0.0,0.0
5,kinematic_shell_contrasts_inside_vs_2_5mm_peak_delta,0.0,0.0
5,kinematic_shell_contrasts_inside_vs_0_2mm_peak_delta,0.00012365306482948758,0.0006121788889299733
5,kinematic_shell_contrasts_5_10mm_vs_10_20mm_tte_delta,0.0,0.0
5,kinematic_shell_contrasts_0_2mm_vs_2_5mm_washin_delta,0.0,0.0
5,kinematic_propagation_speed_delay_all_segments_median,0.0,0.0
5,kinematic_component_invasion_crossing_component_count,0.0,0.0
5,kinematic_shell_contrasts_inside_vs_2_5mm_washin_delta,0.0,0.0
5,kinematic_shell_contrasts_inside_vs_0_2mm_washin_delta,0.0,0.0
5,kinematic_shell_contrasts_0_2mm_vs_2_5mm_washout_delta,0.0,0.0
5,kinematic_shell_contrasts_inside_vs_2_5mm_washout_delta,-0.0002826355767533206,0.000778852064477944
5,kinematic_shell_contrasts_inside_vs_0_2mm_washout_delta,5.299417064118517e-05,0.0001589825119236912
5,kinematic_component_invasion_crossing_component_fraction,0.0,0.0
5,kinematic_temporal_heterogeneity_near_tumor_ttp_entropy_bits,0.0,0.0
5,kinematic_early_enhancing_fraction_count_fraction_near_tumor,0.0,0.0
5,kinematic_early_enhancing_fraction_early_phase_time_threshold,0.0,0.0
5,kinematic_early_enhancing_fraction_volume_fraction_shell_2_5mm,0.0,0.0
5,kinematic_early_enhancing_fraction_volume_fraction_shell_0_2mm,0.0,0.0
5,kinematic_boundary_caliber_gradient_positive_dilation_fraction,0.0,0.0
5,kinematic_shell_kinetics_shell_2_5mm_auc_hurdle_value_given_signal_sd,0.0,0.0
5,kinematic_shell_kinetics_shell_0_2mm_auc_hurdle_value_given_signal_sd,0.0,0.0
5,kinematic_component_invasion_largest_crossing_component_segment_count,0.0,0.0
5,kinematic_shell_kinetics_shell_5_10mm_auc_hurdle_value_given_signal_sd,0.0,0.0
5,kinematic_shell_kinetics_inside_tumor_auc_hurdle_value_given_signal_sd,0.0,0.0
5,kinematic_shell_kinetics_shell_2_5mm_time_to_peak_hurdle_valid_fraction,0.0,0.0
5,kinematic_shell_kinetics_shell_5_10mm_time_to_peak_hurdle_valid_fraction,0.0,0.0
5,kinematic_shell_kinetics_shell_10_20mm_time_to_peak_hurdle_valid_fraction,0.0,0.0
5,kinematic_boundary_caliber_gradient_inside_radius_length_weighted_mean_mm,0.0,0.0
5,kinematic_component_invasion_mean_crossing_component_max_invasion_depth_mm,0.0,0.0
5,kinematic_component_invasion_largest_crossing_component_crossing_length_mm,0.0,0.0
5,kinematic_boundary_crossing_dynamic_burden_kinetic_weighted_volume_auc_mm3,0.0,0.0
5,kinematic_shell_kinetics_shell_2_5mm_washin_slope_hurdle_value_given_signal_sd,0.0,0.0
5,kinematic_shell_kinetics_shell_2_5mm_time_to_peak_hurdle_value_given_signal_sd,0.0,0.0
5,kinematic_shell_kinetics_shell_2_5mm_time_to_enhancement_hurdle_valid_fraction,0.0,0.0
5,kinematic_shell_kinetics_shell_0_2mm_washin_slope_hurdle_value_given_signal_sd,0.0,0.0
5,kinematic_shell_kinetics_shell_0_2mm_time_to_peak_hurdle_value_given_signal_sd,0.0,0.0
5,kinematic_shell_kinetics_shell_5_10mm_washin_slope_hurdle_value_given_signal_sd,0.0,0.0
5,kinematic_shell_kinetics_shell_5_10mm_time_to_peak_hurdle_value_given_signal_sd,0.0,0.0
5,kinematic_shell_kinetics_shell_2_5mm_washout_slope_hurdle_value_given_signal_sd,5.299417064118517e-05,0.002105068869652937
5,kinematic_shell_kinetics_shell_2_5mm_washin_slope_hurdle_value_given_signal_q90,0.0,0.0
5,kinematic_shell_kinetics_shell_2_5mm_washin_slope_hurdle_value_given_signal_min,0.0,0.0
5,kinematic_shell_kinetics_shell_2_5mm_washin_slope_hurdle_value_given_signal_iqr,0.0,0.0
5,kinematic_shell_kinetics_shell_2_5mm_time_to_peak_hurdle_value_given_signal_q90,0.0,0.0
5,kinematic_shell_kinetics_shell_2_5mm_time_to_peak_hurdle_value_given_signal_min,0.0,0.0
5,kinematic_shell_kinetics_shell_2_5mm_time_to_peak_hurdle_value_given_signal_iqr,0.0,0.0
5,kinematic_shell_kinetics_shell_0_2mm_washout_slope_hurdle_value_given_signal_sd,0.0,0.0
5,kinematic_shell_kinetics_shell_0_2mm_washin_slope_hurdle_value_given_signal_q90,0.0,0.0
5,kinematic_shell_kinetics_shell_0_2mm_washin_slope_hurdle_value_given_signal_min,0.0,0.0
5,kinematic_shell_kinetics_shell_0_2mm_time_to_peak_hurdle_value_given_signal_iqr,0.0,0.0
5,kinematic_shell_kinetics_inside_tumor_washin_slope_hurdle_value_given_signal_sd,0.0,0.0
5,kinematic_shell_kinetics_inside_tumor_time_to_peak_hurdle_value_given_signal_sd,0.0,0.0
5,kinematic_arrival_delay_vs_reference_all_segments_hurdle_value_given_signal_min,0.0,0.0
5,kinematic_arrival_delay_vs_reference_all_segments_hurdle_value_given_signal_iqr,0.0,0.0
5,kinematic_shell_kinetics_shell_gt20mm_washin_slope_hurdle_value_given_signal_min,0.0,0.0
5,kinematic_shell_kinetics_shell_gt20mm_time_to_peak_hurdle_value_given_signal_q90,0.0,0.0
5,kinematic_shell_kinetics_shell_gt20mm_time_to_peak_hurdle_value_given_signal_min,0.0,0.0
5,kinematic_shell_kinetics_shell_gt20mm_time_to_peak_hurdle_value_given_signal_max,0.0,0.0
5,kinematic_shell_kinetics_shell_gt20mm_time_to_peak_hurdle_value_given_signal_iqr,-0.0010952128599188038,0.0006647195803648662
5,kinematic_shell_kinetics_shell_5_10mm_washout_slope_hurdle_value_given_signal_sd,0.0,0.0
5,kinematic_shell_kinetics_shell_5_10mm_washin_slope_hurdle_value_given_signal_min,0.0,0.0
5,kinematic_shell_kinetics_shell_5_10mm_time_to_peak_hurdle_value_given_signal_iqr,0.0,0.0
5,kinematic_shell_kinetics_shell_2_5mm_washout_slope_hurdle_value_given_signal_q90,0.0,0.0
5,kinematic_shell_kinetics_shell_2_5mm_washout_slope_hurdle_value_given_signal_min,0.0,0.0
5,kinematic_shell_kinetics_shell_10_20mm_time_to_enhancement_hurdle_valid_fraction,0.0,0.0
5,kinematic_shell_kinetics_shell_0_2mm_washout_slope_hurdle_value_given_signal_q90,-0.0002649708532062256,0.0009553659977382111
5,kinematic_shell_kinetics_shell_0_2mm_washout_slope_hurdle_value_given_signal_min,0.0,0.0
5,kinematic_shell_kinetics_inside_tumor_washin_slope_hurdle_value_given_signal_q90,0.0,0.0
5,kinematic_shell_kinetics_inside_tumor_washin_slope_hurdle_value_given_signal_min,0.0,0.0
5,kinematic_shell_kinetics_inside_tumor_time_to_peak_hurdle_value_given_signal_iqr,0.0,0.0
5,kinematic_peritumoral_multi_scale_contrasts_core_shell_gradient_per_mm_ttp_slope,0.0,0.0
5,kinematic_peritumoral_multi_scale_contrasts_core_shell_gradient_per_mm_tte_slope,0.0,0.0
5,kinematic_peritumoral_multi_scale_contrasts_core_shell_gradient_per_mm_auc_slope,0.0,0.0
5,kinematic_boundary_caliber_gradient_outside_minus_inside_length_weighted_mean_mm,0.0,0.0
5,kinematic_shell_kinetics_shell_gt20mm_washout_slope_hurdle_value_given_signal_q90,0.0,0.0
5,kinematic_shell_kinetics_shell_gt20mm_washout_slope_hurdle_value_given_signal_max,0.0,0.0
5,kinematic_shell_kinetics_shell_5_10mm_washout_slope_hurdle_value_given_signal_q90,-0.000194311959017901,0.0005441767108549349
5,kinematic_shell_kinetics_shell_10_20mm_washin_slope_hurdle_value_given_signal_min,0.0,0.0
5,kinematic_shell_kinetics_inside_tumor_washout_slope_hurdle_value_given_signal_q90,0.0,0.0
5,kinematic_shell_kinetics_inside_tumor_washout_slope_hurdle_value_given_signal_min,0.0,0.0
5,kinematic_shell_kinetics_inside_tumor_washout_slope_hurdle_value_given_signal_iqr,0.0,0.0
5,kinematic_peritumoral_multi_scale_contrasts_core_shell_gradient_per_mm_peak_slope,0.0,0.0
5,kinematic_shell_kinetics_shell_2_5mm_washin_slope_hurdle_value_given_signal_median,0.0,0.0
5,kinematic_shell_kinetics_shell_10_20mm_washout_slope_hurdle_value_given_signal_q90,0.0,0.0
5,kinematic_shell_kinetics_shell_10_20mm_washout_slope_hurdle_value_given_signal_max,0.0,0.0
5,kinematic_shell_kinetics_shell_0_2mm_washin_slope_hurdle_value_given_signal_median,0.0,0.0
5,kinematic_arrival_delay_vs_reference_all_segments_hurdle_value_given_signal_median,0.0,0.0
5,kinematic_shell_kinetics_shell_5_10mm_washin_slope_hurdle_value_given_signal_median,0.0,0.0
5,kinematic_shell_kinetics_shell_2_5mm_washout_slope_hurdle_value_given_signal_median,0.0,0.0
5,kinematic_shell_kinetics_shell_2_5mm_auc_rel_reference_hurdle_value_given_signal_sd,0.0,0.0
5,kinematic_shell_kinetics_shell_0_2mm_auc_rel_reference_hurdle_value_given_signal_sd,0.0,0.0
5,kinematic_shell_kinetics_inside_tumor_washin_slope_hurdle_value_given_signal_median,0.0,0.0
5,kinematic_peritumoral_multi_scale_contrasts_core_shell_gradient_per_mm_washin_slope,0.0,0.0
5,kinematic_boundary_caliber_gradient_gradient_mm_per_mm_hurdle_value_given_signal_sd,0.0,0.0
5,kinematic_shell_kinetics_shell_5_10mm_peak_enhancement_hurdle_value_given_signal_iqr,0.0,0.0
5,kinematic_shell_kinetics_shell_5_10mm_auc_rel_reference_hurdle_value_given_signal_sd,0.0,0.0
5,kinematic_shell_kinetics_shell_2_5mm_auc_rel_reference_hurdle_value_given_signal_q90,0.0,0.0
5,kinematic_shell_kinetics_shell_0_2mm_auc_rel_reference_hurdle_value_given_signal_q90,0.0,0.0
5,kinematic_shell_kinetics_inside_tumor_auc_rel_reference_hurdle_value_given_signal_sd,0.0,0.0
5,kinematic_peritumoral_multi_scale_contrasts_core_shell_gradient_per_mm_washout_slope,-0.0005122769828652784,0.0008488262693328775
5,kinematic_boundary_caliber_gradient_gradient_mm_per_mm_hurdle_value_given_signal_q90,0.0,0.0
5,kinematic_boundary_caliber_gradient_gradient_mm_per_mm_hurdle_value_given_signal_min,0.0,0.0
5,kinematic_boundary_caliber_gradient_gradient_mm_per_mm_hurdle_value_given_signal_max,0.0,0.0
5,kinematic_shell_kinetics_shell_2_5mm_time_to_enhancement_hurdle_value_given_signal_sd,0.0,0.0
5,kinematic_shell_kinetics_shell_0_2mm_time_to_enhancement_hurdle_value_given_signal_sd,0.0,0.0
5,kinematic_shell_kinetics_inside_tumor_auc_rel_reference_hurdle_value_given_signal_q90,0.0,0.0
5,kinematic_boundary_caliber_gradient_outside_over_inside_hurdle_value_given_signal_q90,0.0,0.0
5,kinematic_boundary_caliber_gradient_outside_over_inside_hurdle_value_given_signal_min,0.0,0.0
5,kinematic_boundary_caliber_gradient_gradient_mm_per_mm_hurdle_value_given_signal_mean,0.0,0.0
5,kinematic_arrival_delay_vs_reference_near_tumor_segments_hurdle_value_given_signal_sd,0.0,0.0
5,kinematic_shell_kinetics_shell_5_10mm_time_to_enhancement_hurdle_value_given_signal_sd,0.00010598834128239254,0.0006985945922375994
5,kinematic_shell_kinetics_shell_2_5mm_washin_rel_reference_hurdle_value_given_signal_sd,0.0,0.0
5,kinematic_shell_kinetics_shell_2_5mm_time_to_enhancement_hurdle_value_given_signal_q90,0.0,0.0
5,kinematic_shell_kinetics_shell_2_5mm_time_to_enhancement_hurdle_value_given_signal_iqr,0.0,0.0
5,kinematic_shell_kinetics_shell_0_2mm_washin_rel_reference_hurdle_value_given_signal_sd,0.0,0.0
5,kinematic_shell_kinetics_shell_0_2mm_time_to_enhancement_hurdle_value_given_signal_iqr,0.0,0.0
5,kinematic_shell_kinetics_inside_tumor_time_to_enhancement_hurdle_value_given_signal_sd,0.0,0.0
5,kinematic_arrival_delay_vs_reference_near_tumor_segments_hurdle_value_given_signal_q90,0.0,0.0
5,kinematic_arrival_delay_vs_reference_near_tumor_segments_hurdle_value_given_signal_min,0.0,0.0
5,kinematic_arrival_delay_vs_reference_near_tumor_segments_hurdle_value_given_signal_max,0.0,0.0
5,kinematic_arrival_delay_vs_reference_near_tumor_segments_hurdle_value_given_signal_iqr,0.0,0.0
5,kinematic_shell_kinetics_shell_gt20mm_time_to_enhancement_hurdle_value_given_signal_q90,0.0,0.0
5,kinematic_shell_kinetics_shell_gt20mm_time_to_enhancement_hurdle_value_given_signal_min,0.0,0.0
5,kinematic_shell_kinetics_shell_gt20mm_time_to_enhancement_hurdle_value_given_signal_iqr,0.0,0.0
5,kinematic_shell_kinetics_shell_5_10mm_washin_rel_reference_hurdle_value_given_signal_sd,0.0,0.0
5,kinematic_shell_kinetics_shell_5_10mm_time_to_enhancement_hurdle_value_given_signal_iqr,0.0,0.0
5,kinematic_shell_kinetics_shell_2_5mm_washin_rel_reference_hurdle_value_given_signal_q90,0.0,0.0
5,kinematic_shell_kinetics_shell_2_5mm_washin_rel_reference_hurdle_value_given_signal_min,0.0,0.0
5,kinematic_shell_kinetics_shell_0_2mm_washin_rel_reference_hurdle_value_given_signal_q90,0.0,0.0
5,kinematic_shell_kinetics_shell_0_2mm_washin_rel_reference_hurdle_value_given_signal_min,0.0,0.0
5,kinematic_shell_kinetics_inside_tumor_washin_rel_reference_hurdle_value_given_signal_sd,0.0,0.0
5,kinematic_shell_kinetics_inside_tumor_time_to_enhancement_hurdle_value_given_signal_iqr,0.0,0.0
5,kinematic_boundary_caliber_gradient_gradient_mm_per_mm_hurdle_value_given_signal_median,0.0,0.0
5,kinematic_arrival_delay_vs_reference_near_tumor_segments_hurdle_value_given_signal_mean,0.0,0.0
5,kinematic_shell_kinetics_shell_gt20mm_washin_rel_reference_hurdle_value_given_signal_min,0.0,0.0
5,kinematic_shell_kinetics_shell_5_10mm_washin_rel_reference_hurdle_value_given_signal_min,0.0,0.0
5,kinematic_shell_kinetics_shell_10_20mm_time_to_enhancement_hurdle_value_given_signal_min,0.0,0.0
5,kinematic_shell_kinetics_shell_10_20mm_time_to_enhancement_hurdle_value_given_signal_iqr,0.0,0.0
5,kinematic_shell_kinetics_inside_tumor_washin_rel_reference_hurdle_value_given_signal_q90,0.0,0.0
5,kinematic_shell_kinetics_shell_10_20mm_washin_rel_reference_hurdle_value_given_signal_min,0.0,0.0
5,kinematic_arrival_delay_vs_reference_near_tumor_segments_hurdle_value_given_signal_median,0.0,0.0
5,kinematic_shell_kinetics_shell_gt20mm_time_to_enhancement_hurdle_value_given_signal_median,0.0,0.0
5,kinematic_shell_kinetics_shell_0_2mm_washin_rel_reference_hurdle_value_given_signal_median,0.0,0.0
5,kinematic_shell_kinetics_shell_5_10mm_washin_rel_reference_hurdle_value_given_signal_median,0.0,0.0
5,kinematic_shell_kinetics_shell_10_20mm_time_to_enhancement_hurdle_value_given_signal_median,0.0,0.0
5,kinematic_core_to_periphery_peak_ratio,-0.00031796502384743295,0.00027137063232179784
5,morph_seg_length_cv,-0.00010598834128252576,0.00043413551412981955
5,morph_radius_cv,0.0,0.0
5,morph_bifurcation_density_per_length,5.2994170641162965e-05,0.0010240970175330272
5,morph_seg_volume_sum,0.0,0.0
5,morph_seg_length_sum,0.0,0.0
5,morph_seg_volume_max,0.0,0.0
5,morph_radius_mean_sum,0.0,0.0
5,morph_curvature_mean_sum,0.0,0.0
5,morph_seg_volume_std,0.0,0.0
5,morph_seg_length_max,0.0,0.0
5,morph_seg_volume_mean,0.0007419183889771586,0.007485258551826074
5,morph_seg_length_std,0.0036036036036035334,0.002929576038385851
5,morph_seg_tortuosity_max,0.0017134781840663527,0.0011145586683870405
5,morph_curvature_mean_max,0.0,0.0
5,morph_radius_mean_max,-0.00021197668256492941,0.0004165280382459901
5,morph_radius_mean_mean,0.0,0.0
5,morph_radius_mean_std,0.000635930047694655,0.0008179358348553406
5,morph_seg_tortuosity_std,0.0,0.0
5,morph_curvature_mean_mean,-0.0012541953718424703,0.0006342103187075277
5,morph_curvature_mean_std,0.0,0.0
5,morph_seg_tortuosity_mean,-0.004204204204204276,0.0024991682294756823
5,morph_bifurcation_per_segment,0.0005476064299592797,0.0005384119644631158
5,morph_seg_dup_fraction,0.0,0.0
5,morph_seg_tortuosity_invalid_n,0.0,0.0
5,morph_bif_angle_std,0.0,0.0
5,morph_bif_angle_mean,-0.009468291821233077,0.005173201075490163
5,morph_bif_angle_max,0.0,0.0
5,tumor_size_outer_to_inner_shell_ratio,0.0018018018018017279,0.0033718806324501962
5,tumor_size_tumor_r8_region_voxels,0.00215509627274324,0.003520380414346597
5,tumor_size_tumor_voxels,0.000565271153506397,0.0015656965063529959
5,tumor_size_shell_0_2_over_tumor,0.0,0.0
6,clinical_post,0.0,0.0
6,clinical_luminal_b,0.0,0.0
6,clinical_luminal_a,0.060272036742624976,0.031554141198889565
6,clinical_triple_negative,0.0,0.0
6,clinical_pre (<6 months since LMP AND no prior bilateral ovariectomy AND not on estrogen replacement),0.0,0.0
6,clinical_pre (< 6 months since LMP AND no prior bilateral ovariectomy AND not on estrogen replacement),0.0,0.0
6,age,0.0005829358770535365,0.0006468762912418289
6,normalized_ratios_near_length_per_tumor_equiv_radius,0.0,0.0
6,caliber_heterogeneity_near_tumor_near_radius_cv,0.0,0.0
6,normalized_ratios_near_volume_per_skeleton_edge,0.0,0.0
6,per_shell_topology_shell_5_10mm_shell_volume_density_mm3_per_shell_mm3,-0.002013778484366713,0.0007788520644779557
6,per_shell_topology_shell_10_20mm_shell_volume_density_mm3_per_shell_mm3,0.0012188659247483135,0.0007259750075264103
6,per_shell_topology_shell_2_5mm_shell_volume_density_mm3_per_shell_mm3,-0.002243419890478693,0.0026662031497198175
6,per_shell_topology_shell_gt20mm_shell_volume_density_mm3_per_shell_mm3,0.0,0.0
6,per_shell_topology_shell_5_10mm_shell_length_density_mm_per_shell_mm3,-0.0007419183889771919,0.0010563445601643592
6,per_shell_topology_shell_10_20mm_shell_length_density_mm_per_shell_mm3,0.0006359300476947993,0.00030799497922917417
6,normalized_ratios_near_volume_per_shell_voxel,1.7664723547117232e-05,0.00014673421414801405
6,per_shell_topology_shell_10_20mm_node_density_per_shell_voxel,-0.00510510510510509,0.0025774157383409916
6,per_shell_topology_shell_2_5mm_node_density_per_shell_mm3,-0.001254195371842437,0.0005555267688930077
6,per_shell_topology_shell_gt20mm_shell_length_density_mm_per_shell_mm3,0.0,0.0
6,per_shell_topology_shell_5_10mm_endpoint_density_per_shell_mm3,0.0001943119590178788,0.0010729047616364542
6,per_shell_topology_shell_5_10mm_endpoint_density_per_shell_voxel,-0.002013778484366735,0.0003722188218637132
6,per_shell_topology_shell_gt20mm_node_density_per_shell_voxel,0.006111994347288474,0.002329065497099368
6,per_shell_topology_shell_2_5mm_endpoint_density_per_shell_voxel,0.0005652711535064636,0.0004920822567455968
6,per_shell_topology_shell_10_20mm_endpoint_density_per_shell_mm3,-0.0032856385797562114,0.003824891972411859
6,per_shell_topology_shell_10_20mm_endpoint_density_per_shell_voxel,-0.0010068892421833287,0.0013337743636115318
6,per_shell_topology_shell_10_20mm_bifurcation_density_per_shell_mm3,0.00042395336512985883,0.0003805097902938992
6,per_shell_topology_shell_gt20mm_bifurcation_density_per_shell_mm3,0.0,0.0
6,per_shell_topology_shell_gt20mm_endpoint_density_per_shell_mm3,0.0,0.0
6,per_shell_topology_shell_gt20mm_bifurcation_density_per_shell_voxel,-0.0007419183889772029,0.0014775144791610523
6,per_shell_topology_shell_gt20mm_endpoint_density_per_shell_voxel,-0.0010422186892774632,0.0010582629076665013
6,normalized_ratios_inside_volume_per_tumor_voxel,-0.0015015015015014677,0.0006332255194818912
6,per_shell_topology_shell_0_2mm_node_density_per_shell_mm3,0.0,0.0
6,normalized_ratios_crossing_length_per_tumor_equiv_surface,0.0,0.0
6,per_shell_topology_shell_2_5mm_cycle_density_per_shell_mm3,0.0,0.0
6,per_shell_topology_shell_0_2mm_cycle_density_per_shell_mm3,0.0,0.0
6,per_shell_topology_shell_5_10mm_cycle_density_per_shell_mm3,0.0,0.0
6,per_shell_topology_shell_0_2mm_edge_density_per_shell_voxel,0.0013071895424836776,0.0015138163070572965
6,per_shell_topology_inside_tumor_cycle_density_per_shell_mm3,0.0,0.0
6,per_shell_topology_shell_10_20mm_cycle_density_per_shell_mm3,0.0,0.0
6,per_shell_topology_shell_2_5mm_bifurcation_density_per_shell_mm3,0.0,0.0
6,per_shell_topology_shell_0_2mm_bifurcation_density_per_shell_mm3,0.0,0.0
6,per_shell_topology_shell_5_10mm_bifurcation_density_per_shell_mm3,0.0007065889418830573,0.0009739656422603931
6,per_shell_topology_inside_tumor_bifurcation_density_per_shell_mm3,0.0,0.0
6,per_shell_topology_shell_gt20mm_shell_region_voxels,5.299417064126288e-05,0.002017261930119162
6,per_shell_topology_shell_gt20mm_shell_region_volume_mm3,0.0,0.0
6,per_shell_topology_shell_10_20mm_shell_region_voxels,-0.00017664723547075045,0.0013660211926642954
6,per_shell_topology_shell_10_20mm_shell_region_volume_mm3,0.009009009009009018,0.00979078357926233
6,per_shell_topology_shell_2_5mm_shell_region_voxels,0.0,0.0
6,per_shell_topology_inside_tumor_shell_region_volume_mm3,0.0010598834128245915,0.001056935191778961
6,graph_totals_total_volume_burden_mm3,-0.0009009009009008806,0.0014725430522075293
6,per_shell_topology_shell_0_2mm_shell_region_volume_mm3,-0.001607489842783949,0.0016198657442136784
6,graph_totals_total_length_mm,-0.0008479067302596954,0.0008353005064502021
6,per_shell_topology_shell_gt20mm_edge_count,0.00019431195901785657,0.0006862011870536868
6,per_shell_topology_shell_10_20mm_shell_volume_burden_mm3,0.0014485073308602825,0.0009440303279199607
6,per_shell_topology_shell_gt20mm_shell_region_volume_per_tumor_mm3,-0.0001413177883765826,0.0008353005064502359
6,per_shell_topology_shell_5_10mm_shell_volume_burden_mm3,0.0,0.0
6,per_shell_topology_shell_10_20mm_shell_length_mm,0.0,0.0
6,per_shell_topology_shell_5_10mm_shell_length_mm,0.0,0.0
6,per_shell_topology_shell_gt20mm_bifurcation_count,0.0,0.0
6,graph_tumor_r8_skel_voxels,0.0,0.0
6,per_shell_topology_shell_gt20mm_endpoint_count,0.0,0.0
6,per_shell_topology_shell_2_5mm_shell_volume_burden_mm3,0.0,0.0
6,graph_tumor_shell_r4_8_skel_voxels,0.0,0.0
6,per_shell_topology_shell_10_20mm_endpoint_count,-0.0003532944709414565,0.0
6,per_shell_topology_shell_10_20mm_shell_region_volume_per_tumor_mm3,0.0,0.0
6,per_shell_topology_shell_5_10mm_endpoint_count,0.0,0.0
6,graph_tumor_r4_skel_voxels,0.0,0.0
6,graph_tumor_shell_r2_4_skel_voxels,-0.0004946122593181169,0.00033329733729224684
6,per_shell_topology_shell_2_5mm_endpoint_count,0.0,0.0
6,per_shell_topology_shell_10_20mm_bifurcation_count,-7.06588941882802e-05,0.0013294391607296854
6,per_shell_topology_shell_2_5mm_degree_distribution_deg2,0.0,0.0
6,length_weighted_shape_stats_near_tumor_segment_count,0.0,0.0
6,per_shell_topology_shell_10_20mm_degree_distribution_deg0,0.0,0.0
6,length_weighted_shape_stats_near_tumor_length_weighted_tortuosity_quantiles_q90,0.0,0.0
6,caliber_heterogeneity_near_tumor_near_radius_q90_mm,-0.0006182653241476377,0.0016424393594174412
6,caliber_heterogeneity_near_tumor_near_radius_q50_mm,0.0006359300476947883,0.000847906730259683
6,length_weighted_shape_stats_near_tumor_length_weighted_tortuosity_quantiles_q50,-0.004310192545486679,0.0016423443630693437
6,caliber_heterogeneity_near_tumor_near_radius_q25_mm,-0.0009185656244479646,0.0011497007663149978
6,per_shell_topology_shell_2_5mm_shell_region_volume_per_tumor_mm3,0.0006006006006006204,0.0010721774178056075
6,per_shell_topology_shell_gt20mm_shell_volume_burden_mm3_per_tumor_mm3,0.000900900900900925,0.0005882644693639655
6,length_weighted_shape_stats_near_tumor_length_weighted_curvature_mean_quantiles_q25,0.0,0.00023699713593002588
6,caliber_heterogeneity_near_tumor_near_radius_q10_mm,0.0,0.0
6,length_weighted_shape_stats_near_tumor_length_weighted_curvature_mean_quantiles_q90,0.0,0.0
6,length_weighted_shape_stats_near_tumor_length_weighted_curvature_mean_quantiles_q50,0.0,0.0
6,length_weighted_shape_stats_global_length_weighted_tortuosity_quantiles_q90,0.0,0.0
6,caliber_heterogeneity_near_tumor_global_node_radius_q90_mm,-0.00010598834128247025,0.0022720982428282746
6,length_weighted_shape_stats_global_length_weighted_tortuosity_quantiles_q75,0.0011128775834658544,0.0013569681442931393
6,per_shell_topology_shell_0_2mm_shell_region_volume_per_tumor_mm3,0.0006182653241476377,0.0007379119793042079
6,caliber_heterogeneity_near_tumor_near_radius_sd_mm,0.0,0.0
6,length_weighted_shape_stats_global_length_weighted_tortuosity_quantiles_q50,6.661338147750939e-17,0.00037053836713308734
6,length_weighted_shape_stats_near_tumor_length_weighted_curvature_mean_quantiles_q10,8.832361773540854e-05,0.0015626043113367047
6,length_weighted_shape_stats_global_length_weighted_tortuosity_mean,0.0,0.0
6,per_shell_topology_shell_gt20mm_shell_length_mm_per_tumor_mm3,0.001784137078254744,0.0008264750090294999
6,length_weighted_shape_stats_global_length_weighted_tortuosity_quantiles_q25,-0.0006359300476947216,0.0004551880843216691
6,per_shell_topology_shell_gt20mm_shell_volume_fraction_of_total_graph_volume,-8.832361773538632e-05,0.00018100955248120744
6,length_weighted_shape_stats_global_length_weighted_curvature_mean_quantiles_q10,-0.0049107931460872336,0.005175975007048197
6,length_weighted_shape_stats_global_length_weighted_curvature_mean_quantiles_q90,0.00031796502384737744,0.00046602741417675977
6,length_weighted_shape_stats_global_length_weighted_curvature_mean_quantiles_q50,-0.00017664723547072825,0.0012811492220080256
6,graph_skel_per_tumor_voxel,0.002914679385267638,0.0017686790668168789
6,length_weighted_shape_stats_global_length_weighted_curvature_mean_quantiles_q25,-0.0003003003003002602,0.0006070602465090879
6,length_weighted_shape_stats_global_length_weighted_curvature_mean_quantiles_q75,0.001642819289878128,0.0009579754010214632
6,length_weighted_shape_stats_global_length_weighted_curvature_mean,-0.0008832361773538188,0.00048053243274103277
6,per_shell_topology_shell_10_20mm_shell_volume_fraction_of_total_graph_volume,0.0,0.0
6,length_weighted_shape_stats_global_length_weighted_tortuosity_quantiles_q10,-0.001519166225048596,0.004365152993307873
6,per_shell_topology_shell_10_20mm_shell_volume_burden_mm3_per_tumor_mm3,0.0,0.0
6,graph_tumor_r8_skel_frac_skeleton,0.0,0.0
6,per_shell_topology_shell_5_10mm_shell_length_fraction_of_total_graph_length,0.0002119766825649516,0.00020600430647748917
6,graph_tumor_shell_r4_8_skel_frac_skeleton,0.0,0.0
6,per_shell_topology_shell_5_10mm_shell_volume_burden_mm3_per_tumor_mm3,0.0,0.0
6,per_shell_topology_shell_10_20mm_shell_length_mm_per_tumor_mm3,-0.0017488076311605316,0.0013370457141965073
6,per_shell_topology_shell_2_5mm_shell_length_fraction_of_total_graph_length,0.0,0.0
6,per_shell_topology_shell_5_10mm_shell_length_mm_per_tumor_mm3,-0.00019431195901781217,0.0004062886415827565
6,graph_tumor_shell_r2_4_skel_frac_skeleton,-7.065889418831351e-05,0.00014131778837662702
6,graph_tumor_shell_r4_8_skel_frac_shell,0.0,0.0
6,graph_tumor_r8_skel_frac_region,0.0,0.0
6,graph_tumor_shell_r2_4_skel_frac_shell,0.0,0.0
6,graph_tumor_r4_skel_frac_region,0.0,0.0
6,graph_skel_in_tumor_voxels,0.0,0.0
6,graph_tumor_r2_skel_frac_region,0.00044161808867694275,0.0007207986491115669
6,graph_tumor_r2_skel_frac_skeleton,0.0,0.0
6,per_shell_topology_shell_0_2mm_node_count,0.0,0.0
6,per_shell_topology_shell_0_2mm_endpoint_count,0.0,0.0
6,per_shell_topology_inside_tumor_endpoint_count,0.0,0.0
6,directional_near_boundary_tangential_alignment_mean,0.0,0.0
6,per_shell_topology_shell_2_5mm_degree_distribution_deg0,0.0,0.0
6,per_shell_topology_shell_0_2mm_degree_distribution_deg2,0.0,0.0
6,per_shell_topology_shell_0_2mm_degree_distribution_deg0,0.0,0.0
6,directional_near_boundary_normal_alignment_abs_cos_mean,-0.001925454866631271,0.000751322039149846
6,per_shell_topology_shell_gt20mm_degree_distribution_deg0,0.0,0.0
6,per_shell_topology_shell_5_10mm_degree_distribution_deg0,0.0004769475357710884,0.0010481896272140508
6,per_shell_topology_inside_tumor_degree_distribution_deg0,0.0,0.0
6,per_shell_topology_shell_2_5mm_degree_distribution_deg4plus,0.0,0.0
6,per_shell_topology_shell_gt20mm_degree_distribution_deg4plus,0.0,0.0
6,per_shell_topology_shell_5_10mm_degree_distribution_deg4plus,0.0,0.0
6,per_shell_topology_inside_tumor_degree_distribution_deg4plus,0.0,0.0
6,per_shell_topology_shell_10_20mm_degree_distribution_deg4plus,0.0,0.0
6,directional_near_boundary_radial_alignment_abs_cos_quantiles_q90,0.0,0.0
6,directional_near_boundary_radial_alignment_abs_cos_quantiles_q10,-0.0021197668256491943,0.0009512744757347717
6,directional_near_boundary_normal_alignment_abs_cos_quantiles_q90,0.0,0.0
6,directional_near_boundary_normal_alignment_abs_cos_quantiles_q25,-3.532944709414565e-05,7.06588941882913e-05
6,directional_near_boundary_normal_alignment_abs_cos_quantiles_q10,-0.0009362303479950596,0.0006272842573596369
6,per_shell_topology_shell_0_2mm_shell_volume_burden_mm3_per_tumor_mm3,0.0,0.0
6,per_shell_topology_shell_0_2mm_shell_volume_fraction_of_total_graph_volume,0.0,0.0
6,caliber_heterogeneity_near_tumor_near_high_radius_tail_fraction_vs_global_q90,0.0,0.0
6,graph_core_to_periphery_length_ratio,-0.00031796502384733304,0.00013219068669048485
6,graph_crossing_fraction_of_near_burden,0.0,0.0
6,kinematic_reference_normalized_signal_all_segments_washin_rel_reference_hurdle_value_given_signal_max,-0.00017664723547073936,0.0005751217310051125
6,kinematic_normalized_shell_burdens_shell_gt20mm_kinetic_auc_weighted_volume_mm3,-0.0011305423070128717,0.0012570533032790784
6,kinematic_reference_normalized_signal_all_segments_auc_rel_reference_hurdle_value_given_signal_max,0.00012365306482957638,0.000586138845540958
6,kinematic_reference_normalized_signal_all_segments_washin_rel_reference_hurdle_value_given_signal_q90,-0.0001413177883765826,0.0009828954420239115
6,kinematic_reference_normalized_signal_all_segments_peak_rel_reference_hurdle_value_given_signal_max,-0.0008655714538067349,0.0009295405134727196
6,kinematic_reference_normalized_signal_near_tumor_segments_peak_rel_reference_hurdle_value_given_signal_max,0.0,0.0
6,kinematic_reference_normalized_signal_all_segments_auc_rel_reference_hurdle_value_given_signal_mean,-0.00019431195901777886,0.0003825544572991987
6,kinematic_reference_normalized_signal_all_segments_peak_rel_reference_hurdle_value_given_signal_median,-0.0001413177883765715,0.0004165280382459703
6,kinematic_reference_normalized_signal_near_tumor_segments_auc_rel_reference_hurdle_value_given_signal_median,0.0,0.0
6,kinematic_reference_normalized_signal_all_segments_washin_rel_reference_hurdle_value_given_signal_median,0.0021197668256491943,0.0014502296945256407
6,kinematic_normalized_shell_burdens_shell_10_20mm_kinetic_auc_weighted_volume_mm3,0.0,0.0
6,kinematic_reference_normalized_signal_near_tumor_segments_peak_rel_reference_hurdle_value_given_signal_min,0.0,0.0
6,kinematic_normalized_shell_burdens_shell_5_10mm_kinetic_auc_weighted_volume_mm3,-0.001731142907613481,0.0008125772831655242
6,kinematic_normalized_shell_burdens_shell_10_20mm_auc_weighted_volume_per_shell_segment,0.0,0.0
6,kinematic_normalized_shell_burdens_shell_gt20mm_auc_weighted_volume_per_shell_segment,0.0,0.0
6,kinematic_normalized_shell_burdens_shell_5_10mm_auc_weighted_volume_per_shell_segment,0.0,0.0
6,kinematic_reference_normalized_signal_all_segments_peak_rel_reference_hurdle_value_given_signal_min,0.0001943119590178788,0.0004138977040756242
6,kinematic_normalized_shell_burdens_shell_10_20mm_auc_weighted_volume_per_shell_length_mm,0.0,0.0
6,kinematic_normalized_shell_burdens_shell_5_10mm_auc_weighted_volume_per_shell_length_mm,-0.00012365306482950978,0.0001589825119236554
6,kinematic_normalized_shell_burdens_shell_gt20mm_auc_weighted_volume_per_shell_length_mm,0.0008302420067126226,0.0005644425122300099
6,kinematic_shell_contrasts_5_10mm_vs_10_20mm_tte_ratio,0.0,0.0
6,kinematic_normalized_shell_burdens_shell_gt20mm_auc_weighted_volume_per_tumor_mm3,0.0,0.0
6,kinematic_shell_contrasts_5_10mm_vs_10_20mm_ttp_ratio,0.0,0.0
6,kinematic_shell_contrasts_5_10mm_vs_10_20mm_peak_ratio,0.0,0.0
6,kinematic_normalized_shell_burdens_shell_10_20mm_auc_weighted_volume_per_tumor_mm3,0.0,0.0
6,kinematic_reference_normalized_signal_all_segments_peak_rel_reference_hurdle_has_signal_fraction,-5.299417064120737e-05,0.00025044067971664033
6,kinematic_normalized_shell_burdens_shell_5_10mm_auc_weighted_volume_per_tumor_mm3,-0.00022964140611196892,0.0008058289862538164
6,kinematic_normalized_shell_burdens_shell_10_20mm_auc_weighted_volume_per_shell_mm3,-0.0016074898427839268,0.0006816386285664874
6,kinematic_normalized_shell_burdens_shell_10_20mm_auc_weighted_volume_per_shell_voxel,-0.0017664723547076045,0.00141538425182903
6,kinematic_kinetic_topology_coupling_early_bifurcation_density_per_tumor_mm3,0.0019254548666313375,0.0036931103146924027
6,kinematic_normalized_shell_burdens_shell_gt20mm_auc_weighted_volume_per_shell_mm3,0.0,0.0
6,kinematic_normalized_shell_burdens_shell_5_10mm_auc_weighted_volume_per_shell_voxel,-0.0012188659247482692,0.0006997103805101032
6,kinematic_normalized_shell_burdens_shell_gt20mm_auc_weighted_volume_per_shell_voxel,0.0,0.0
6,kinematic_reference_normalized_signal_reference_auc_positive,0.0007419183889772474,0.0008789864196873284
6,kinematic_reference_normalized_signal_reference_washin_slope,-0.0012541953718424148,0.0027107725547001692
6,kinematic_temporal_heterogeneity_near_tumor_cv_auc,0.0,0.0
6,kinematic_shell_contrasts_0_2mm_vs_2_5mm_ttp_ratio,0.0,0.0
6,kinematic_shell_contrasts_inside_vs_2_5mm_ttp_ratio,0.0,0.0
6,kinematic_shell_contrasts_inside_vs_0_2mm_ttp_ratio,-0.001996113760819629,0.001454633942839782
6,kinematic_shell_contrasts_0_2mm_vs_2_5mm_washin_ratio,0.0,0.0
6,kinematic_shell_contrasts_inside_vs_2_5mm_washin_ratio,0.0,0.0
6,kinematic_shell_contrasts_inside_vs_0_2mm_washin_ratio,0.0,0.0
6,kinematic_temporal_heterogeneity_near_tumor_cv_tte_time,0.0014308426073132209,0.0008188890292527327
6,kinematic_shell_contrasts_5_10mm_vs_10_20mm_washin_ratio,0.0,0.0
6,kinematic_temporal_heterogeneity_near_tumor_cv_washin_slope,0.0,0.0
6,kinematic_temporal_heterogeneity_near_tumor_cv_washout_slope,0.0002473061296591306,0.0007986330722810316
6,kinematic_component_invasion_crossing_length_concentration_max_fraction,0.0,0.0
6,kinematic_normalized_shell_burdens_shell_2_5mm_kinetic_auc_weighted_volume_mm3,0.0,0.0
6,kinematic_normalized_shell_burdens_shell_0_2mm_kinetic_auc_weighted_volume_mm3,0.0,0.0
6,kinematic_normalized_shell_burdens_inside_tumor_kinetic_auc_weighted_volume_mm3,0.0,0.0
6,kinematic_reference_normalized_signal_near_tumor_segments_peak_rel_reference_hurdle_valid_fraction,0.0,0.0
6,kinematic_reference_normalized_signal_all_segments_washin_rel_reference_hurdle_value_given_signal_min,0.0,0.0
6,kinematic_reference_normalized_signal_near_tumor_segments_peak_rel_reference_hurdle_has_signal_fraction,0.0,0.0
6,kinematic_reference_normalized_signal_near_tumor_segments_auc_rel_reference_hurdle_value_given_signal_sd,0.0003532944709415453,0.0009280286547651436
6,kinematic_reference_normalized_signal_near_tumor_segments_washin_rel_reference_hurdle_value_given_signal_sd,0.0,0.0
6,kinematic_reference_normalized_signal_near_tumor_segments_washin_rel_reference_hurdle_value_given_signal_q90,0.0,0.0
6,kinematic_reference_normalized_signal_near_tumor_segments_washin_rel_reference_hurdle_value_given_signal_min,0.0,0.0
6,kinematic_reference_normalized_signal_near_tumor_segments_washin_rel_reference_hurdle_value_given_signal_median,0.0,0.0
6,kinematic_shell_kinetics_shell_10_20mm_auc_rel_reference_hurdle_value_given_signal_max,1.1102230246251566e-17,0.0008133449520029162
6,kinematic_shell_kinetics_shell_10_20mm_peak_rel_reference_hurdle_value_given_signal_q90,-0.0011128775834657767,0.00019431195901786064
6,kinematic_shell_kinetics_shell_10_20mm_auc_rel_reference_hurdle_value_given_signal_median,-0.0004592828122239823,0.001976871200641297
6,kinematic_shell_kinetics_shell_10_20mm_washin_rel_reference_hurdle_value_given_signal_max,0.0,0.0
6,kinematic_shell_kinetics_shell_5_10mm_peak_rel_reference_hurdle_value_given_signal_max,0.0,0.0
6,kinematic_shell_kinetics_shell_gt20mm_peak_rel_reference_hurdle_value_given_signal_iqr,0.0010775481363716865,0.0011240373269693067
6,kinematic_shell_kinetics_shell_10_20mm_auc_rel_reference_hurdle_value_given_signal_iqr,0.0,0.0
6,kinematic_shell_kinetics_shell_5_10mm_peak_rel_reference_hurdle_value_given_signal_median,-0.002066772655007909,0.0006468762912418231
6,kinematic_shell_kinetics_shell_10_20mm_peak_rel_reference_hurdle_value_given_signal_iqr,0.0011658717541070617,0.0010030079185005159
6,kinematic_shell_kinetics_shell_10_20mm_washin_rel_reference_hurdle_value_given_signal_mean,0.000388623918035691,0.00031401499442909055
6,kinematic_shell_kinetics_shell_10_20mm_peak_rel_reference_hurdle_value_given_signal_min,-0.004628157569334023,0.0020307518619607635
6,kinematic_shell_kinetics_shell_10_20mm_washin_rel_reference_hurdle_value_given_signal_median,0.0,0.0
6,kinematic_shell_segment_counts_shell_gt20mm,0.0,0.0
6,kinematic_graph_local_propagation_weighted_linear_fit_n,0.0006889242183360178,0.0006770453240323933
6,kinematic_shell_kinetics_shell_5_10mm_auc_rel_reference_hurdle_value_given_signal_min,0.0005299417064123068,0.0004538149648000149
6,kinematic_kinetic_topology_coupling_early_bifurcation_count,0.0014485073308602603,0.001567688234045844
6,kinematic_propagation_speed_speed_positive_delay_mm_per_time_max,0.0,0.0
6,kinematic_kinetic_topology_coupling_early_cycle_length_burden_mm_ge50,0.00044161808867694275,0.0011151184668494263
6,kinematic_propagation_speed_speed_positive_delay_mm_per_time_q90,0.002031443207913797,0.001868206330325965
6,kinematic_shell_kinetics_shell_gt20mm_auc_rel_reference_hurdle_value_given_signal_min,0.0,0.0
6,kinematic_propagation_speed_negative_delay_segment_count,0.0,0.0
6,kinematic_shell_segment_counts_shell_10_20mm,-0.0014308426073131985,0.0021784980476558715
6,kinematic_kinetic_topology_coupling_cycle_count,0.0,0.0
6,kinematic_propagation_speed_speed_positive_delay_mm_per_time_iqr,0.006429959371135862,0.008930806258858231
6,kinematic_propagation_speed_speed_positive_delay_mm_per_time_sd,-0.0002649708532061146,0.001183009054955194
6,kinematic_propagation_speed_speed_positive_delay_mm_per_time_mean,-0.0011305423070128828,0.0016251545663310185
6,kinematic_propagation_speed_speed_positive_delay_mm_per_time_median,0.0,0.0
6,kinematic_kinetic_topology_coupling_early_cycle_count_all_nodes,0.0,0.0
6,kinematic_component_invasion_component_count,0.000388623918035691,0.001340192668319418
6,kinematic_shell_kinetics_shell_5_10mm_time_to_peak_hurdle_value_given_signal_q90,0.0,0.0
6,kinematic_shell_kinetics_shell_5_10mm_time_to_peak_hurdle_value_given_signal_mean,0.0,0.0
6,kinematic_shell_kinetics_shell_5_10mm_auc_hurdle_value_given_signal_max,0.0,0.0
6,kinematic_shell_kinetics_shell_10_20mm_auc_hurdle_value_given_signal_max,-0.0024024024024023815,0.0008293018614594819
6,kinematic_shell_kinetics_shell_10_20mm_time_to_peak_hurdle_value_given_signal_q90,0.0,0.0
6,kinematic_shell_segment_counts_shell_5_10mm,0.0,0.0
6,kinematic_propagation_speed_delay_all_segments_min,0.0,0.0
6,kinematic_propagation_speed_delay_all_segments_max,0.0,0.0
6,kinematic_shell_contrasts_5_10mm_vs_10_20mm_ttp_delta,2.2204460492503132e-17,0.0003159961812400304
6,kinematic_graph_local_propagation_distance_binned_dispersion_distance_bin_count,0.0,0.0
6,kinematic_arrival_delay_vs_reference_all_segments_hurdle_value_given_signal_q90,0.0,0.0
6,kinematic_arrival_delay_vs_reference_all_segments_hurdle_value_given_signal_max,0.0,0.0
6,kinematic_shell_kinetics_shell_5_10mm_time_to_peak_hurdle_value_given_signal_min,0.0,0.0
6,kinematic_shell_kinetics_shell_10_20mm_time_to_peak_hurdle_value_given_signal_min,-0.0013071895424836334,0.00048826267306430844
6,kinematic_shell_kinetics_shell_10_20mm_time_to_peak_hurdle_value_given_signal_max,0.0,0.0
6,kinematic_shell_kinetics_shell_10_20mm_time_to_peak_hurdle_value_given_signal_iqr,0.0,0.0
6,kinematic_shell_kinetics_shell_gt20mm_time_to_peak_hurdle_value_given_signal_median,0.0,0.0
6,kinematic_shell_kinetics_shell_10_20mm_time_to_peak_hurdle_value_given_signal_median,0.0,0.0
6,kinematic_shell_kinetics_shell_gt20mm_time_to_enhancement_hurdle_value_given_signal_max,-0.003956898074545123,0.000971399193419368
6,kinematic_shell_kinetics_shell_5_10mm_time_to_enhancement_hurdle_value_given_signal_q90,0.0,0.0
6,kinematic_shell_kinetics_shell_5_10mm_time_to_enhancement_hurdle_value_given_signal_min,0.0,0.0
6,kinematic_shell_kinetics_shell_10_20mm_time_to_enhancement_hurdle_value_given_signal_max,-7.06588941882802e-05,0.00011717452006201644
6,kinematic_shell_kinetics_shell_5_10mm_time_to_enhancement_hurdle_value_given_signal_median,0.0,0.0
6,kinematic_graph_local_propagation_earliest_arrival_component_near_tumor_earliest_threshold_tte,0.0,0.0
6,kinematic_graph_local_propagation_earliest_arrival_component_near_tumor_largest_component_segments,0.0,0.0
6,kinematic_shell_kinetics_shell_10_20mm_auc_hurdle_value_given_signal_median,-0.0009009009009008472,0.0005147077295295409
6,kinematic_shell_kinetics_shell_10_20mm_time_to_peak_hurdle_value_given_signal_mean,0.0,0.0
6,kinematic_shell_kinetics_shell_5_10mm_auc_hurdle_value_given_signal_mean,-0.00030030030030027134,0.0008939467181685112
6,kinematic_shell_kinetics_shell_10_20mm_time_to_enhancement_hurdle_value_given_signal_q90,-0.0005476064299593464,0.0006535947712418361
6,kinematic_shell_kinetics_shell_10_20mm_auc_hurdle_value_given_signal_iqr,-0.0003532944709414787,0.0004673646548426902
6,kinematic_shell_contrasts_5_10mm_vs_10_20mm_washin_delta_norm_l1,0.0,0.0
6,kinematic_shell_contrasts_5_10mm_vs_10_20mm_auc_delta,-0.00012365306482948758,0.00038741763291750116
6,kinematic_core_to_periphery_tte_delta,0.0,0.0
6,kinematic_graph_local_propagation_earliest_arrival_component_near_tumor_largest_component_fraction_near_segments,0.0,0.0
6,kinematic_shell_kinetics_shell_10_20mm_time_to_peak_hurdle_value_given_signal_sd,-0.0006712594947888672,0.0023604724378717655
6,kinematic_shell_kinetics_shell_gt20mm_auc_hurdle_value_given_signal_q90,0.0,0.0
6,kinematic_shell_contrasts_5_10mm_vs_10_20mm_washout_delta_norm_l1,-0.0007772478360713487,0.0011855122229685485
6,kinematic_shell_kinetics_shell_10_20mm_auc_hurdle_value_given_signal_sd,0.0008125772831655276,0.0005131898620856503
6,kinematic_shell_kinetics_shell_5_10mm_peak_enhancement_hurdle_value_given_signal_q90,0.0,0.0
6,kinematic_shell_kinetics_shell_gt20mm_auc_hurdle_value_given_signal_median,-0.00045928281222392677,0.00022621883898369662
6,kinematic_propagation_speed_speed_positive_delay_mm_per_time_min,-0.002261084614025777,0.001982545535643631
6,kinematic_shell_kinetics_shell_gt20mm_auc_hurdle_value_given_signal_max,0.0,0.0
6,kinematic_shell_kinetics_shell_10_20mm_time_to_enhancement_hurdle_value_given_signal_mean,0.0,0.0
6,kinematic_shell_kinetics_shell_gt20mm_time_to_peak_hurdle_value_given_signal_mean,-1.766472354706172e-05,9.512744757347944e-05
6,kinematic_graph_local_propagation_distance_binned_dispersion_distance_bin_monotonic_nondecreasing_fraction,0.0,0.0
6,kinematic_arrival_delay_vs_reference_all_segments_hurdle_value_given_signal_mean,-0.0010598834128245915,0.0009041854013121306
6,kinematic_shell_kinetics_shell_gt20mm_auc_hurdle_value_given_signal_iqr,1.7664723547106133e-05,0.0002553759458541125
6,kinematic_graph_local_propagation_graph_distance_available_fraction,-0.014167108284755314,0.006746814478139001
6,kinematic_shell_kinetics_shell_10_20mm_time_to_enhancement_hurdle_value_given_signal_sd,0.0003179650238474108,0.0008390278810837611
6,kinematic_graph_local_propagation_weighted_linear_fit_intercept,0.0010245539657304458,0.0019809709618620274
6,kinematic_shell_kinetics_shell_10_20mm_peak_enhancement_hurdle_value_given_signal_median,-0.0002119766825648961,0.0007274778407339329
6,kinematic_shell_contrasts_5_10mm_vs_10_20mm_auc_delta_norm_l1,0.0,0.0
6,kinematic_shell_kinetics_shell_10_20mm_peak_enhancement_hurdle_value_given_signal_q90,0.00022964140611204665,0.00046097821412116683
6,kinematic_shell_kinetics_shell_gt20mm_time_to_enhancement_hurdle_value_given_signal_mean,0.00019431195901785657,0.0019163579227636214
6,kinematic_kinetic_topology_coupling_early_cycle_length_fraction_ge50,0.0009009009009009362,0.0005829358770535344
6,kinematic_graph_local_propagation_distance_binned_dispersion_mean_tte_std_across_distance_bins,-0.00019431195901786769,0.0008918498895152426
6,kinematic_shell_kinetics_shell_10_20mm_peak_enhancement_hurdle_value_given_signal_iqr,0.00024730612965911947,0.0004043640043193839
6,kinematic_graph_local_propagation_weighted_linear_fit_rmse,-0.0015368309485956355,0.0017254556185908741
6,kinematic_shell_contrasts_5_10mm_vs_10_20mm_peak_delta,-0.002455396573043611,0.001939020261982182
6,kinematic_early_enhancing_fraction_count_fraction_near_tumor,0.0,0.0
6,kinematic_propagation_speed_delay_all_segments_sd,-0.00019431195901781217,0.0003484028073364205
6,kinematic_graph_local_propagation_weighted_linear_fit_mae,-0.0009185656244479756,0.0004312508608278995
6,kinematic_shell_kinetics_shell_gt20mm_time_to_enhancement_hurdle_value_given_signal_sd,0.00047694753577107727,0.001017984775426546
6,kinematic_arrival_delay_vs_reference_all_segments_hurdle_value_given_signal_sd,-0.0017841370782546884,0.0006952364831002925
6,kinematic_early_enhancing_fraction_volume_fraction_all_segments,-0.0006889242183359845,0.0008777430311821008
6,kinematic_shell_kinetics_shell_10_20mm_washin_slope_hurdle_value_given_signal_max,-3.532944709411234e-05,0.0005346315474446811
6,kinematic_shell_kinetics_shell_10_20mm_auc_hurdle_value_given_signal_min,0.00017664723547078376,0.0009413822712930225
6,kinematic_kinetic_topology_coupling_early_node_fraction,-0.0010598834128245581,0.0012738213303176056
6,kinematic_early_enhancing_fraction_count_fraction_all_segments,0.0009185656244480201,0.001213092012958097
6,kinematic_kinetic_topology_coupling_early_bifurcation_fraction_of_bifurcations,0.0002119766825649405,0.0011975588240012796
6,kinematic_shell_kinetics_shell_gt20mm_auc_hurdle_value_given_signal_sd,0.00015898251192369983,0.0005498810251289003
6,kinematic_shell_kinetics_shell_gt20mm_time_to_peak_hurdle_value_given_signal_sd,-0.00017664723547075045,0.0003949952265500399
6,kinematic_shell_kinetics_shell_gt20mm_peak_enhancement_hurdle_value_given_signal_median,0.00019431195901786769,0.0013647642403616606
6,kinematic_shell_kinetics_shell_gt20mm_washin_slope_hurdle_value_given_signal_max,-0.0004592828122239823,0.0005192347096519746
6,kinematic_shell_kinetics_shell_10_20mm_peak_enhancement_hurdle_value_given_signal_sd,0.0,0.0
6,kinematic_shell_kinetics_shell_10_20mm_washin_slope_hurdle_value_given_signal_q90,0.0,0.0
6,kinematic_shell_kinetics_shell_10_20mm_washout_slope_hurdle_value_given_signal_min,-0.0008125772831655386,0.0006985945922375977
6,kinematic_arrival_delay_vs_reference_near_tumor_segments_hurdle_valid_fraction,0.0,0.0
6,kinematic_shell_kinetics_shell_gt20mm_washout_slope_hurdle_value_given_signal_min,-0.0006359300476947105,0.0010866317964479478
6,kinematic_shell_kinetics_shell_gt20mm_peak_enhancement_hurdle_value_given_signal_mean,0.0,0.0
6,kinematic_caliber_flow_kinetic_surrogates_tortuosity_weighted_peak_enhancement_mean,0.0008832361773538411,0.0011664069259296299
6,kinematic_shell_kinetics_shell_gt20mm_peak_enhancement_hurdle_value_given_signal_q90,-0.001324854266030706,0.0009969228800227729
6,kinematic_shell_kinetics_shell_gt20mm_peak_enhancement_hurdle_value_given_signal_iqr,0.0013248542660307173,0.0026488251486289855
6,kinematic_shell_kinetics_shell_5_10mm_time_to_enhancement_hurdle_valid_fraction,0.0,0.0
6,kinematic_propagation_speed_delay_all_segments_mean,-8.832361773538632e-05,0.0005872026192755628
6,kinematic_shell_kinetics_shell_5_10mm_auc_hurdle_value_given_signal_min,0.0,0.0
6,kinematic_shell_kinetics_shell_10_20mm_washin_slope_hurdle_value_given_signal_sd,-0.0018547959724430352,0.001286617751961162
6,kinematic_shell_kinetics_shell_10_20mm_washin_slope_hurdle_value_given_signal_mean,0.0,0.0
6,kinematic_kinetic_topology_coupling_valid_time_node_fraction,-0.0014485073308602603,0.00047267578732588183
6,kinematic_shell_kinetics_shell_gt20mm_washin_slope_hurdle_value_given_signal_q90,-0.0002826355767532429,0.0002523027178428774
6,kinematic_arrival_delay_vs_reference_all_segments_hurdle_valid_fraction,-0.0010068892421833397,0.0008436639417954035
6,kinematic_shell_kinetics_shell_10_20mm_washout_slope_hurdle_value_given_signal_mean,8.832361773540854e-05,0.00027649665858507866
6,kinematic_shell_kinetics_shell_10_20mm_washin_slope_hurdle_value_given_signal_iqr,0.0,0.0
6,kinematic_shell_kinetics_shell_gt20mm_peak_enhancement_hurdle_value_given_signal_sd,0.0,0.0
6,kinematic_shell_kinetics_shell_10_20mm_washout_slope_hurdle_value_given_signal_sd,-0.0012541953718423816,0.0008524945071198305
6,kinematic_graph_local_propagation_weighted_linear_fit_r2,-0.001996113760819629,0.001114558668387029
6,kinematic_shell_kinetics_shell_10_20mm_washout_slope_hurdle_value_given_signal_iqr,-0.0008302420067125782,0.0013149248114429576
6,kinematic_shell_kinetics_shell_gt20mm_washout_slope_hurdle_value_given_signal_iqr,-0.0031796502384737746,0.0022330334701374907
6,kinematic_shell_kinetics_shell_gt20mm_washin_slope_hurdle_value_given_signal_iqr,0.0011835364776541456,0.00233288073203162
6,kinematic_shell_contrasts_5_10mm_vs_10_20mm_washin_delta,0.0,0.0
6,kinematic_shell_kinetics_shell_5_10mm_washout_slope_hurdle_value_given_signal_min,-0.0009892245186362669,0.0012294444544289312
6,kinematic_caliber_flow_kinetic_surrogates_radius_weighted_washin_mean,0.00042395336512985883,0.00033702144547497354
6,kinematic_shell_kinetics_shell_gt20mm_washin_slope_hurdle_value_given_signal_median,-0.00022964140611198003,0.001856141368193367
6,kinematic_shell_kinetics_shell_gt20mm_washin_slope_hurdle_value_given_signal_sd,-0.002314078784666984,0.004476848783970439
6,kinematic_shell_kinetics_shell_gt20mm_washout_slope_hurdle_value_given_signal_sd,-0.0015368309485956355,0.0009900128082813624
6,kinematic_shell_kinetics_shell_gt20mm_washin_slope_hurdle_value_given_signal_mean,-0.0017488076311605537,0.0020348197402057185
6,kinematic_shell_contrasts_5_10mm_vs_10_20mm_washout_delta,-0.004433845610316178,0.0017279856135253748
6,kinematic_shell_kinetics_shell_gt20mm_washout_slope_hurdle_value_given_signal_mean,-0.00017664723547073936,0.0014350889250372618
6,kinematic_shell_kinetics_shell_gt20mm_peak_enhancement_hurdle_value_given_signal_max,-0.0032856385797562114,0.0015524870194467267
6,kinematic_shell_kinetics_shell_10_20mm_washout_slope_hurdle_value_given_signal_median,0.001201201201201263,0.0006109032491005269
6,kinematic_caliber_flow_kinetic_surrogates_radius_weighted_washout_mean,0.0,0.0
6,kinematic_shell_kinetics_shell_gt20mm_washout_slope_hurdle_value_given_signal_median,-0.002331743508214068,0.0009892245186363217
6,kinematic_shell_kinetics_shell_10_20mm_washin_slope_hurdle_value_given_signal_median,0.0,0.0
6,kinematic_shell_kinetics_shell_5_10mm_washout_slope_hurdle_value_given_signal_mean,-0.00024730612965907507,0.0010426676956985465
6,kinematic_shell_kinetics_shell_5_10mm_washin_slope_hurdle_value_given_signal_max,-0.0009715597950892052,0.0007709999237871448
6,kinematic_shell_kinetics_shell_gt20mm_auc_hurdle_value_given_signal_min,-0.0015544956721427194,0.001664238221277336
6,kinematic_shell_kinetics_shell_gt20mm_peak_enhancement_hurdle_value_given_signal_min,0.0005299417064123068,0.0008133449520029331
6,kinematic_shell_kinetics_shell_5_10mm_washin_slope_hurdle_value_given_signal_mean,0.0,0.0
6,kinematic_kinetic_topology_coupling_early_cycle_length_per_tumor_mm3_ge50,0.003250309132662055,0.00521106350609214
6,kinematic_graph_local_propagation_slope_tte_vs_graph_distance_from_boundary,-1.766472354703952e-05,0.00026731577372232884
6,kinematic_shell_segment_counts_shell_2_5mm,0.0,0.0
6,kinematic_shell_contrasts_0_2mm_vs_2_5mm_ttp_delta,0.0,0.0
6,kinematic_shell_contrasts_0_2mm_vs_2_5mm_tte_delta,0.0,0.0
6,kinematic_shell_contrasts_0_2mm_vs_2_5mm_auc_delta,-0.00015898251192366652,0.0002673157737223347
6,kinematic_propagation_speed_delay_all_segments_q90,3.3306690738754695e-17,0.000524020384179167
6,kinematic_propagation_speed_delay_all_segments_iqr,0.0,0.0
6,kinematic_shell_contrasts_inside_vs_2_5mm_ttp_delta,0.0,0.0
6,kinematic_shell_contrasts_inside_vs_2_5mm_tte_delta,0.0,0.0
6,kinematic_shell_contrasts_inside_vs_2_5mm_auc_delta,-0.003126656067832523,0.002055569732143746
6,kinematic_shell_contrasts_inside_vs_0_2mm_ttp_delta,0.0,0.0
6,kinematic_shell_contrasts_inside_vs_0_2mm_tte_delta,0.0,0.0
6,kinematic_shell_contrasts_inside_vs_0_2mm_auc_delta,-0.002331743508214068,0.0005461799976590861
6,kinematic_shell_contrasts_0_2mm_vs_2_5mm_peak_delta,0.0,0.0
6,kinematic_shell_contrasts_inside_vs_2_5mm_peak_delta,0.0,0.0
6,kinematic_shell_contrasts_inside_vs_0_2mm_peak_delta,0.0,0.0
6,kinematic_shell_contrasts_5_10mm_vs_10_20mm_tte_delta,0.0,0.0
6,kinematic_shell_contrasts_0_2mm_vs_2_5mm_washin_delta,0.0004239533651298366,0.000565271153506465
6,kinematic_propagation_speed_delay_all_segments_median,0.0,0.0
6,kinematic_component_invasion_crossing_component_count,0.0,0.0
6,kinematic_shell_contrasts_inside_vs_2_5mm_washin_delta,0.0,0.0
6,kinematic_shell_contrasts_inside_vs_0_2mm_washin_delta,0.00065359477124185,0.0007370657496917363
6,kinematic_shell_contrasts_0_2mm_vs_2_5mm_washout_delta,0.0,0.0
6,kinematic_shell_contrasts_inside_vs_2_5mm_washout_delta,0.0,0.0
6,kinematic_shell_contrasts_inside_vs_0_2mm_washout_delta,0.0,0.0
6,kinematic_component_invasion_crossing_component_fraction,0.0,0.0
6,kinematic_temporal_heterogeneity_near_tumor_ttp_entropy_bits,0.0006182653241477154,0.0004272526628669041
6,kinematic_early_enhancing_fraction_early_phase_time_threshold,0.0,0.0
6,kinematic_early_enhancing_fraction_volume_fraction_shell_2_5mm,0.0,0.0
6,kinematic_early_enhancing_fraction_volume_fraction_shell_0_2mm,-0.00045928281222396006,0.00039657206007140904
6,kinematic_boundary_caliber_gradient_positive_dilation_fraction,0.0,0.0
6,kinematic_shell_kinetics_shell_2_5mm_auc_hurdle_value_given_signal_sd,0.0,0.0
6,kinematic_shell_kinetics_shell_0_2mm_auc_hurdle_value_given_signal_sd,0.0,0.0
6,kinematic_component_invasion_largest_crossing_component_segment_count,0.0,0.0
6,kinematic_shell_kinetics_shell_5_10mm_auc_hurdle_value_given_signal_sd,0.0,0.0
6,kinematic_shell_kinetics_shell_2_5mm_auc_hurdle_value_given_signal_min,-0.00022964140611196892,0.0004472350786494152
6,kinematic_shell_kinetics_inside_tumor_auc_hurdle_value_given_signal_sd,0.0,0.0
6,kinematic_shell_kinetics_shell_2_5mm_time_to_peak_hurdle_valid_fraction,0.0,0.0
6,kinematic_shell_kinetics_shell_10_20mm_time_to_peak_hurdle_valid_fraction,0.0,0.0
6,kinematic_boundary_caliber_gradient_inside_radius_length_weighted_mean_mm,-0.0008302420067126115,0.0005753929508886251
6,kinematic_component_invasion_mean_crossing_component_max_invasion_depth_mm,0.0,0.0
6,kinematic_component_invasion_largest_crossing_component_crossing_length_mm,-0.006447624094682902,0.004181169538436564
6,kinematic_boundary_crossing_dynamic_burden_kinetic_weighted_volume_auc_mm3,-0.0011658717541070285,0.0016135929689693096
6,kinematic_shell_kinetics_shell_2_5mm_washin_slope_hurdle_value_given_signal_sd,-0.0007065889418830462,0.000741076734266135
6,kinematic_shell_kinetics_shell_2_5mm_time_to_peak_hurdle_value_given_signal_sd,0.0,0.0
6,kinematic_shell_kinetics_shell_0_2mm_washin_slope_hurdle_value_given_signal_sd,0.0,0.0
6,kinematic_shell_kinetics_shell_0_2mm_time_to_peak_hurdle_value_given_signal_sd,0.0,0.0
6,kinematic_shell_kinetics_shell_5_10mm_washin_slope_hurdle_value_given_signal_sd,-0.0005122769828652118,0.0008670122728710788
6,kinematic_shell_kinetics_shell_5_10mm_time_to_peak_hurdle_value_given_signal_sd,-0.0005829358770534698,0.0005360887089028019
6,kinematic_shell_kinetics_shell_2_5mm_washin_slope_hurdle_value_given_signal_q90,-0.0010245539657303903,0.0006693974676380959
6,kinematic_shell_kinetics_shell_2_5mm_washin_slope_hurdle_value_given_signal_min,0.0,0.0
6,kinematic_shell_kinetics_shell_2_5mm_time_to_peak_hurdle_value_given_signal_q90,0.0,0.0
6,kinematic_shell_kinetics_shell_2_5mm_time_to_peak_hurdle_value_given_signal_min,0.0,0.0
6,kinematic_shell_kinetics_shell_2_5mm_time_to_peak_hurdle_value_given_signal_iqr,0.0,0.0
6,kinematic_shell_kinetics_shell_0_2mm_washout_slope_hurdle_value_given_signal_sd,0.0,0.0
6,kinematic_shell_kinetics_shell_0_2mm_washin_slope_hurdle_value_given_signal_q90,0.0,0.0
6,kinematic_shell_kinetics_shell_0_2mm_washin_slope_hurdle_value_given_signal_min,0.0,0.0
6,kinematic_shell_kinetics_inside_tumor_washin_slope_hurdle_value_given_signal_sd,0.0,0.0
6,kinematic_shell_kinetics_inside_tumor_time_to_peak_hurdle_value_given_signal_sd,0.0,0.0
6,kinematic_arrival_delay_vs_reference_all_segments_hurdle_value_given_signal_min,0.0,0.0
6,kinematic_arrival_delay_vs_reference_all_segments_hurdle_value_given_signal_iqr,0.0,0.0
6,kinematic_shell_kinetics_shell_gt20mm_washin_slope_hurdle_value_given_signal_min,0.0,0.0
6,kinematic_shell_kinetics_shell_gt20mm_time_to_peak_hurdle_value_given_signal_q90,0.0,0.0
6,kinematic_shell_kinetics_shell_gt20mm_time_to_peak_hurdle_value_given_signal_min,0.0,0.0
6,kinematic_shell_kinetics_shell_gt20mm_time_to_peak_hurdle_value_given_signal_max,0.0,0.0
6,kinematic_shell_kinetics_shell_gt20mm_time_to_peak_hurdle_value_given_signal_iqr,0.0,0.0
6,kinematic_shell_kinetics_shell_5_10mm_washout_slope_hurdle_value_given_signal_sd,-0.0018901254195371696,0.0009612271938111714
6,kinematic_shell_kinetics_shell_5_10mm_washin_slope_hurdle_value_given_signal_min,0.0,0.0
6,kinematic_shell_kinetics_shell_5_10mm_time_to_peak_hurdle_value_given_signal_iqr,0.0,0.0
6,kinematic_shell_kinetics_shell_2_5mm_washout_slope_hurdle_value_given_signal_q90,-0.0001413177883765604,0.0015232687608062252
6,kinematic_shell_kinetics_shell_2_5mm_washout_slope_hurdle_value_given_signal_min,-0.00019431195901783437,0.0007429691165805305
6,kinematic_shell_kinetics_shell_2_5mm_washout_slope_hurdle_value_given_signal_iqr,1.7664723547106133e-05,0.0002897230077169318
6,kinematic_shell_kinetics_shell_10_20mm_time_to_enhancement_hurdle_valid_fraction,-0.0007949125596184326,0.0005977362415011038
6,kinematic_shell_kinetics_shell_0_2mm_washout_slope_hurdle_value_given_signal_q90,-8.832361773533081e-05,0.0009119172937035959
6,kinematic_shell_kinetics_inside_tumor_washout_slope_hurdle_value_given_signal_sd,0.0,0.0
6,kinematic_shell_kinetics_inside_tumor_washin_slope_hurdle_value_given_signal_q90,0.0,0.0
6,kinematic_shell_kinetics_inside_tumor_washin_slope_hurdle_value_given_signal_min,0.0,0.0
6,kinematic_shell_kinetics_inside_tumor_time_to_peak_hurdle_value_given_signal_iqr,0.0,0.0
6,kinematic_peritumoral_multi_scale_contrasts_core_shell_gradient_per_mm_ttp_slope,0.0,0.0
6,kinematic_peritumoral_multi_scale_contrasts_core_shell_gradient_per_mm_tte_slope,0.0,0.0
6,kinematic_peritumoral_multi_scale_contrasts_core_shell_gradient_per_mm_auc_slope,7.065889418833571e-05,0.0004195139405418885
6,kinematic_boundary_caliber_gradient_outside_minus_inside_length_weighted_mean_mm,1.7664723547083927e-05,5.299417064125178e-05
6,kinematic_shell_kinetics_shell_gt20mm_washout_slope_hurdle_value_given_signal_q90,0.001430842607313232,0.0003105175027600579
6,kinematic_shell_kinetics_shell_gt20mm_washout_slope_hurdle_value_given_signal_max,0.0,0.0
6,kinematic_shell_kinetics_shell_5_10mm_washout_slope_hurdle_value_given_signal_q90,0.0,0.0
6,kinematic_shell_kinetics_shell_10_20mm_washin_slope_hurdle_value_given_signal_min,0.0,0.0
6,kinematic_shell_kinetics_inside_tumor_washout_slope_hurdle_value_given_signal_q90,0.0,0.0
6,kinematic_shell_kinetics_inside_tumor_washout_slope_hurdle_value_given_signal_min,0.0,0.0
6,kinematic_peritumoral_multi_scale_contrasts_core_shell_gradient_per_mm_peak_slope,0.0,0.0
6,kinematic_shell_kinetics_shell_2_5mm_washin_slope_hurdle_value_given_signal_median,0.00045928281222400446,0.00028701778500745507
6,kinematic_shell_kinetics_shell_10_20mm_washout_slope_hurdle_value_given_signal_q90,0.002296414061119967,0.0015660950545346214
6,kinematic_shell_kinetics_shell_10_20mm_washout_slope_hurdle_value_given_signal_max,0.0,0.0
6,kinematic_shell_kinetics_shell_0_2mm_washin_slope_hurdle_value_given_signal_median,0.0,0.0
6,kinematic_arrival_delay_vs_reference_all_segments_hurdle_value_given_signal_median,-0.0007419183889771474,0.00036029108027507445
6,kinematic_shell_kinetics_shell_5_10mm_washin_slope_hurdle_value_given_signal_median,7.065889418832461e-05,0.0006804932091241341
6,kinematic_shell_kinetics_shell_2_5mm_washout_slope_hurdle_value_given_signal_median,0.0,0.0
6,kinematic_shell_kinetics_shell_2_5mm_auc_rel_reference_hurdle_value_given_signal_sd,0.0,0.0
6,kinematic_shell_kinetics_shell_0_2mm_auc_rel_reference_hurdle_value_given_signal_sd,0.0,0.0
6,kinematic_shell_kinetics_inside_tumor_washin_slope_hurdle_value_given_signal_median,0.0,0.0
6,kinematic_peritumoral_multi_scale_contrasts_core_shell_gradient_per_mm_washin_slope,0.0,0.0
6,kinematic_boundary_caliber_gradient_gradient_mm_per_mm_hurdle_value_given_signal_sd,0.0,0.0
6,kinematic_shell_kinetics_shell_5_10mm_peak_enhancement_hurdle_value_given_signal_iqr,-0.000989224518636278,0.0013081440439197036
6,kinematic_shell_kinetics_shell_5_10mm_auc_rel_reference_hurdle_value_given_signal_sd,0.0015544956721427416,0.0012951989245591307
6,kinematic_shell_kinetics_shell_2_5mm_auc_rel_reference_hurdle_value_given_signal_q90,-0.0007772478360713153,0.0010750838406432105
6,kinematic_shell_kinetics_shell_0_2mm_auc_rel_reference_hurdle_value_given_signal_q90,-0.00019431195901777886,0.00022964140611198258
6,kinematic_peritumoral_multi_scale_contrasts_core_shell_gradient_per_mm_washout_slope,-0.00015898251192366652,0.00031051750276003956
6,kinematic_boundary_caliber_gradient_gradient_mm_per_mm_hurdle_value_given_signal_q90,0.0,0.0
6,kinematic_boundary_caliber_gradient_gradient_mm_per_mm_hurdle_value_given_signal_min,0.0,0.0
6,kinematic_boundary_caliber_gradient_gradient_mm_per_mm_hurdle_value_given_signal_max,0.0005122769828652229,0.00012365306482950978
6,kinematic_shell_kinetics_shell_2_5mm_time_to_enhancement_hurdle_value_given_signal_sd,7.065889418831351e-05,0.00014131778837662702
6,kinematic_shell_kinetics_shell_0_2mm_time_to_enhancement_hurdle_value_given_signal_sd,0.0,0.0
6,kinematic_shell_kinetics_inside_tumor_auc_rel_reference_hurdle_value_given_signal_q90,0.0,0.0
6,kinematic_boundary_caliber_gradient_outside_over_inside_hurdle_value_given_signal_q90,0.0,0.0
6,kinematic_boundary_caliber_gradient_outside_over_inside_hurdle_value_given_signal_min,0.0,0.0
6,kinematic_boundary_caliber_gradient_gradient_mm_per_mm_hurdle_value_given_signal_mean,0.0,0.0
6,kinematic_arrival_delay_vs_reference_near_tumor_segments_hurdle_value_given_signal_sd,0.0,0.0
6,kinematic_shell_kinetics_shell_5_10mm_time_to_enhancement_hurdle_value_given_signal_sd,0.0009185656244479867,0.00045928281222398483
6,kinematic_shell_kinetics_shell_2_5mm_washin_rel_reference_hurdle_value_given_signal_sd,0.0,0.0
6,kinematic_shell_kinetics_shell_2_5mm_time_to_enhancement_hurdle_value_given_signal_iqr,0.0,0.0
6,kinematic_shell_kinetics_shell_0_2mm_washin_rel_reference_hurdle_value_given_signal_sd,0.0,0.0
6,kinematic_shell_kinetics_shell_0_2mm_time_to_enhancement_hurdle_value_given_signal_iqr,0.0,0.0
6,kinematic_shell_kinetics_inside_tumor_time_to_enhancement_hurdle_value_given_signal_sd,0.0,0.0
6,kinematic_arrival_delay_vs_reference_near_tumor_segments_hurdle_value_given_signal_q90,0.0,0.0
6,kinematic_arrival_delay_vs_reference_near_tumor_segments_hurdle_value_given_signal_min,0.0,0.0
6,kinematic_arrival_delay_vs_reference_near_tumor_segments_hurdle_value_given_signal_max,3.3306690738754695e-17,0.00033516456387582845
6,kinematic_arrival_delay_vs_reference_near_tumor_segments_hurdle_value_given_signal_iqr,0.0,0.0
6,kinematic_shell_kinetics_shell_gt20mm_time_to_enhancement_hurdle_value_given_signal_q90,0.0,0.0
6,kinematic_shell_kinetics_shell_gt20mm_time_to_enhancement_hurdle_value_given_signal_min,0.0,0.0
6,kinematic_shell_kinetics_shell_gt20mm_time_to_enhancement_hurdle_value_given_signal_iqr,0.0,0.0
6,kinematic_shell_kinetics_shell_5_10mm_washin_rel_reference_hurdle_value_given_signal_sd,0.0,0.0
6,kinematic_shell_kinetics_shell_5_10mm_time_to_enhancement_hurdle_value_given_signal_iqr,0.0,0.0
6,kinematic_shell_kinetics_shell_2_5mm_washin_rel_reference_hurdle_value_given_signal_q90,0.0,0.0
6,kinematic_shell_kinetics_shell_0_2mm_washin_rel_reference_hurdle_value_given_signal_q90,0.0,0.0
6,kinematic_shell_kinetics_shell_0_2mm_washin_rel_reference_hurdle_value_given_signal_min,0.0,0.0
6,kinematic_shell_kinetics_inside_tumor_washin_rel_reference_hurdle_value_given_signal_sd,0.0,0.0
6,kinematic_shell_kinetics_inside_tumor_time_to_enhancement_hurdle_value_given_signal_iqr,0.0,0.0
6,kinematic_boundary_caliber_gradient_gradient_mm_per_mm_hurdle_value_given_signal_median,0.0,0.0
6,kinematic_arrival_delay_vs_reference_near_tumor_segments_hurdle_value_given_signal_mean,0.0,0.0
6,kinematic_shell_kinetics_shell_gt20mm_washin_rel_reference_hurdle_value_given_signal_min,0.0,0.0
6,kinematic_shell_kinetics_shell_5_10mm_washin_rel_reference_hurdle_value_given_signal_q90,0.0,0.0
6,kinematic_shell_kinetics_shell_5_10mm_washin_rel_reference_hurdle_value_given_signal_min,-0.00038862391803565763,0.0003853987675193544
6,kinematic_shell_kinetics_shell_10_20mm_time_to_enhancement_hurdle_value_given_signal_min,0.0,0.0
6,kinematic_shell_kinetics_shell_10_20mm_time_to_enhancement_hurdle_value_given_signal_iqr,0.0,0.0
6,kinematic_shell_kinetics_inside_tumor_washin_rel_reference_hurdle_value_given_signal_q90,0.0,0.0
6,kinematic_shell_kinetics_inside_tumor_washin_rel_reference_hurdle_value_given_signal_min,0.0,0.0
6,kinematic_shell_kinetics_shell_10_20mm_washin_rel_reference_hurdle_value_given_signal_min,0.0,0.0
6,kinematic_arrival_delay_vs_reference_near_tumor_segments_hurdle_value_given_signal_median,0.0,0.0
6,kinematic_shell_kinetics_shell_gt20mm_time_to_enhancement_hurdle_value_given_signal_median,0.0,0.0
6,kinematic_shell_kinetics_shell_5_10mm_washin_rel_reference_hurdle_value_given_signal_median,0.0,0.0
6,kinematic_shell_kinetics_shell_10_20mm_time_to_enhancement_hurdle_value_given_signal_median,0.0,0.0
6,kinematic_shell_kinetics_inside_tumor_washin_rel_reference_hurdle_value_given_signal_median,0.0,0.0
6,kinematic_core_to_periphery_peak_ratio,0.0,0.0
6,morph_seg_length_cv,0.0,0.0
6,morph_radius_cv,0.0013071895424836889,0.0009519303010285874
6,morph_bifurcation_density_per_length,0.0007065889418830906,0.0005696702171558794
6,morph_seg_volume_sum,0.0006006006006006092,0.00028701778500747014
6,morph_seg_length_sum,0.0,0.0
6,morph_seg_volume_max,-0.0009892245186363113,0.0007030471203720846
6,morph_bif_angle_n,0.0,0.0
6,morph_seg_volume_std,-0.0007595831125242869,0.0005122769828652298
6,morph_seg_length_max,-0.000759583112524298,0.00028538234272043557
6,morph_seg_volume_mean,0.003956898074545146,0.002146391122287115
6,morph_seg_length_std,-0.00019431195901785657,0.001222444817297022
6,morph_seg_tortuosity_max,-0.0005122769828652008,0.006312735561389938
6,morph_curvature_mean_max,-0.0006535947712418277,0.0009900128082813674
6,morph_radius_mean_max,-0.002596714361420227,0.0012265221930287918
6,morph_radius_mean_mean,-0.008108108108108091,0.0024508172665335137
6,morph_radius_mean_std,-0.000618265324147671,0.001520090260955017
6,morph_seg_tortuosity_std,-0.0007242536654300969,0.0010699924197779742
6,morph_curvature_mean_mean,0.0009538950715421545,0.0006129429985125163
6,morph_curvature_mean_std,0.00022964140611201334,0.00023765454949787584
6,morph_seg_tortuosity_mean,-0.00022964140611200223,0.00023765454949787004
6,morph_bifurcation_per_segment,-8.832361773536412e-05,0.0013959602967765854
6,morph_seg_dup_fraction,0.0002119766825649183,0.0006159899584583438
6,morph_seg_tortuosity_invalid_n,0.0,0.0
6,morph_bif_angle_std,-0.0009185656244479423,0.0005107518917082151
6,morph_bif_angle_mean,-0.007330860272036732,0.0076768417222942125
6,morph_bif_angle_max,0.0,0.0
6,tumor_size_outer_to_inner_shell_ratio,-0.0008832361773538188,0.0006319923624800888
6,tumor_size_tumor_r8_region_voxels,-0.003868574456809726,0.010639224106817974
6,tumor_size_tumor_voxels,0.0,0.0
6,tumor_size_shell_0_2_over_tumor,-0.0008655714538067349,0.0011433047959925598
7,age,0.0,0.0
7,clinical_post,0.0,0.0
7,clinical_luminal_b,0.0,0.0
7,clinical_luminal_a,0.08370629370629368,0.018959272336535778
7,clinical_triple_negative,0.0,0.0
7,clinical_pre (<6 months since LMP AND no prior bilateral ovariectomy AND not on estrogen replacement),0.0,0.0
7,clinical_pre (< 6 months since LMP AND no prior bilateral ovariectomy AND not on estrogen replacement),0.0,0.0
7,normalized_ratios_near_length_per_tumor_equiv_radius,0.0,0.0
7,caliber_heterogeneity_near_tumor_near_radius_cv,0.0008566433566433385,0.001005662728550349
7,normalized_ratios_near_volume_per_skeleton_edge,0.0008741258741258084,0.0004882601413905037
7,per_shell_topology_shell_5_10mm_shell_volume_density_mm3_per_shell_mm3,0.0,0.0
7,per_shell_topology_shell_10_20mm_shell_volume_density_mm3_per_shell_mm3,0.0,0.0
7,per_shell_topology_shell_2_5mm_shell_volume_density_mm3_per_shell_mm3,0.0,0.0
7,per_shell_topology_shell_gt20mm_shell_volume_density_mm3_per_shell_mm3,0.0005069930069929618,0.0005608047179141719
7,per_shell_topology_shell_5_10mm_shell_length_density_mm_per_shell_mm3,0.0,0.0
7,per_shell_topology_shell_10_20mm_shell_length_density_mm_per_shell_mm3,0.0014860139860139565,0.0007549938070520605
7,normalized_ratios_near_volume_per_shell_voxel,0.0,0.0
7,per_shell_topology_shell_10_20mm_node_density_per_shell_voxel,-0.0007517482517482854,0.0006158711522310675
7,per_shell_topology_shell_2_5mm_node_density_per_shell_mm3,0.0005594405594405383,0.0004870065831183338
7,per_shell_topology_shell_gt20mm_shell_length_density_mm_per_shell_mm3,0.0,0.0
7,per_shell_topology_shell_5_10mm_endpoint_density_per_shell_mm3,0.0,0.0
7,per_shell_topology_shell_5_10mm_endpoint_density_per_shell_voxel,1.7482517482492187e-05,0.00027586947269332874
7,per_shell_topology_shell_gt20mm_edge_density_per_shell_voxel,-0.0011363636363636576,0.0020748294172921932
7,per_shell_topology_shell_2_5mm_endpoint_density_per_shell_voxel,0.0,0.0
7,per_shell_topology_shell_10_20mm_endpoint_density_per_shell_mm3,0.0021328671328670777,0.0010395852270851985
7,per_shell_topology_shell_10_20mm_endpoint_density_per_shell_voxel,0.0013286713286712714,0.0005256397335095283
7,per_shell_topology_shell_10_20mm_bifurcation_density_per_shell_mm3,0.002010489510489455,0.0013088557331639855
7,per_shell_topology_shell_gt20mm_bifurcation_density_per_shell_mm3,0.0,0.0
7,per_shell_topology_shell_gt20mm_endpoint_density_per_shell_mm3,-0.0007867132867133364,0.000415554696643539
7,per_shell_topology_shell_gt20mm_bifurcation_density_per_shell_voxel,-5.244755244760979e-05,0.0007622457816989914
7,per_shell_topology_shell_gt20mm_endpoint_density_per_shell_voxel,0.0004720279720279219,0.0004885730284084425
7,normalized_ratios_inside_volume_per_tumor_voxel,0.0,0.0
7,per_shell_topology_shell_0_2mm_node_density_per_shell_mm3,-0.00013986013986018176,0.00020387943688270676
7,normalized_ratios_crossing_length_per_tumor_equiv_surface,-0.000489510489510503,0.0002797202797202497
7,per_shell_topology_shell_2_5mm_cycle_density_per_shell_mm3,0.0,0.0
7,per_shell_topology_shell_0_2mm_cycle_density_per_shell_mm3,0.0,0.0
7,per_shell_topology_shell_5_10mm_cycle_density_per_shell_mm3,0.0,0.0
7,per_shell_topology_shell_0_2mm_edge_density_per_shell_voxel,0.0004545454545454186,0.0004296575429176347
7,per_shell_topology_inside_tumor_cycle_density_per_shell_mm3,0.0,0.0
7,per_shell_topology_shell_10_20mm_cycle_density_per_shell_mm3,0.0,0.0
7,per_shell_topology_shell_2_5mm_bifurcation_density_per_shell_mm3,0.00013986013986009294,0.0004932425167715047
7,per_shell_topology_shell_0_2mm_bifurcation_density_per_shell_mm3,0.0,0.0
7,per_shell_topology_shell_5_10mm_bifurcation_density_per_shell_mm3,0.0002447552447552126,0.0003683795018480202
7,per_shell_topology_inside_tumor_bifurcation_density_per_shell_mm3,0.0,0.0
7,per_shell_topology_shell_gt20mm_shell_region_voxels,0.0014160839160838657,0.000868689388028332
7,per_shell_topology_shell_gt20mm_shell_region_volume_mm3,0.00017482517482512173,0.0002708379962383047
7,per_shell_topology_shell_10_20mm_shell_region_voxels,0.004353146853146817,0.0039033023807130258
7,per_shell_topology_shell_10_20mm_shell_region_volume_mm3,-0.0056118881118881634,0.009591658585523319
7,per_shell_topology_shell_2_5mm_shell_region_voxels,0.00015734265734264065,0.0005608047179141986
7,per_shell_topology_inside_tumor_shell_region_volume_mm3,0.0026923076923076384,0.0020938188701510054
7,graph_totals_total_volume_burden_mm3,-0.00015734265734262953,5.244755244754318e-05
7,per_shell_topology_shell_0_2mm_shell_region_volume_mm3,-0.0003321678321678845,0.001076133803951886
7,graph_totals_total_length_mm,0.0006118881118880925,0.00017914249590839624
7,per_shell_topology_shell_gt20mm_edge_count,-5.244755244760979e-05,8.011495970204007e-05
7,per_shell_topology_shell_10_20mm_shell_volume_burden_mm3,0.0022727272727272483,0.0013986013986014068
7,per_shell_topology_shell_gt20mm_shell_region_volume_per_tumor_mm3,-0.00012237762237767846,0.004316482777775756
7,per_shell_topology_shell_5_10mm_shell_volume_burden_mm3,3.4965034965017686e-05,0.00023193180352133405
7,per_shell_topology_shell_10_20mm_shell_length_mm,0.0,0.0
7,per_shell_topology_shell_5_10mm_shell_length_mm,0.0,0.0
7,per_shell_topology_shell_gt20mm_bifurcation_count,0.0,0.0
7,per_shell_topology_shell_2_5mm_shell_volume_burden_mm3,0.0,0.0
7,graph_tumor_r8_skel_voxels,0.0,0.0
7,per_shell_topology_shell_gt20mm_endpoint_count,-0.00031468531468534786,0.00043390467293675426
7,graph_tumor_shell_r4_8_skel_voxels,0.0,0.0
7,per_shell_topology_shell_10_20mm_endpoint_count,0.0006468531468531213,0.0006907253938859414
7,per_shell_topology_shell_10_20mm_shell_region_volume_per_tumor_mm3,0.0002972027972027669,0.00027140165552904923
7,graph_tumor_r4_skel_voxels,0.0009790209790209391,0.0005702624625979128
7,per_shell_topology_shell_5_10mm_endpoint_count,0.0,0.0
7,graph_tumor_shell_r2_4_skel_voxels,0.0,0.0
7,per_shell_topology_shell_10_20mm_bifurcation_count,-0.0008741258741259306,0.0012061670147315061
7,per_shell_topology_shell_2_5mm_endpoint_count,0.0,0.0
7,per_shell_topology_shell_2_5mm_degree_distribution_deg2,0.0,0.0
7,length_weighted_shape_stats_near_tumor_segment_count,-0.00013986013986011514,6.993006993005757e-05
7,per_shell_topology_shell_10_20mm_degree_distribution_deg0,0.0,0.0
7,length_weighted_shape_stats_near_tumor_length_weighted_tortuosity_quantiles_q90,0.0,0.0
7,caliber_heterogeneity_near_tumor_near_radius_q75_mm,0.0,0.0
7,caliber_heterogeneity_near_tumor_near_radius_q50_mm,-0.00038461538461541654,0.0005572509598080356
7,caliber_heterogeneity_near_tumor_near_radius_q25_mm,0.0,0.0
7,length_weighted_shape_stats_near_tumor_length_weighted_tortuosity_quantiles_q50,-0.00038461538461539437,0.0007367590036959856
7,per_shell_topology_shell_2_5mm_shell_region_volume_per_tumor_mm3,0.0007342657342656822,0.0014601827285189613
7,per_shell_topology_shell_gt20mm_shell_volume_burden_mm3_per_tumor_mm3,0.0015209790209789853,0.0009448649732077857
7,caliber_heterogeneity_near_tumor_near_radius_q10_mm,0.0,0.0
7,length_weighted_shape_stats_near_tumor_length_weighted_curvature_mean_quantiles_q25,0.0,0.0
7,length_weighted_shape_stats_near_tumor_length_weighted_curvature_mean_quantiles_q90,0.0,0.0
7,length_weighted_shape_stats_near_tumor_length_weighted_curvature_mean_quantiles_q50,0.0,0.0
7,length_weighted_shape_stats_global_length_weighted_tortuosity_quantiles_q90,0.0004370629370629042,0.0017643489684605097
7,caliber_heterogeneity_near_tumor_global_node_radius_q90_mm,0.0006468531468531325,0.0028190254511279603
7,length_weighted_shape_stats_global_length_weighted_tortuosity_quantiles_q75,0.0015909090909090318,0.0007517482517482738
7,per_shell_topology_shell_0_2mm_shell_region_volume_per_tumor_mm3,-0.004353146853146905,0.002412904104075176
7,caliber_heterogeneity_near_tumor_near_radius_sd_mm,0.0,0.0
7,length_weighted_shape_stats_near_tumor_length_weighted_curvature_mean_quantiles_q10,0.0,0.0
7,length_weighted_shape_stats_global_length_weighted_tortuosity_quantiles_q50,0.0,0.0
7,length_weighted_shape_stats_global_length_weighted_tortuosity_mean,0.0006293706293705847,0.0005861207907077199
7,per_shell_topology_shell_gt20mm_shell_length_mm_per_tumor_mm3,0.0031993006993006447,0.0030612382330979944
7,per_shell_topology_shell_gt20mm_shell_length_fraction_of_total_graph_length,0.0,0.0
7,length_weighted_shape_stats_global_length_weighted_tortuosity_quantiles_q25,-7.771561172376095e-17,0.00077792291822684
7,length_weighted_shape_stats_global_length_weighted_curvature_mean_quantiles_q10,0.0016958041958041515,0.0008602038181917806
7,length_weighted_shape_stats_global_length_weighted_curvature_mean_quantiles_q90,0.0,0.0
7,graph_skel_per_tumor_voxel,-0.0016958041958042513,0.0036605319098159212
7,length_weighted_shape_stats_global_length_weighted_curvature_mean_quantiles_q25,0.001538461538461522,0.0014830286755558486
7,length_weighted_shape_stats_global_length_weighted_curvature_mean_quantiles_q50,-0.0009965034965035314,0.005262818544722195
7,length_weighted_shape_stats_global_length_weighted_curvature_mean_quantiles_q75,0.0003496503496503101,0.0033528168749016973
7,length_weighted_shape_stats_global_length_weighted_curvature_mean,-0.0002972027972028557,0.000536288868887348
7,per_shell_topology_shell_10_20mm_shell_volume_fraction_of_total_graph_volume,0.0010839160839160368,0.000769230769230778
7,length_weighted_shape_stats_global_length_weighted_tortuosity_quantiles_q10,0.005576923076923046,0.0038773764480267365
7,per_shell_topology_shell_10_20mm_shell_volume_burden_mm3_per_tumor_mm3,0.0,0.0
7,graph_tumor_r8_skel_frac_skeleton,0.0,0.0
7,per_shell_topology_shell_5_10mm_shell_length_fraction_of_total_graph_length,0.0,0.0
7,graph_tumor_shell_r4_8_skel_frac_skeleton,0.0,0.0
7,per_shell_topology_shell_5_10mm_shell_volume_burden_mm3_per_tumor_mm3,0.0011188811188810877,0.0006409196776161699
7,per_shell_topology_shell_10_20mm_shell_length_mm_per_tumor_mm3,0.00256993006993006,0.0022197290215125788
7,per_shell_topology_shell_2_5mm_shell_length_fraction_of_total_graph_length,0.0,0.0
7,graph_tumor_shell_r2_4_skel_frac_skeleton,0.0,0.0
7,per_shell_topology_shell_2_5mm_shell_length_mm_per_tumor_mm3,0.0,0.0
7,graph_tumor_shell_r4_8_skel_frac_shell,0.0,0.0
7,graph_tumor_r8_skel_frac_region,0.0,0.0
7,graph_tumor_shell_r2_4_skel_frac_shell,0.001048951048951008,0.00039092097508736627
7,graph_tumor_r4_skel_frac_region,6.993006993005757e-05,0.00016022991940402203
7,graph_skel_in_tumor_voxels,0.0,0.0
7,graph_tumor_r2_skel_frac_region,0.0,0.0
7,graph_tumor_r2_skel_frac_skeleton,0.0,0.0
7,per_shell_topology_shell_0_2mm_node_count,0.0008916083916083895,0.0003448091420159962
7,per_shell_topology_shell_0_2mm_endpoint_count,0.0,0.0
7,per_shell_topology_inside_tumor_endpoint_count,0.0,0.0
7,directional_near_boundary_tangential_alignment_mean,-0.00017482517482523275,0.00038302276748613336
7,per_shell_topology_shell_2_5mm_degree_distribution_deg0,0.0,0.0
7,per_shell_topology_shell_0_2mm_degree_distribution_deg2,0.0,0.0
7,per_shell_topology_shell_0_2mm_degree_distribution_deg0,0.0,0.0
7,directional_near_boundary_normal_alignment_abs_cos_mean,-0.0029195804195804587,0.0013361264898101562
7,per_shell_topology_shell_gt20mm_degree_distribution_deg0,0.0,0.0
7,per_shell_topology_shell_5_10mm_degree_distribution_deg0,0.0,0.0
7,per_shell_topology_inside_tumor_degree_distribution_deg0,0.0,0.0
7,per_shell_topology_shell_2_5mm_degree_distribution_deg4plus,0.0,0.0
7,per_shell_topology_shell_gt20mm_degree_distribution_deg4plus,0.0,0.0
7,per_shell_topology_shell_5_10mm_degree_distribution_deg4plus,0.0,0.0
7,per_shell_topology_inside_tumor_degree_distribution_deg4plus,0.0,0.0
7,per_shell_topology_shell_10_20mm_degree_distribution_deg4plus,0.0,0.0
7,directional_near_boundary_radial_alignment_abs_cos_quantiles_q90,0.0,0.0
7,directional_near_boundary_radial_alignment_abs_cos_quantiles_q10,0.0003321678321677957,0.0007353056239445241
7,directional_near_boundary_normal_alignment_abs_cos_quantiles_q90,0.0,0.0
7,directional_near_boundary_normal_alignment_abs_cos_quantiles_q25,-0.012569930069930114,0.004440318533193185
7,directional_near_boundary_normal_alignment_abs_cos_quantiles_q10,0.0011363636363636242,0.00042284568609956614
7,caliber_heterogeneity_near_tumor_near_high_radius_tail_fraction_vs_global_q90,0.0,0.0
7,graph_core_to_periphery_length_ratio,0.0,0.0
7,graph_crossing_fraction_of_near_burden,-8.741258741261637e-05,0.0008991182427009414
7,kinematic_reference_normalized_signal_all_segments_washin_rel_reference_hurdle_value_given_signal_max,0.0009440559440558882,0.0010348705305558551
7,kinematic_normalized_shell_burdens_shell_gt20mm_kinetic_auc_weighted_volume_mm3,-3.4965034965084296e-05,0.0002685715296457442
7,kinematic_reference_normalized_signal_all_segments_washin_rel_reference_hurdle_value_given_signal_q90,0.0,0.0
7,kinematic_reference_normalized_signal_all_segments_auc_rel_reference_hurdle_value_given_signal_max,0.0,0.0
7,kinematic_reference_normalized_signal_all_segments_peak_rel_reference_hurdle_value_given_signal_q90,0.00036713286713283553,0.0002272727272727187
7,kinematic_reference_normalized_signal_near_tumor_segments_peak_rel_reference_hurdle_value_given_signal_max,0.0,0.0
7,kinematic_reference_normalized_signal_all_segments_auc_rel_reference_hurdle_value_given_signal_mean,-0.00024475524475533474,0.00044365655735841106
7,kinematic_reference_normalized_signal_all_segments_peak_rel_reference_hurdle_value_given_signal_median,-0.0003496503496503656,0.0005691895313321627
7,kinematic_reference_normalized_signal_near_tumor_segments_auc_rel_reference_hurdle_value_given_signal_median,0.0,0.0
7,kinematic_reference_normalized_signal_all_segments_washin_rel_reference_hurdle_value_given_signal_median,-0.000454545454545463,0.0018554544281708433
7,kinematic_normalized_shell_burdens_shell_10_20mm_kinetic_auc_weighted_volume_mm3,0.00010489510489507526,0.002459014122030364
7,kinematic_reference_normalized_signal_near_tumor_segments_peak_rel_reference_hurdle_value_given_signal_min,0.0,0.0
7,kinematic_normalized_shell_burdens_shell_5_10mm_kinetic_auc_weighted_volume_mm3,0.0,0.0
7,kinematic_normalized_shell_burdens_shell_10_20mm_auc_weighted_volume_per_shell_segment,0.00036713286713284664,0.00027586947269335265
7,kinematic_normalized_shell_burdens_shell_gt20mm_auc_weighted_volume_per_shell_segment,0.00031468531468530346,0.0006940361273174573
7,kinematic_normalized_shell_burdens_shell_5_10mm_auc_weighted_volume_per_shell_segment,-5.244755244758759e-05,0.00047589711849008176
7,kinematic_reference_normalized_signal_all_segments_peak_rel_reference_hurdle_value_given_signal_min,6.993006993003537e-05,0.0007588298746227503
7,kinematic_normalized_shell_burdens_shell_10_20mm_auc_weighted_volume_per_shell_length_mm,0.0,0.0
7,kinematic_normalized_shell_burdens_shell_5_10mm_auc_weighted_volume_per_shell_length_mm,-8.741258741264967e-05,0.00023778794595690804
7,kinematic_normalized_shell_burdens_shell_gt20mm_auc_weighted_volume_per_shell_length_mm,-5.551115123125783e-17,0.0002593076394089308
7,kinematic_shell_contrasts_5_10mm_vs_10_20mm_tte_ratio,0.0,0.0
7,kinematic_normalized_shell_burdens_shell_gt20mm_auc_weighted_volume_per_tumor_mm3,0.0,0.0
7,kinematic_shell_contrasts_5_10mm_vs_10_20mm_ttp_ratio,0.0,0.0
7,kinematic_shell_contrasts_5_10mm_vs_10_20mm_peak_ratio,0.0,0.0
7,kinematic_normalized_shell_burdens_shell_10_20mm_auc_weighted_volume_per_tumor_mm3,0.0,0.0
7,kinematic_reference_normalized_signal_all_segments_peak_rel_reference_hurdle_has_signal_fraction,0.0,0.0
7,kinematic_normalized_shell_burdens_shell_10_20mm_auc_weighted_volume_per_shell_mm3,0.0,0.0
7,kinematic_normalized_shell_burdens_shell_5_10mm_auc_weighted_volume_per_tumor_mm3,-0.004825174825174883,0.0029917077763122134
7,kinematic_normalized_shell_burdens_shell_10_20mm_auc_weighted_volume_per_shell_voxel,0.0026048951048950773,0.00123978046513926
7,kinematic_kinetic_topology_coupling_early_bifurcation_density_per_tumor_mm3,0.004125874125874096,0.002456527002832235
7,kinematic_normalized_shell_burdens_shell_gt20mm_auc_weighted_volume_per_shell_mm3,0.00017482517482516612,0.000281897124066395
7,kinematic_normalized_shell_burdens_shell_gt20mm_auc_weighted_volume_per_shell_voxel,0.0002972027972028224,0.0002714016555290385
7,kinematic_normalized_shell_burdens_shell_5_10mm_auc_weighted_volume_per_shell_voxel,0.0004370629370628931,0.000483542541466411
7,kinematic_reference_normalized_signal_reference_auc_positive,0.0005944055944055338,0.0008019122336489307
7,kinematic_reference_normalized_signal_reference_washin_slope,-0.00284965034965039,0.0022821884832479452
7,kinematic_temporal_heterogeneity_near_tumor_cv_auc,0.0,0.0
7,kinematic_shell_contrasts_0_2mm_vs_2_5mm_ttp_ratio,0.0,0.0
7,kinematic_shell_contrasts_inside_vs_2_5mm_ttp_ratio,0.0,0.0
7,kinematic_shell_contrasts_inside_vs_0_2mm_ttp_ratio,0.0,0.0
7,kinematic_shell_contrasts_0_2mm_vs_2_5mm_washin_ratio,0.0,0.0
7,kinematic_shell_contrasts_inside_vs_2_5mm_washin_ratio,0.0,0.0
7,kinematic_shell_contrasts_inside_vs_0_2mm_washin_ratio,0.0,0.0
7,kinematic_temporal_heterogeneity_near_tumor_cv_tte_time,-0.0002622377622378158,0.0011760160880309248
7,kinematic_shell_contrasts_5_10mm_vs_10_20mm_washin_ratio,0.0019230769230768829,0.0010372305576357571
7,kinematic_temporal_heterogeneity_near_tumor_cv_washin_slope,0.0,0.0
7,kinematic_temporal_heterogeneity_near_tumor_cv_washout_slope,0.0016958041958041402,0.0010692957121239961
7,kinematic_component_invasion_crossing_length_concentration_max_fraction,0.0,0.0
7,kinematic_normalized_shell_burdens_shell_2_5mm_kinetic_auc_weighted_volume_mm3,0.0,0.0
7,kinematic_normalized_shell_burdens_shell_0_2mm_kinetic_auc_weighted_volume_mm3,0.0,0.0
7,kinematic_normalized_shell_burdens_inside_tumor_kinetic_auc_weighted_volume_mm3,0.0,0.0
7,kinematic_normalized_shell_burdens_shell_2_5mm_peak_weighted_volume_per_shell_length_mm,0.0,0.0
7,kinematic_reference_normalized_signal_near_tumor_segments_peak_rel_reference_hurdle_valid_fraction,0.0,0.0
7,kinematic_reference_normalized_signal_all_segments_washin_rel_reference_hurdle_value_given_signal_min,0.0,0.0
7,kinematic_reference_normalized_signal_near_tumor_segments_auc_rel_reference_hurdle_value_given_signal_sd,3.4965034965028785e-05,6.993006993005757e-05
7,kinematic_reference_normalized_signal_near_tumor_segments_washin_rel_reference_hurdle_value_given_signal_sd,0.0,0.0
7,kinematic_reference_normalized_signal_near_tumor_segments_washin_rel_reference_hurdle_value_given_signal_q90,0.0,0.0
7,kinematic_reference_normalized_signal_near_tumor_segments_washin_rel_reference_hurdle_value_given_signal_min,0.0,0.0
7,kinematic_reference_normalized_signal_near_tumor_segments_washin_rel_reference_hurdle_value_given_signal_median,0.0022727272727272375,0.001450100793938998
7,kinematic_shell_kinetics_shell_10_20mm_auc_rel_reference_hurdle_value_given_signal_max,0.0,0.0
7,kinematic_shell_kinetics_shell_10_20mm_peak_rel_reference_hurdle_value_given_signal_q90,0.0,0.0
7,kinematic_shell_kinetics_shell_10_20mm_washin_rel_reference_hurdle_value_given_signal_max,0.0,0.0
7,kinematic_shell_kinetics_shell_5_10mm_peak_rel_reference_hurdle_value_given_signal_max,0.0,0.0
7,kinematic_shell_kinetics_shell_10_20mm_auc_rel_reference_hurdle_value_given_signal_iqr,0.00015734265734262953,0.0002867346060639187
7,kinematic_shell_kinetics_shell_gt20mm_peak_rel_reference_hurdle_value_given_signal_iqr,0.0,0.0
7,kinematic_shell_kinetics_shell_10_20mm_peak_rel_reference_hurdle_value_given_signal_iqr,0.0,0.0
7,kinematic_shell_kinetics_shell_10_20mm_washin_rel_reference_hurdle_value_given_signal_mean,0.002517482517482461,0.0016625864934222171
7,kinematic_shell_kinetics_shell_10_20mm_washin_rel_reference_hurdle_value_given_signal_iqr,0.0006993006993006423,0.00412305818329375
7,kinematic_shell_kinetics_shell_10_20mm_peak_rel_reference_hurdle_value_given_signal_min,-0.002307692307692344,0.0005892412428795064
7,kinematic_shell_kinetics_shell_10_20mm_washin_rel_reference_hurdle_value_given_signal_median,0.0027797202797202104,0.0022230311677946526
7,kinematic_shell_segment_counts_shell_gt20mm,0.0,0.0
7,kinematic_graph_local_propagation_weighted_linear_fit_n,0.0,0.0
7,kinematic_propagation_speed_speed_positive_delay_mm_per_time_max,0.0,0.0
7,kinematic_kinetic_topology_coupling_early_bifurcation_count,5.244755244752097e-05,0.00013654282650187743
7,kinematic_kinetic_topology_coupling_early_cycle_length_burden_mm_ge50,3.496503496500658e-05,0.00029044139380830905
7,kinematic_shell_kinetics_shell_5_10mm_peak_rel_reference_hurdle_value_given_signal_min,0.00045454545454539643,0.00039248154406721036
7,kinematic_shell_kinetics_shell_gt20mm_peak_rel_reference_hurdle_value_given_signal_min,0.0,0.0
7,kinematic_propagation_speed_speed_positive_delay_mm_per_time_q90,0.0,0.0
7,kinematic_propagation_speed_negative_delay_segment_count,0.0008916083916083228,0.0004384593078316184
7,kinematic_shell_segment_counts_shell_10_20mm,0.0018531468531468142,0.0010378197258500493
7,kinematic_kinetic_topology_coupling_cycle_count,0.0,0.0
7,kinematic_propagation_speed_speed_positive_delay_mm_per_time_iqr,0.006066433566433516,0.002005618910228639
7,kinematic_propagation_speed_speed_positive_delay_mm_per_time_sd,-1.74825174825366e-05,0.0002972027972028087
7,kinematic_propagation_speed_speed_positive_delay_mm_per_time_mean,0.0012062937062936817,0.0007142202173361798
7,kinematic_propagation_speed_speed_positive_delay_mm_per_time_median,0.001468531468531431,0.0007045259328535029
7,kinematic_kinetic_topology_coupling_early_cycle_count_all_nodes,0.0,0.0
7,kinematic_component_invasion_component_count,0.0,0.0
7,kinematic_shell_kinetics_shell_5_10mm_time_to_peak_hurdle_value_given_signal_q90,0.0,0.0
7,kinematic_shell_kinetics_shell_5_10mm_time_to_peak_hurdle_value_given_signal_mean,0.0,0.0
7,kinematic_shell_kinetics_shell_5_10mm_auc_hurdle_value_given_signal_max,0.0,0.0
7,kinematic_shell_kinetics_shell_10_20mm_auc_hurdle_value_given_signal_max,0.00038461538461531664,0.00135373850927313
7,kinematic_shell_kinetics_shell_10_20mm_time_to_peak_hurdle_value_given_signal_q90,0.0,0.0
7,kinematic_shell_segment_counts_shell_5_10mm,0.0,0.0
7,kinematic_propagation_speed_delay_all_segments_min,-0.00041958041958047867,0.0006313101428415215
7,kinematic_propagation_speed_delay_all_segments_max,0.0009615384615384471,0.00028459476566608305
7,kinematic_shell_contrasts_5_10mm_vs_10_20mm_ttp_delta,0.0,0.0
7,kinematic_graph_local_propagation_distance_binned_dispersion_distance_bin_count,0.0004020979020978643,0.0004822767211235483
7,kinematic_arrival_delay_vs_reference_all_segments_hurdle_value_given_signal_max,0.0,0.0
7,kinematic_shell_kinetics_shell_5_10mm_time_to_peak_hurdle_value_given_signal_min,0.0,0.0
7,kinematic_shell_kinetics_shell_10_20mm_time_to_peak_hurdle_value_given_signal_min,0.0,0.0
7,kinematic_shell_kinetics_shell_10_20mm_time_to_peak_hurdle_value_given_signal_max,0.0,0.0
7,kinematic_shell_kinetics_shell_10_20mm_time_to_peak_hurdle_value_given_signal_iqr,0.0002797202797202969,0.0001602299194040511
7,kinematic_shell_kinetics_shell_gt20mm_time_to_peak_hurdle_value_given_signal_median,0.0,0.0
7,kinematic_shell_kinetics_shell_10_20mm_time_to_peak_hurdle_value_given_signal_median,0.0,0.0
7,kinematic_shell_kinetics_shell_gt20mm_time_to_enhancement_hurdle_value_given_signal_max,0.0,0.0
7,kinematic_shell_kinetics_shell_5_10mm_time_to_enhancement_hurdle_value_given_signal_q90,0.0007517482517482077,0.00036713286713286355
7,kinematic_shell_kinetics_shell_5_10mm_time_to_enhancement_hurdle_value_given_signal_min,0.0,0.0
7,kinematic_shell_kinetics_shell_10_20mm_time_to_enhancement_hurdle_value_given_signal_max,0.0,0.0
7,kinematic_shell_kinetics_shell_5_10mm_time_to_enhancement_hurdle_value_given_signal_median,0.0,0.0
7,kinematic_graph_local_propagation_earliest_arrival_component_near_tumor_largest_component_segments,0.0,0.0
7,kinematic_arrival_delay_vs_reference_all_segments_hurdle_value_given_signal_q90,0.0007342657342656822,0.00025693948350872945
7,kinematic_graph_local_propagation_earliest_arrival_component_near_tumor_earliest_threshold_tte,0.0,0.0
7,kinematic_shell_kinetics_shell_10_20mm_auc_hurdle_value_given_signal_median,-0.00010489510489514187,0.0006373330815929465
7,kinematic_shell_kinetics_shell_10_20mm_time_to_peak_hurdle_value_given_signal_mean,0.0,0.0
7,kinematic_shell_kinetics_shell_5_10mm_auc_hurdle_value_given_signal_mean,0.0005594405594404938,0.00044777092569461407
7,kinematic_shell_kinetics_shell_10_20mm_auc_hurdle_value_given_signal_iqr,0.0,0.0
7,kinematic_shell_kinetics_shell_10_20mm_time_to_enhancement_hurdle_value_given_signal_q90,0.0,0.0
7,kinematic_shell_contrasts_5_10mm_vs_10_20mm_auc_delta,0.0,0.0
7,kinematic_shell_contrasts_5_10mm_vs_10_20mm_washin_delta_norm_l1,-6.993006993013528e-05,0.0005484051448027379
7,kinematic_core_to_periphery_tte_delta,0.0,0.0
7,kinematic_graph_local_propagation_earliest_arrival_component_near_tumor_largest_component_fraction_near_segments,0.0,0.0
7,kinematic_shell_kinetics_shell_gt20mm_auc_hurdle_value_given_signal_q90,0.0,0.0
7,kinematic_shell_kinetics_shell_10_20mm_time_to_peak_hurdle_value_given_signal_sd,-5.2447552447631994e-05,0.0013965238065413944
7,kinematic_shell_contrasts_5_10mm_vs_10_20mm_washout_delta_norm_l1,0.0,0.0
7,kinematic_shell_kinetics_shell_10_20mm_auc_hurdle_value_given_signal_sd,0.0002797202797202747,0.0001159659017606846
7,kinematic_shell_kinetics_shell_gt20mm_auc_hurdle_value_given_signal_median,0.0025349650349649976,0.0009422736348399899
7,kinematic_propagation_speed_speed_positive_delay_mm_per_time_min,-0.00020979020979025042,0.0006624928434089382
7,kinematic_shell_kinetics_shell_gt20mm_time_to_peak_hurdle_value_given_signal_mean,-0.0010314685314685933,0.0029848038850954616
7,kinematic_shell_kinetics_shell_gt20mm_auc_hurdle_value_given_signal_max,0.0,0.0
7,kinematic_graph_local_propagation_distance_binned_dispersion_distance_bin_monotonic_nondecreasing_fraction,-0.0006118881118881703,0.0005141762646801523
7,kinematic_shell_kinetics_shell_10_20mm_time_to_enhancement_hurdle_value_given_signal_mean,-0.0010314685314685933,0.0004521859145586628
7,kinematic_shell_kinetics_shell_gt20mm_auc_hurdle_value_given_signal_iqr,0.0028146853146852613,0.0018706293706293928
7,kinematic_arrival_delay_vs_reference_all_segments_hurdle_value_given_signal_mean,8.741258741257196e-05,0.00019546048754371295
7,kinematic_graph_local_propagation_graph_distance_available_fraction,-0.000891608391608445,0.0008327626128541645
7,kinematic_shell_kinetics_shell_10_20mm_time_to_enhancement_hurdle_value_given_signal_sd,0.0,0.0
7,kinematic_graph_local_propagation_weighted_linear_fit_intercept,0.0023601398601398203,0.0033820877835931697
7,kinematic_shell_kinetics_shell_gt20mm_time_to_peak_hurdle_value_given_signal_iqr,0.0002272727272726538,0.0003500871397639817
7,kinematic_shell_contrasts_5_10mm_vs_10_20mm_auc_delta_norm_l1,0.0,0.0
7,kinematic_early_enhancing_fraction_count_fraction_near_tumor,0.0,0.0
7,kinematic_shell_kinetics_shell_10_20mm_peak_enhancement_hurdle_value_given_signal_median,0.0019405594405594085,0.001773334057060438
7,kinematic_shell_kinetics_shell_gt20mm_time_to_enhancement_hurdle_value_given_signal_mean,0.000472027972027933,0.0005905365648270831
7,kinematic_shell_kinetics_shell_10_20mm_peak_enhancement_hurdle_value_given_signal_q90,0.0,0.0
7,kinematic_kinetic_topology_coupling_early_cycle_length_fraction_ge50,0.0002972027972027669,0.00039131170079719543
7,kinematic_shell_kinetics_shell_10_20mm_peak_enhancement_hurdle_value_given_signal_iqr,0.0006118881118880482,0.0004228456860995822
7,kinematic_graph_local_propagation_distance_binned_dispersion_mean_tte_std_across_distance_bins,0.0002097902097901505,0.0005461713060074948
7,kinematic_shell_contrasts_5_10mm_vs_10_20mm_peak_delta,0.00019230769230766943,0.0013753531059592314
7,kinematic_graph_local_propagation_weighted_linear_fit_rmse,0.0,0.0
7,kinematic_propagation_speed_delay_all_segments_sd,-1.1102230246251566e-17,0.0003830227674861486
7,kinematic_arrival_delay_vs_reference_all_segments_hurdle_value_given_signal_sd,0.0002797202797202303,0.0010079395318460982
7,kinematic_shell_kinetics_shell_gt20mm_time_to_enhancement_hurdle_value_given_signal_sd,0.001311188811188768,0.0004771798623760933
7,kinematic_early_enhancing_fraction_volume_fraction_all_segments,-0.0008916083916084561,0.00037044790385341685
7,kinematic_graph_local_propagation_weighted_linear_fit_mae,-0.0009265734265734738,0.0008637496032892076
7,kinematic_shell_kinetics_shell_10_20mm_washin_slope_hurdle_value_given_signal_max,0.0,0.0
7,kinematic_early_enhancing_fraction_count_fraction_all_segments,0.0002797202797202303,0.0007174225359679522
7,kinematic_kinetic_topology_coupling_early_node_fraction,-2.2204460492503132e-17,0.0003667163804790674
7,kinematic_kinetic_topology_coupling_early_bifurcation_fraction_of_bifurcations,0.0,0.0
7,kinematic_shell_kinetics_shell_10_20mm_auc_hurdle_value_given_signal_min,0.0,0.0
7,kinematic_shell_kinetics_shell_gt20mm_auc_hurdle_value_given_signal_sd,0.001800699300699249,0.0014876584894758858
7,kinematic_shell_kinetics_shell_gt20mm_time_to_peak_hurdle_value_given_signal_sd,-0.015192307692307727,0.005577142289134927
7,kinematic_shell_kinetics_shell_gt20mm_peak_enhancement_hurdle_value_given_signal_median,-0.00013986013986019285,0.0018046836224564994
7,kinematic_shell_kinetics_shell_gt20mm_washin_slope_hurdle_value_given_signal_max,-0.0002622377622377825,0.0005430847750702548
7,kinematic_shell_kinetics_shell_10_20mm_peak_enhancement_hurdle_value_given_signal_sd,0.0007692307692307221,0.0003683795018479844
7,kinematic_shell_kinetics_shell_gt20mm_peak_enhancement_hurdle_value_given_signal_mean,0.00033216783216777346,0.0004521859145586662
7,kinematic_arrival_delay_vs_reference_near_tumor_segments_hurdle_valid_fraction,0.0,0.0
7,kinematic_shell_kinetics_shell_gt20mm_peak_enhancement_hurdle_value_given_signal_q90,-0.00041958041958046756,0.0003599870678666827
7,kinematic_shell_kinetics_shell_gt20mm_washout_slope_hurdle_value_given_signal_min,0.0,0.0
7,kinematic_shell_kinetics_shell_10_20mm_washout_slope_hurdle_value_given_signal_min,0.00040209790209784214,0.0013452453568678893
7,kinematic_shell_kinetics_shell_10_20mm_washin_slope_hurdle_value_given_signal_q90,0.0,0.0
7,kinematic_caliber_flow_kinetic_surrogates_tortuosity_weighted_peak_enhancement_mean,-0.0008741258741259306,0.0007036577551572707
7,kinematic_shell_kinetics_shell_gt20mm_peak_enhancement_hurdle_value_given_signal_iqr,0.0005069930069930284,0.000326600379235463
7,kinematic_propagation_speed_delay_all_segments_mean,0.0020804195804195458,0.0010296891134704434
7,kinematic_shell_kinetics_shell_5_10mm_time_to_enhancement_hurdle_valid_fraction,0.0,0.0
7,kinematic_shell_kinetics_shell_10_20mm_washin_slope_hurdle_value_given_signal_sd,0.0,0.0
7,kinematic_shell_kinetics_shell_5_10mm_auc_hurdle_value_given_signal_min,0.0006993006993006757,0.0007973254720972972
7,kinematic_shell_kinetics_shell_10_20mm_washin_slope_hurdle_value_given_signal_mean,0.0009615384615384471,0.0005081972676135522
7,kinematic_shell_kinetics_shell_gt20mm_washin_slope_hurdle_value_given_signal_q90,0.0002622377622377159,0.000601815191540475
7,kinematic_kinetic_topology_coupling_valid_time_node_fraction,0.00012237762237758963,0.0006208140176421306
7,kinematic_shell_kinetics_shell_10_20mm_washin_slope_hurdle_value_given_signal_iqr,0.0005769230769230415,0.00035871126798397995
7,kinematic_arrival_delay_vs_reference_all_segments_hurdle_valid_fraction,0.0,0.0
7,kinematic_shell_kinetics_shell_10_20mm_washout_slope_hurdle_value_given_signal_mean,-5.2447552447631994e-05,0.000590536564827091
7,kinematic_shell_kinetics_shell_gt20mm_peak_enhancement_hurdle_value_given_signal_sd,0.0008391608391608019,0.00044089231513700267
7,kinematic_shell_kinetics_shell_10_20mm_washout_slope_hurdle_value_given_signal_sd,0.00010489510489509745,0.0003924815440672232
7,kinematic_shell_kinetics_shell_10_20mm_washout_slope_hurdle_value_given_signal_iqr,0.0,0.0
7,kinematic_graph_local_propagation_weighted_linear_fit_r2,0.0,0.0
7,kinematic_shell_kinetics_shell_gt20mm_washout_slope_hurdle_value_given_signal_iqr,0.0016083916083915572,0.00032985948014183276
7,kinematic_shell_kinetics_shell_gt20mm_washin_slope_hurdle_value_given_signal_iqr,0.00041958041958035653,0.0005964588150081184
7,kinematic_shell_contrasts_5_10mm_vs_10_20mm_washin_delta,0.0,0.0
7,kinematic_shell_kinetics_shell_5_10mm_washout_slope_hurdle_value_given_signal_min,0.0,0.0
7,kinematic_shell_kinetics_shell_gt20mm_washin_slope_hurdle_value_given_signal_median,-0.003916083916083957,0.0020894351284376114
7,kinematic_caliber_flow_kinetic_surrogates_radius_weighted_washin_mean,0.000262237762237727,0.00040813348006743093
7,kinematic_shell_contrasts_5_10mm_vs_10_20mm_washout_delta,0.000559440559440505,0.0007027885049734839
7,kinematic_shell_kinetics_shell_gt20mm_washin_slope_hurdle_value_given_signal_sd,0.0002622377622377159,0.00036879411030994
7,kinematic_shell_kinetics_shell_gt20mm_washout_slope_hurdle_value_given_signal_sd,0.0,0.0
7,kinematic_shell_kinetics_shell_10_20mm_washout_slope_hurdle_value_given_signal_median,0.0,0.0
7,kinematic_shell_kinetics_shell_gt20mm_washin_slope_hurdle_value_given_signal_mean,-0.00146853146853152,0.004872700978628903
7,kinematic_shell_kinetics_shell_gt20mm_washout_slope_hurdle_value_given_signal_mean,0.0002447552447551904,0.00048322639724075576
7,kinematic_shell_kinetics_shell_gt20mm_peak_enhancement_hurdle_value_given_signal_max,0.00036713286713283553,0.0006325193187106627
7,kinematic_caliber_flow_kinetic_surrogates_radius_weighted_washout_mean,0.0013461538461538303,0.0005956896866224184
7,kinematic_shell_kinetics_shell_10_20mm_washin_slope_hurdle_value_given_signal_median,0.0,0.0
7,kinematic_shell_kinetics_shell_gt20mm_washout_slope_hurdle_value_given_signal_median,0.002080419580419557,0.0012762237762237668
7,kinematic_shell_kinetics_shell_5_10mm_washout_slope_hurdle_value_given_signal_mean,0.0,0.0
7,kinematic_shell_kinetics_shell_5_10mm_washin_slope_hurdle_value_given_signal_max,0.0,0.0
7,kinematic_shell_kinetics_shell_gt20mm_auc_hurdle_value_given_signal_min,0.0016083916083915572,0.0004545454545454332
7,kinematic_shell_kinetics_shell_5_10mm_washin_slope_hurdle_value_given_signal_mean,0.0,0.0
7,kinematic_kinetic_topology_coupling_early_cycle_length_per_tumor_mm3_ge50,0.0054720279720279486,0.0029823453167665743
7,kinematic_graph_local_propagation_slope_tte_vs_graph_distance_from_boundary,0.000646853146853077,0.0007702234535633063
7,kinematic_shell_segment_counts_shell_2_5mm,0.0,0.0
7,kinematic_shell_contrasts_0_2mm_vs_2_5mm_ttp_delta,0.0,0.0
7,kinematic_shell_contrasts_0_2mm_vs_2_5mm_tte_delta,0.0,0.0
7,kinematic_shell_contrasts_0_2mm_vs_2_5mm_auc_delta,0.0,0.0
7,kinematic_propagation_speed_delay_all_segments_q90,0.0009265734265733849,0.0006449603757236639
7,kinematic_propagation_speed_delay_all_segments_iqr,0.0,0.0
7,kinematic_shell_contrasts_inside_vs_2_5mm_ttp_delta,0.0,0.0
7,kinematic_shell_contrasts_inside_vs_2_5mm_tte_delta,0.0,0.0
7,kinematic_shell_contrasts_inside_vs_2_5mm_auc_delta,0.0,0.0
7,kinematic_shell_contrasts_inside_vs_0_2mm_ttp_delta,0.0,0.0
7,kinematic_shell_contrasts_inside_vs_0_2mm_tte_delta,0.0,0.0
7,kinematic_shell_contrasts_inside_vs_0_2mm_auc_delta,0.0,0.0
7,kinematic_shell_contrasts_0_2mm_vs_2_5mm_peak_delta,0.0,0.0
7,kinematic_shell_contrasts_inside_vs_2_5mm_peak_delta,0.00010489510489508636,0.00013986013986011514
7,kinematic_shell_contrasts_inside_vs_0_2mm_peak_delta,0.0,0.0
7,kinematic_shell_contrasts_5_10mm_vs_10_20mm_tte_delta,0.0,0.0
7,kinematic_shell_contrasts_0_2mm_vs_2_5mm_washin_delta,-0.0011013986013986398,0.00048227672112354273
7,kinematic_propagation_speed_delay_all_segments_median,0.0,0.0
7,kinematic_component_invasion_crossing_component_count,0.0,0.0
7,kinematic_shell_contrasts_inside_vs_2_5mm_washin_delta,1.748251748250329e-05,0.00018252284106484918
7,kinematic_shell_contrasts_inside_vs_0_2mm_washin_delta,0.0,0.0
7,kinematic_shell_contrasts_0_2mm_vs_2_5mm_washout_delta,0.0005594405594405383,0.0003971264577482623
7,kinematic_shell_contrasts_inside_vs_2_5mm_washout_delta,0.0,0.0
7,kinematic_shell_contrasts_inside_vs_0_2mm_washout_delta,0.0,0.0
7,kinematic_component_invasion_crossing_component_fraction,0.0,0.0
7,kinematic_temporal_heterogeneity_near_tumor_ttp_entropy_bits,0.0,0.0
7,kinematic_early_enhancing_fraction_early_phase_time_threshold,0.0,0.0
7,kinematic_early_enhancing_fraction_volume_fraction_shell_2_5mm,0.0,0.0
7,kinematic_early_enhancing_fraction_volume_fraction_shell_0_2mm,0.0,0.0
7,kinematic_boundary_caliber_gradient_positive_dilation_fraction,0.0,0.0
7,kinematic_boundary_crossing_dynamic_burden_crossing_segment_count,0.0,0.0
7,kinematic_shell_kinetics_shell_2_5mm_auc_hurdle_value_given_signal_sd,0.0013461538461538637,0.0003753655691186102
7,kinematic_shell_kinetics_shell_0_2mm_auc_hurdle_value_given_signal_sd,-0.0014160839160839434,0.0018998115887031556
7,kinematic_component_invasion_largest_crossing_component_segment_count,0.0,0.0
7,kinematic_shell_kinetics_shell_5_10mm_auc_hurdle_value_given_signal_sd,0.0,0.0
7,kinematic_shell_kinetics_inside_tumor_auc_hurdle_value_given_signal_sd,0.0,0.0
7,kinematic_shell_kinetics_shell_2_5mm_time_to_peak_hurdle_valid_fraction,0.0,0.0
7,kinematic_shell_kinetics_shell_10_20mm_time_to_peak_hurdle_valid_fraction,0.0,0.0
7,kinematic_boundary_caliber_gradient_inside_radius_length_weighted_mean_mm,0.0,0.0
7,kinematic_component_invasion_mean_crossing_component_max_invasion_depth_mm,0.0,0.0
7,kinematic_boundary_crossing_dynamic_burden_kinetic_weighted_volume_auc_mm3,0.0,0.0
7,kinematic_component_invasion_largest_crossing_component_fraction_total_volume,0.0,0.0
7,kinematic_shell_kinetics_shell_2_5mm_washin_slope_hurdle_value_given_signal_sd,0.0,0.0
7,kinematic_shell_kinetics_shell_2_5mm_time_to_peak_hurdle_value_given_signal_sd,0.0,0.0
7,kinematic_shell_kinetics_shell_2_5mm_time_to_enhancement_hurdle_valid_fraction,0.0,0.0
7,kinematic_shell_kinetics_shell_0_2mm_washin_slope_hurdle_value_given_signal_sd,0.0,0.0
7,kinematic_shell_kinetics_shell_0_2mm_time_to_peak_hurdle_value_given_signal_sd,0.0,0.0
7,kinematic_shell_kinetics_shell_5_10mm_washin_slope_hurdle_value_given_signal_sd,0.0,0.0
7,kinematic_shell_kinetics_shell_5_10mm_time_to_peak_hurdle_value_given_signal_sd,0.0,0.0
7,kinematic_shell_kinetics_shell_2_5mm_washout_slope_hurdle_value_given_signal_sd,0.00209790209790206,0.0010720076725004146
7,kinematic_shell_kinetics_shell_2_5mm_washin_slope_hurdle_value_given_signal_q90,0.0,0.0
7,kinematic_shell_kinetics_shell_2_5mm_washin_slope_hurdle_value_given_signal_min,0.0,0.0
7,kinematic_shell_kinetics_shell_2_5mm_washin_slope_hurdle_value_given_signal_iqr,0.0,0.0
7,kinematic_shell_kinetics_shell_2_5mm_time_to_peak_hurdle_value_given_signal_q90,0.0,0.0
7,kinematic_shell_kinetics_shell_2_5mm_time_to_peak_hurdle_value_given_signal_iqr,0.0,0.0
7,kinematic_shell_kinetics_shell_0_2mm_washout_slope_hurdle_value_given_signal_sd,0.0,0.0
7,kinematic_shell_kinetics_shell_0_2mm_washin_slope_hurdle_value_given_signal_q90,0.0,0.0
7,kinematic_shell_kinetics_shell_0_2mm_washin_slope_hurdle_value_given_signal_min,0.0,0.0
7,kinematic_shell_kinetics_shell_0_2mm_time_to_peak_hurdle_value_given_signal_iqr,0.0,0.0
7,kinematic_shell_kinetics_inside_tumor_washin_slope_hurdle_value_given_signal_sd,0.0,0.0
7,kinematic_shell_kinetics_inside_tumor_time_to_peak_hurdle_value_given_signal_sd,1.748251748245888e-05,0.00035356203524747863
7,kinematic_arrival_delay_vs_reference_all_segments_hurdle_value_given_signal_min,0.0,0.0
7,kinematic_arrival_delay_vs_reference_all_segments_hurdle_value_given_signal_iqr,0.0,0.0
7,kinematic_shell_kinetics_shell_gt20mm_washin_slope_hurdle_value_given_signal_min,0.0,0.0
7,kinematic_shell_kinetics_shell_gt20mm_time_to_peak_hurdle_value_given_signal_q90,0.0,0.0
7,kinematic_shell_kinetics_shell_gt20mm_time_to_peak_hurdle_value_given_signal_min,0.0,0.0
7,kinematic_shell_kinetics_shell_gt20mm_time_to_peak_hurdle_value_given_signal_max,0.0,0.0
7,kinematic_shell_kinetics_shell_5_10mm_washout_slope_hurdle_value_given_signal_sd,0.0,0.0
7,kinematic_shell_kinetics_shell_5_10mm_washin_slope_hurdle_value_given_signal_min,0.0,0.0
7,kinematic_shell_kinetics_shell_5_10mm_washin_slope_hurdle_value_given_signal_iqr,0.0,0.0
7,kinematic_shell_kinetics_shell_5_10mm_time_to_peak_hurdle_value_given_signal_iqr,0.0,0.0
7,kinematic_shell_kinetics_shell_2_5mm_washout_slope_hurdle_value_given_signal_q90,0.0,0.0
7,kinematic_shell_kinetics_shell_2_5mm_washout_slope_hurdle_value_given_signal_min,0.0020454545454545283,0.0008566433566433531
7,kinematic_shell_kinetics_shell_10_20mm_time_to_enhancement_hurdle_valid_fraction,0.0,0.0
7,kinematic_shell_kinetics_shell_0_2mm_washout_slope_hurdle_value_given_signal_q90,8.741258741256086e-05,0.0006599505625236577
7,kinematic_shell_kinetics_inside_tumor_washout_slope_hurdle_value_given_signal_sd,0.0,0.0
7,kinematic_shell_kinetics_inside_tumor_washin_slope_hurdle_value_given_signal_q90,0.0,0.0
7,kinematic_shell_kinetics_inside_tumor_washin_slope_hurdle_value_given_signal_min,0.0,0.0
7,kinematic_shell_kinetics_inside_tumor_time_to_peak_hurdle_value_given_signal_iqr,0.0,0.0
7,kinematic_peritumoral_multi_scale_contrasts_core_shell_gradient_per_mm_ttp_slope,0.0,0.0
7,kinematic_peritumoral_multi_scale_contrasts_core_shell_gradient_per_mm_tte_slope,8.741258741258306e-05,0.00026223776223774923
7,kinematic_peritumoral_multi_scale_contrasts_core_shell_gradient_per_mm_auc_slope,0.0,0.0
7,kinematic_boundary_caliber_gradient_outside_minus_inside_length_weighted_mean_mm,0.0,0.0
7,kinematic_shell_kinetics_shell_gt20mm_washout_slope_hurdle_value_given_signal_q90,-0.0009965034965035645,0.0011806848954477517
7,kinematic_shell_kinetics_shell_gt20mm_washout_slope_hurdle_value_given_signal_max,0.0,0.0
7,kinematic_shell_kinetics_shell_5_10mm_washout_slope_hurdle_value_given_signal_q90,0.0,0.0
7,kinematic_shell_kinetics_shell_10_20mm_washin_slope_hurdle_value_given_signal_min,1.748251748250329e-05,0.00025274182333567564
7,kinematic_shell_kinetics_inside_tumor_washout_slope_hurdle_value_given_signal_q90,0.00043706293706292644,0.0003518288775786257
7,kinematic_shell_kinetics_inside_tumor_washout_slope_hurdle_value_given_signal_min,0.0,0.0
7,kinematic_peritumoral_multi_scale_contrasts_core_shell_gradient_per_mm_peak_slope,0.0,0.0
7,kinematic_shell_kinetics_shell_2_5mm_washin_slope_hurdle_value_given_signal_median,0.0,0.0
7,kinematic_shell_kinetics_shell_10_20mm_washout_slope_hurdle_value_given_signal_q90,0.0005419580419580239,0.0005093986812703882
7,kinematic_shell_kinetics_shell_10_20mm_washout_slope_hurdle_value_given_signal_max,0.0,0.0
7,kinematic_shell_kinetics_shell_0_2mm_washin_slope_hurdle_value_given_signal_median,0.0,0.0
7,kinematic_arrival_delay_vs_reference_all_segments_hurdle_value_given_signal_median,0.0,0.0
7,kinematic_shell_kinetics_shell_5_10mm_washin_slope_hurdle_value_given_signal_median,0.0,0.0
7,kinematic_shell_kinetics_shell_2_5mm_washout_slope_hurdle_value_given_signal_median,0.0,0.0
7,kinematic_shell_kinetics_shell_2_5mm_auc_rel_reference_hurdle_value_given_signal_sd,0.0,0.0
7,kinematic_shell_kinetics_shell_0_2mm_auc_rel_reference_hurdle_value_given_signal_sd,0.0,0.0
7,kinematic_shell_kinetics_inside_tumor_washin_slope_hurdle_value_given_signal_median,-0.0008916083916084006,0.0004453754966033847
7,kinematic_peritumoral_multi_scale_contrasts_core_shell_gradient_per_mm_washin_slope,0.0015034965034964709,0.00032425239494737724
7,kinematic_boundary_caliber_gradient_gradient_mm_per_mm_hurdle_value_given_signal_sd,0.0,0.0
7,kinematic_shell_kinetics_shell_5_10mm_peak_enhancement_hurdle_value_given_signal_iqr,0.0,0.0
7,kinematic_shell_kinetics_shell_5_10mm_auc_rel_reference_hurdle_value_given_signal_sd,0.0005244755244754873,0.00039866273604863755
7,kinematic_shell_kinetics_shell_2_5mm_auc_rel_reference_hurdle_value_given_signal_q90,0.0,0.0
7,kinematic_shell_kinetics_shell_0_2mm_auc_rel_reference_hurdle_value_given_signal_q90,0.0,0.0
7,kinematic_shell_kinetics_inside_tumor_auc_rel_reference_hurdle_value_given_signal_sd,0.0,0.0
7,kinematic_peritumoral_multi_scale_contrasts_core_shell_gradient_per_mm_washout_slope,0.0,0.0
7,kinematic_boundary_caliber_gradient_gradient_mm_per_mm_hurdle_value_given_signal_q90,0.0,0.0
7,kinematic_boundary_caliber_gradient_gradient_mm_per_mm_hurdle_value_given_signal_min,0.0,0.0
7,kinematic_boundary_caliber_gradient_gradient_mm_per_mm_hurdle_value_given_signal_max,0.0,0.0
7,kinematic_shell_kinetics_shell_2_5mm_time_to_enhancement_hurdle_value_given_signal_sd,0.0005944055944055449,0.000542803311058047
7,kinematic_shell_kinetics_shell_0_2mm_time_to_enhancement_hurdle_value_given_signal_sd,0.0,0.0
7,kinematic_shell_kinetics_inside_tumor_auc_rel_reference_hurdle_value_given_signal_q90,0.0,0.0
7,kinematic_boundary_caliber_gradient_outside_over_inside_hurdle_value_given_signal_q90,0.0,0.0
7,kinematic_boundary_caliber_gradient_outside_over_inside_hurdle_value_given_signal_min,0.0,0.0
7,kinematic_boundary_caliber_gradient_gradient_mm_per_mm_hurdle_value_given_signal_mean,0.0,0.0
7,kinematic_arrival_delay_vs_reference_near_tumor_segments_hurdle_value_given_signal_sd,0.0,0.0
7,kinematic_shell_kinetics_shell_5_10mm_time_to_enhancement_hurdle_value_given_signal_sd,0.0,0.0
7,kinematic_shell_kinetics_shell_2_5mm_washin_rel_reference_hurdle_value_given_signal_sd,0.0,0.0
7,kinematic_shell_kinetics_shell_2_5mm_time_to_enhancement_hurdle_value_given_signal_iqr,0.0,0.0
7,kinematic_shell_kinetics_shell_0_2mm_washin_rel_reference_hurdle_value_given_signal_sd,0.0,0.0
7,kinematic_shell_kinetics_shell_0_2mm_time_to_enhancement_hurdle_value_given_signal_iqr,0.0,0.0
7,kinematic_shell_kinetics_inside_tumor_time_to_enhancement_hurdle_value_given_signal_sd,0.0,0.0
7,kinematic_arrival_delay_vs_reference_near_tumor_segments_hurdle_value_given_signal_q90,0.0,0.0
7,kinematic_arrival_delay_vs_reference_near_tumor_segments_hurdle_value_given_signal_min,0.0,0.0
7,kinematic_arrival_delay_vs_reference_near_tumor_segments_hurdle_value_given_signal_max,0.0,0.0
7,kinematic_arrival_delay_vs_reference_near_tumor_segments_hurdle_value_given_signal_iqr,0.0,0.0
7,kinematic_shell_kinetics_shell_gt20mm_time_to_enhancement_hurdle_value_given_signal_q90,0.0,0.0
7,kinematic_shell_kinetics_shell_gt20mm_time_to_enhancement_hurdle_value_given_signal_min,0.0,0.0
7,kinematic_shell_kinetics_shell_gt20mm_time_to_enhancement_hurdle_value_given_signal_iqr,0.0,0.0
7,kinematic_shell_kinetics_shell_5_10mm_washin_rel_reference_hurdle_value_given_signal_sd,0.0,0.0
7,kinematic_shell_kinetics_shell_5_10mm_time_to_enhancement_hurdle_value_given_signal_iqr,0.0,0.0
7,kinematic_shell_kinetics_shell_2_5mm_washin_rel_reference_hurdle_value_given_signal_q90,0.0,0.0
7,kinematic_shell_kinetics_shell_2_5mm_washin_rel_reference_hurdle_value_given_signal_min,0.0,0.0
7,kinematic_shell_kinetics_shell_0_2mm_washin_rel_reference_hurdle_value_given_signal_q90,-0.000489510489510503,0.00034789770528206155
7,kinematic_shell_kinetics_shell_0_2mm_washin_rel_reference_hurdle_value_given_signal_min,0.0,0.0
7,kinematic_shell_kinetics_inside_tumor_washin_rel_reference_hurdle_value_given_signal_sd,0.0,0.0
7,kinematic_shell_kinetics_inside_tumor_time_to_enhancement_hurdle_value_given_signal_iqr,0.0,0.0
7,kinematic_boundary_caliber_gradient_gradient_mm_per_mm_hurdle_value_given_signal_median,-0.0006468531468531658,0.00019230769230768453
7,kinematic_arrival_delay_vs_reference_near_tumor_segments_hurdle_value_given_signal_mean,0.0,0.0
7,kinematic_shell_kinetics_shell_gt20mm_washin_rel_reference_hurdle_value_given_signal_min,0.0,0.0
7,kinematic_shell_kinetics_shell_5_10mm_washin_rel_reference_hurdle_value_given_signal_q90,0.0,0.0
7,kinematic_shell_kinetics_shell_5_10mm_washin_rel_reference_hurdle_value_given_signal_min,0.0,0.0
7,kinematic_shell_kinetics_shell_10_20mm_time_to_enhancement_hurdle_value_given_signal_min,0.0,0.0
7,kinematic_shell_kinetics_shell_10_20mm_time_to_enhancement_hurdle_value_given_signal_iqr,0.0,0.0
7,kinematic_shell_kinetics_inside_tumor_washin_rel_reference_hurdle_value_given_signal_q90,0.0,0.0
7,kinematic_shell_kinetics_shell_10_20mm_washin_rel_reference_hurdle_value_given_signal_min,0.0,0.0
7,kinematic_shell_kinetics_shell_gt20mm_time_to_enhancement_hurdle_value_given_signal_median,0.0,0.0
7,kinematic_shell_kinetics_shell_2_5mm_washin_rel_reference_hurdle_value_given_signal_median,0.0,0.0
7,kinematic_shell_kinetics_shell_0_2mm_washin_rel_reference_hurdle_value_given_signal_median,0.0,0.0
7,kinematic_shell_kinetics_shell_5_10mm_washin_rel_reference_hurdle_value_given_signal_median,0.0,0.0
7,kinematic_shell_kinetics_shell_10_20mm_time_to_enhancement_hurdle_value_given_signal_median,0.00031468531468525907,0.00010489510489508636
7,kinematic_core_to_periphery_peak_ratio,0.0,0.0
7,morph_seg_length_cv,0.00010489510489505304,0.0002946206214397585
7,morph_radius_cv,0.0,0.0
7,morph_bifurcation_density_per_length,0.004545454545454508,0.0014245838312911445
7,morph_seg_volume_sum,0.0,0.0
7,morph_seg_length_sum,0.0,0.0
7,morph_seg_volume_max,0.0,0.0
7,morph_bif_angle_n,0.0,0.0
7,morph_seg_volume_std,0.0,0.0
7,morph_seg_length_max,0.0008566433566433163,0.0008580693141124448
7,morph_seg_volume_mean,0.0022552447552446897,0.002954959212969882
7,morph_seg_length_std,0.0016958041958041402,0.00102254047663565
7,morph_seg_tortuosity_max,5.2447552447498766e-05,0.0007501202081442465
7,morph_curvature_mean_max,0.0,0.0
7,morph_radius_mean_max,0.00013986013986007074,0.0005461713060074372
7,morph_radius_mean_mean,0.0004545454545454186,0.0009191216383283151
7,morph_radius_mean_std,0.0,0.0
7,morph_seg_tortuosity_std,-0.0009790209790209836,0.0014755907584621407
7,morph_curvature_mean_mean,-0.0019055944055944352,0.001538958120746977
7,morph_curvature_mean_std,0.0004020979020978643,0.0003834215419486228
7,morph_seg_tortuosity_mean,0.00031468531468529235,0.00034789770528204377
7,morph_bifurcation_per_segment,0.00444055944055941,0.00388819992857006
7,morph_seg_dup_fraction,0.0,0.0
7,morph_seg_tortuosity_invalid_n,0.0,0.0
7,morph_bif_angle_std,0.0,0.0
7,morph_bif_angle_mean,0.0002447552447552348,0.0017677237286384258
7,morph_bif_angle_max,0.0,0.0
7,tumor_size_outer_to_inner_shell_ratio,0.00017482517482517724,0.002985367021837287
7,tumor_size_tumor_r8_region_voxels,-0.005664335664335718,0.005073063897626751
7,tumor_size_tumor_voxels,0.0013286713286712714,0.0005371430592915152
7,tumor_size_shell_0_2_over_tumor,1.7482517482514393e-05,5.244755244754318e-05
8,clinical_post,0.0,0.0
8,clinical_luminal_b,0.0,0.0
8,clinical_luminal_a,0.09540106951871659,0.02386819253446003
8,clinical_triple_negative,0.0,0.0
8,clinical_pre (<6 months since LMP AND no prior bilateral ovariectomy AND not on estrogen replacement),0.0,0.0
8,clinical_pre (< 6 months since LMP AND no prior bilateral ovariectomy AND not on estrogen replacement),0.0,0.0
8,age,0.0008021390374331805,0.001708349477056462
8,normalized_ratios_near_length_per_tumor_equiv_radius,0.0,0.0
8,caliber_heterogeneity_near_tumor_near_radius_cv,0.00040998217468807274,0.0005107504022065647
8,normalized_ratios_near_volume_per_skeleton_edge,0.0005704099821747022,0.002274107441542547
8,per_shell_topology_shell_10_20mm_shell_volume_density_mm3_per_shell_mm3,-0.0005704099821746578,0.0018911639514973045
8,per_shell_topology_shell_5_10mm_shell_volume_density_mm3_per_shell_mm3,0.0,0.0
8,per_shell_topology_shell_gt20mm_shell_volume_density_mm3_per_shell_mm3,-0.00016042780748668495,5.347593582889499e-05
8,per_shell_topology_shell_2_5mm_shell_volume_density_mm3_per_shell_mm3,0.0,0.0
8,per_shell_topology_shell_5_10mm_shell_length_density_mm_per_shell_mm3,0.0,0.0
8,per_shell_topology_shell_10_20mm_shell_length_density_mm_per_shell_mm3,0.0,0.0
8,per_shell_topology_shell_10_20mm_node_density_per_shell_voxel,0.0012299465240641848,0.00044705654916165315
8,normalized_ratios_near_volume_per_shell_voxel,-0.0004278074866310044,0.00089553345362428
8,per_shell_topology_shell_2_5mm_node_density_per_shell_mm3,0.0,0.0
8,per_shell_topology_shell_gt20mm_shell_length_density_mm_per_shell_mm3,0.0,0.0
8,per_shell_topology_shell_5_10mm_endpoint_density_per_shell_mm3,5.347593582883947e-05,0.0006125789760228153
8,per_shell_topology_shell_gt20mm_edge_density_per_shell_voxel,0.0018716577540107248,0.0010309442952528341
8,per_shell_topology_shell_5_10mm_endpoint_density_per_shell_voxel,0.0,0.0
8,per_shell_topology_shell_2_5mm_endpoint_density_per_shell_voxel,0.0007486631016043078,0.000584713706483289
8,per_shell_topology_shell_10_20mm_endpoint_density_per_shell_mm3,0.0035650623885918444,0.001487105427066961
8,per_shell_topology_shell_10_20mm_endpoint_density_per_shell_voxel,0.0006417112299465621,0.000765451356634007
8,per_shell_topology_shell_10_20mm_bifurcation_density_per_shell_mm3,0.0,0.0
8,per_shell_topology_shell_gt20mm_bifurcation_density_per_shell_mm3,-3.5650623885907785e-05,0.00020787707290001776
8,per_shell_topology_shell_gt20mm_endpoint_density_per_shell_mm3,0.00037433155080218716,0.0004541083494779623
8,per_shell_topology_shell_gt20mm_bifurcation_density_per_shell_voxel,0.00042780748663102665,0.0017304329553670765
8,per_shell_topology_shell_gt20mm_endpoint_density_per_shell_voxel,0.0007843137254902155,0.0006133565252793308
8,normalized_ratios_inside_volume_per_tumor_voxel,0.0,0.0
8,per_shell_topology_shell_0_2mm_node_density_per_shell_mm3,0.0,0.0
8,normalized_ratios_crossing_length_per_tumor_equiv_surface,0.0,0.0
8,per_shell_topology_shell_2_5mm_cycle_density_per_shell_mm3,0.0,0.0
8,per_shell_topology_shell_0_2mm_cycle_density_per_shell_mm3,0.0,0.0
8,per_shell_topology_shell_5_10mm_cycle_density_per_shell_mm3,0.0,0.0
8,per_shell_topology_shell_0_2mm_edge_density_per_shell_voxel,0.0,0.0
8,per_shell_topology_inside_tumor_cycle_density_per_shell_mm3,0.0,0.0
8,per_shell_topology_shell_10_20mm_cycle_density_per_shell_mm3,0.0,0.0
8,per_shell_topology_shell_2_5mm_bifurcation_density_per_shell_mm3,0.0,0.0
8,per_shell_topology_shell_0_2mm_bifurcation_density_per_shell_mm3,0.0,0.0
8,per_shell_topology_shell_5_10mm_bifurcation_density_per_shell_mm3,0.00017825311942959443,0.000591198714858358
8,per_shell_topology_inside_tumor_bifurcation_density_per_shell_mm3,-0.00037433155080212054,0.0007411986768731306
8,per_shell_topology_shell_gt20mm_shell_region_voxels,-0.00021390374331549112,0.0005568805473017338
8,per_shell_topology_shell_gt20mm_shell_region_volume_mm3,-0.0024064171122994637,0.0019053082287372623
8,per_shell_topology_shell_10_20mm_shell_region_voxels,0.0006951871657754127,0.0025264825217400405
8,per_shell_topology_shell_10_20mm_shell_region_volume_mm3,0.01388591800356509,0.008140314696505826
8,per_shell_topology_shell_2_5mm_shell_region_voxels,-0.0027807486631015953,0.0015420697863730627
8,per_shell_topology_inside_tumor_shell_region_volume_mm3,-0.0024598930481283367,0.006821670259711208
8,graph_totals_total_volume_burden_mm3,0.0,0.0
8,per_shell_topology_shell_0_2mm_shell_region_volume_mm3,-0.0016221033868092706,0.0009874965407818007
8,graph_totals_total_length_mm,-0.0009803921568627306,0.0008631942968130754
8,per_shell_topology_shell_gt20mm_edge_count,0.0,0.0
8,per_shell_topology_shell_10_20mm_shell_volume_burden_mm3,-0.006684491978609586,0.0060138967585872906
8,per_shell_topology_shell_gt20mm_shell_region_volume_per_tumor_mm3,-0.009180035650623863,0.004987425445552767
8,per_shell_topology_shell_5_10mm_shell_volume_burden_mm3,0.0,0.0
8,per_shell_topology_shell_10_20mm_shell_length_mm,0.0,0.0
8,per_shell_topology_shell_gt20mm_bifurcation_count,0.0,0.0
8,per_shell_topology_shell_gt20mm_endpoint_count,0.0,0.0
8,per_shell_topology_shell_5_10mm_node_count,0.0,0.0
8,graph_tumor_r8_skel_voxels,-0.00017825311942959443,0.0003286825118464629
8,per_shell_topology_shell_2_5mm_shell_volume_burden_mm3,0.0,0.0
8,graph_tumor_shell_r4_8_skel_voxels,0.0,0.0
8,per_shell_topology_shell_10_20mm_endpoint_count,0.0,0.0
8,per_shell_topology_shell_10_20mm_shell_region_volume_per_tumor_mm3,0.0,0.0
8,per_shell_topology_shell_5_10mm_endpoint_count,0.0,0.0
8,graph_tumor_r4_skel_voxels,0.0,0.0
8,graph_tumor_shell_r2_4_skel_voxels,0.0,0.0
8,per_shell_topology_shell_10_20mm_bifurcation_count,0.0,0.0
8,per_shell_topology_shell_2_5mm_degree_distribution_deg2,0.0,0.0
8,length_weighted_shape_stats_near_tumor_length_weighted_tortuosity_quantiles_q90,0.00040998217468809497,0.000580623795896686
8,length_weighted_shape_stats_near_tumor_segment_count,0.0,0.0
8,per_shell_topology_shell_10_20mm_degree_distribution_deg0,0.0,0.0
8,caliber_heterogeneity_near_tumor_near_radius_q90_mm,0.0,0.0
8,length_weighted_shape_stats_near_tumor_length_weighted_tortuosity_quantiles_q50,0.00033868092691624607,0.0009581001533245599
8,caliber_heterogeneity_near_tumor_near_radius_q50_mm,0.0,0.0
8,caliber_heterogeneity_near_tumor_near_radius_q25_mm,0.0057040998217468995,0.004930882111093095
8,per_shell_topology_shell_2_5mm_shell_region_volume_per_tumor_mm3,-0.00012477718360068835,0.0017861816453592666
8,per_shell_topology_shell_gt20mm_shell_volume_burden_mm3_per_tumor_mm3,-0.00012477718360067724,0.0003989844792441956
8,caliber_heterogeneity_near_tumor_near_radius_q10_mm,-0.003725490196078418,0.004653362465881172
8,length_weighted_shape_stats_near_tumor_length_weighted_curvature_mean_quantiles_q90,0.0,0.0
8,length_weighted_shape_stats_near_tumor_length_weighted_curvature_mean_quantiles_q50,-8.912655971476946e-05,0.00030092590046585483
8,length_weighted_shape_stats_near_tumor_length_weighted_curvature_mean_quantiles_q25,0.0,0.0
8,length_weighted_shape_stats_global_length_weighted_tortuosity_quantiles_q90,0.0052941176470588155,0.00318075697437719
8,caliber_heterogeneity_near_tumor_global_node_radius_q90_mm,0.0019964349376114243,0.001537116658631744
8,length_weighted_shape_stats_global_length_weighted_tortuosity_quantiles_q75,0.00017825311942958332,0.001735566694422535
8,per_shell_topology_shell_0_2mm_shell_region_volume_per_tumor_mm3,-0.0009269162210338467,0.0011491452022307318
8,length_weighted_shape_stats_global_length_weighted_tortuosity_quantiles_q50,-0.0026559714795008848,0.0022327226094741664
8,caliber_heterogeneity_near_tumor_near_radius_sd_mm,0.0,0.0
8,length_weighted_shape_stats_global_length_weighted_tortuosity_mean,0.0,0.0
8,length_weighted_shape_stats_near_tumor_length_weighted_curvature_mean_quantiles_q10,0.00012477718360074386,0.0011387291446477439
8,per_shell_topology_shell_gt20mm_shell_length_mm_per_tumor_mm3,-0.004064171122994664,0.004738181169578951
8,length_weighted_shape_stats_global_length_weighted_tortuosity_quantiles_q25,-0.000641711229946551,0.00032085561497326626
8,length_weighted_shape_stats_global_length_weighted_curvature_mean_quantiles_q10,-0.00010695187165775666,0.0021776082786560597
8,per_shell_topology_shell_gt20mm_shell_volume_fraction_of_total_graph_volume,0.0,0.0
8,length_weighted_shape_stats_global_length_weighted_curvature_mean_quantiles_q90,0.0,0.0
8,graph_skel_per_tumor_voxel,0.0017290552584670383,0.011923801379843611
8,length_weighted_shape_stats_global_length_weighted_curvature_mean_quantiles_q50,0.00035650623885917775,0.0012878710779456921
8,length_weighted_shape_stats_global_length_weighted_curvature_mean_quantiles_q25,0.00033868092691622385,0.0018939341511933405
8,length_weighted_shape_stats_global_length_weighted_curvature_mean_quantiles_q75,0.0015686274509804422,0.0007923747155398653
8,length_weighted_shape_stats_global_length_weighted_curvature_mean,0.0,0.0
8,per_shell_topology_shell_10_20mm_shell_volume_fraction_of_total_graph_volume,-0.0006060606060605877,0.0006486062530716681
8,length_weighted_shape_stats_global_length_weighted_tortuosity_quantiles_q10,-0.0021212121212120906,0.005545620419791721
8,per_shell_topology_shell_10_20mm_shell_volume_burden_mm3_per_tumor_mm3,-0.0021390374331550555,0.0008548719292892435
8,graph_tumor_r8_skel_frac_skeleton,0.0,0.0
8,per_shell_topology_shell_5_10mm_shell_length_fraction_of_total_graph_length,0.0,0.0
8,graph_tumor_shell_r4_8_skel_frac_skeleton,-0.00014260249554373105,0.00010695187165775666
8,per_shell_topology_shell_5_10mm_shell_volume_burden_mm3_per_tumor_mm3,0.0,0.0
8,per_shell_topology_shell_10_20mm_shell_length_mm_per_tumor_mm3,-0.0009269162210338688,0.0004901150475888978
8,per_shell_topology_shell_2_5mm_shell_length_fraction_of_total_graph_length,0.0,0.0
8,graph_tumor_shell_r4_8_skel_frac_shell,-0.0012655971479500927,0.0007105572701602366
8,per_shell_topology_shell_2_5mm_shell_length_mm_per_tumor_mm3,0.0,0.0
8,graph_tumor_r8_skel_frac_region,0.0,0.0
8,graph_tumor_shell_r2_4_skel_frac_shell,0.0,0.0
8,graph_tumor_r4_skel_frac_region,0.0,0.0
8,graph_skel_in_tumor_voxels,0.0,0.0
8,graph_tumor_r2_skel_frac_region,0.0,0.0
8,graph_tumor_r2_skel_frac_skeleton,0.0020677361853832623,0.0013006371726883676
8,per_shell_topology_shell_0_2mm_node_count,0.0,0.0
8,per_shell_topology_shell_0_2mm_endpoint_count,0.0,0.0
8,per_shell_topology_inside_tumor_endpoint_count,0.0,0.0
8,directional_near_boundary_tangential_alignment_mean,0.0,0.0
8,per_shell_topology_shell_2_5mm_degree_distribution_deg0,0.0,0.0
8,per_shell_topology_shell_0_2mm_degree_distribution_deg2,0.0,0.0
8,per_shell_topology_shell_0_2mm_degree_distribution_deg0,0.0,0.0
8,directional_near_boundary_normal_alignment_abs_cos_mean,0.0,0.0
8,per_shell_topology_shell_gt20mm_degree_distribution_deg0,0.0,0.0
8,per_shell_topology_shell_5_10mm_degree_distribution_deg0,0.0,0.0
8,per_shell_topology_inside_tumor_degree_distribution_deg0,0.0,0.0
8,per_shell_topology_shell_2_5mm_degree_distribution_deg4plus,0.0,0.0
8,per_shell_topology_shell_gt20mm_degree_distribution_deg4plus,0.0,0.0
8,per_shell_topology_shell_5_10mm_degree_distribution_deg4plus,0.0,0.0
8,per_shell_topology_inside_tumor_degree_distribution_deg4plus,0.0,0.0
8,per_shell_topology_shell_10_20mm_degree_distribution_deg4plus,0.0,0.0
8,directional_near_boundary_radial_alignment_abs_cos_quantiles_q10,0.0,0.0
8,directional_near_boundary_normal_alignment_abs_cos_quantiles_q90,0.0,0.0
8,directional_near_boundary_normal_alignment_abs_cos_quantiles_q25,-0.00035650623885917775,0.0005857995267434739
8,directional_near_boundary_normal_alignment_abs_cos_quantiles_q10,-0.00035650623885916664,0.0006949585985603626
8,per_shell_topology_shell_0_2mm_shell_volume_burden_mm3_per_tumor_mm3,0.0,0.0
8,per_shell_topology_shell_0_2mm_shell_volume_fraction_of_total_graph_volume,0.0,0.0
8,caliber_heterogeneity_near_tumor_near_high_radius_tail_fraction_vs_global_q90,0.0,0.0
8,graph_core_to_periphery_volume_ratio,0.0,0.0
8,graph_crossing_fraction_of_near_burden,0.0010516934046346238,0.0011673878310183826
8,kinematic_reference_normalized_signal_all_segments_washin_rel_reference_hurdle_value_given_signal_max,0.0013368983957219639,0.0003405521064980961
8,kinematic_normalized_shell_burdens_shell_gt20mm_kinetic_auc_weighted_volume_mm3,0.0007843137254901933,0.0005359463949509257
8,kinematic_reference_normalized_signal_all_segments_auc_rel_reference_hurdle_value_given_signal_max,-0.0014795008912655617,0.0007176763685988373
8,kinematic_reference_normalized_signal_all_segments_washin_rel_reference_hurdle_value_given_signal_q90,-0.0010695187165775221,0.001369188190350901
8,kinematic_reference_normalized_signal_all_segments_peak_rel_reference_hurdle_value_given_signal_q90,-0.001194295900178266,0.0007893614911046337
8,kinematic_reference_normalized_signal_near_tumor_segments_peak_rel_reference_hurdle_value_given_signal_max,0.0,0.0
8,kinematic_reference_normalized_signal_all_segments_auc_rel_reference_hurdle_value_given_signal_median,0.00032085561497328106,7.130124777181557e-05
8,kinematic_reference_normalized_signal_all_segments_peak_rel_reference_hurdle_value_given_signal_median,-0.00019607843137255942,0.000351570105584953
8,kinematic_reference_normalized_signal_all_segments_peak_rel_reference_hurdle_value_given_signal_iqr,-0.0005525846702317039,0.00044705654916166426
8,kinematic_reference_normalized_signal_near_tumor_segments_auc_rel_reference_hurdle_value_given_signal_median,-0.005026737967914396,0.0025606480952378684
8,kinematic_reference_normalized_signal_all_segments_washin_rel_reference_hurdle_value_given_signal_median,0.0018894830659536344,0.0010183855156567375
8,kinematic_normalized_shell_burdens_shell_10_20mm_kinetic_auc_weighted_volume_mm3,-0.0006773618538324256,0.0006317306647653969
8,kinematic_normalized_shell_burdens_shell_10_20mm_auc_weighted_volume_per_shell_segment,-0.0019429590017825183,0.0013492006752346523
8,kinematic_normalized_shell_burdens_shell_gt20mm_auc_weighted_volume_per_shell_segment,0.0,0.0
8,kinematic_normalized_shell_burdens_shell_5_10mm_kinetic_auc_weighted_volume_mm3,0.0,0.0
8,kinematic_normalized_shell_burdens_shell_5_10mm_auc_weighted_volume_per_shell_segment,0.0,0.0
8,kinematic_reference_normalized_signal_all_segments_peak_rel_reference_hurdle_value_given_signal_min,0.0,0.0
8,kinematic_normalized_shell_burdens_shell_10_20mm_auc_weighted_volume_per_shell_length_mm,0.0,0.0
8,kinematic_normalized_shell_burdens_shell_gt20mm_auc_weighted_volume_per_shell_length_mm,-0.00016042780748665164,0.0014987049080827128
8,kinematic_normalized_shell_burdens_shell_5_10mm_auc_weighted_volume_per_shell_length_mm,0.0,0.0
8,kinematic_normalized_shell_burdens_shell_gt20mm_auc_weighted_volume_per_tumor_mm3,0.0,0.0
8,kinematic_shell_contrasts_5_10mm_vs_10_20mm_tte_ratio,0.0,0.0
8,kinematic_shell_contrasts_5_10mm_vs_10_20mm_ttp_ratio,0.0,0.0
8,kinematic_shell_contrasts_5_10mm_vs_10_20mm_peak_ratio,0.0,0.0
8,kinematic_reference_normalized_signal_near_tumor_segments_peak_rel_reference_hurdle_has_signal_fraction,0.0,0.0
8,kinematic_normalized_shell_burdens_shell_10_20mm_auc_weighted_volume_per_tumor_mm3,-0.0017825311942958667,0.0009532792839301965
8,kinematic_reference_normalized_signal_all_segments_peak_rel_reference_hurdle_has_signal_fraction,-8.912655971476946e-05,0.0006869108330836842
8,kinematic_normalized_shell_burdens_shell_10_20mm_auc_weighted_volume_per_shell_mm3,0.0,0.0
8,kinematic_normalized_shell_burdens_shell_5_10mm_auc_weighted_volume_per_tumor_mm3,0.0,0.0
8,kinematic_kinetic_topology_coupling_early_bifurcation_density_per_tumor_mm3,0.0014795008912655949,0.0012879944313369124
8,kinematic_normalized_shell_burdens_shell_gt20mm_auc_weighted_volume_per_shell_mm3,0.0,0.0
8,kinematic_normalized_shell_burdens_shell_gt20mm_auc_weighted_volume_per_shell_voxel,0.0,0.0
8,kinematic_normalized_shell_burdens_shell_10_20mm_peak_weighted_volume_per_shell_voxel,0.0006773618538324589,0.001545363051814135
8,kinematic_reference_normalized_signal_reference_auc_positive,0.0,0.0
8,kinematic_normalized_shell_burdens_shell_5_10mm_peak_weighted_volume_per_shell_voxel,0.0,0.0
8,kinematic_reference_normalized_signal_reference_washin_slope,0.0,0.0
8,kinematic_temporal_heterogeneity_near_tumor_cv_auc,-0.00019607843137257053,0.0003424130608252763
8,kinematic_shell_contrasts_0_2mm_vs_2_5mm_ttp_ratio,0.0,0.0
8,kinematic_shell_contrasts_inside_vs_2_5mm_ttp_ratio,0.0,0.0
8,kinematic_shell_contrasts_inside_vs_0_2mm_ttp_ratio,0.0,0.0
8,kinematic_shell_contrasts_0_2mm_vs_2_5mm_washin_ratio,0.0,0.0
8,kinematic_shell_contrasts_inside_vs_2_5mm_washin_ratio,0.0,0.0
8,kinematic_shell_contrasts_inside_vs_0_2mm_washin_ratio,0.0,0.0
8,kinematic_temporal_heterogeneity_near_tumor_cv_tte_time,-0.00012477718360071055,0.00106071839905969
8,kinematic_shell_contrasts_5_10mm_vs_10_20mm_washin_ratio,0.0,0.0
8,kinematic_temporal_heterogeneity_near_tumor_cv_washin_slope,0.0,0.0
8,kinematic_temporal_heterogeneity_near_tumor_cv_washout_slope,0.0,0.0
8,kinematic_component_invasion_crossing_length_concentration_max_fraction,0.0,0.0
8,kinematic_normalized_shell_burdens_shell_2_5mm_kinetic_auc_weighted_volume_mm3,0.0,0.0
8,kinematic_normalized_shell_burdens_shell_0_2mm_kinetic_auc_weighted_volume_mm3,0.0,0.0
8,kinematic_normalized_shell_burdens_inside_tumor_kinetic_auc_weighted_volume_mm3,0.0,0.0
8,kinematic_reference_normalized_signal_near_tumor_segments_peak_rel_reference_hurdle_valid_fraction,0.0,0.0
8,kinematic_reference_normalized_signal_all_segments_washin_rel_reference_hurdle_value_given_signal_min,0.0,0.0
8,kinematic_reference_normalized_signal_near_tumor_segments_auc_rel_reference_hurdle_value_given_signal_sd,0.0,0.0
8,kinematic_reference_normalized_signal_near_tumor_segments_washin_rel_reference_hurdle_value_given_signal_sd,0.0,0.0
8,kinematic_reference_normalized_signal_near_tumor_segments_washin_rel_reference_hurdle_value_given_signal_q90,0.0,0.0
8,kinematic_reference_normalized_signal_near_tumor_segments_washin_rel_reference_hurdle_value_given_signal_min,-0.00017825311942958332,0.0002761485451841364
8,kinematic_reference_normalized_signal_near_tumor_segments_washin_rel_reference_hurdle_value_given_signal_median,0.00017825311942958332,0.00097958158032329
8,kinematic_shell_kinetics_shell_10_20mm_auc_rel_reference_hurdle_value_given_signal_max,0.0,0.0
8,kinematic_shell_kinetics_shell_10_20mm_peak_rel_reference_hurdle_value_given_signal_q90,0.0,0.0
8,kinematic_shell_kinetics_shell_10_20mm_auc_rel_reference_hurdle_value_given_signal_mean,-0.0002139037433155244,0.0013310627238926345
8,kinematic_shell_kinetics_shell_10_20mm_washin_rel_reference_hurdle_value_given_signal_max,0.0002139037433155244,0.0012395963387317995
8,kinematic_shell_kinetics_shell_10_20mm_peak_rel_reference_hurdle_value_given_signal_median,0.0,0.0
8,kinematic_shell_kinetics_shell_10_20mm_auc_rel_reference_hurdle_value_given_signal_iqr,0.0,0.0
8,kinematic_shell_kinetics_shell_5_10mm_peak_rel_reference_hurdle_value_given_signal_max,0.0,0.0
8,kinematic_shell_kinetics_shell_10_20mm_peak_rel_reference_hurdle_value_given_signal_iqr,0.0,0.0
8,kinematic_shell_kinetics_shell_10_20mm_washin_rel_reference_hurdle_value_given_signal_mean,0.002869875222816465,0.002597179147256212
8,kinematic_shell_kinetics_shell_10_20mm_washin_rel_reference_hurdle_value_given_signal_iqr,0.001764705882352957,0.0024730974235019957
8,kinematic_shell_kinetics_shell_10_20mm_peak_rel_reference_hurdle_value_given_signal_min,-3.5650623885907785e-05,0.00047697283993795153
8,kinematic_shell_kinetics_shell_10_20mm_washin_rel_reference_hurdle_value_given_signal_median,0.0009803921568627527,0.0004456327985739672
8,kinematic_shell_segment_counts_shell_gt20mm,-0.00010695187165775666,0.00030039749636991136
8,kinematic_graph_local_propagation_weighted_linear_fit_n,0.0,0.0
8,kinematic_propagation_speed_speed_positive_delay_mm_per_time_max,0.0014081996434937682,0.0014314735481578504
8,kinematic_kinetic_topology_coupling_early_bifurcation_count,-1.7825311942964996e-05,0.001108757329061243
8,kinematic_kinetic_topology_coupling_early_cycle_length_burden_mm_ge50,0.0,0.0
8,kinematic_propagation_speed_speed_positive_delay_mm_per_time_q90,-0.0005882352941176227,0.0012195692323063844
8,kinematic_shell_kinetics_shell_gt20mm_auc_rel_reference_hurdle_value_given_signal_min,0.0,0.0
8,kinematic_propagation_speed_negative_delay_segment_count,2.2204460492503132e-17,0.00021091193522640116
8,kinematic_shell_segment_counts_shell_10_20mm,0.0,0.0
8,kinematic_kinetic_topology_coupling_cycle_count,0.0,0.0
8,kinematic_propagation_speed_speed_positive_delay_mm_per_time_iqr,0.0007664884135472505,0.002134650879519333
8,kinematic_propagation_speed_speed_positive_delay_mm_per_time_sd,-0.0014438502673796648,0.0020702701297069205
8,kinematic_propagation_speed_speed_positive_delay_mm_per_time_mean,3.565062388592999e-05,0.001086613237370979
8,kinematic_propagation_speed_speed_positive_delay_mm_per_time_median,-3.565062388588558e-05,0.00022263807480922288
8,kinematic_kinetic_topology_coupling_early_cycle_count_all_nodes,0.0,0.0
8,kinematic_component_invasion_component_count,-0.0004812834224598217,0.0005468043369047603
8,kinematic_shell_kinetics_shell_5_10mm_time_to_peak_hurdle_value_given_signal_max,0.0,0.0
8,kinematic_shell_kinetics_shell_5_10mm_time_to_peak_hurdle_value_given_signal_mean,-0.00117647058823529,0.0011166103218086352
8,kinematic_shell_kinetics_shell_10_20mm_time_to_peak_hurdle_value_given_signal_q90,0.0005347593582887611,0.0012754754951870744
8,kinematic_shell_kinetics_shell_10_20mm_auc_hurdle_value_given_signal_max,0.0,0.0
8,kinematic_shell_kinetics_shell_5_10mm_auc_hurdle_value_given_signal_max,0.0,0.0
8,kinematic_shell_segment_counts_shell_5_10mm,0.0,0.0
8,kinematic_propagation_speed_delay_all_segments_min,0.0,0.0
8,kinematic_propagation_speed_delay_all_segments_max,0.0,0.0
8,kinematic_shell_contrasts_5_10mm_vs_10_20mm_ttp_delta,-0.002299465240641696,0.0019288437215905223
8,kinematic_graph_local_propagation_distance_binned_dispersion_distance_bin_count,0.0,0.0
8,kinematic_arrival_delay_vs_reference_all_segments_hurdle_value_given_signal_max,0.0,0.0
8,kinematic_shell_kinetics_shell_5_10mm_time_to_peak_hurdle_value_given_signal_min,0.0,0.0
8,kinematic_shell_kinetics_shell_10_20mm_time_to_peak_hurdle_value_given_signal_min,0.0,0.0
8,kinematic_shell_kinetics_shell_10_20mm_time_to_peak_hurdle_value_given_signal_max,0.0,0.0
8,kinematic_shell_kinetics_shell_gt20mm_time_to_peak_hurdle_value_given_signal_median,-0.0005525846702316928,0.0004746355420925079
8,kinematic_shell_kinetics_shell_10_20mm_time_to_peak_hurdle_value_given_signal_median,0.0,0.0
8,kinematic_shell_kinetics_shell_gt20mm_time_to_enhancement_hurdle_value_given_signal_max,0.0,0.0
8,kinematic_shell_kinetics_shell_5_10mm_time_to_enhancement_hurdle_value_given_signal_q90,0.0,0.0
8,kinematic_shell_kinetics_shell_5_10mm_time_to_enhancement_hurdle_value_given_signal_min,0.0,0.0
8,kinematic_shell_kinetics_shell_10_20mm_time_to_enhancement_hurdle_value_given_signal_max,0.0,0.0
8,kinematic_graph_local_propagation_earliest_arrival_component_near_tumor_earliest_threshold_tte,0.0,0.0
8,kinematic_graph_local_propagation_earliest_arrival_component_near_tumor_largest_component_segments,0.0,0.0
8,kinematic_shell_kinetics_shell_10_20mm_auc_hurdle_value_given_signal_median,-0.000516934046345796,0.001212776377409926
8,kinematic_arrival_delay_vs_reference_all_segments_hurdle_value_given_signal_q90,0.0,0.0
8,kinematic_shell_kinetics_shell_10_20mm_time_to_peak_hurdle_value_given_signal_iqr,0.0,0.0
8,kinematic_shell_kinetics_shell_10_20mm_time_to_enhancement_hurdle_value_given_signal_q90,0.0,0.0
8,kinematic_shell_kinetics_shell_10_20mm_auc_hurdle_value_given_signal_iqr,0.0,0.0
8,kinematic_shell_contrasts_5_10mm_vs_10_20mm_washin_delta_norm_l1,0.0,0.0
8,kinematic_shell_kinetics_shell_5_10mm_auc_hurdle_value_given_signal_mean,0.0,0.0
8,kinematic_shell_contrasts_5_10mm_vs_10_20mm_auc_delta,0.0,0.0
8,kinematic_shell_kinetics_shell_10_20mm_time_to_peak_hurdle_value_given_signal_sd,-0.0009625668449197544,0.0005178552244682501
8,kinematic_core_to_periphery_tte_delta,0.0,0.0
8,kinematic_shell_kinetics_shell_gt20mm_auc_hurdle_value_given_signal_q90,0.0,0.0
8,kinematic_shell_kinetics_shell_10_20mm_auc_hurdle_value_given_signal_sd,0.0,0.0
8,kinematic_shell_contrasts_5_10mm_vs_10_20mm_washout_delta_norm_l1,0.0,0.0
8,kinematic_shell_kinetics_shell_gt20mm_auc_hurdle_value_given_signal_median,0.0004991087344028533,0.0009789326358464355
8,kinematic_shell_kinetics_shell_10_20mm_time_to_enhancement_hurdle_value_given_signal_mean,0.0,0.0
8,kinematic_shell_kinetics_shell_gt20mm_auc_hurdle_value_given_signal_max,0.0,0.0
8,kinematic_propagation_speed_speed_positive_delay_mm_per_time_min,-0.001408199643493746,0.0010797196235941425
8,kinematic_shell_kinetics_shell_gt20mm_time_to_peak_hurdle_value_given_signal_mean,-0.0007308377896613205,0.0034596262550950934
8,kinematic_graph_local_propagation_distance_binned_dispersion_distance_bin_monotonic_nondecreasing_fraction,0.0,0.0
8,kinematic_graph_local_propagation_earliest_arrival_component_near_tumor_largest_component_fraction_near_segments,0.0,0.0
8,kinematic_shell_kinetics_shell_gt20mm_auc_hurdle_value_given_signal_mean,0.0,0.0
8,kinematic_arrival_delay_vs_reference_all_segments_hurdle_value_given_signal_mean,-0.0006238859180035195,0.00039256177443043014
8,kinematic_graph_local_propagation_graph_distance_available_fraction,-0.0002317290552584339,0.0005914673805004212
8,kinematic_shell_kinetics_shell_gt20mm_auc_hurdle_value_given_signal_iqr,0.0017825311942959443,0.00214645179657618
8,kinematic_graph_local_propagation_weighted_linear_fit_intercept,0.0059180035650623795,0.0021283153734900965
8,kinematic_shell_kinetics_shell_10_20mm_time_to_enhancement_hurdle_value_given_signal_sd,0.0016042780748663499,0.0020894428894249785
8,kinematic_shell_kinetics_shell_10_20mm_peak_enhancement_hurdle_value_given_signal_median,0.0010338680926916144,0.0006894502533266818
8,kinematic_shell_contrasts_5_10mm_vs_10_20mm_auc_delta_norm_l1,0.0,0.0
8,kinematic_shell_kinetics_shell_10_20mm_peak_enhancement_hurdle_value_given_signal_q90,0.0,0.0
8,kinematic_arrival_delay_vs_reference_near_tumor_segments_hurdle_valid_fraction,0.0,0.0
8,kinematic_shell_kinetics_shell_gt20mm_time_to_enhancement_hurdle_value_given_signal_mean,-0.0004634581105169122,0.00011823974297167159
8,kinematic_kinetic_topology_coupling_early_cycle_length_fraction_ge50,-0.0006238859180035305,0.002260724658648015
8,kinematic_graph_local_propagation_distance_binned_dispersion_mean_tte_std_across_distance_bins,-0.002549019607843095,0.0013529634872831322
8,kinematic_shell_kinetics_shell_10_20mm_peak_enhancement_hurdle_value_given_signal_iqr,0.0,0.0
8,kinematic_graph_local_propagation_weighted_linear_fit_rmse,-0.001122994652406395,0.0004442044846480134
8,kinematic_shell_contrasts_5_10mm_vs_10_20mm_peak_delta,-0.0014795008912655838,0.0019066418946482237
8,kinematic_propagation_speed_delay_all_segments_sd,0.0007843137254901599,0.00032085561497324533
8,kinematic_shell_kinetics_shell_gt20mm_time_to_enhancement_hurdle_value_given_signal_sd,-0.002566844919786071,0.001998025849440572
8,kinematic_early_enhancing_fraction_volume_fraction_all_segments,-0.0004456327985739583,0.0010028223300559591
8,kinematic_arrival_delay_vs_reference_all_segments_hurdle_value_given_signal_sd,5.347593582889498e-05,8.168584126483744e-05
8,kinematic_graph_local_propagation_weighted_linear_fit_mae,0.0,0.0
8,kinematic_shell_kinetics_shell_5_10mm_time_to_enhancement_hurdle_valid_fraction,0.0,0.0
8,kinematic_early_enhancing_fraction_count_fraction_all_segments,0.0,0.0
8,kinematic_kinetic_topology_coupling_early_bifurcation_fraction_of_bifurcations,-0.001693404634581086,0.0010309442952528506
8,kinematic_kinetic_topology_coupling_early_node_fraction,-0.0015686274509803754,0.000725382885895744
8,kinematic_shell_kinetics_shell_10_20mm_washin_slope_hurdle_value_given_signal_max,-0.00010695187165773445,0.0012957420210614038
8,kinematic_shell_kinetics_shell_gt20mm_auc_hurdle_value_given_signal_sd,0.0036898395721925658,0.0028676600434327953
8,kinematic_shell_kinetics_shell_10_20mm_auc_hurdle_value_given_signal_min,0.0,0.0
8,kinematic_shell_kinetics_shell_gt20mm_time_to_peak_hurdle_value_given_signal_sd,-0.0004812834224598883,0.0016318681233740966
8,kinematic_shell_kinetics_shell_10_20mm_peak_enhancement_hurdle_value_given_signal_sd,0.0,0.0
8,kinematic_shell_kinetics_shell_gt20mm_peak_enhancement_hurdle_value_given_signal_median,0.0009625668449197988,0.0020560243643916185
8,kinematic_shell_kinetics_shell_gt20mm_washin_slope_hurdle_value_given_signal_max,-0.0009803921568627306,0.0005302843059053032
8,kinematic_shell_kinetics_shell_10_20mm_washin_slope_hurdle_value_given_signal_q90,-0.0011764705882352788,0.000963886334017524
8,kinematic_shell_kinetics_shell_gt20mm_washout_slope_hurdle_value_given_signal_min,-0.0017647058823529016,0.0012206109316056975
8,kinematic_shell_kinetics_shell_10_20mm_washout_slope_hurdle_value_given_signal_min,-0.00033868092691622385,0.0006197981693659148
8,kinematic_caliber_flow_kinetic_surrogates_tortuosity_weighted_peak_enhancement_mean,0.0,0.0
8,kinematic_shell_kinetics_shell_gt20mm_peak_enhancement_hurdle_value_given_signal_q90,-0.0002673796791443639,0.00047996121275706993
8,kinematic_shell_kinetics_shell_gt20mm_peak_enhancement_hurdle_value_given_signal_mean,0.00064171122994654,0.00098023009517772
8,kinematic_shell_kinetics_shell_gt20mm_peak_enhancement_hurdle_value_given_signal_iqr,0.0037254901960784405,0.0036898395721925094
8,kinematic_propagation_speed_delay_all_segments_mean,0.00017825311942953892,0.00023915165534750253
8,kinematic_shell_kinetics_shell_10_20mm_washin_slope_hurdle_value_given_signal_mean,0.0,0.0
8,kinematic_shell_kinetics_shell_10_20mm_washin_slope_hurdle_value_given_signal_sd,0.0019073083778966104,0.0008400621510123467
8,kinematic_kinetic_topology_coupling_valid_time_node_fraction,-0.0005704099821746799,0.0006515389262922144
8,kinematic_shell_kinetics_shell_gt20mm_washin_slope_hurdle_value_given_signal_q90,0.0014438502673797204,0.0013012477718359762
8,kinematic_arrival_delay_vs_reference_all_segments_hurdle_valid_fraction,-0.00014260249554369774,0.0007340912756497027
8,kinematic_shell_kinetics_shell_10_20mm_washout_slope_hurdle_value_given_signal_mean,-0.00017825311942957223,0.0005748490373118435
8,kinematic_shell_kinetics_shell_10_20mm_washin_slope_hurdle_value_given_signal_iqr,0.0,0.0
8,kinematic_graph_local_propagation_weighted_linear_fit_r2,0.0,0.0
8,kinematic_shell_kinetics_shell_gt20mm_peak_enhancement_hurdle_value_given_signal_sd,0.00021390374331553552,0.00040491325103746075
8,kinematic_shell_kinetics_shell_10_20mm_washout_slope_hurdle_value_given_signal_sd,0.0,0.0
8,kinematic_shell_kinetics_shell_10_20mm_washout_slope_hurdle_value_given_signal_iqr,0.0,0.0
8,kinematic_shell_kinetics_shell_gt20mm_washout_slope_hurdle_value_given_signal_iqr,0.0018716577540107138,0.001704625550062064
8,kinematic_shell_kinetics_shell_gt20mm_washin_slope_hurdle_value_given_signal_iqr,7.130124777181557e-05,0.00030039749636992974
8,kinematic_shell_contrasts_5_10mm_vs_10_20mm_washin_delta,0.0,0.0
8,kinematic_shell_kinetics_shell_gt20mm_washin_slope_hurdle_value_given_signal_median,0.0,0.0
8,kinematic_caliber_flow_kinetic_surrogates_radius_weighted_washin_mean,-0.0036007130124777187,0.0011491452022307676
8,kinematic_shell_kinetics_shell_gt20mm_washin_slope_hurdle_value_given_signal_sd,0.0,0.0
8,kinematic_shell_kinetics_shell_gt20mm_washout_slope_hurdle_value_given_signal_sd,-0.0016399286987522133,0.0009691463257802583
8,kinematic_shell_kinetics_shell_gt20mm_washin_slope_hurdle_value_given_signal_mean,0.002762923351158664,0.002961631458262508
8,kinematic_shell_contrasts_5_10mm_vs_10_20mm_washout_delta,-0.0038146167557931874,0.003126500770790544
8,kinematic_shell_kinetics_shell_gt20mm_washout_slope_hurdle_value_given_signal_mean,-0.00014260249554364223,0.00013339242020585386
8,kinematic_shell_kinetics_shell_gt20mm_peak_enhancement_hurdle_value_given_signal_max,0.0,0.0
8,kinematic_caliber_flow_kinetic_surrogates_radius_weighted_washout_mean,0.0,0.0
8,kinematic_shell_kinetics_shell_10_20mm_washout_slope_hurdle_value_given_signal_median,-0.0007308377896613095,0.002297253285350106
8,kinematic_shell_kinetics_shell_5_10mm_auc_hurdle_value_given_signal_min,0.0,0.0
8,kinematic_shell_kinetics_shell_10_20mm_washin_slope_hurdle_value_given_signal_median,-0.00016042780748664053,0.0004176604104763165
8,kinematic_shell_kinetics_shell_gt20mm_washout_slope_hurdle_value_given_signal_median,0.002406417112299475,0.0012069987178060608
8,kinematic_shell_kinetics_shell_5_10mm_washout_slope_hurdle_value_given_signal_min,0.0,0.0
8,kinematic_shell_kinetics_shell_gt20mm_auc_hurdle_value_given_signal_min,-0.002049910873440275,0.002281709557761084
8,kinematic_kinetic_topology_coupling_early_cycle_length_per_tumor_mm3_ge50,0.006648841354723723,0.007365133304673668
8,kinematic_graph_local_propagation_slope_tte_vs_graph_distance_from_boundary,0.002335115864527637,0.0018685994876637623
8,kinematic_shell_segment_counts_shell_2_5mm,0.0,0.0
8,kinematic_shell_contrasts_0_2mm_vs_2_5mm_ttp_delta,0.0,0.0
8,kinematic_shell_contrasts_0_2mm_vs_2_5mm_tte_delta,0.0,0.0
8,kinematic_shell_contrasts_0_2mm_vs_2_5mm_auc_delta,0.0,0.0
8,kinematic_propagation_speed_delay_all_segments_q90,-0.004955436720142581,0.003202410434266655
8,kinematic_propagation_speed_delay_all_segments_iqr,0.0,0.0
8,kinematic_shell_contrasts_inside_vs_2_5mm_ttp_delta,0.0,0.0
8,kinematic_shell_contrasts_inside_vs_2_5mm_tte_delta,0.0,0.0
8,kinematic_shell_contrasts_inside_vs_2_5mm_auc_delta,0.0,0.0
8,kinematic_shell_contrasts_inside_vs_0_2mm_ttp_delta,0.00024955436720141,0.000198494273184654
8,kinematic_shell_contrasts_inside_vs_0_2mm_tte_delta,0.0,0.0
8,kinematic_shell_contrasts_inside_vs_0_2mm_auc_delta,0.0,0.0
8,kinematic_shell_contrasts_0_2mm_vs_2_5mm_peak_delta,0.0,0.0
8,kinematic_shell_contrasts_inside_vs_2_5mm_peak_delta,-0.000552584670231715,0.0007539495893959581
8,kinematic_shell_contrasts_5_10mm_vs_10_20mm_tte_delta,0.0,0.0
8,kinematic_shell_contrasts_0_2mm_vs_2_5mm_washin_delta,0.0,0.0
8,kinematic_propagation_speed_delay_all_segments_median,0.0,0.0
8,kinematic_component_invasion_crossing_component_count,0.0,0.0
8,kinematic_shell_contrasts_inside_vs_2_5mm_washin_delta,0.0,0.0
8,kinematic_shell_contrasts_inside_vs_0_2mm_washin_delta,0.0,0.0
8,kinematic_shell_contrasts_0_2mm_vs_2_5mm_washout_delta,0.00012477718360073275,0.0008550577508172083
8,kinematic_shell_contrasts_inside_vs_2_5mm_washout_delta,0.0,0.0
8,kinematic_shell_contrasts_inside_vs_0_2mm_washout_delta,0.0,0.0
8,kinematic_temporal_heterogeneity_near_tumor_ttp_entropy_bits,0.0,0.0
8,kinematic_shell_contrasts_inside_vs_0_2mm_peak_delta_norm_l1,0.0,0.0
8,kinematic_early_enhancing_fraction_count_fraction_near_tumor,0.0,0.0
8,kinematic_early_enhancing_fraction_early_phase_time_threshold,0.0,0.0
8,kinematic_early_enhancing_fraction_volume_fraction_shell_2_5mm,0.0,0.0
8,kinematic_early_enhancing_fraction_volume_fraction_shell_0_2mm,0.0,0.0
8,kinematic_boundary_caliber_gradient_positive_dilation_fraction,0.0,0.0
8,kinematic_shell_kinetics_shell_2_5mm_auc_hurdle_value_given_signal_sd,0.0,0.0
8,kinematic_shell_kinetics_shell_0_2mm_auc_hurdle_value_given_signal_sd,0.0,0.0
8,kinematic_component_invasion_largest_crossing_component_segment_count,0.0,0.0
8,kinematic_shell_kinetics_shell_5_10mm_auc_hurdle_value_given_signal_sd,0.0,0.0
8,kinematic_shell_kinetics_shell_2_5mm_auc_hurdle_value_given_signal_min,0.0,0.0
8,kinematic_shell_kinetics_inside_tumor_auc_hurdle_value_given_signal_sd,0.0,0.0
8,kinematic_shell_kinetics_shell_2_5mm_time_to_peak_hurdle_valid_fraction,0.0,0.0
8,kinematic_shell_kinetics_shell_10_20mm_time_to_peak_hurdle_valid_fraction,0.0,0.0
8,kinematic_boundary_caliber_gradient_inside_radius_length_weighted_mean_mm,0.0,0.0
8,kinematic_component_invasion_mean_crossing_component_max_invasion_depth_mm,0.0,0.0
8,kinematic_component_invasion_largest_crossing_component_crossing_length_mm,0.0,0.0
8,kinematic_shell_kinetics_shell_2_5mm_washin_slope_hurdle_value_given_signal_sd,0.0,0.0
8,kinematic_shell_kinetics_shell_2_5mm_time_to_peak_hurdle_value_given_signal_sd,0.0,0.0
8,kinematic_shell_kinetics_shell_0_2mm_washin_slope_hurdle_value_given_signal_sd,0.0,0.0
8,kinematic_shell_kinetics_shell_0_2mm_time_to_peak_hurdle_value_given_signal_sd,0.0,0.0
8,kinematic_shell_kinetics_shell_5_10mm_washin_slope_hurdle_value_given_signal_sd,0.0,0.0
8,kinematic_shell_kinetics_shell_5_10mm_time_to_peak_hurdle_value_given_signal_sd,0.0,0.0
8,kinematic_shell_kinetics_shell_2_5mm_washout_slope_hurdle_value_given_signal_sd,0.0,0.0
8,kinematic_shell_kinetics_shell_2_5mm_washin_slope_hurdle_value_given_signal_q90,0.0,0.0
8,kinematic_shell_kinetics_shell_2_5mm_washin_slope_hurdle_value_given_signal_min,0.00039215686274512995,0.0007469635236989887
8,kinematic_shell_kinetics_shell_2_5mm_washin_slope_hurdle_value_given_signal_iqr,0.0,0.0
8,kinematic_shell_kinetics_shell_2_5mm_time_to_peak_hurdle_value_given_signal_q90,0.0,0.0
8,kinematic_shell_kinetics_shell_2_5mm_time_to_peak_hurdle_value_given_signal_iqr,0.0,0.0
8,kinematic_shell_kinetics_shell_0_2mm_washout_slope_hurdle_value_given_signal_sd,0.0,0.0
8,kinematic_shell_kinetics_shell_0_2mm_washin_slope_hurdle_value_given_signal_q90,0.0,0.0
8,kinematic_shell_kinetics_shell_0_2mm_washin_slope_hurdle_value_given_signal_min,-0.0009803921568627306,0.0005421356978875617
8,kinematic_shell_kinetics_shell_0_2mm_time_to_peak_hurdle_value_given_signal_iqr,0.0,0.0
8,kinematic_shell_kinetics_inside_tumor_washin_slope_hurdle_value_given_signal_sd,0.0,0.0
8,kinematic_shell_kinetics_inside_tumor_time_to_peak_hurdle_value_given_signal_sd,0.0,0.0
8,kinematic_arrival_delay_vs_reference_all_segments_hurdle_value_given_signal_min,0.0,0.0
8,kinematic_arrival_delay_vs_reference_all_segments_hurdle_value_given_signal_iqr,0.0,0.0
8,kinematic_shell_kinetics_shell_gt20mm_washin_slope_hurdle_value_given_signal_min,0.0,0.0
8,kinematic_shell_kinetics_shell_gt20mm_time_to_peak_hurdle_value_given_signal_q90,0.0,0.0
8,kinematic_shell_kinetics_shell_gt20mm_time_to_peak_hurdle_value_given_signal_min,0.0,0.0
8,kinematic_shell_kinetics_shell_gt20mm_time_to_peak_hurdle_value_given_signal_max,0.0,0.0
8,kinematic_shell_kinetics_shell_gt20mm_time_to_peak_hurdle_value_given_signal_iqr,-0.0002673796791443972,0.0005479652816021303
8,kinematic_shell_kinetics_shell_5_10mm_washout_slope_hurdle_value_given_signal_sd,0.0002495543672014322,0.001204231426314054
8,kinematic_shell_kinetics_shell_5_10mm_washin_slope_hurdle_value_given_signal_q90,0.0,0.0
8,kinematic_shell_kinetics_shell_5_10mm_washin_slope_hurdle_value_given_signal_min,0.0,0.0
8,kinematic_shell_kinetics_shell_5_10mm_time_to_peak_hurdle_value_given_signal_iqr,0.0,0.0
8,kinematic_shell_kinetics_shell_2_5mm_washout_slope_hurdle_value_given_signal_q90,-0.00044563279857396944,0.0008332260885932364
8,kinematic_shell_kinetics_shell_2_5mm_washout_slope_hurdle_value_given_signal_min,0.0,0.0
8,kinematic_shell_kinetics_shell_10_20mm_time_to_enhancement_hurdle_valid_fraction,0.0,0.0
8,kinematic_shell_kinetics_shell_0_2mm_washout_slope_hurdle_value_given_signal_q90,-0.000231729055258445,0.0011985451318370038
8,kinematic_shell_kinetics_inside_tumor_washout_slope_hurdle_value_given_signal_sd,0.0,0.0
8,kinematic_shell_kinetics_inside_tumor_washin_slope_hurdle_value_given_signal_q90,0.0,0.0
8,kinematic_shell_kinetics_inside_tumor_washin_slope_hurdle_value_given_signal_min,0.0,0.0
8,kinematic_peritumoral_multi_scale_contrasts_core_shell_gradient_per_mm_ttp_slope,0.0,0.0
8,kinematic_peritumoral_multi_scale_contrasts_core_shell_gradient_per_mm_tte_slope,0.0,0.0
8,kinematic_peritumoral_multi_scale_contrasts_core_shell_gradient_per_mm_auc_slope,-0.00014260249554366445,0.0008541282389098962
8,kinematic_boundary_caliber_gradient_outside_minus_inside_length_weighted_mean_mm,0.0,0.0
8,kinematic_shell_kinetics_shell_gt20mm_washout_slope_hurdle_value_given_signal_q90,0.0,0.0
8,kinematic_shell_kinetics_shell_gt20mm_washout_slope_hurdle_value_given_signal_max,0.0,0.0
8,kinematic_shell_kinetics_shell_5_10mm_washout_slope_hurdle_value_given_signal_q90,0.0,0.0
8,kinematic_shell_kinetics_shell_10_20mm_washin_slope_hurdle_value_given_signal_min,0.0,0.0
8,kinematic_shell_kinetics_inside_tumor_washout_slope_hurdle_value_given_signal_q90,0.0,0.0
8,kinematic_shell_kinetics_inside_tumor_washout_slope_hurdle_value_given_signal_min,0.0,0.0
8,kinematic_peritumoral_multi_scale_contrasts_core_shell_gradient_per_mm_peak_slope,0.0,0.0
8,kinematic_shell_kinetics_shell_2_5mm_washin_slope_hurdle_value_given_signal_median,0.0,0.0
8,kinematic_shell_kinetics_shell_10_20mm_washout_slope_hurdle_value_given_signal_q90,0.0,0.0
8,kinematic_shell_kinetics_shell_10_20mm_washout_slope_hurdle_value_given_signal_max,0.0,0.0
8,kinematic_shell_kinetics_shell_0_2mm_washin_slope_hurdle_value_given_signal_median,0.0,0.0
8,kinematic_arrival_delay_vs_reference_all_segments_hurdle_value_given_signal_median,0.0,0.0
8,kinematic_shell_kinetics_shell_5_10mm_washin_slope_hurdle_value_given_signal_median,0.0,0.0
8,kinematic_shell_kinetics_shell_2_5mm_washout_slope_hurdle_value_given_signal_median,0.0,0.0
8,kinematic_shell_kinetics_shell_2_5mm_auc_rel_reference_hurdle_value_given_signal_sd,0.0,0.0
8,kinematic_shell_kinetics_shell_0_2mm_auc_rel_reference_hurdle_value_given_signal_sd,0.0,0.0
8,kinematic_shell_kinetics_inside_tumor_washin_slope_hurdle_value_given_signal_median,0.0,0.0
8,kinematic_peritumoral_multi_scale_contrasts_core_shell_gradient_per_mm_washin_slope,0.0005347593582887833,0.0010363238398394985
8,kinematic_boundary_caliber_gradient_gradient_mm_per_mm_hurdle_value_given_signal_sd,0.0,0.0
8,kinematic_shell_kinetics_shell_5_10mm_washout_slope_hurdle_value_given_signal_median,0.0,0.0
8,kinematic_shell_kinetics_shell_5_10mm_peak_enhancement_hurdle_value_given_signal_iqr,-0.0003030303030302717,0.002041834823750165
8,kinematic_shell_kinetics_shell_5_10mm_auc_rel_reference_hurdle_value_given_signal_sd,-0.0004634581105169122,0.0006679142244276432
8,kinematic_shell_kinetics_shell_2_5mm_auc_rel_reference_hurdle_value_given_signal_q90,0.0,0.0
8,kinematic_shell_kinetics_shell_0_2mm_auc_rel_reference_hurdle_value_given_signal_q90,0.0,0.0
8,kinematic_shell_kinetics_inside_tumor_auc_rel_reference_hurdle_value_given_signal_sd,0.0,0.0
8,kinematic_peritumoral_multi_scale_contrasts_core_shell_gradient_per_mm_washout_slope,0.0008199643493761233,0.0006534867301184797
8,kinematic_boundary_crossing_dynamic_burden_kinetic_weighted_volume_auc_per_tumor_mm3,0.0,0.0
8,kinematic_boundary_caliber_gradient_gradient_mm_per_mm_hurdle_value_given_signal_q90,-0.0008021390374331139,0.0004311367779838594
8,kinematic_boundary_caliber_gradient_gradient_mm_per_mm_hurdle_value_given_signal_min,0.0,0.0
8,kinematic_boundary_caliber_gradient_gradient_mm_per_mm_hurdle_value_given_signal_max,0.0,0.0
8,kinematic_shell_kinetics_shell_2_5mm_time_to_enhancement_hurdle_value_given_signal_sd,-0.0017112299465240621,0.0009899068361436687
8,kinematic_shell_kinetics_shell_0_2mm_time_to_enhancement_hurdle_value_given_signal_sd,0.0,0.0
8,kinematic_shell_kinetics_inside_tumor_auc_rel_reference_hurdle_value_given_signal_q90,0.0,0.0
8,kinematic_boundary_caliber_gradient_outside_over_inside_hurdle_value_given_signal_q90,0.0,0.0
8,kinematic_boundary_caliber_gradient_outside_over_inside_hurdle_value_given_signal_min,0.0,0.0
8,kinematic_boundary_caliber_gradient_gradient_mm_per_mm_hurdle_value_given_signal_mean,0.0,0.0
8,kinematic_arrival_delay_vs_reference_near_tumor_segments_hurdle_value_given_signal_sd,0.0,0.0
8,kinematic_shell_kinetics_shell_5_10mm_time_to_enhancement_hurdle_value_given_signal_sd,-0.0027450980392156763,0.003183902112194847
8,kinematic_shell_kinetics_shell_2_5mm_washin_rel_reference_hurdle_value_given_signal_sd,0.0,0.0
8,kinematic_shell_kinetics_shell_2_5mm_time_to_enhancement_hurdle_value_given_signal_min,0.0,0.0
8,kinematic_shell_kinetics_shell_2_5mm_time_to_enhancement_hurdle_value_given_signal_iqr,0.0,0.0
8,kinematic_shell_kinetics_shell_0_2mm_washin_rel_reference_hurdle_value_given_signal_sd,0.0,0.0
8,kinematic_shell_kinetics_shell_0_2mm_time_to_enhancement_hurdle_value_given_signal_iqr,0.0,0.0
8,kinematic_shell_kinetics_inside_tumor_time_to_enhancement_hurdle_value_given_signal_sd,0.0,0.0
8,kinematic_arrival_delay_vs_reference_near_tumor_segments_hurdle_value_given_signal_q90,0.0,0.0
8,kinematic_arrival_delay_vs_reference_near_tumor_segments_hurdle_value_given_signal_min,0.0,0.0
8,kinematic_arrival_delay_vs_reference_near_tumor_segments_hurdle_value_given_signal_max,0.0,0.0
8,kinematic_arrival_delay_vs_reference_near_tumor_segments_hurdle_value_given_signal_iqr,0.0,0.0
8,kinematic_shell_kinetics_shell_gt20mm_time_to_enhancement_hurdle_value_given_signal_q90,0.0,0.0
8,kinematic_shell_kinetics_shell_gt20mm_time_to_enhancement_hurdle_value_given_signal_min,0.0,0.0
8,kinematic_shell_kinetics_shell_gt20mm_time_to_enhancement_hurdle_value_given_signal_iqr,0.0,0.0
8,kinematic_shell_kinetics_shell_5_10mm_washin_rel_reference_hurdle_value_given_signal_sd,-8.912655971478056e-05,0.0037068506578873377
8,kinematic_shell_kinetics_shell_5_10mm_time_to_enhancement_hurdle_value_given_signal_iqr,0.0,0.0
8,kinematic_shell_kinetics_shell_2_5mm_washin_rel_reference_hurdle_value_given_signal_q90,0.00042780748663103776,0.00045932615781551784
8,kinematic_shell_kinetics_shell_2_5mm_washin_rel_reference_hurdle_value_given_signal_min,0.0,0.0
8,kinematic_shell_kinetics_shell_0_2mm_washin_rel_reference_hurdle_value_given_signal_q90,0.0,0.0
8,kinematic_shell_kinetics_shell_0_2mm_washin_rel_reference_hurdle_value_given_signal_min,0.0,0.0
8,kinematic_shell_kinetics_inside_tumor_washin_rel_reference_hurdle_value_given_signal_sd,0.0,0.0
8,kinematic_shell_kinetics_inside_tumor_time_to_enhancement_hurdle_value_given_signal_iqr,0.0,0.0
8,kinematic_boundary_caliber_gradient_gradient_mm_per_mm_hurdle_value_given_signal_median,0.0,0.0
8,kinematic_arrival_delay_vs_reference_near_tumor_segments_hurdle_value_given_signal_mean,0.0,0.0
8,kinematic_shell_kinetics_shell_gt20mm_washin_rel_reference_hurdle_value_given_signal_min,0.0,0.0
8,kinematic_shell_kinetics_shell_5_10mm_washin_rel_reference_hurdle_value_given_signal_q90,0.0,0.0
8,kinematic_shell_kinetics_shell_5_10mm_washin_rel_reference_hurdle_value_given_signal_min,0.0,0.0
8,kinematic_shell_kinetics_shell_10_20mm_time_to_enhancement_hurdle_value_given_signal_min,0.0,0.0
8,kinematic_shell_kinetics_shell_10_20mm_time_to_enhancement_hurdle_value_given_signal_iqr,0.0,0.0
8,kinematic_shell_kinetics_inside_tumor_washin_rel_reference_hurdle_value_given_signal_q90,0.0,0.0
8,kinematic_shell_kinetics_shell_10_20mm_washin_rel_reference_hurdle_value_given_signal_min,0.0,0.0
8,kinematic_shell_kinetics_shell_gt20mm_time_to_enhancement_hurdle_value_given_signal_median,0.0,0.0
8,kinematic_shell_kinetics_shell_0_2mm_washin_rel_reference_hurdle_value_given_signal_median,0.0,0.0
8,kinematic_shell_kinetics_shell_5_10mm_washin_rel_reference_hurdle_value_given_signal_median,0.0,0.0
8,kinematic_shell_kinetics_shell_10_20mm_time_to_enhancement_hurdle_value_given_signal_median,0.0,0.0
8,kinematic_boundary_crossing_dynamic_burden_kinetic_weighted_volume_peak_per_crossing_length_mm,0.0,0.0
8,kinematic_core_to_periphery_peak_ratio,0.0,0.0
8,morph_seg_length_cv,-0.016149732620320843,0.006502794976511082
8,morph_radius_cv,-0.0011764705882352678,0.001078983668479273
8,morph_bifurcation_density_per_length,-0.000267379679144375,0.0007051707823476763
8,morph_seg_volume_sum,0.0,0.0
8,morph_seg_length_sum,0.0,0.0
8,morph_seg_volume_max,-0.0010695187165775555,0.0016102088828001604
8,morph_radius_mean_sum,0.0,0.0
8,morph_seg_volume_std,-0.0012655971479500927,0.0015446432499743193
8,morph_curvature_mean_sum,0.0,0.0
8,morph_seg_length_max,-0.00014260249554363114,0.002696045284927572
8,morph_seg_volume_mean,-0.0006773618538324144,0.008082083713232343
8,morph_seg_length_std,-0.0009269162210338577,0.0003806445009636748
8,morph_seg_tortuosity_max,0.002602495543672023,0.0011639805859047741
8,morph_curvature_mean_max,0.0,0.0
8,morph_radius_mean_max,0.0,0.0
8,morph_radius_mean_mean,-0.0006951871657753684,0.0011481770349510128
8,morph_radius_mean_std,-0.0005525846702317261,0.0006738345159157231
8,morph_seg_tortuosity_std,0.00010695187165775666,0.00018178322686604657
8,morph_curvature_mean_mean,-0.0009982174688056844,0.00096388633401752
8,morph_curvature_mean_std,-1.782531194294279e-05,0.00031334038914877983
8,morph_seg_tortuosity_mean,0.0012121212121211755,0.00046345811051691906
8,morph_bifurcation_per_segment,0.0036720142602495675,0.0015706517484428413
8,morph_seg_dup_fraction,-0.0011942959001782216,0.0008247939608741013
8,morph_seg_tortuosity_invalid_n,0.0,0.0
8,morph_bif_angle_std,0.0,0.0
8,morph_bif_angle_mean,-0.000516934046345785,0.0037070220888016526
8,morph_bif_angle_max,0.0,0.0
8,tumor_size_outer_to_inner_shell_ratio,-0.0015864527629233516,0.0025861450092148773
8,tumor_size_tumor_r8_region_voxels,0.0011586452762923582,0.0021893227803033953
8,tumor_size_tumor_voxels,-0.006880570409982145,0.0029722872509226157
8,tumor_size_shell_0_2_over_tumor,-0.0006417112299464955,0.0006436887730933275
9,clinical_post,0.0,0.0
9,clinical_luminal_b,0.0,0.0
9,clinical_luminal_a,0.11424242424242426,0.03587624240337697
9,clinical_triple_negative,-0.00040998217468807274,0.0015984246552436519
9,clinical_pre (<6 months since LMP AND no prior bilateral ovariectomy AND not on estrogen replacement),0.0,0.0
9,clinical_pre (< 6 months since LMP AND no prior bilateral ovariectomy AND not on estrogen replacement),0.0,0.0
9,age,-0.0002852049910873178,0.00026678484041168696
9,normalized_ratios_near_length_per_tumor_equiv_radius,0.0,0.0
9,caliber_heterogeneity_near_tumor_near_radius_cv,0.0,0.0
9,normalized_ratios_near_volume_per_skeleton_edge,0.0,0.0
9,per_shell_topology_shell_5_10mm_shell_volume_density_mm3_per_shell_mm3,0.0,0.0
9,per_shell_topology_shell_10_20mm_shell_volume_density_mm3_per_shell_mm3,2.2204460492503132e-17,0.00040647965244175585
9,per_shell_topology_shell_2_5mm_shell_volume_density_mm3_per_shell_mm3,0.0,0.0
9,per_shell_topology_shell_gt20mm_shell_volume_density_mm3_per_shell_mm3,-0.0004634581105169122,0.0011022905407301288
9,per_shell_topology_shell_5_10mm_shell_length_density_mm_per_shell_mm3,-0.00042780748663101553,0.0006287056003047662
9,per_shell_topology_shell_10_20mm_shell_length_density_mm_per_shell_mm3,0.00010695187165778996,0.0006133565252793249
9,normalized_ratios_near_volume_per_shell_voxel,0.0,0.0
9,per_shell_topology_shell_10_20mm_node_density_per_shell_voxel,0.0,0.0
9,per_shell_topology_shell_2_5mm_node_density_per_shell_mm3,0.0,0.0
9,per_shell_topology_shell_gt20mm_shell_length_density_mm_per_shell_mm3,-0.00017825311942956112,0.0008732583753237973
9,per_shell_topology_shell_5_10mm_endpoint_density_per_shell_mm3,-0.00014260249554366445,0.0003969885463693658
9,per_shell_topology_shell_5_10mm_endpoint_density_per_shell_voxel,0.0,0.0
9,per_shell_topology_shell_gt20mm_edge_density_per_shell_voxel,-0.002638146167557942,0.003551489313486549
9,per_shell_topology_shell_2_5mm_endpoint_density_per_shell_voxel,0.0,0.0
9,per_shell_topology_shell_10_20mm_endpoint_density_per_shell_mm3,0.001800356506238887,0.009792717629820983
9,per_shell_topology_shell_10_20mm_endpoint_density_per_shell_voxel,-0.00016042780748657393,0.00030303030303030043
9,per_shell_topology_shell_10_20mm_bifurcation_density_per_shell_mm3,-0.0002139037433154689,0.0006848261216505681
9,per_shell_topology_shell_gt20mm_bifurcation_density_per_shell_mm3,0.0,0.0
9,per_shell_topology_shell_gt20mm_endpoint_density_per_shell_mm3,8.912655971482497e-05,0.0002424504547011501
9,per_shell_topology_shell_gt20mm_bifurcation_density_per_shell_voxel,-0.0025668449197860377,0.0033197220837805257
9,per_shell_topology_shell_gt20mm_endpoint_density_per_shell_voxel,-0.0002317290552584672,0.0008438360341208431
9,normalized_ratios_inside_volume_per_tumor_voxel,0.0,0.0
9,per_shell_topology_shell_0_2mm_node_density_per_shell_mm3,0.00014260249554369774,0.0022713112921492187
9,normalized_ratios_crossing_length_per_tumor_equiv_surface,0.0,0.0
9,per_shell_topology_shell_2_5mm_cycle_density_per_shell_mm3,0.0,0.0
9,per_shell_topology_shell_0_2mm_cycle_density_per_shell_mm3,0.0,0.0
9,per_shell_topology_shell_5_10mm_cycle_density_per_shell_mm3,0.0,0.0
9,per_shell_topology_shell_0_2mm_edge_density_per_shell_voxel,0.0002495543672014544,0.0015706517484428515
9,per_shell_topology_inside_tumor_cycle_density_per_shell_mm3,0.0,0.0
9,per_shell_topology_shell_10_20mm_cycle_density_per_shell_mm3,0.0,0.0
9,per_shell_topology_shell_2_5mm_bifurcation_density_per_shell_mm3,0.0,0.0
9,per_shell_topology_shell_0_2mm_bifurcation_density_per_shell_mm3,0.0,0.0
9,per_shell_topology_shell_5_10mm_bifurcation_density_per_shell_mm3,-3.565062388589668e-05,0.0006164569150014409
9,per_shell_topology_inside_tumor_bifurcation_density_per_shell_mm3,0.0,0.0
9,per_shell_topology_shell_gt20mm_shell_region_voxels,0.001729055258467027,0.0008734402852049775
9,per_shell_topology_shell_gt20mm_shell_region_volume_mm3,0.0,0.0
9,per_shell_topology_shell_10_20mm_shell_region_voxels,0.004901960784313775,0.004838020846281735
9,per_shell_topology_shell_10_20mm_shell_region_volume_mm3,0.010294117647058865,0.005193448302893816
9,per_shell_topology_shell_2_5mm_shell_region_voxels,0.0014616755793226631,0.0008238303036214662
9,per_shell_topology_inside_tumor_shell_region_volume_mm3,0.004081996434937618,0.0016345917964337964
9,graph_totals_total_volume_burden_mm3,-0.0009982174688057065,0.00112228707584293
9,per_shell_topology_shell_0_2mm_shell_region_volume_mm3,0.0,0.0
9,graph_totals_total_length_mm,0.0,0.0
9,per_shell_topology_shell_gt20mm_edge_count,0.0002495543672014544,0.00018178322686608137
9,per_shell_topology_shell_10_20mm_shell_volume_burden_mm3,0.005222816399287,0.0021107005990325107
9,per_shell_topology_shell_gt20mm_shell_region_volume_per_tumor_mm3,0.00010695187165780107,0.0005178552244682678
9,per_shell_topology_shell_5_10mm_shell_volume_burden_mm3,0.0,0.0
9,per_shell_topology_shell_10_20mm_shell_length_mm,0.0002673796791444083,0.00074887527763281
9,per_shell_topology_shell_5_10mm_shell_length_mm,0.0,0.0
9,per_shell_topology_shell_gt20mm_bifurcation_count,0.0,0.0
9,graph_tumor_r8_skel_voxels,0.0,0.0
9,per_shell_topology_shell_gt20mm_endpoint_count,0.0,0.0
9,per_shell_topology_shell_2_5mm_shell_volume_burden_mm3,0.0,0.0
9,graph_tumor_shell_r4_8_skel_voxels,0.0,0.0
9,per_shell_topology_shell_10_20mm_endpoint_count,0.00042780748663102665,0.0006679142244276735
9,per_shell_topology_shell_10_20mm_shell_region_volume_per_tumor_mm3,-0.001176470588235301,0.0005418425723198202
9,per_shell_topology_shell_5_10mm_endpoint_count,0.0,0.0
9,graph_tumor_r4_skel_voxels,0.0,0.0
9,graph_tumor_shell_r2_4_skel_voxels,-0.0003386809269161573,0.0002450575237944186
9,per_shell_topology_shell_2_5mm_endpoint_count,0.0,0.0
9,per_shell_topology_shell_10_20mm_bifurcation_count,0.00017825311942963883,0.0003823103491894429
9,per_shell_topology_shell_2_5mm_degree_distribution_deg2,-0.00021390374331549112,0.0006707624856408982
9,length_weighted_shape_stats_near_tumor_segment_count,0.0,0.0
9,per_shell_topology_shell_10_20mm_degree_distribution_deg0,0.0,0.0
9,length_weighted_shape_stats_near_tumor_length_weighted_tortuosity_quantiles_q90,0.0,0.0
9,caliber_heterogeneity_near_tumor_near_radius_q90_mm,0.0,0.0
9,caliber_heterogeneity_near_tumor_near_radius_q50_mm,0.0,0.0
9,caliber_heterogeneity_near_tumor_near_radius_q25_mm,0.0009625668449198099,0.0004452761496184041
9,length_weighted_shape_stats_near_tumor_length_weighted_tortuosity_quantiles_q50,0.0,0.0
9,per_shell_topology_shell_2_5mm_shell_region_volume_per_tumor_mm3,-0.0024777183600712795,0.002328848183147474
9,length_weighted_shape_stats_near_tumor_length_weighted_tortuosity_quantiles_q10,0.0,0.0
9,per_shell_topology_shell_gt20mm_shell_volume_burden_mm3_per_tumor_mm3,0.00017825311942961663,0.0009054135543101492
9,caliber_heterogeneity_near_tumor_near_radius_q10_mm,-0.00028520499108733997,0.00032085561497323666
9,length_weighted_shape_stats_near_tumor_length_weighted_curvature_mean_quantiles_q25,0.00021390374331555772,0.0006848261216505983
9,length_weighted_shape_stats_near_tumor_length_weighted_curvature_mean_quantiles_q90,0.0,0.0
9,length_weighted_shape_stats_near_tumor_length_weighted_curvature_mean_quantiles_q50,0.0,0.0
9,length_weighted_shape_stats_global_length_weighted_tortuosity_quantiles_q90,0.0015775401069519023,0.0008577013332805319
9,caliber_heterogeneity_near_tumor_global_node_radius_q90_mm,0.0021925133689839615,0.0017116940844116588
9,length_weighted_shape_stats_global_length_weighted_tortuosity_quantiles_q75,0.005062388591800393,0.003627089638504224
9,per_shell_topology_shell_0_2mm_shell_region_volume_per_tumor_mm3,0.0,0.0
9,caliber_heterogeneity_near_tumor_near_radius_sd_mm,0.0,0.0
9,length_weighted_shape_stats_global_length_weighted_tortuosity_quantiles_q50,-0.0005882352941175784,0.000365744822258167
9,length_weighted_shape_stats_near_tumor_length_weighted_curvature_mean_quantiles_q10,0.0020142602495544005,0.0010902622947146405
9,length_weighted_shape_stats_global_length_weighted_tortuosity_mean,0.0,0.0
9,per_shell_topology_shell_gt20mm_shell_length_mm_per_tumor_mm3,0.0034937611408199397,0.0020154429982320926
9,length_weighted_shape_stats_global_length_weighted_tortuosity_quantiles_q25,0.0,0.0
9,per_shell_topology_shell_gt20mm_shell_length_fraction_of_total_graph_length,-0.0002852049910872623,0.00040804004072225215
9,length_weighted_shape_stats_global_length_weighted_curvature_mean_quantiles_q10,0.011853832442067735,0.008339217421825643
9,length_weighted_shape_stats_global_length_weighted_curvature_mean_quantiles_q90,0.0002852049910873511,0.0009405280540658076
9,length_weighted_shape_stats_global_length_weighted_curvature_mean_quantiles_q50,0.0004991087344028533,0.0010357104489364828
9,length_weighted_shape_stats_global_length_weighted_curvature_mean_quantiles_q25,0.0,0.0
9,graph_skel_per_tumor_voxel,0.009732620320855635,0.004859612898120682
9,length_weighted_shape_stats_global_length_weighted_curvature_mean_quantiles_q75,-0.0002673796791444083,0.0035643938767150533
9,length_weighted_shape_stats_global_length_weighted_curvature_mean,0.0042780748663101996,0.001302590082455954
9,per_shell_topology_shell_10_20mm_shell_volume_fraction_of_total_graph_volume,0.0002139037433155244,0.0018928433443790996
9,length_weighted_shape_stats_global_length_weighted_tortuosity_quantiles_q10,0.0012299465240641961,0.000745473214485803
9,per_shell_topology_shell_10_20mm_shell_volume_burden_mm3_per_tumor_mm3,0.000944741532976845,0.0006719456978598902
9,graph_tumor_r8_skel_frac_skeleton,0.0,0.0
9,per_shell_topology_shell_5_10mm_shell_length_fraction_of_total_graph_length,0.0,0.0
9,graph_tumor_shell_r4_8_skel_frac_skeleton,0.0,0.0
9,per_shell_topology_shell_5_10mm_shell_volume_burden_mm3_per_tumor_mm3,-0.00014260249554362003,0.00028520499108733026
9,per_shell_topology_shell_10_20mm_shell_length_mm_per_tumor_mm3,0.0012834224598930466,0.005049819952834411
9,per_shell_topology_shell_2_5mm_shell_length_fraction_of_total_graph_length,0.0005347593582887944,0.0006174869189193786
9,per_shell_topology_shell_5_10mm_shell_length_mm_per_tumor_mm3,0.0,0.0
9,graph_tumor_shell_r2_4_skel_frac_skeleton,0.0,0.0
9,per_shell_topology_shell_2_5mm_shell_length_mm_per_tumor_mm3,0.0,0.0
9,graph_tumor_shell_r4_8_skel_frac_shell,0.0,0.0
9,graph_tumor_r8_skel_frac_region,0.00016042780748667384,0.0007828945189304187
9,graph_tumor_shell_r2_4_skel_frac_shell,0.0,0.0
9,graph_tumor_r4_skel_frac_region,0.0008556149732620421,0.0005091927578283751
9,graph_skel_in_tumor_voxels,0.0,0.0
9,graph_tumor_r2_skel_frac_region,-0.0013190730837789987,0.0007271329074642488
9,graph_tumor_r2_skel_frac_skeleton,0.0,0.0
9,per_shell_topology_shell_0_2mm_node_count,0.0,0.0
9,per_shell_topology_shell_10_20mm_cycle_count,0.0,0.0
9,per_shell_topology_inside_tumor_endpoint_count,-3.565062388587448e-05,0.0004769728399379333
9,directional_near_boundary_tangential_alignment_mean,0.0,0.0
9,per_shell_topology_shell_2_5mm_degree_distribution_deg0,0.0,0.0
9,per_shell_topology_shell_0_2mm_degree_distribution_deg2,0.0,0.0
9,per_shell_topology_shell_0_2mm_degree_distribution_deg0,0.0,0.0
9,directional_near_boundary_normal_alignment_abs_cos_mean,0.0,0.0
9,per_shell_topology_shell_gt20mm_degree_distribution_deg0,0.0,0.0
9,per_shell_topology_shell_5_10mm_degree_distribution_deg0,0.0,0.0
9,per_shell_topology_inside_tumor_degree_distribution_deg0,0.0,0.0
9,per_shell_topology_shell_2_5mm_degree_distribution_deg4plus,0.0,0.0
9,per_shell_topology_shell_gt20mm_degree_distribution_deg4plus,-0.00037433155080209837,0.0006691024734090406
9,per_shell_topology_shell_5_10mm_degree_distribution_deg4plus,0.0,0.0
9,per_shell_topology_inside_tumor_degree_distribution_deg4plus,0.0,0.0
9,per_shell_topology_shell_10_20mm_degree_distribution_deg4plus,0.0,0.0
9,directional_near_boundary_radial_alignment_abs_cos_quantiles_q90,0.0,0.0
9,directional_near_boundary_radial_alignment_abs_cos_quantiles_q10,0.0,0.0
9,directional_near_boundary_normal_alignment_abs_cos_quantiles_q90,0.00014260249554369774,0.00029613632309871365
9,directional_near_boundary_normal_alignment_abs_cos_quantiles_q25,0.0,0.0
9,directional_near_boundary_normal_alignment_abs_cos_quantiles_q10,0.0,0.0
9,per_shell_topology_shell_0_2mm_shell_volume_burden_mm3_per_tumor_mm3,0.0,0.0
9,per_shell_topology_shell_0_2mm_shell_volume_fraction_of_total_graph_volume,0.0,0.0
9,caliber_heterogeneity_near_tumor_near_high_radius_tail_fraction_vs_global_q90,0.0,0.0
9,graph_core_to_periphery_length_ratio,0.0,0.0
9,graph_crossing_fraction_of_near_burden,-0.000837789661319055,0.0012655971479500906
9,kinematic_reference_normalized_signal_all_segments_washin_rel_reference_hurdle_value_given_signal_max,-0.00074866310160423,0.0006940435769672543
9,kinematic_normalized_shell_burdens_shell_gt20mm_kinetic_auc_weighted_volume_mm3,0.0,0.0
9,kinematic_reference_normalized_signal_all_segments_washin_rel_reference_hurdle_value_given_signal_q90,-0.0008021390374331361,0.0006389821151135579
9,kinematic_reference_normalized_signal_all_segments_auc_rel_reference_hurdle_value_given_signal_max,-7.130124777176006e-05,0.0005704099821747084
9,kinematic_reference_normalized_signal_all_segments_peak_rel_reference_hurdle_value_given_signal_max,-0.0005525846702316816,0.000281278678040259
9,kinematic_reference_normalized_signal_near_tumor_segments_auc_rel_reference_hurdle_value_given_signal_max,0.0,0.0
9,kinematic_reference_normalized_signal_all_segments_auc_rel_reference_hurdle_value_given_signal_mean,0.0,0.0
9,kinematic_reference_normalized_signal_all_segments_peak_rel_reference_hurdle_value_given_signal_median,-0.004741532976827068,0.0012932874971277569
9,kinematic_reference_normalized_signal_near_tumor_segments_peak_rel_reference_hurdle_value_given_signal_mean,0.0,0.0
9,kinematic_reference_normalized_signal_all_segments_washin_rel_reference_hurdle_value_given_signal_median,0.0005882352941176672,0.0004852284345388807
9,kinematic_normalized_shell_burdens_shell_10_20mm_kinetic_auc_weighted_volume_mm3,0.002602495543672023,0.00459339992732393
9,kinematic_reference_normalized_signal_near_tumor_segments_auc_rel_reference_hurdle_value_given_signal_min,0.0,0.0
9,kinematic_normalized_shell_burdens_shell_10_20mm_auc_weighted_volume_per_shell_segment,0.0,0.0
9,kinematic_normalized_shell_burdens_shell_5_10mm_kinetic_auc_weighted_volume_mm3,0.0,0.0
9,kinematic_normalized_shell_burdens_shell_gt20mm_auc_weighted_volume_per_shell_segment,0.0012299465240641627,0.002262410613509396
9,kinematic_normalized_shell_burdens_shell_5_10mm_auc_weighted_volume_per_shell_segment,0.0,0.0
9,kinematic_reference_normalized_signal_all_segments_peak_rel_reference_hurdle_value_given_signal_min,0.0,0.0
9,kinematic_normalized_shell_burdens_shell_10_20mm_auc_weighted_volume_per_shell_length_mm,0.0,0.0
9,kinematic_normalized_shell_burdens_shell_5_10mm_auc_weighted_volume_per_shell_length_mm,-0.00035650623885913335,0.00049783386965309
9,kinematic_normalized_shell_burdens_shell_gt20mm_auc_weighted_volume_per_shell_length_mm,0.00060606060606061,0.0007939770927387098
9,kinematic_shell_contrasts_5_10mm_vs_10_20mm_tte_ratio,0.0,0.0
9,kinematic_normalized_shell_burdens_shell_gt20mm_auc_weighted_volume_per_tumor_mm3,0.0006773618538324477,0.0006466437485638695
9,kinematic_shell_contrasts_5_10mm_vs_10_20mm_ttp_ratio,0.0,0.0
9,kinematic_shell_contrasts_5_10mm_vs_10_20mm_peak_ratio,0.0,0.0
9,kinematic_normalized_shell_burdens_shell_10_20mm_auc_weighted_volume_per_tumor_mm3,0.0,0.0
9,kinematic_reference_normalized_signal_all_segments_peak_rel_reference_hurdle_has_signal_fraction,-0.0006060606060605545,0.00030039749636993375
9,kinematic_normalized_shell_burdens_shell_10_20mm_auc_weighted_volume_per_shell_mm3,0.0004991087344028867,0.00038890239267864166
9,kinematic_normalized_shell_burdens_shell_5_10mm_auc_weighted_volume_per_tumor_mm3,-0.0005525846702317371,0.0005374265038032513
9,kinematic_normalized_shell_burdens_shell_10_20mm_auc_weighted_volume_per_shell_voxel,0.0016399286987522465,0.0037397487463653074
9,kinematic_kinetic_topology_coupling_early_bifurcation_density_per_tumor_mm3,0.00023172905525848942,0.00047863535052040945
9,kinematic_normalized_shell_burdens_shell_gt20mm_auc_weighted_volume_per_shell_mm3,-0.0006773618538324144,0.0006563975985569407
9,kinematic_normalized_shell_burdens_shell_gt20mm_auc_weighted_volume_per_shell_voxel,0.0,0.0
9,kinematic_normalized_shell_burdens_shell_5_10mm_auc_weighted_volume_per_shell_voxel,8.912655971480277e-05,0.00018265509386739058
9,kinematic_reference_normalized_signal_reference_auc_positive,-0.0007486631016042744,0.0005394918342396498
9,kinematic_reference_normalized_signal_reference_peak_enhancement,0.0,0.0
9,kinematic_reference_normalized_signal_reference_washin_slope,0.004812834224598939,0.004476957597419078
9,kinematic_temporal_heterogeneity_near_tumor_cv_auc,-0.00014260249554368665,0.0003456456226321786
9,kinematic_shell_contrasts_0_2mm_vs_2_5mm_ttp_ratio,0.0,0.0
9,kinematic_shell_contrasts_inside_vs_2_5mm_ttp_ratio,0.0,0.0
9,kinematic_shell_contrasts_inside_vs_0_2mm_ttp_ratio,0.0,0.0
9,kinematic_shell_contrasts_0_2mm_vs_2_5mm_washin_ratio,0.0,0.0
9,kinematic_shell_contrasts_inside_vs_2_5mm_washin_ratio,0.0,0.0
9,kinematic_shell_contrasts_inside_vs_0_2mm_washin_ratio,0.0,0.0
9,kinematic_temporal_heterogeneity_near_tumor_cv_tte_time,0.0002317290552585005,0.0004852284345388946
9,kinematic_shell_contrasts_5_10mm_vs_10_20mm_washin_ratio,0.00021390374331554663,0.0004203146567754373
9,kinematic_temporal_heterogeneity_near_tumor_cv_washin_slope,0.0,0.0
9,kinematic_temporal_heterogeneity_near_tumor_cv_washout_slope,-0.00016042780748660724,0.0007105572701602379
9,kinematic_component_invasion_crossing_length_concentration_max_fraction,0.0,0.0
9,kinematic_normalized_shell_burdens_shell_2_5mm_kinetic_auc_weighted_volume_mm3,0.0,0.0
9,kinematic_normalized_shell_burdens_shell_0_2mm_kinetic_auc_weighted_volume_mm3,0.0,0.0
9,kinematic_normalized_shell_burdens_inside_tumor_kinetic_auc_weighted_volume_mm3,0.0,0.0
9,kinematic_normalized_shell_burdens_shell_2_5mm_peak_weighted_volume_per_shell_length_mm,0.0,0.0
9,kinematic_reference_normalized_signal_near_tumor_segments_peak_rel_reference_hurdle_valid_fraction,0.0,0.0
9,kinematic_reference_normalized_signal_all_segments_washin_rel_reference_hurdle_value_given_signal_min,0.0,0.0
9,kinematic_reference_normalized_signal_near_tumor_segments_peak_rel_reference_hurdle_has_signal_fraction,0.0,0.0
9,kinematic_reference_normalized_signal_near_tumor_segments_auc_rel_reference_hurdle_value_given_signal_sd,0.0,0.0
9,kinematic_reference_normalized_signal_near_tumor_segments_washin_rel_reference_hurdle_value_given_signal_sd,0.0,0.0
9,kinematic_reference_normalized_signal_near_tumor_segments_washin_rel_reference_hurdle_value_given_signal_q90,0.0002673796791444083,0.000996465230614887
9,kinematic_reference_normalized_signal_near_tumor_segments_washin_rel_reference_hurdle_value_given_signal_min,0.0,0.0
9,kinematic_reference_normalized_signal_near_tumor_segments_washin_rel_reference_hurdle_value_given_signal_median,0.0004456327985740027,0.0006238859180035638
9,kinematic_shell_kinetics_shell_10_20mm_auc_rel_reference_hurdle_value_given_signal_max,0.00033868092691623496,0.0012153935068613866
9,kinematic_shell_kinetics_shell_10_20mm_peak_rel_reference_hurdle_value_given_signal_q90,0.0,0.0
9,kinematic_shell_kinetics_shell_10_20mm_washin_rel_reference_hurdle_value_given_signal_max,-0.0005169340463457517,0.0006785335583128381
9,kinematic_shell_kinetics_shell_10_20mm_auc_rel_reference_hurdle_value_given_signal_median,0.0010695187165775445,0.0016891775744002616
9,kinematic_shell_kinetics_shell_5_10mm_peak_rel_reference_hurdle_value_given_signal_max,0.0,0.0
9,kinematic_shell_kinetics_shell_gt20mm_peak_rel_reference_hurdle_value_given_signal_iqr,0.0,0.0
9,kinematic_shell_kinetics_shell_10_20mm_auc_rel_reference_hurdle_value_given_signal_iqr,-0.0008734402852049516,0.0007869426044436536
9,kinematic_shell_kinetics_shell_10_20mm_peak_rel_reference_hurdle_value_given_signal_iqr,0.0,0.0
9,kinematic_shell_kinetics_shell_10_20mm_washin_rel_reference_hurdle_value_given_signal_mean,-0.0009447415329767895,0.0011608370877122874
9,kinematic_shell_kinetics_shell_10_20mm_washin_rel_reference_hurdle_value_given_signal_iqr,0.0047950089126559845,0.003952599638513495
9,kinematic_shell_kinetics_shell_10_20mm_peak_rel_reference_hurdle_value_given_signal_min,0.000944741532976845,0.0006177441515566196
9,kinematic_shell_kinetics_shell_10_20mm_washin_rel_reference_hurdle_value_given_signal_median,-0.0012299465240641406,0.0020486704764590387
9,kinematic_graph_local_propagation_weighted_linear_fit_n,0.0003565062388592111,0.0014260249554367236
9,kinematic_shell_segment_counts_shell_gt20mm,0.0,0.0
9,kinematic_propagation_speed_speed_positive_delay_mm_per_time_max,-0.002281639928698731,0.002058495548413865
9,kinematic_kinetic_topology_coupling_early_bifurcation_count,-8.912655971474726e-05,0.00019929304612296845
9,kinematic_kinetic_topology_coupling_early_cycle_length_burden_mm_ge50,0.0,0.0
9,kinematic_propagation_speed_speed_positive_delay_mm_per_time_q90,-0.0015329768270944898,0.0010369368678965402
9,kinematic_shell_kinetics_shell_gt20mm_auc_rel_reference_hurdle_value_given_signal_min,-0.0003743315508021094,0.0002576975453618685
9,kinematic_propagation_speed_negative_delay_segment_count,0.0,0.0
9,kinematic_shell_segment_counts_shell_10_20mm,0.007557932263814626,0.002758261837274108
9,kinematic_propagation_speed_speed_positive_delay_mm_per_time_iqr,0.011069518716577553,0.00430506193851952
9,kinematic_kinetic_topology_coupling_cycle_count,0.0,0.0
9,kinematic_propagation_speed_speed_positive_delay_mm_per_time_sd,0.0,0.0
9,kinematic_propagation_speed_speed_positive_delay_mm_per_time_mean,0.00010695187165777886,0.0003582843358688452
9,kinematic_propagation_speed_speed_positive_delay_mm_per_time_median,0.0007486631016042633,0.0010599692511457056
9,kinematic_kinetic_topology_coupling_early_cycle_count_all_nodes,0.0,0.0
9,kinematic_component_invasion_component_count,0.0011764705882353233,0.0009405280540658181
9,kinematic_shell_kinetics_shell_5_10mm_time_to_peak_hurdle_value_given_signal_q90,-7.130124777179336e-05,0.0006820365942855326
9,kinematic_shell_kinetics_shell_5_10mm_auc_hurdle_value_given_signal_max,0.0,0.0
9,kinematic_shell_kinetics_shell_10_20mm_auc_hurdle_value_given_signal_max,0.0019607843137255275,0.001187759803847253
9,kinematic_shell_segment_counts_shell_5_10mm,0.0,0.0
9,kinematic_propagation_speed_delay_all_segments_min,0.0,0.0
9,kinematic_propagation_speed_delay_all_segments_max,0.0,0.0
9,kinematic_shell_contrasts_5_10mm_vs_10_20mm_ttp_delta,0.0,0.0
9,kinematic_graph_local_propagation_distance_binned_dispersion_distance_bin_count,0.0,0.0
9,kinematic_arrival_delay_vs_reference_all_segments_hurdle_value_given_signal_max,0.0,0.0
9,kinematic_shell_kinetics_shell_5_10mm_time_to_peak_hurdle_value_given_signal_min,0.0,0.0
9,kinematic_shell_kinetics_shell_10_20mm_time_to_peak_hurdle_value_given_signal_q90,0.0,0.0
9,kinematic_shell_kinetics_shell_10_20mm_time_to_peak_hurdle_value_given_signal_min,0.0,0.0
9,kinematic_shell_kinetics_shell_10_20mm_time_to_peak_hurdle_value_given_signal_max,0.0,0.0
9,kinematic_shell_kinetics_shell_10_20mm_time_to_peak_hurdle_value_given_signal_iqr,0.0,0.0
9,kinematic_shell_kinetics_shell_gt20mm_time_to_peak_hurdle_value_given_signal_median,0.0,0.0
9,kinematic_shell_kinetics_shell_5_10mm_time_to_peak_hurdle_value_given_signal_median,0.0,0.0
9,kinematic_shell_kinetics_shell_10_20mm_time_to_peak_hurdle_value_given_signal_median,0.0,0.0
9,kinematic_shell_kinetics_shell_gt20mm_time_to_enhancement_hurdle_value_given_signal_max,0.0,0.0
9,kinematic_shell_kinetics_shell_5_10mm_time_to_enhancement_hurdle_value_given_signal_q90,-0.0007486631016042966,0.0007802520010067473
9,kinematic_shell_kinetics_shell_5_10mm_time_to_enhancement_hurdle_value_given_signal_min,0.0,0.0
9,kinematic_shell_kinetics_shell_10_20mm_time_to_enhancement_hurdle_value_given_signal_max,0.0,0.0
9,kinematic_graph_local_propagation_earliest_arrival_component_near_tumor_earliest_threshold_tte,0.0,0.0
9,kinematic_graph_local_propagation_earliest_arrival_component_near_tumor_largest_component_segments,0.0,0.0
9,kinematic_arrival_delay_vs_reference_all_segments_hurdle_value_given_signal_q90,0.0,0.0
9,kinematic_shell_kinetics_shell_10_20mm_auc_hurdle_value_given_signal_median,-1.7825311942953893e-05,0.0005605770122465541
9,kinematic_shell_kinetics_shell_10_20mm_time_to_peak_hurdle_value_given_signal_mean,0.0,0.0
9,kinematic_shell_kinetics_shell_5_10mm_auc_hurdle_value_given_signal_mean,0.0,0.0
9,kinematic_shell_kinetics_shell_10_20mm_time_to_enhancement_hurdle_value_given_signal_q90,0.0,0.0
9,kinematic_shell_kinetics_shell_10_20mm_auc_hurdle_value_given_signal_iqr,0.0,0.0
9,kinematic_shell_contrasts_5_10mm_vs_10_20mm_washin_delta_norm_l1,0.0,0.0
9,kinematic_shell_contrasts_5_10mm_vs_10_20mm_auc_delta,0.0,0.0
9,kinematic_core_to_periphery_tte_delta,0.00014260249554373105,0.0004901150475888842
9,kinematic_graph_local_propagation_earliest_arrival_component_near_tumor_largest_component_fraction_near_segments,0.0,0.0
9,kinematic_shell_kinetics_shell_10_20mm_time_to_peak_hurdle_value_given_signal_sd,0.00032085561497329217,0.0002852049910873192
9,kinematic_shell_kinetics_shell_gt20mm_auc_hurdle_value_given_signal_q90,-0.00010695187165770115,0.000789965055478069
9,kinematic_shell_kinetics_shell_10_20mm_auc_hurdle_value_given_signal_sd,-0.00037433155080208725,0.0005989410914941741
9,kinematic_shell_kinetics_shell_gt20mm_auc_hurdle_value_given_signal_median,0.0,0.0
9,kinematic_shell_contrasts_5_10mm_vs_10_20mm_washout_delta_norm_l1,0.0,0.0
9,kinematic_shell_kinetics_shell_10_20mm_time_to_enhancement_hurdle_value_given_signal_mean,0.0,0.0
9,kinematic_shell_kinetics_shell_gt20mm_auc_hurdle_value_given_signal_max,0.0,0.0
9,kinematic_shell_kinetics_shell_gt20mm_auc_hurdle_value_given_signal_mean,-0.00012477718360071055,0.0005968152956428795
9,kinematic_shell_kinetics_shell_gt20mm_time_to_peak_hurdle_value_given_signal_mean,0.00040998217468809497,0.0005525846702317311
9,kinematic_graph_local_propagation_distance_binned_dispersion_distance_bin_monotonic_nondecreasing_fraction,0.0,0.0
9,kinematic_propagation_speed_speed_positive_delay_mm_per_time_min,0.0019607843137254945,0.0011357955309856836
9,kinematic_arrival_delay_vs_reference_all_segments_hurdle_value_given_signal_mean,-0.0003030303030302717,0.0002398150454023601
9,kinematic_shell_kinetics_shell_gt20mm_auc_hurdle_value_given_signal_iqr,0.0017468805704099698,0.00099502928605722
9,kinematic_shell_kinetics_shell_10_20mm_time_to_enhancement_hurdle_value_given_signal_sd,0.0,0.0
9,kinematic_graph_local_propagation_graph_distance_available_fraction,0.003636363636363682,0.0029978338079372593
9,kinematic_graph_local_propagation_weighted_linear_fit_intercept,0.0030837789661319003,0.005485477287807085
9,kinematic_early_enhancing_fraction_count_fraction_near_tumor,0.0,0.0
9,kinematic_shell_kinetics_shell_10_20mm_peak_enhancement_hurdle_value_given_signal_median,0.0021390374331550998,0.0040341953625405765
9,kinematic_shell_kinetics_shell_10_20mm_peak_enhancement_hurdle_value_given_signal_q90,-0.0002673796791443639,0.0005871539783244408
9,kinematic_shell_kinetics_shell_gt20mm_time_to_enhancement_hurdle_value_given_signal_mean,0.0,0.0
9,kinematic_shell_contrasts_5_10mm_vs_10_20mm_auc_delta_norm_l1,0.0,0.0
9,kinematic_graph_local_propagation_distance_binned_dispersion_mean_tte_std_across_distance_bins,-0.001550802139037455,0.002387593906539008
9,kinematic_kinetic_topology_coupling_early_cycle_length_fraction_ge50,-0.0002317290552584228,0.0001960784313725473
9,kinematic_shell_kinetics_shell_10_20mm_peak_enhancement_hurdle_value_given_signal_iqr,0.00012477718360074386,0.00028797672765426384
9,kinematic_shell_contrasts_5_10mm_vs_10_20mm_peak_delta,-0.00074866310160423,0.0004835885905971962
9,kinematic_graph_local_propagation_weighted_linear_fit_rmse,0.00037433155080218716,0.0008029308826777214
9,kinematic_propagation_speed_delay_all_segments_sd,1.7825311942976095e-05,0.00021758566159950344
9,kinematic_shell_kinetics_shell_gt20mm_time_to_enhancement_hurdle_value_given_signal_sd,0.0,0.0
9,kinematic_arrival_delay_vs_reference_all_segments_hurdle_value_given_signal_sd,0.0,0.0
9,kinematic_graph_local_propagation_weighted_linear_fit_mae,-0.000837789661319066,0.0010147911106945296
9,kinematic_shell_kinetics_shell_10_20mm_auc_hurdle_value_given_signal_min,0.0,0.0
9,kinematic_early_enhancing_fraction_volume_fraction_all_segments,0.0006060606060605989,0.0006436887730933287
9,kinematic_shell_kinetics_shell_10_20mm_washin_slope_hurdle_value_given_signal_max,-8.912655971481387e-05,0.0009236539328364862
9,kinematic_early_enhancing_fraction_count_fraction_all_segments,-0.0001960784313725039,0.0006299678091647983
9,kinematic_kinetic_topology_coupling_early_bifurcation_fraction_of_bifurcations,0.0,0.0
9,kinematic_kinetic_topology_coupling_early_node_fraction,-0.00014260249554367554,0.004481072123009015
9,kinematic_shell_kinetics_shell_gt20mm_auc_hurdle_value_given_signal_sd,0.0010873440285205538,0.00140458481412422
9,kinematic_shell_kinetics_shell_gt20mm_time_to_peak_hurdle_value_given_signal_sd,0.00023172905525848942,0.0003743315508021301
9,kinematic_shell_kinetics_shell_gt20mm_peak_enhancement_hurdle_value_given_signal_median,0.001764705882352957,0.001903973628640941
9,kinematic_shell_kinetics_shell_gt20mm_washin_slope_hurdle_value_given_signal_max,0.00030303030303033827,0.0001960784313725463
9,kinematic_shell_kinetics_shell_10_20mm_peak_enhancement_hurdle_value_given_signal_sd,-0.0005347593582887278,0.0003739068977433788
9,kinematic_shell_kinetics_shell_5_10mm_time_to_enhancement_hurdle_valid_fraction,0.0,0.0
9,kinematic_shell_kinetics_shell_gt20mm_washout_slope_hurdle_value_given_signal_min,0.00010695187165781217,0.00030039749636991136
9,kinematic_shell_kinetics_shell_gt20mm_peak_enhancement_hurdle_value_given_signal_mean,0.0002852049910873511,0.0009371436312367267
9,kinematic_shell_kinetics_shell_10_20mm_washin_slope_hurdle_value_given_signal_q90,-0.0007843137254901599,0.001024606621261978
9,kinematic_arrival_delay_vs_reference_near_tumor_segments_hurdle_valid_fraction,0.0,0.0
9,kinematic_shell_kinetics_shell_10_20mm_washout_slope_hurdle_value_given_signal_min,0.0,0.0
9,kinematic_shell_kinetics_shell_gt20mm_peak_enhancement_hurdle_value_given_signal_q90,-0.0004278074866309489,0.0007654513566340537
9,kinematic_caliber_flow_kinetic_surrogates_tortuosity_weighted_peak_enhancement_mean,0.0,0.0
9,kinematic_shell_kinetics_shell_gt20mm_peak_enhancement_hurdle_value_given_signal_iqr,0.0006773618538325144,0.0005847137064832762
9,kinematic_propagation_speed_delay_all_segments_mean,-0.0024598930481283254,0.0025117882287070976
9,kinematic_shell_kinetics_shell_10_20mm_washin_slope_hurdle_value_given_signal_sd,-0.0039037433155080124,0.005144972993725712
9,kinematic_kinetic_topology_coupling_valid_time_node_fraction,-0.0003743315508021539,0.0006042228612006195
9,kinematic_shell_kinetics_shell_10_20mm_washin_slope_hurdle_value_given_signal_mean,0.0,0.0
9,kinematic_shell_kinetics_shell_gt20mm_washin_slope_hurdle_value_given_signal_q90,0.0,0.0
9,kinematic_shell_kinetics_shell_5_10mm_auc_hurdle_value_given_signal_min,0.0,0.0
9,kinematic_shell_kinetics_shell_10_20mm_washin_slope_hurdle_value_given_signal_iqr,0.00021390374331554663,0.00026197751259715595
9,kinematic_arrival_delay_vs_reference_all_segments_hurdle_valid_fraction,0.0,0.0
9,kinematic_shell_kinetics_shell_10_20mm_washout_slope_hurdle_value_given_signal_mean,-0.0013368983957219305,0.0014420886681056027
9,kinematic_shell_kinetics_shell_10_20mm_washout_slope_hurdle_value_given_signal_sd,0.0,0.0
9,kinematic_shell_kinetics_shell_gt20mm_peak_enhancement_hurdle_value_given_signal_sd,0.001426024955436722,0.0007810660356580178
9,kinematic_shell_kinetics_shell_10_20mm_washout_slope_hurdle_value_given_signal_iqr,0.0,0.0
9,kinematic_graph_local_propagation_weighted_linear_fit_r2,7.130124777185998e-05,0.0006287056003047656
9,kinematic_shell_kinetics_shell_gt20mm_washout_slope_hurdle_value_given_signal_iqr,0.0034402852049911226,0.0041430335327278895
9,kinematic_shell_contrasts_5_10mm_vs_10_20mm_washin_delta,-0.0011408199643493488,0.0008368409692909491
9,kinematic_shell_kinetics_shell_gt20mm_washin_slope_hurdle_value_given_signal_iqr,-0.0006060606060605767,0.0005534465132356602
9,kinematic_caliber_flow_kinetic_surrogates_radius_weighted_washin_mean,0.0007130124777183777,0.0009795815803233063
9,kinematic_shell_kinetics_shell_gt20mm_washin_slope_hurdle_value_given_signal_median,-8.912655971478056e-05,0.0005537334961500741
9,kinematic_shell_kinetics_shell_gt20mm_washin_slope_hurdle_value_given_signal_sd,-0.00037433155080209837,0.000624903677110837
9,kinematic_shell_kinetics_shell_gt20mm_washout_slope_hurdle_value_given_signal_sd,0.0,0.0
9,kinematic_shell_kinetics_shell_5_10mm_washout_slope_hurdle_value_given_signal_min,0.0,0.0
9,kinematic_shell_kinetics_shell_gt20mm_washin_slope_hurdle_value_given_signal_mean,0.0014795008912656172,0.0020971083673718034
9,kinematic_shell_contrasts_5_10mm_vs_10_20mm_washout_delta,0.0013012477718359894,0.0015293452819109944
9,kinematic_shell_kinetics_shell_gt20mm_washout_slope_hurdle_value_given_signal_mean,0.0,0.0
9,kinematic_shell_kinetics_shell_10_20mm_washout_slope_hurdle_value_given_signal_median,-0.00039215686274507444,0.002496562053477592
9,kinematic_shell_kinetics_shell_10_20mm_washin_slope_hurdle_value_given_signal_median,-0.00035650623885917775,0.0007130124777183611
9,kinematic_caliber_flow_kinetic_surrogates_radius_weighted_washout_mean,0.0008556149732620755,0.00038890239267864676
9,kinematic_shell_kinetics_shell_gt20mm_peak_enhancement_hurdle_value_given_signal_max,0.00014260249554370885,0.0006215898671715674
9,kinematic_shell_kinetics_shell_gt20mm_washout_slope_hurdle_value_given_signal_median,-0.0010516934046345462,0.0023546285744417018
9,kinematic_shell_kinetics_shell_5_10mm_washout_slope_hurdle_value_given_signal_mean,7.130124777181557e-05,0.00025459637891414946
9,kinematic_shell_kinetics_shell_gt20mm_auc_hurdle_value_given_signal_min,0.0031194295900178635,0.0033207269219559716
9,kinematic_shell_kinetics_shell_gt20mm_peak_enhancement_hurdle_value_given_signal_min,0.0,0.0
9,kinematic_kinetic_topology_coupling_early_cycle_length_per_tumor_mm3_ge50,0.0016755793226381655,0.0014062804223398155
9,kinematic_graph_local_propagation_slope_tte_vs_graph_distance_from_boundary,0.0,0.0
9,kinematic_shell_kinetics_shell_5_10mm_washin_slope_hurdle_value_given_signal_max,0.0,0.0
9,kinematic_shell_segment_counts_shell_2_5mm,0.0,0.0
9,kinematic_shell_contrasts_0_2mm_vs_2_5mm_ttp_delta,0.0,0.0
9,kinematic_shell_contrasts_0_2mm_vs_2_5mm_tte_delta,0.0,0.0
9,kinematic_shell_contrasts_0_2mm_vs_2_5mm_auc_delta,0.0,0.0
9,kinematic_propagation_speed_delay_all_segments_q90,0.0,0.0
9,kinematic_propagation_speed_delay_all_segments_iqr,0.0,0.0
9,kinematic_shell_contrasts_inside_vs_2_5mm_ttp_delta,0.0,0.0
9,kinematic_shell_contrasts_inside_vs_2_5mm_tte_delta,0.0,0.0
9,kinematic_shell_contrasts_inside_vs_2_5mm_auc_delta,0.00040998217468809497,0.0005409622426200839
9,kinematic_shell_contrasts_inside_vs_0_2mm_ttp_delta,0.0,0.0
9,kinematic_shell_contrasts_inside_vs_0_2mm_tte_delta,0.0,0.0
9,kinematic_shell_contrasts_inside_vs_0_2mm_auc_delta,0.0,0.0
9,kinematic_shell_contrasts_0_2mm_vs_2_5mm_peak_delta,3.5650623885918885e-05,0.00010695187165775666
9,kinematic_shell_contrasts_inside_vs_2_5mm_peak_delta,-0.0010160427807486493,0.0004917331274200989
9,kinematic_shell_contrasts_inside_vs_0_2mm_peak_delta,0.0,0.0
9,kinematic_shell_contrasts_5_10mm_vs_10_20mm_tte_delta,0.0,0.0
9,kinematic_shell_contrasts_0_2mm_vs_2_5mm_washin_delta,0.0,0.0
9,kinematic_propagation_speed_delay_all_segments_median,0.0,0.0
9,kinematic_component_invasion_crossing_component_count,0.0,0.0
9,kinematic_shell_contrasts_inside_vs_2_5mm_washin_delta,-0.00039215686274507444,0.0005335696808234087
9,kinematic_shell_contrasts_inside_vs_0_2mm_washin_delta,0.0,0.0
9,kinematic_shell_contrasts_0_2mm_vs_2_5mm_washout_delta,-0.0006595365418894273,0.0003989844792442135
9,kinematic_shell_contrasts_inside_vs_2_5mm_washout_delta,-0.0012299465240641517,0.000639975867059383
9,kinematic_shell_contrasts_inside_vs_0_2mm_washout_delta,0.0,0.0
9,kinematic_component_invasion_crossing_component_fraction,0.0,0.0
9,kinematic_temporal_heterogeneity_near_tumor_ttp_entropy_bits,0.0,0.0
9,kinematic_early_enhancing_fraction_early_phase_time_threshold,0.0,0.0
9,kinematic_early_enhancing_fraction_volume_fraction_shell_2_5mm,0.0,0.0
9,kinematic_early_enhancing_fraction_volume_fraction_shell_0_2mm,0.0,0.0
9,kinematic_boundary_caliber_gradient_positive_dilation_fraction,0.0,0.0
9,kinematic_boundary_crossing_dynamic_burden_crossing_segment_count,0.0,0.0
9,kinematic_shell_kinetics_shell_2_5mm_auc_hurdle_value_given_signal_sd,7.130124777183777e-05,0.00011823974297169167
9,kinematic_shell_kinetics_shell_0_2mm_auc_hurdle_value_given_signal_sd,0.0,0.0
9,kinematic_component_invasion_largest_crossing_component_segment_count,0.0,0.0
9,kinematic_shell_kinetics_shell_5_10mm_auc_hurdle_value_given_signal_sd,0.0,0.0
9,kinematic_shell_kinetics_inside_tumor_auc_hurdle_value_given_signal_sd,0.0,0.0
9,kinematic_shell_kinetics_shell_2_5mm_time_to_peak_hurdle_valid_fraction,0.0,0.0
9,kinematic_shell_kinetics_shell_10_20mm_time_to_peak_hurdle_valid_fraction,0.0,0.0
9,kinematic_boundary_caliber_gradient_inside_radius_length_weighted_mean_mm,8.912655971484717e-05,0.0005421356978875416
9,kinematic_component_invasion_mean_crossing_component_max_invasion_depth_mm,0.0,0.0
9,kinematic_boundary_crossing_dynamic_burden_kinetic_weighted_volume_auc_mm3,0.0,0.0
9,kinematic_component_invasion_largest_crossing_component_fraction_total_volume,-0.0035115864527628824,0.005427829438941223
9,kinematic_shell_kinetics_shell_2_5mm_washin_slope_hurdle_value_given_signal_sd,0.0,0.0
9,kinematic_shell_kinetics_shell_2_5mm_time_to_peak_hurdle_value_given_signal_sd,0.0,0.0
9,kinematic_shell_kinetics_shell_2_5mm_time_to_enhancement_hurdle_valid_fraction,0.0,0.0
9,kinematic_shell_kinetics_shell_0_2mm_washin_slope_hurdle_value_given_signal_sd,0.0,0.0
9,kinematic_shell_kinetics_shell_0_2mm_time_to_peak_hurdle_value_given_signal_sd,0.0,0.0
9,kinematic_shell_kinetics_shell_5_10mm_washin_slope_hurdle_value_given_signal_sd,7.130124777185998e-05,8.732583753238381e-05
9,kinematic_shell_kinetics_shell_5_10mm_time_to_peak_hurdle_value_given_signal_sd,0.0,0.0
9,kinematic_shell_kinetics_shell_2_5mm_washout_slope_hurdle_value_given_signal_sd,-0.00049910873440282,0.0022332206436172356
9,kinematic_shell_kinetics_shell_2_5mm_washin_slope_hurdle_value_given_signal_q90,0.0,0.0
9,kinematic_shell_kinetics_shell_2_5mm_washin_slope_hurdle_value_given_signal_min,0.0,0.0
9,kinematic_shell_kinetics_shell_2_5mm_washin_slope_hurdle_value_given_signal_iqr,0.0,0.0
9,kinematic_shell_kinetics_shell_2_5mm_time_to_peak_hurdle_value_given_signal_q90,0.0,0.0
9,kinematic_shell_kinetics_shell_2_5mm_time_to_peak_hurdle_value_given_signal_min,0.0,0.0
9,kinematic_shell_kinetics_shell_2_5mm_time_to_peak_hurdle_value_given_signal_iqr,0.0,0.0
9,kinematic_shell_kinetics_shell_0_2mm_washout_slope_hurdle_value_given_signal_sd,0.0,0.0
9,kinematic_shell_kinetics_shell_0_2mm_washin_slope_hurdle_value_given_signal_q90,0.0,0.0
9,kinematic_shell_kinetics_shell_0_2mm_washin_slope_hurdle_value_given_signal_min,0.0,0.0
9,kinematic_shell_kinetics_shell_0_2mm_time_to_peak_hurdle_value_given_signal_iqr,0.0,0.0
9,kinematic_shell_kinetics_inside_tumor_washin_slope_hurdle_value_given_signal_sd,0.0,0.0
9,kinematic_shell_kinetics_inside_tumor_time_to_peak_hurdle_value_given_signal_sd,0.0,0.0
9,kinematic_arrival_delay_vs_reference_all_segments_hurdle_value_given_signal_min,0.0,0.0
9,kinematic_arrival_delay_vs_reference_all_segments_hurdle_value_given_signal_iqr,0.0,0.0
9,kinematic_shell_kinetics_shell_gt20mm_washin_slope_hurdle_value_given_signal_min,0.0,0.0
9,kinematic_shell_kinetics_shell_gt20mm_time_to_peak_hurdle_value_given_signal_q90,0.0,0.0
9,kinematic_shell_kinetics_shell_gt20mm_time_to_peak_hurdle_value_given_signal_min,0.0,0.0
9,kinematic_shell_kinetics_shell_gt20mm_time_to_peak_hurdle_value_given_signal_max,0.0,0.0
9,kinematic_shell_kinetics_shell_gt20mm_time_to_peak_hurdle_value_given_signal_iqr,0.0,0.0
9,kinematic_shell_kinetics_shell_5_10mm_washout_slope_hurdle_value_given_signal_sd,0.0,0.0
9,kinematic_shell_kinetics_shell_5_10mm_washin_slope_hurdle_value_given_signal_min,0.0,0.0
9,kinematic_shell_kinetics_shell_5_10mm_washin_slope_hurdle_value_given_signal_iqr,0.0,0.0
9,kinematic_shell_kinetics_shell_5_10mm_time_to_peak_hurdle_value_given_signal_iqr,0.0,0.0
9,kinematic_shell_kinetics_shell_2_5mm_washout_slope_hurdle_value_given_signal_q90,-0.0002139037433154356,0.000372203440602883
9,kinematic_shell_kinetics_shell_2_5mm_washout_slope_hurdle_value_given_signal_min,0.0,0.0
9,kinematic_shell_kinetics_shell_10_20mm_time_to_enhancement_hurdle_valid_fraction,0.0,0.0
9,kinematic_shell_kinetics_shell_0_2mm_washout_slope_hurdle_value_given_signal_q90,0.0,0.0
9,kinematic_shell_kinetics_inside_tumor_washin_slope_hurdle_value_given_signal_q90,0.0,0.0
9,kinematic_shell_kinetics_inside_tumor_washin_slope_hurdle_value_given_signal_min,0.0,0.0
9,kinematic_shell_kinetics_inside_tumor_time_to_peak_hurdle_value_given_signal_iqr,0.0,0.0
9,kinematic_peritumoral_multi_scale_contrasts_core_shell_gradient_per_mm_ttp_slope,0.0,0.0
9,kinematic_peritumoral_multi_scale_contrasts_core_shell_gradient_per_mm_tte_slope,0.0,0.0
9,kinematic_peritumoral_multi_scale_contrasts_core_shell_gradient_per_mm_auc_slope,0.0,0.0
9,kinematic_boundary_caliber_gradient_outside_minus_inside_length_weighted_mean_mm,0.0,0.0
9,kinematic_shell_kinetics_shell_gt20mm_washout_slope_hurdle_value_given_signal_q90,0.0,0.0
9,kinematic_shell_kinetics_shell_gt20mm_washout_slope_hurdle_value_given_signal_max,0.0,0.0
9,kinematic_shell_kinetics_shell_5_10mm_washout_slope_hurdle_value_given_signal_q90,0.0,0.0
9,kinematic_shell_kinetics_shell_10_20mm_washin_slope_hurdle_value_given_signal_min,0.0,0.0
9,kinematic_shell_kinetics_inside_tumor_washout_slope_hurdle_value_given_signal_q90,0.0,0.0
9,kinematic_shell_kinetics_inside_tumor_washout_slope_hurdle_value_given_signal_min,0.0,0.0
9,kinematic_shell_kinetics_inside_tumor_washout_slope_hurdle_value_given_signal_iqr,0.0,0.0
9,kinematic_peritumoral_multi_scale_contrasts_core_shell_gradient_per_mm_peak_slope,0.0,0.0
9,kinematic_shell_kinetics_shell_2_5mm_washin_slope_hurdle_value_given_signal_median,-0.00019607843137253722,0.0007828945189304056
9,kinematic_shell_kinetics_shell_10_20mm_washout_slope_hurdle_value_given_signal_q90,0.0,0.0
9,kinematic_shell_kinetics_shell_10_20mm_washout_slope_hurdle_value_given_signal_max,0.0,0.0
9,kinematic_shell_kinetics_shell_0_2mm_washin_slope_hurdle_value_given_signal_median,0.0,0.0
9,kinematic_arrival_delay_vs_reference_all_segments_hurdle_value_given_signal_median,0.0,0.0
9,kinematic_shell_kinetics_shell_5_10mm_washin_slope_hurdle_value_given_signal_median,-0.00014260249554364223,0.0002495543672014354
9,kinematic_shell_kinetics_shell_2_5mm_washout_slope_hurdle_value_given_signal_median,0.0,0.0
9,kinematic_shell_kinetics_shell_2_5mm_auc_rel_reference_hurdle_value_given_signal_sd,0.0,0.0
9,kinematic_shell_kinetics_shell_0_2mm_auc_rel_reference_hurdle_value_given_signal_sd,0.0,0.0
9,kinematic_shell_kinetics_inside_tumor_washin_slope_hurdle_value_given_signal_median,0.0,0.0
9,kinematic_peritumoral_multi_scale_contrasts_core_shell_gradient_per_mm_washin_slope,0.0,0.0
9,kinematic_boundary_caliber_gradient_gradient_mm_per_mm_hurdle_value_given_signal_sd,0.00012477718360072166,0.0005290845661196212
9,kinematic_shell_kinetics_shell_5_10mm_peak_enhancement_hurdle_value_given_signal_iqr,0.0002495543672013989,0.000547675276140375
9,kinematic_shell_kinetics_shell_5_10mm_auc_rel_reference_hurdle_value_given_signal_sd,0.0,0.0
9,kinematic_shell_kinetics_shell_2_5mm_auc_rel_reference_hurdle_value_given_signal_q90,0.0,0.0
9,kinematic_shell_kinetics_shell_0_2mm_auc_rel_reference_hurdle_value_given_signal_q90,0.0,0.0
9,kinematic_shell_kinetics_inside_tumor_auc_rel_reference_hurdle_value_given_signal_sd,0.0,0.0
9,kinematic_peritumoral_multi_scale_contrasts_core_shell_gradient_per_mm_washout_slope,0.0,0.0
9,kinematic_boundary_caliber_gradient_gradient_mm_per_mm_hurdle_value_given_signal_q90,0.0,0.0
9,kinematic_boundary_caliber_gradient_gradient_mm_per_mm_hurdle_value_given_signal_min,0.0,0.0
9,kinematic_boundary_caliber_gradient_gradient_mm_per_mm_hurdle_value_given_signal_max,1.7825311942976095e-05,0.00038603222509285074
9,kinematic_shell_kinetics_shell_2_5mm_time_to_enhancement_hurdle_value_given_signal_sd,0.0,0.0
9,kinematic_shell_kinetics_shell_0_2mm_time_to_enhancement_hurdle_value_given_signal_sd,0.0,0.0
9,kinematic_shell_kinetics_inside_tumor_auc_rel_reference_hurdle_value_given_signal_q90,0.0,0.0
9,kinematic_boundary_caliber_gradient_outside_over_inside_hurdle_value_given_signal_q90,0.00012477718360069944,0.0001791421679344182
9,kinematic_boundary_caliber_gradient_outside_over_inside_hurdle_value_given_signal_min,0.0,0.0
9,kinematic_boundary_caliber_gradient_gradient_mm_per_mm_hurdle_value_given_signal_mean,0.0,0.0
9,kinematic_arrival_delay_vs_reference_near_tumor_segments_hurdle_value_given_signal_sd,0.0,0.0
9,kinematic_shell_kinetics_shell_5_10mm_time_to_enhancement_hurdle_value_given_signal_sd,0.00040998217468809497,0.002734951268191023
9,kinematic_shell_kinetics_shell_2_5mm_washin_rel_reference_hurdle_value_given_signal_sd,0.0,0.0
9,kinematic_shell_kinetics_shell_2_5mm_time_to_enhancement_hurdle_value_given_signal_q90,-0.0002673796791443528,0.00016434125592322543
9,kinematic_shell_kinetics_shell_2_5mm_time_to_enhancement_hurdle_value_given_signal_iqr,0.0,0.0
9,kinematic_shell_kinetics_shell_0_2mm_washin_rel_reference_hurdle_value_given_signal_sd,0.0,0.0
9,kinematic_shell_kinetics_shell_0_2mm_time_to_enhancement_hurdle_value_given_signal_iqr,0.0,0.0
9,kinematic_shell_kinetics_inside_tumor_time_to_enhancement_hurdle_value_given_signal_sd,0.0,0.0
9,kinematic_arrival_delay_vs_reference_near_tumor_segments_hurdle_value_given_signal_q90,0.0,0.0
9,kinematic_arrival_delay_vs_reference_near_tumor_segments_hurdle_value_given_signal_min,0.0,0.0
9,kinematic_arrival_delay_vs_reference_near_tumor_segments_hurdle_value_given_signal_max,0.0,0.0
9,kinematic_arrival_delay_vs_reference_near_tumor_segments_hurdle_value_given_signal_iqr,0.0,0.0
9,kinematic_shell_kinetics_shell_gt20mm_time_to_enhancement_hurdle_value_given_signal_q90,0.0,0.0
9,kinematic_shell_kinetics_shell_gt20mm_time_to_enhancement_hurdle_value_given_signal_min,0.0,0.0
9,kinematic_shell_kinetics_shell_gt20mm_time_to_enhancement_hurdle_value_given_signal_iqr,0.0,0.0
9,kinematic_shell_kinetics_shell_5_10mm_washin_rel_reference_hurdle_value_given_signal_sd,0.0,0.0
9,kinematic_shell_kinetics_shell_5_10mm_time_to_enhancement_hurdle_value_given_signal_iqr,-0.0005882352941176227,0.0003291655135939009
9,kinematic_shell_kinetics_shell_2_5mm_washin_rel_reference_hurdle_value_given_signal_q90,0.0,0.0
9,kinematic_shell_kinetics_shell_2_5mm_washin_rel_reference_hurdle_value_given_signal_min,0.0,0.0
9,kinematic_shell_kinetics_shell_0_2mm_washin_rel_reference_hurdle_value_given_signal_q90,0.0006773618538324921,0.0005737424933843203
9,kinematic_shell_kinetics_shell_0_2mm_washin_rel_reference_hurdle_value_given_signal_min,0.0,0.0
9,kinematic_shell_kinetics_inside_tumor_washin_rel_reference_hurdle_value_given_signal_sd,0.0,0.0
9,kinematic_shell_kinetics_inside_tumor_time_to_enhancement_hurdle_value_given_signal_iqr,0.0,0.0
9,kinematic_boundary_caliber_gradient_gradient_mm_per_mm_hurdle_value_given_signal_median,0.0,0.0
9,kinematic_arrival_delay_vs_reference_near_tumor_segments_hurdle_value_given_signal_mean,0.0,0.0
9,kinematic_shell_kinetics_shell_5_10mm_washin_rel_reference_hurdle_value_given_signal_q90,0.0005347593582888277,0.0005227407593089321
9,kinematic_shell_kinetics_shell_5_10mm_washin_rel_reference_hurdle_value_given_signal_min,0.0,0.0
9,kinematic_shell_kinetics_shell_10_20mm_time_to_enhancement_hurdle_value_given_signal_min,0.0,0.0
9,kinematic_shell_kinetics_shell_10_20mm_time_to_enhancement_hurdle_value_given_signal_iqr,0.0,0.0
9,kinematic_shell_kinetics_inside_tumor_washin_rel_reference_hurdle_value_given_signal_q90,0.0,0.0
9,kinematic_shell_kinetics_shell_10_20mm_washin_rel_reference_hurdle_value_given_signal_min,0.0,0.0
9,kinematic_arrival_delay_vs_reference_near_tumor_segments_hurdle_value_given_signal_median,0.0,0.0
9,kinematic_shell_kinetics_shell_gt20mm_time_to_enhancement_hurdle_value_given_signal_median,0.0,0.0
9,kinematic_shell_kinetics_shell_5_10mm_washin_rel_reference_hurdle_value_given_signal_median,-0.00017825311942953892,0.0006573650236929017
9,kinematic_shell_kinetics_shell_10_20mm_time_to_enhancement_hurdle_value_given_signal_median,0.0,0.0
9,kinematic_core_to_periphery_peak_ratio,0.0,0.0
9,morph_seg_length_cv,0.0013190730837790098,0.00047963009080476056
9,morph_radius_cv,-0.00019607843137251502,0.0008893026512133105
9,morph_bifurcation_density_per_length,0.0007843137254902377,0.0010246066212620246
9,morph_bif_angle_sum,0.0,0.0
9,morph_seg_volume_sum,0.0,0.0
9,morph_seg_length_sum,0.0,0.0
9,morph_seg_volume_max,0.00010695187165777886,0.0005534465132356358
9,morph_seg_volume_std,0.00032085561497329217,0.0008353208209525742
9,morph_seg_length_max,0.00044563279857402495,0.0007656588803891048
9,morph_seg_volume_mean,0.006541889483065999,0.005526450429902932
9,morph_seg_length_std,-0.0018003565062388316,0.005745421850138083
9,morph_bif_angle_mean,0.008324420677361888,0.0031667407916037703
9,morph_bif_angle_std,-0.0012477718360070944,0.0018998805838822503
9,morph_seg_tortuosity_max,-0.002620320855614955,0.005006374601993165
9,morph_curvature_mean_max,-0.0010160427807486272,0.0013387984121658101
9,morph_radius_mean_max,0.0,0.0
9,morph_radius_mean_mean,0.0009625668449197878,0.0015275782734851069
9,morph_radius_mean_std,-0.00039215686274508555,0.0010807491188038788
9,morph_seg_tortuosity_std,-0.0001960784313725261,0.0005132328003168444
9,morph_curvature_mean_mean,0.0010338680926916476,0.001056967349759275
9,morph_curvature_mean_std,0.0,0.0
9,morph_seg_tortuosity_mean,0.0002852049910873733,0.0003839689702056669
9,morph_bifurcation_per_segment,0.0033155080213903786,0.0019529905062106788
9,morph_seg_dup_fraction,0.0007664884135472283,0.0006859850768233339
9,morph_bif_angle_max,0.0,0.0
9,morph_seg_tortuosity_invalid_n,0.0,0.0
9,tumor_size_outer_to_inner_shell_ratio,0.0037254901960784735,0.0020016007777767767
9,tumor_size_tumor_r8_region_voxels,0.002032085561497354,0.000957270701040816
9,tumor_size_tumor_voxels,0.00021390374331555772,0.0006112808627266686
9,tumor_size_shell_0_2_over_tumor,0.0,0.0
10,clinical_post,0.0,0.0
10,clinical_luminal_b,-0.0025967143614202826,0.0006272842573596214
10,clinical_luminal_a,0.08956014838367773,0.04033340337687573
10,clinical_triple_negative,-0.004274863098392545,0.0022770369961945896
10,clinical_pre (<6 months since LMP AND no prior bilateral ovariectomy AND not on estrogen replacement),0.0,0.0
10,clinical_pre (< 6 months since LMP AND no prior bilateral ovariectomy AND not on estrogen replacement),0.0,0.0
10,age,-0.0012012012012012408,0.0007012695015466762
10,normalized_ratios_near_length_per_tumor_equiv_radius,0.0,0.0
10,caliber_heterogeneity_near_tumor_near_radius_cv,0.0,0.0
10,normalized_ratios_near_volume_per_skeleton_edge,0.0,0.0
10,per_shell_topology_shell_5_10mm_shell_volume_density_mm3_per_shell_mm3,0.0,0.0
10,per_shell_topology_shell_10_20mm_shell_volume_density_mm3_per_shell_mm3,-0.00026497085320618117,0.0008734665476118201
10,per_shell_topology_shell_2_5mm_shell_volume_density_mm3_per_shell_mm3,0.0,0.0
10,per_shell_topology_shell_gt20mm_shell_volume_density_mm3_per_shell_mm3,0.00017664723547075045,0.00023699713593002594
10,per_shell_topology_shell_5_10mm_shell_length_density_mm_per_shell_mm3,0.0,0.0
10,per_shell_topology_shell_10_20mm_shell_length_density_mm_per_shell_mm3,0.0,0.0
10,normalized_ratios_near_volume_per_shell_voxel,0.0,0.0
10,per_shell_topology_shell_10_20mm_node_density_per_shell_voxel,0.0,0.0
10,per_shell_topology_shell_2_5mm_node_density_per_shell_mm3,0.0,0.0
10,per_shell_topology_shell_gt20mm_shell_length_density_mm_per_shell_mm3,-0.0012718600953895431,0.0010324422678821806
10,per_shell_topology_shell_5_10mm_endpoint_density_per_shell_mm3,0.0005122769828651786,0.0007302606115030622
10,per_shell_topology_shell_5_10mm_endpoint_density_per_shell_voxel,0.0,0.0
10,per_shell_topology_shell_gt20mm_edge_density_per_shell_voxel,-0.0001413177883766603,0.0022215452990301753
10,per_shell_topology_shell_2_5mm_endpoint_density_per_shell_voxel,0.0,0.0
10,per_shell_topology_shell_10_20mm_endpoint_density_per_shell_mm3,0.0013955131602190196,0.0013761488573440822
10,per_shell_topology_shell_10_20mm_endpoint_density_per_shell_voxel,-0.0008125772831655831,0.0023951176480025774
10,per_shell_topology_shell_10_20mm_bifurcation_density_per_shell_mm3,0.0,0.0
10,per_shell_topology_shell_gt20mm_bifurcation_density_per_shell_mm3,0.0,0.0
10,per_shell_topology_shell_gt20mm_endpoint_density_per_shell_mm3,-0.0004592828122240267,0.000607830790817329
10,per_shell_topology_shell_gt20mm_bifurcation_density_per_shell_voxel,0.0,0.0
10,per_shell_topology_shell_gt20mm_endpoint_density_per_shell_voxel,0.0,0.0
10,normalized_ratios_inside_volume_per_tumor_voxel,0.0,0.0
10,per_shell_topology_shell_0_2mm_node_density_per_shell_mm3,0.0,0.0
10,normalized_ratios_crossing_length_per_tumor_equiv_surface,0.0,0.0
10,per_shell_topology_shell_2_5mm_cycle_density_per_shell_mm3,0.0,0.0
10,per_shell_topology_shell_0_2mm_cycle_density_per_shell_mm3,0.0,0.0
10,per_shell_topology_inside_tumor_node_density_per_shell_mm3,0.0,0.0
10,per_shell_topology_shell_5_10mm_cycle_density_per_shell_mm3,0.0,0.0
10,per_shell_topology_shell_0_2mm_edge_density_per_shell_voxel,-0.000547606429959413,0.0017987685362342895
10,per_shell_topology_inside_tumor_cycle_density_per_shell_mm3,0.0,0.0
10,per_shell_topology_shell_10_20mm_cycle_density_per_shell_mm3,0.0,0.0
10,per_shell_topology_shell_2_5mm_bifurcation_density_per_shell_mm3,7.0658894188258e-05,0.00028701778500744965
10,per_shell_topology_shell_0_2mm_bifurcation_density_per_shell_mm3,0.0,0.0
10,per_shell_topology_shell_5_10mm_bifurcation_density_per_shell_mm3,-2.2204460492503132e-17,0.001428550900487946
10,per_shell_topology_inside_tumor_bifurcation_density_per_shell_mm3,0.0,0.0
10,per_shell_topology_shell_gt20mm_shell_region_voxels,0.0,0.0
10,per_shell_topology_shell_gt20mm_shell_region_volume_mm3,0.0,0.0
10,per_shell_topology_shell_10_20mm_shell_region_voxels,-0.00022964140611204665,0.0025501523223263062
10,per_shell_topology_shell_10_20mm_shell_region_volume_mm3,0.005370075958311182,0.0054160169147934025
10,per_shell_topology_shell_2_5mm_shell_region_voxels,7.065889418823579e-05,0.0006850633962079346
10,per_shell_topology_inside_tumor_shell_region_volume_mm3,0.0039568980745450675,0.004470396758656758
10,graph_totals_total_volume_burden_mm3,0.0,0.0
10,per_shell_topology_shell_0_2mm_shell_region_volume_mm3,-0.003214979685567976,0.001370126792415839
10,graph_totals_total_length_mm,0.0,0.0
10,per_shell_topology_shell_gt20mm_node_count,0.0,0.0
10,per_shell_topology_shell_10_20mm_shell_volume_burden_mm3,-0.0001413177883766381,0.0014984850775798275
10,per_shell_topology_shell_gt20mm_shell_region_volume_per_tumor_mm3,-0.0005122769828652784,0.002841166370676559
10,per_shell_topology_shell_5_10mm_shell_volume_burden_mm3,0.0,0.0
10,per_shell_topology_shell_10_20mm_shell_length_mm,0.0,0.0
10,per_shell_topology_shell_5_10mm_shell_length_mm,0.0,0.0
10,per_shell_topology_shell_gt20mm_bifurcation_count,-0.0016074898427839712,0.0009689869741672885
10,per_shell_topology_shell_2_5mm_shell_volume_burden_mm3,0.0,0.0
10,graph_tumor_r8_skel_voxels,0.0,0.0
10,per_shell_topology_shell_gt20mm_endpoint_count,0.0,0.0
10,graph_tumor_shell_r4_8_skel_voxels,0.0,0.0
10,per_shell_topology_shell_10_20mm_endpoint_count,0.0,0.0
10,graph_tumor_r4_skel_voxels,0.0,0.0
10,per_shell_topology_shell_5_10mm_endpoint_count,0.0,0.0
10,per_shell_topology_shell_10_20mm_shell_region_volume_per_tumor_mm3,-0.0021021021021021325,0.003195753057998483
10,graph_tumor_shell_r2_4_skel_voxels,0.0,0.0
10,per_shell_topology_shell_10_20mm_bifurcation_count,0.0,0.0
10,per_shell_topology_shell_2_5mm_endpoint_count,0.0,0.0
10,per_shell_topology_shell_2_5mm_degree_distribution_deg2,0.0,0.0
10,length_weighted_shape_stats_near_tumor_segment_count,0.0,0.0
10,per_shell_topology_shell_10_20mm_degree_distribution_deg0,0.0,0.0
10,length_weighted_shape_stats_near_tumor_length_weighted_tortuosity_quantiles_q90,0.0,0.0
10,caliber_heterogeneity_near_tumor_near_radius_q90_mm,0.0,0.0
10,caliber_heterogeneity_near_tumor_near_radius_q50_mm,0.0,0.0
10,caliber_heterogeneity_near_tumor_near_radius_q25_mm,0.0,0.0
10,length_weighted_shape_stats_near_tumor_length_weighted_tortuosity_quantiles_q50,-0.00031796502384734415,0.00019025489514695065
10,per_shell_topology_shell_2_5mm_shell_region_volume_per_tumor_mm3,0.0,0.0
10,per_shell_topology_shell_gt20mm_shell_volume_burden_mm3_per_tumor_mm3,0.00033562974739441697,0.0019677740879622025
10,length_weighted_shape_stats_near_tumor_length_weighted_curvature_mean_quantiles_q25,0.0,0.0
10,caliber_heterogeneity_near_tumor_near_radius_q10_mm,0.0,0.0
10,length_weighted_shape_stats_near_tumor_length_weighted_curvature_mean_quantiles_q90,0.0,0.0
10,length_weighted_shape_stats_near_tumor_length_weighted_curvature_mean_quantiles_q50,0.0,0.0
10,length_weighted_shape_stats_global_length_weighted_tortuosity_quantiles_q90,-0.0024730612965907506,0.0015030593454288916
10,caliber_heterogeneity_near_tumor_global_node_radius_q90_mm,0.0008832361773538188,0.0006841518011318626
10,length_weighted_shape_stats_global_length_weighted_tortuosity_quantiles_q75,-0.0024200671259495656,0.0013729706802206715
10,caliber_heterogeneity_near_tumor_near_radius_sd_mm,0.0,0.0
10,per_shell_topology_shell_0_2mm_shell_region_volume_per_tumor_mm3,-0.0010068892421834287,0.000918055923701564
10,length_weighted_shape_stats_global_length_weighted_tortuosity_quantiles_q50,-0.0005122769828653118,0.0007636801385344493
10,length_weighted_shape_stats_near_tumor_length_weighted_curvature_mean_quantiles_q10,0.0,0.0
10,length_weighted_shape_stats_global_length_weighted_tortuosity_mean,8.832361773540854e-05,0.00022690748240002473
10,per_shell_topology_shell_gt20mm_shell_length_mm_per_tumor_mm3,0.0005122769828651786,0.0024444428870684103
10,length_weighted_shape_stats_global_length_weighted_tortuosity_quantiles_q25,0.0,0.0
10,per_shell_topology_shell_gt20mm_shell_volume_fraction_of_total_graph_volume,0.0,0.0
10,length_weighted_shape_stats_global_length_weighted_curvature_mean_quantiles_q10,-0.0011128775834658654,0.0007782508663455248
10,length_weighted_shape_stats_global_length_weighted_curvature_mean_quantiles_q90,-0.0007595831125243424,0.000914650660024684
10,length_weighted_shape_stats_global_length_weighted_curvature_mean_quantiles_q50,0.0,0.0
10,length_weighted_shape_stats_global_length_weighted_curvature_mean_quantiles_q75,-0.0015898251192368984,0.001456670420638636
10,length_weighted_shape_stats_global_length_weighted_curvature_mean_quantiles_q25,0.0,0.0
10,graph_skel_per_tumor_voxel,0.0010422186892774742,0.002014785431764929
10,length_weighted_shape_stats_global_length_weighted_curvature_mean,0.0,0.0
10,per_shell_topology_shell_10_20mm_shell_volume_fraction_of_total_graph_volume,0.0,0.0
10,length_weighted_shape_stats_global_length_weighted_tortuosity_quantiles_q10,0.00033562974739441697,0.000929540513472736
10,per_shell_topology_shell_10_20mm_shell_volume_burden_mm3_per_tumor_mm3,0.0,0.0
10,graph_tumor_r8_skel_frac_skeleton,0.0,0.0
10,per_shell_topology_shell_5_10mm_shell_length_fraction_of_total_graph_length,0.0,0.0
10,graph_tumor_shell_r4_8_skel_frac_skeleton,0.0,0.0
10,per_shell_topology_shell_5_10mm_shell_volume_burden_mm3_per_tumor_mm3,0.0,0.0
10,per_shell_topology_shell_10_20mm_shell_length_mm_per_tumor_mm3,0.001042218689277452,0.0018074215038960306
10,per_shell_topology_shell_2_5mm_shell_length_fraction_of_total_graph_length,0.0,0.0
10,graph_tumor_shell_r2_4_skel_frac_skeleton,0.0,0.0
10,per_shell_topology_shell_2_5mm_shell_length_mm_per_tumor_mm3,0.0,0.0
10,graph_tumor_shell_r4_8_skel_frac_shell,0.0009715597950891941,0.000932222208228857
10,graph_tumor_r8_skel_frac_region,0.0,0.0
10,graph_tumor_shell_r2_4_skel_frac_shell,-0.0004946122593181612,0.0002713706323218412
10,graph_tumor_r4_skel_frac_region,0.0,0.0
10,graph_tumor_r2_skel_frac_region,-0.00022964140611202443,0.0007023810405253906
10,graph_tumor_r2_skel_frac_skeleton,0.0,0.0
10,graph_skel_in_tumor_frac_skeleton,0.0,0.0
10,per_shell_topology_shell_0_2mm_node_count,0.0,0.0
10,per_shell_topology_shell_0_2mm_endpoint_count,0.0,0.0
10,per_shell_topology_inside_tumor_endpoint_count,0.0,0.0
10,directional_near_boundary_tangential_alignment_mean,0.0,0.0
10,per_shell_topology_shell_2_5mm_degree_distribution_deg0,0.0,0.0
10,per_shell_topology_shell_0_2mm_degree_distribution_deg2,0.0,0.0
10,per_shell_topology_shell_0_2mm_degree_distribution_deg0,0.0,0.0
10,directional_near_boundary_normal_alignment_abs_cos_mean,0.0,0.0
10,per_shell_topology_shell_gt20mm_degree_distribution_deg0,0.0,0.0
10,per_shell_topology_shell_5_10mm_degree_distribution_deg0,0.0,0.0
10,per_shell_topology_inside_tumor_degree_distribution_deg2,0.0,0.0
10,per_shell_topology_inside_tumor_degree_distribution_deg0,0.0,0.0
10,per_shell_topology_shell_2_5mm_degree_distribution_deg4plus,0.0,0.0
10,per_shell_topology_shell_gt20mm_degree_distribution_deg4plus,0.0,0.0
10,per_shell_topology_shell_5_10mm_degree_distribution_deg4plus,0.0,0.0
10,per_shell_topology_inside_tumor_degree_distribution_deg4plus,0.0,0.0
10,per_shell_topology_shell_10_20mm_degree_distribution_deg4plus,0.0,0.0
10,directional_near_boundary_radial_alignment_abs_cos_quantiles_q90,0.0,0.0
10,directional_near_boundary_radial_alignment_abs_cos_quantiles_q10,0.0,0.0
10,directional_near_boundary_normal_alignment_abs_cos_quantiles_q90,0.0,0.0
10,directional_near_boundary_normal_alignment_abs_cos_quantiles_q25,-0.0011658717541070396,0.0012192498800026365
10,directional_near_boundary_normal_alignment_abs_cos_quantiles_q10,0.0,0.0
10,per_shell_topology_shell_0_2mm_shell_volume_burden_mm3_per_tumor_mm3,0.0,0.0
10,per_shell_topology_shell_0_2mm_shell_volume_fraction_of_total_graph_volume,0.0,0.0
10,caliber_heterogeneity_near_tumor_near_high_radius_tail_fraction_vs_global_q90,0.0,0.0
10,graph_core_to_periphery_length_ratio,0.0,0.0
10,graph_crossing_fraction_of_near_burden,0.0,0.0
10,kinematic_reference_normalized_signal_all_segments_washin_rel_reference_hurdle_value_given_signal_max,-0.002667373255608596,0.001201850464099956
10,kinematic_normalized_shell_burdens_shell_gt20mm_kinetic_auc_weighted_volume_mm3,0.0,0.0
10,kinematic_reference_normalized_signal_all_segments_washin_rel_reference_hurdle_value_given_signal_q90,0.0,0.0
10,kinematic_reference_normalized_signal_all_segments_auc_rel_reference_hurdle_value_given_signal_max,0.0,0.0
10,kinematic_reference_normalized_signal_all_segments_peak_rel_reference_hurdle_value_given_signal_q90,0.0,0.0
10,kinematic_reference_normalized_signal_near_tumor_segments_peak_rel_reference_hurdle_value_given_signal_max,0.0,0.0
10,kinematic_reference_normalized_signal_all_segments_auc_rel_reference_hurdle_value_given_signal_iqr,-0.00015898251192378866,0.0004898577856867114
10,kinematic_reference_normalized_signal_all_segments_auc_rel_reference_hurdle_value_given_signal_median,0.0,0.0
10,kinematic_reference_normalized_signal_all_segments_peak_rel_reference_hurdle_value_given_signal_median,0.0,0.0
10,kinematic_reference_normalized_signal_near_tumor_segments_auc_rel_reference_hurdle_value_given_signal_median,0.0,0.0
10,kinematic_reference_normalized_signal_all_segments_peak_rel_reference_hurdle_value_given_signal_iqr,0.0,0.0
10,kinematic_reference_normalized_signal_all_segments_washin_rel_reference_hurdle_value_given_signal_median,-5.299417064127399e-05,0.0006420343347601446
10,kinematic_normalized_shell_burdens_shell_10_20mm_kinetic_auc_weighted_volume_mm3,0.0,0.0
10,kinematic_reference_normalized_signal_near_tumor_segments_peak_rel_reference_hurdle_value_given_signal_min,0.0,0.0
10,kinematic_normalized_shell_burdens_shell_5_10mm_kinetic_auc_weighted_volume_mm3,0.0,0.0
10,kinematic_normalized_shell_burdens_shell_10_20mm_auc_weighted_volume_per_shell_segment,0.0,0.0
10,kinematic_normalized_shell_burdens_shell_gt20mm_auc_weighted_volume_per_shell_segment,0.0,0.0
10,kinematic_normalized_shell_burdens_shell_5_10mm_auc_weighted_volume_per_shell_segment,0.0,0.0
10,kinematic_reference_normalized_signal_all_segments_peak_rel_reference_hurdle_value_given_signal_min,0.0,0.0
10,kinematic_normalized_shell_burdens_shell_10_20mm_auc_weighted_volume_per_shell_length_mm,0.0,0.0
10,kinematic_normalized_shell_burdens_shell_5_10mm_auc_weighted_volume_per_shell_length_mm,-3.5329447094212266e-05,0.0008501119530482914
10,kinematic_normalized_shell_burdens_shell_gt20mm_auc_weighted_volume_per_shell_length_mm,0.0,0.0
10,kinematic_shell_contrasts_5_10mm_vs_10_20mm_tte_ratio,0.0,0.0
10,kinematic_normalized_shell_burdens_shell_gt20mm_auc_weighted_volume_per_tumor_mm3,0.0,0.0
10,kinematic_shell_contrasts_5_10mm_vs_10_20mm_ttp_ratio,0.0,0.0
10,kinematic_shell_contrasts_5_10mm_vs_10_20mm_peak_ratio,0.00014131778837662702,0.0005168252548428658
10,kinematic_normalized_shell_burdens_shell_10_20mm_auc_weighted_volume_per_tumor_mm3,0.0,0.0
10,kinematic_reference_normalized_signal_all_segments_peak_rel_reference_hurdle_has_signal_fraction,0.0,0.0
10,kinematic_normalized_shell_burdens_shell_10_20mm_auc_weighted_volume_per_shell_mm3,0.0,0.0
10,kinematic_normalized_shell_burdens_shell_5_10mm_auc_weighted_volume_per_tumor_mm3,0.0,0.0
10,kinematic_normalized_shell_burdens_shell_10_20mm_auc_weighted_volume_per_shell_voxel,0.000406288641582675,0.001177191809330208
10,kinematic_kinetic_topology_coupling_early_bifurcation_density_per_tumor_mm3,0.00021197668256482948,0.002849227366706369
10,kinematic_normalized_shell_burdens_shell_gt20mm_auc_weighted_volume_per_shell_mm3,0.0,0.0
10,kinematic_normalized_shell_burdens_shell_5_10mm_auc_weighted_volume_per_shell_voxel,0.0,0.0
10,kinematic_normalized_shell_burdens_shell_gt20mm_auc_weighted_volume_per_shell_voxel,0.0,0.0
10,kinematic_reference_normalized_signal_reference_auc_positive,0.0,0.0
10,kinematic_reference_normalized_signal_reference_washin_slope,-0.00030030030030036013,0.001011835611490558
10,kinematic_temporal_heterogeneity_near_tumor_cv_auc,0.0,0.0
10,kinematic_shell_contrasts_0_2mm_vs_2_5mm_ttp_ratio,0.0,0.0
10,kinematic_shell_contrasts_inside_vs_2_5mm_ttp_ratio,0.0,0.0
10,kinematic_shell_contrasts_inside_vs_0_2mm_ttp_ratio,0.0004946122593181057,0.0013949540379720657
10,kinematic_shell_contrasts_0_2mm_vs_2_5mm_washin_ratio,0.0,0.0
10,kinematic_shell_contrasts_inside_vs_2_5mm_washin_ratio,0.0,0.0
10,kinematic_shell_contrasts_inside_vs_0_2mm_washin_ratio,0.0,0.0
10,kinematic_temporal_heterogeneity_near_tumor_cv_tte_time,0.0,0.0
10,kinematic_shell_contrasts_5_10mm_vs_10_20mm_washin_ratio,0.0,0.0
10,kinematic_temporal_heterogeneity_near_tumor_cv_washin_slope,0.0,0.0
10,kinematic_temporal_heterogeneity_near_tumor_cv_washout_slope,0.0,0.0
10,kinematic_component_invasion_crossing_length_concentration_max_fraction,0.0,0.0
10,kinematic_normalized_shell_burdens_shell_2_5mm_kinetic_auc_weighted_volume_mm3,0.0,0.0
10,kinematic_normalized_shell_burdens_shell_0_2mm_kinetic_auc_weighted_volume_mm3,0.0,0.0
10,kinematic_normalized_shell_burdens_inside_tumor_kinetic_auc_weighted_volume_mm3,0.0,0.0
10,kinematic_normalized_shell_burdens_shell_2_5mm_peak_weighted_volume_per_shell_length_mm,0.0,0.0
10,kinematic_reference_normalized_signal_near_tumor_segments_peak_rel_reference_hurdle_valid_fraction,0.0,0.0
10,kinematic_reference_normalized_signal_all_segments_washin_rel_reference_hurdle_value_given_signal_min,0.0,0.0
10,kinematic_reference_normalized_signal_near_tumor_segments_auc_rel_reference_hurdle_value_given_signal_sd,0.0,0.0
10,kinematic_reference_normalized_signal_near_tumor_segments_washin_rel_reference_hurdle_value_given_signal_sd,0.0,0.0
10,kinematic_reference_normalized_signal_near_tumor_segments_washin_rel_reference_hurdle_value_given_signal_q90,0.0011835364776540901,0.0025007284739992338
10,kinematic_reference_normalized_signal_near_tumor_segments_washin_rel_reference_hurdle_value_given_signal_min,0.0,0.0
10,kinematic_reference_normalized_signal_near_tumor_segments_washin_rel_reference_hurdle_value_given_signal_median,-0.0001413177883766603,0.0028503223390256086
10,kinematic_shell_kinetics_shell_10_20mm_auc_rel_reference_hurdle_value_given_signal_max,-0.002543720190779042,0.0016366344917011658
10,kinematic_shell_kinetics_shell_10_20mm_washin_rel_reference_hurdle_value_given_signal_max,-0.0016958134605193909,0.002590397849118296
10,kinematic_shell_kinetics_shell_10_20mm_peak_rel_reference_hurdle_value_given_signal_q90,0.0,0.0
10,kinematic_shell_kinetics_shell_10_20mm_auc_rel_reference_hurdle_value_given_signal_mean,8.832361773536412e-05,0.000787022413352623
10,kinematic_shell_kinetics_shell_10_20mm_peak_rel_reference_hurdle_value_given_signal_median,0.0,0.0
10,kinematic_shell_kinetics_shell_5_10mm_peak_rel_reference_hurdle_value_given_signal_max,-0.0011128775834658544,0.00045415863388736797
10,kinematic_shell_kinetics_shell_10_20mm_auc_rel_reference_hurdle_value_given_signal_iqr,-0.001430842607313243,0.001129575854354204
10,kinematic_shell_kinetics_shell_10_20mm_peak_rel_reference_hurdle_value_given_signal_iqr,-0.005758699876346973,0.003083190140154945
10,kinematic_shell_kinetics_shell_5_10mm_auc_rel_reference_hurdle_value_given_signal_median,-0.0005476064299594241,0.0007878149839596499
10,kinematic_shell_kinetics_shell_gt20mm_peak_rel_reference_hurdle_value_given_signal_sd,0.0,0.0
10,kinematic_shell_kinetics_shell_10_20mm_washin_rel_reference_hurdle_value_given_signal_mean,-0.00014131778837664922,0.0005901181094679521
10,kinematic_shell_kinetics_shell_10_20mm_washin_rel_reference_hurdle_value_given_signal_iqr,0.0015191662250485516,0.0045848040460144445
10,kinematic_shell_kinetics_shell_10_20mm_peak_rel_reference_hurdle_value_given_signal_min,0.0,0.0
10,kinematic_shell_kinetics_shell_10_20mm_washin_rel_reference_hurdle_value_given_signal_median,0.0,0.0
10,kinematic_shell_segment_counts_shell_gt20mm,0.0,0.0
10,kinematic_graph_local_propagation_weighted_linear_fit_n,0.0004062886415827527,0.0004472350786494174
10,kinematic_shell_kinetics_shell_5_10mm_peak_rel_reference_hurdle_value_given_signal_min,0.0,0.0
10,kinematic_propagation_speed_speed_positive_delay_mm_per_time_max,0.0,0.0
10,kinematic_kinetic_topology_coupling_early_bifurcation_count,0.0,0.0
10,kinematic_kinetic_topology_coupling_early_cycle_length_burden_mm_ge50,0.0,0.0
10,kinematic_propagation_speed_speed_positive_delay_mm_per_time_q90,0.0,0.0
10,kinematic_shell_kinetics_shell_gt20mm_auc_rel_reference_hurdle_value_given_signal_min,0.0,0.0
10,kinematic_shell_segment_counts_shell_10_20mm,0.0,0.0
10,kinematic_propagation_speed_negative_delay_segment_count,-0.00042395336512986994,0.0006378897751375318
10,kinematic_kinetic_topology_coupling_cycle_count,0.0,0.0
10,kinematic_propagation_speed_speed_positive_delay_mm_per_time_iqr,0.0023494082317610963,0.007591742489973412
10,kinematic_propagation_speed_speed_positive_delay_mm_per_time_sd,-8.832361773539744e-05,0.0007463215041257004
10,kinematic_propagation_speed_speed_positive_delay_mm_per_time_mean,0.0,0.0
10,kinematic_kinetic_topology_coupling_early_cycle_count_all_nodes,0.0,0.0
10,kinematic_propagation_speed_speed_positive_delay_mm_per_time_median,0.0,0.0
10,kinematic_component_invasion_component_count,0.0,0.0
10,kinematic_shell_kinetics_shell_5_10mm_time_to_peak_hurdle_value_given_signal_q90,0.0,0.0
10,kinematic_shell_kinetics_shell_5_10mm_time_to_peak_hurdle_value_given_signal_mean,-0.0014838367779544726,0.0013105272560318788
10,kinematic_shell_kinetics_shell_5_10mm_auc_hurdle_value_given_signal_max,0.0,0.0
10,kinematic_shell_kinetics_shell_10_20mm_auc_hurdle_value_given_signal_max,0.0,0.0
10,kinematic_shell_segment_counts_shell_5_10mm,0.0,0.0
10,kinematic_propagation_speed_delay_all_segments_min,0.0,0.0
10,kinematic_propagation_speed_delay_all_segments_max,0.0,0.0
10,kinematic_shell_contrasts_5_10mm_vs_10_20mm_ttp_delta,0.0,0.0
10,kinematic_graph_local_propagation_distance_binned_dispersion_distance_bin_count,0.0,0.0
10,kinematic_arrival_delay_vs_reference_all_segments_hurdle_value_given_signal_q90,0.0,0.0
10,kinematic_arrival_delay_vs_reference_all_segments_hurdle_value_given_signal_max,0.0,0.0
10,kinematic_shell_kinetics_shell_5_10mm_time_to_peak_hurdle_value_given_signal_min,0.0,0.0
10,kinematic_shell_kinetics_shell_10_20mm_time_to_peak_hurdle_value_given_signal_q90,0.0,0.0
10,kinematic_shell_kinetics_shell_10_20mm_time_to_peak_hurdle_value_given_signal_min,0.0,0.0
10,kinematic_shell_kinetics_shell_10_20mm_time_to_peak_hurdle_value_given_signal_max,0.0,0.0
10,kinematic_shell_kinetics_shell_10_20mm_time_to_peak_hurdle_value_given_signal_iqr,0.0,0.0
10,kinematic_shell_kinetics_shell_gt20mm_time_to_peak_hurdle_value_given_signal_median,0.0,0.0
10,kinematic_shell_kinetics_shell_10_20mm_time_to_peak_hurdle_value_given_signal_median,0.0,0.0
10,kinematic_shell_kinetics_shell_gt20mm_time_to_enhancement_hurdle_value_given_signal_max,0.0,0.0
10,kinematic_shell_kinetics_shell_5_10mm_time_to_enhancement_hurdle_value_given_signal_q90,0.0,0.0
10,kinematic_shell_kinetics_shell_5_10mm_time_to_enhancement_hurdle_value_given_signal_min,0.0,0.0
10,kinematic_shell_kinetics_shell_10_20mm_time_to_enhancement_hurdle_value_given_signal_max,0.0,0.0
10,kinematic_shell_kinetics_shell_5_10mm_time_to_enhancement_hurdle_value_given_signal_median,0.0,0.0
10,kinematic_graph_local_propagation_earliest_arrival_component_near_tumor_largest_component_segments,0.0,0.0
10,kinematic_shell_kinetics_shell_10_20mm_auc_hurdle_value_given_signal_q90,0.00024730612965899733,0.00028701778500745377
10,kinematic_graph_local_propagation_earliest_arrival_component_near_tumor_earliest_threshold_tte,0.0,0.0
10,kinematic_shell_kinetics_shell_10_20mm_auc_hurdle_value_given_signal_median,0.0,0.0
10,kinematic_shell_kinetics_shell_10_20mm_time_to_peak_hurdle_value_given_signal_mean,0.0,0.0
10,kinematic_shell_kinetics_shell_5_10mm_auc_hurdle_value_given_signal_mean,0.0,0.0
10,kinematic_shell_kinetics_shell_10_20mm_auc_hurdle_value_given_signal_iqr,0.0,0.0
10,kinematic_shell_contrasts_5_10mm_vs_10_20mm_washin_delta_norm_l1,0.0,0.0
10,kinematic_shell_contrasts_5_10mm_vs_10_20mm_auc_delta,-0.0008302420067126448,0.0006322391862982956
10,kinematic_shell_kinetics_shell_10_20mm_time_to_enhancement_hurdle_value_given_signal_q90,0.0,0.0
10,kinematic_core_to_periphery_tte_delta,0.0,0.0
10,kinematic_graph_local_propagation_earliest_arrival_component_near_tumor_largest_component_fraction_near_segments,0.0,0.0
10,kinematic_shell_kinetics_shell_10_20mm_time_to_peak_hurdle_value_given_signal_sd,-0.00010598834128252576,0.0004753090989957244
10,kinematic_shell_kinetics_shell_gt20mm_auc_hurdle_value_given_signal_q90,0.0,0.0
10,kinematic_shell_contrasts_5_10mm_vs_10_20mm_washout_delta_norm_l1,0.0,0.0
10,kinematic_shell_kinetics_shell_5_10mm_peak_enhancement_hurdle_value_given_signal_q90,0.0,0.0
10,kinematic_shell_kinetics_shell_gt20mm_auc_hurdle_value_given_signal_median,-1.1102230246251566e-17,0.0002955873614322743
10,kinematic_shell_kinetics_shell_10_20mm_auc_hurdle_value_given_signal_sd,0.0,0.0
10,kinematic_shell_kinetics_shell_10_20mm_time_to_enhancement_hurdle_value_given_signal_mean,0.0,0.0
10,kinematic_shell_kinetics_shell_gt20mm_auc_hurdle_value_given_signal_max,0.0,0.0
10,kinematic_shell_kinetics_shell_gt20mm_time_to_peak_hurdle_value_given_signal_mean,0.0007949125596183881,0.0010810175785758206
10,kinematic_graph_local_propagation_distance_binned_dispersion_distance_bin_monotonic_nondecreasing_fraction,0.0,0.0
10,kinematic_propagation_speed_speed_positive_delay_mm_per_time_min,0.0,0.0
10,kinematic_arrival_delay_vs_reference_all_segments_hurdle_value_given_signal_mean,0.0,0.0
10,kinematic_shell_kinetics_shell_10_20mm_time_to_enhancement_hurdle_value_given_signal_sd,0.0,0.0
10,kinematic_shell_kinetics_shell_gt20mm_auc_hurdle_value_given_signal_iqr,0.0,0.0
10,kinematic_graph_local_propagation_graph_distance_available_fraction,0.0004946122593180835,0.0009733246644731047
10,kinematic_early_enhancing_fraction_count_fraction_near_tumor,0.0,0.0
10,kinematic_shell_kinetics_shell_gt20mm_time_to_peak_hurdle_value_given_signal_iqr,0.0,0.0
10,kinematic_graph_local_propagation_weighted_linear_fit_intercept,-0.00317965023847383,0.006366166385223022
10,kinematic_shell_kinetics_shell_10_20mm_peak_enhancement_hurdle_value_given_signal_median,0.0,0.0
10,kinematic_shell_contrasts_5_10mm_vs_10_20mm_auc_delta_norm_l1,0.0,0.0
10,kinematic_shell_kinetics_shell_10_20mm_peak_enhancement_hurdle_value_given_signal_q90,0.0,0.0
10,kinematic_shell_kinetics_shell_gt20mm_time_to_enhancement_hurdle_value_given_signal_mean,0.0,0.0
10,kinematic_graph_local_propagation_distance_binned_dispersion_mean_tte_std_across_distance_bins,0.0,0.0
10,kinematic_kinetic_topology_coupling_early_cycle_length_fraction_ge50,-0.0006712594947889339,0.0008277954081512053
10,kinematic_shell_contrasts_5_10mm_vs_10_20mm_peak_delta,0.0,0.0
10,kinematic_shell_kinetics_shell_10_20mm_peak_enhancement_hurdle_value_given_signal_iqr,0.0,0.0
10,kinematic_graph_local_propagation_weighted_linear_fit_rmse,-0.0004946122593181724,0.0008009739656424635
10,kinematic_shell_kinetics_shell_gt20mm_time_to_enhancement_hurdle_value_given_signal_sd,-0.0007949125596184992,0.0006943382443749624
10,kinematic_propagation_speed_delay_all_segments_sd,0.0,0.0
10,kinematic_shell_kinetics_shell_10_20mm_auc_hurdle_value_given_signal_min,0.0,0.0
10,kinematic_graph_local_propagation_weighted_linear_fit_mae,0.0,0.0
10,kinematic_arrival_delay_vs_reference_all_segments_hurdle_value_given_signal_sd,0.0,0.0
10,kinematic_early_enhancing_fraction_volume_fraction_all_segments,0.0,0.0
10,kinematic_shell_kinetics_shell_10_20mm_washin_slope_hurdle_value_given_signal_max,0.0,0.0
10,kinematic_kinetic_topology_coupling_early_node_fraction,1.766472354700621e-05,0.0008302420067125778
10,kinematic_early_enhancing_fraction_count_fraction_all_segments,-3.5329447094156754e-05,0.0005518636054341342
10,kinematic_kinetic_topology_coupling_early_bifurcation_fraction_of_bifurcations,0.0,0.0
10,kinematic_shell_kinetics_shell_gt20mm_auc_hurdle_value_given_signal_sd,0.0,0.0
10,kinematic_shell_kinetics_shell_gt20mm_time_to_peak_hurdle_value_given_signal_sd,0.0,0.0
10,kinematic_shell_kinetics_shell_gt20mm_peak_enhancement_hurdle_value_given_signal_median,0.0,0.0
10,kinematic_shell_kinetics_shell_gt20mm_washin_slope_hurdle_value_given_signal_max,0.0,0.0
10,kinematic_arrival_delay_vs_reference_near_tumor_segments_hurdle_valid_fraction,-5.299417064125178e-05,0.0005699440312630862
10,kinematic_shell_kinetics_shell_10_20mm_peak_enhancement_hurdle_value_given_signal_sd,0.0,0.0
10,kinematic_shell_kinetics_shell_gt20mm_peak_enhancement_hurdle_value_given_signal_mean,0.0,0.0
10,kinematic_shell_kinetics_shell_10_20mm_washout_slope_hurdle_value_given_signal_min,0.0,0.0
10,kinematic_shell_kinetics_shell_gt20mm_peak_enhancement_hurdle_value_given_signal_q90,-0.0005122769828652673,0.00048344575811357625
10,kinematic_shell_kinetics_shell_gt20mm_washout_slope_hurdle_value_given_signal_min,-0.0006535947712418277,0.0008510291093761343
10,kinematic_shell_kinetics_shell_10_20mm_washin_slope_hurdle_value_given_signal_q90,-0.00047694753577107727,0.0004936650278213128
10,kinematic_caliber_flow_kinetic_surrogates_tortuosity_weighted_peak_enhancement_mean,0.0,0.0
10,kinematic_shell_kinetics_shell_gt20mm_peak_enhancement_hurdle_value_given_signal_iqr,0.0001413177883765604,0.0015617054305105346
10,kinematic_propagation_speed_delay_all_segments_mean,0.0,0.0
10,kinematic_shell_kinetics_shell_5_10mm_auc_hurdle_value_given_signal_min,0.0,0.0
10,kinematic_shell_kinetics_shell_10_20mm_washin_slope_hurdle_value_given_signal_sd,0.0006006006006005649,0.0010366649532677233
10,kinematic_shell_kinetics_shell_10_20mm_washin_slope_hurdle_value_given_signal_mean,0.0,0.0
10,kinematic_shell_kinetics_shell_gt20mm_washin_slope_hurdle_value_given_signal_q90,-0.0013425189895778233,0.0008839424838860173
10,kinematic_kinetic_topology_coupling_valid_time_node_fraction,0.0,0.0
10,kinematic_shell_kinetics_shell_10_20mm_washin_slope_hurdle_value_given_signal_iqr,0.0,0.0
10,kinematic_arrival_delay_vs_reference_all_segments_hurdle_valid_fraction,0.00017664723547075045,0.0005058407017585747
10,kinematic_shell_kinetics_shell_10_20mm_washout_slope_hurdle_value_given_signal_mean,-0.0005829358770535253,0.0002376545494978882
10,kinematic_shell_kinetics_shell_10_20mm_washout_slope_hurdle_value_given_signal_sd,0.0,0.0
10,kinematic_shell_kinetics_shell_gt20mm_peak_enhancement_hurdle_value_given_signal_sd,0.0002119766825648739,0.0016847368334310586
10,kinematic_shell_kinetics_shell_10_20mm_washout_slope_hurdle_value_given_signal_iqr,0.0,0.0
10,kinematic_graph_local_propagation_weighted_linear_fit_r2,-0.001766472354707649,0.001377395420570097
10,kinematic_shell_kinetics_shell_gt20mm_washout_slope_hurdle_value_given_signal_iqr,-0.00014131778837667142,0.0009239849376874779
10,kinematic_shell_contrasts_5_10mm_vs_10_20mm_washin_delta,0.0,0.0
10,kinematic_shell_kinetics_shell_gt20mm_washin_slope_hurdle_value_given_signal_iqr,-0.00035329447094153423,0.0008972566754425175
10,kinematic_shell_kinetics_shell_5_10mm_time_to_enhancement_hurdle_valid_fraction,0.0,0.0
10,kinematic_shell_kinetics_shell_gt20mm_washin_slope_hurdle_value_given_signal_median,0.0,0.0
10,kinematic_caliber_flow_kinetic_surrogates_radius_weighted_washin_mean,-0.0005122769828652341,0.0014360670614168875
10,kinematic_shell_kinetics_shell_5_10mm_washout_slope_hurdle_value_given_signal_min,0.0,0.0
10,kinematic_shell_kinetics_shell_gt20mm_washin_slope_hurdle_value_given_signal_sd,0.0,0.0
10,kinematic_shell_kinetics_shell_gt20mm_washout_slope_hurdle_value_given_signal_sd,0.0,0.0
10,kinematic_shell_kinetics_shell_gt20mm_washin_slope_hurdle_value_given_signal_mean,0.0007065889418830573,0.0011031616319375217
10,kinematic_shell_contrasts_5_10mm_vs_10_20mm_washout_delta,0.0,0.0
10,kinematic_shell_kinetics_shell_10_20mm_washout_slope_hurdle_value_given_signal_median,0.0,0.0
10,kinematic_shell_kinetics_shell_gt20mm_washout_slope_hurdle_value_given_signal_mean,0.0,0.0
10,kinematic_shell_kinetics_shell_gt20mm_peak_enhancement_hurdle_value_given_signal_max,-0.00042395336512986994,0.0008025307678219892
10,kinematic_caliber_flow_kinetic_surrogates_radius_weighted_washout_mean,-0.001183536477654179,0.00046097821412118727
10,kinematic_shell_kinetics_shell_10_20mm_washin_slope_hurdle_value_given_signal_median,0.0,0.0
10,kinematic_shell_kinetics_shell_gt20mm_washout_slope_hurdle_value_given_signal_median,0.0015368309485956466,0.0015602061449745152
10,kinematic_shell_kinetics_shell_5_10mm_washout_slope_hurdle_value_given_signal_mean,0.0,0.0
10,kinematic_shell_kinetics_shell_5_10mm_washin_slope_hurdle_value_given_signal_max,0.0,0.0
10,kinematic_shell_kinetics_shell_gt20mm_auc_hurdle_value_given_signal_min,0.0,0.0
10,kinematic_shell_kinetics_shell_gt20mm_peak_enhancement_hurdle_value_given_signal_min,0.0,0.0
10,kinematic_kinetic_topology_coupling_early_cycle_length_per_tumor_mm3_ge50,0.0002826355767531652,0.006272942062776935
10,kinematic_graph_local_propagation_slope_tte_vs_graph_distance_from_boundary,-0.0014661720544073774,0.0015781035635392137
10,kinematic_shell_segment_counts_shell_2_5mm,0.0,0.0
10,kinematic_shell_segment_counts_shell_0_2mm,0.0,0.0
10,kinematic_shell_contrasts_0_2mm_vs_2_5mm_ttp_delta,0.0,0.0
10,kinematic_shell_contrasts_0_2mm_vs_2_5mm_tte_delta,0.0,0.0
10,kinematic_shell_contrasts_0_2mm_vs_2_5mm_auc_delta,0.0,0.0
10,kinematic_propagation_speed_delay_all_segments_q90,0.0,0.0
10,kinematic_propagation_speed_delay_all_segments_iqr,0.0,0.0
10,kinematic_shell_contrasts_inside_vs_2_5mm_ttp_delta,0.0,0.0
10,kinematic_shell_contrasts_inside_vs_2_5mm_tte_delta,0.0,0.0
10,kinematic_shell_contrasts_inside_vs_2_5mm_auc_delta,0.0,0.0
10,kinematic_shell_contrasts_inside_vs_0_2mm_ttp_delta,0.0,0.0
10,kinematic_shell_contrasts_inside_vs_0_2mm_tte_delta,0.0,0.0
10,kinematic_shell_contrasts_inside_vs_0_2mm_auc_delta,8.832361773535302e-05,0.0008590578636839955
10,kinematic_shell_contrasts_0_2mm_vs_2_5mm_peak_delta,0.0,0.0
10,kinematic_shell_contrasts_inside_vs_2_5mm_peak_delta,0.0,0.0
10,kinematic_shell_contrasts_inside_vs_0_2mm_peak_delta,0.0,0.0
10,kinematic_shell_contrasts_5_10mm_vs_10_20mm_tte_delta,0.0,0.0
10,kinematic_shell_contrasts_0_2mm_vs_2_5mm_washin_delta,0.0,0.0
10,kinematic_propagation_speed_delay_all_segments_median,0.0,0.0
10,kinematic_component_invasion_crossing_component_count,0.0,0.0
10,kinematic_shell_contrasts_inside_vs_2_5mm_washin_delta,-0.002013778484366757,0.0011881414393782124
10,kinematic_shell_contrasts_inside_vs_0_2mm_washin_delta,0.0,0.0
10,kinematic_shell_contrasts_0_2mm_vs_2_5mm_washout_delta,0.00012365306482948758,0.00043305602091967725
10,kinematic_shell_contrasts_inside_vs_2_5mm_washout_delta,0.0,0.0
10,kinematic_shell_contrasts_inside_vs_0_2mm_washout_delta,0.0,0.0
10,kinematic_component_invasion_crossing_component_fraction,0.0,0.0
10,kinematic_temporal_heterogeneity_near_tumor_ttp_entropy_bits,0.0,0.0
10,kinematic_early_enhancing_fraction_early_phase_time_threshold,0.0,0.0
10,kinematic_early_enhancing_fraction_volume_fraction_shell_2_5mm,0.0,0.0
10,kinematic_early_enhancing_fraction_volume_fraction_shell_0_2mm,0.0,0.0
10,kinematic_boundary_caliber_gradient_positive_dilation_fraction,0.0,0.0
10,kinematic_shell_kinetics_shell_2_5mm_auc_hurdle_value_given_signal_sd,0.0,0.0
10,kinematic_shell_kinetics_shell_0_2mm_auc_hurdle_value_given_signal_sd,0.0,0.0
10,kinematic_component_invasion_largest_crossing_component_segment_count,0.0,0.0
10,kinematic_shell_kinetics_shell_5_10mm_auc_hurdle_value_given_signal_sd,0.0,0.0
10,kinematic_shell_kinetics_inside_tumor_auc_hurdle_value_given_signal_sd,0.0,0.0
10,kinematic_shell_kinetics_shell_2_5mm_time_to_peak_hurdle_valid_fraction,0.0,0.0
10,kinematic_shell_kinetics_shell_10_20mm_time_to_peak_hurdle_valid_fraction,0.0,0.0
10,kinematic_boundary_caliber_gradient_inside_radius_length_weighted_mean_mm,0.0,0.0
10,kinematic_component_invasion_mean_crossing_component_max_invasion_depth_mm,0.0,0.0
10,kinematic_component_invasion_largest_crossing_component_crossing_length_mm,7.065889418821359e-05,0.0013176510297807234
10,kinematic_shell_kinetics_shell_2_5mm_washin_slope_hurdle_value_given_signal_sd,0.0,0.0
10,kinematic_shell_kinetics_shell_2_5mm_time_to_peak_hurdle_value_given_signal_sd,0.0,0.0
10,kinematic_shell_kinetics_shell_2_5mm_time_to_enhancement_hurdle_valid_fraction,0.0,0.0
10,kinematic_shell_kinetics_shell_0_2mm_washin_slope_hurdle_value_given_signal_sd,0.0,0.0
10,kinematic_shell_kinetics_shell_0_2mm_time_to_peak_hurdle_value_given_signal_sd,0.0,0.0
10,kinematic_shell_kinetics_shell_5_10mm_washin_slope_hurdle_value_given_signal_sd,0.0,0.0
10,kinematic_shell_kinetics_shell_5_10mm_time_to_peak_hurdle_value_given_signal_sd,0.0,0.0
10,kinematic_shell_kinetics_shell_2_5mm_washout_slope_hurdle_value_given_signal_sd,0.0008832361773537745,0.0007021588734976836
10,kinematic_shell_kinetics_shell_2_5mm_washin_slope_hurdle_value_given_signal_q90,0.0,0.0
10,kinematic_shell_kinetics_shell_2_5mm_washin_slope_hurdle_value_given_signal_min,0.0,0.0
10,kinematic_shell_kinetics_shell_2_5mm_washin_slope_hurdle_value_given_signal_iqr,0.0,0.0
10,kinematic_shell_kinetics_shell_2_5mm_time_to_peak_hurdle_value_given_signal_q90,0.0,0.0
10,kinematic_shell_kinetics_shell_2_5mm_time_to_peak_hurdle_value_given_signal_min,0.0,0.0
10,kinematic_shell_kinetics_shell_2_5mm_time_to_peak_hurdle_value_given_signal_iqr,-0.001413177883766137,0.000893772170335537
10,kinematic_shell_kinetics_shell_0_2mm_washout_slope_hurdle_value_given_signal_sd,0.0,0.0
10,kinematic_shell_kinetics_shell_0_2mm_washin_slope_hurdle_value_given_signal_q90,0.0,0.0
10,kinematic_shell_kinetics_shell_0_2mm_washin_slope_hurdle_value_given_signal_min,0.0,0.0
10,kinematic_shell_kinetics_inside_tumor_washin_slope_hurdle_value_given_signal_sd,0.00065359477124185,0.00020975697027097326
10,kinematic_shell_kinetics_inside_tumor_time_to_peak_hurdle_value_given_signal_sd,0.0,0.0
10,kinematic_arrival_delay_vs_reference_all_segments_hurdle_value_given_signal_min,0.0,0.0
10,kinematic_arrival_delay_vs_reference_all_segments_hurdle_value_given_signal_iqr,0.0,0.0
10,kinematic_shell_kinetics_shell_gt20mm_washin_slope_hurdle_value_given_signal_min,0.0,0.0
10,kinematic_shell_kinetics_shell_gt20mm_time_to_peak_hurdle_value_given_signal_q90,0.0,0.0
10,kinematic_shell_kinetics_shell_gt20mm_time_to_peak_hurdle_value_given_signal_min,0.0,0.0
10,kinematic_shell_kinetics_shell_gt20mm_time_to_peak_hurdle_value_given_signal_max,0.0,0.0
10,kinematic_shell_kinetics_shell_5_10mm_washout_slope_hurdle_value_given_signal_sd,0.0,0.0
10,kinematic_shell_kinetics_shell_5_10mm_washin_slope_hurdle_value_given_signal_min,0.00038862391803565763,0.000605773827927311
10,kinematic_shell_kinetics_shell_5_10mm_washin_slope_hurdle_value_given_signal_iqr,0.0,0.0
10,kinematic_shell_kinetics_shell_5_10mm_time_to_peak_hurdle_value_given_signal_iqr,0.0,0.0
10,kinematic_shell_kinetics_shell_2_5mm_washout_slope_hurdle_value_given_signal_q90,0.0,0.0
10,kinematic_shell_kinetics_shell_2_5mm_washout_slope_hurdle_value_given_signal_min,0.00012365306482952086,0.0004402026424439704
10,kinematic_shell_kinetics_shell_10_20mm_time_to_enhancement_hurdle_valid_fraction,0.0,0.0
10,kinematic_shell_kinetics_shell_0_2mm_washout_slope_hurdle_value_given_signal_q90,0.0,0.0
10,kinematic_shell_kinetics_inside_tumor_washout_slope_hurdle_value_given_signal_sd,0.0,0.0
10,kinematic_shell_kinetics_inside_tumor_washin_slope_hurdle_value_given_signal_q90,0.0,0.0
10,kinematic_shell_kinetics_inside_tumor_washin_slope_hurdle_value_given_signal_min,0.0,0.0
10,kinematic_shell_kinetics_inside_tumor_time_to_peak_hurdle_value_given_signal_iqr,0.0,0.0
10,kinematic_peritumoral_multi_scale_contrasts_core_shell_gradient_per_mm_ttp_slope,0.0,0.0
10,kinematic_peritumoral_multi_scale_contrasts_core_shell_gradient_per_mm_tte_slope,0.0,0.0
10,kinematic_peritumoral_multi_scale_contrasts_core_shell_gradient_per_mm_auc_slope,0.0,0.0
10,kinematic_boundary_caliber_gradient_outside_minus_inside_length_weighted_mean_mm,0.0,0.0
10,kinematic_shell_kinetics_shell_gt20mm_washout_slope_hurdle_value_given_signal_q90,0.0,0.0
10,kinematic_shell_kinetics_shell_gt20mm_washout_slope_hurdle_value_given_signal_max,0.0,0.0
10,kinematic_shell_kinetics_shell_5_10mm_washout_slope_hurdle_value_given_signal_q90,0.0,0.0
10,kinematic_shell_kinetics_shell_10_20mm_washin_slope_hurdle_value_given_signal_min,0.0,0.0
10,kinematic_shell_kinetics_inside_tumor_washout_slope_hurdle_value_given_signal_q90,0.0,0.0
10,kinematic_shell_kinetics_inside_tumor_washout_slope_hurdle_value_given_signal_min,0.0,0.0
10,kinematic_peritumoral_multi_scale_contrasts_core_shell_gradient_per_mm_peak_slope,0.0,0.0
10,kinematic_shell_kinetics_shell_2_5mm_washin_slope_hurdle_value_given_signal_median,0.0,0.0
10,kinematic_shell_kinetics_shell_10_20mm_washout_slope_hurdle_value_given_signal_q90,0.0,0.0
10,kinematic_shell_kinetics_shell_10_20mm_washout_slope_hurdle_value_given_signal_max,0.0,0.0
10,kinematic_shell_kinetics_shell_0_2mm_washin_slope_hurdle_value_given_signal_median,0.0,0.0
10,kinematic_arrival_delay_vs_reference_all_segments_hurdle_value_given_signal_median,0.0,0.0
10,kinematic_shell_kinetics_shell_5_10mm_washin_slope_hurdle_value_given_signal_median,0.0004062886415827305,0.00040320481224208685
10,kinematic_shell_kinetics_shell_2_5mm_washout_slope_hurdle_value_given_signal_median,0.0,0.0
10,kinematic_shell_kinetics_shell_2_5mm_auc_rel_reference_hurdle_value_given_signal_sd,0.0,0.0
10,kinematic_shell_kinetics_shell_0_2mm_auc_rel_reference_hurdle_value_given_signal_sd,0.0,0.0
10,kinematic_shell_kinetics_inside_tumor_washin_slope_hurdle_value_given_signal_median,0.0,0.0
10,kinematic_peritumoral_multi_scale_contrasts_core_shell_gradient_per_mm_washin_slope,-5.2994170641229575e-05,0.00017752827452959715
10,kinematic_boundary_caliber_gradient_gradient_mm_per_mm_hurdle_value_given_signal_sd,0.0,0.0
10,kinematic_shell_kinetics_shell_5_10mm_peak_enhancement_hurdle_value_given_signal_iqr,0.0,0.0
10,kinematic_shell_kinetics_shell_5_10mm_auc_rel_reference_hurdle_value_given_signal_sd,-0.0008655714538068238,0.000919414497768822
10,kinematic_shell_kinetics_shell_2_5mm_auc_rel_reference_hurdle_value_given_signal_q90,-0.0001413177883766381,0.0004089679174276532
10,kinematic_shell_kinetics_shell_0_2mm_auc_rel_reference_hurdle_value_given_signal_q90,0.0,0.0
10,kinematic_shell_kinetics_inside_tumor_auc_rel_reference_hurdle_value_given_signal_sd,0.0,0.0
10,kinematic_peritumoral_multi_scale_contrasts_core_shell_gradient_per_mm_washout_slope,0.0,0.0
10,kinematic_boundary_crossing_dynamic_burden_kinetic_weighted_volume_auc_per_tumor_mm3,0.0,0.0
10,kinematic_boundary_caliber_gradient_gradient_mm_per_mm_hurdle_value_given_signal_q90,0.0,0.0
10,kinematic_boundary_caliber_gradient_gradient_mm_per_mm_hurdle_value_given_signal_min,0.0,0.0
10,kinematic_boundary_caliber_gradient_gradient_mm_per_mm_hurdle_value_given_signal_max,0.0,0.0
10,kinematic_shell_kinetics_shell_2_5mm_time_to_enhancement_hurdle_value_given_signal_sd,0.0,0.0
10,kinematic_shell_kinetics_shell_0_2mm_time_to_enhancement_hurdle_value_given_signal_sd,0.0,0.0
10,kinematic_shell_kinetics_inside_tumor_auc_rel_reference_hurdle_value_given_signal_q90,0.0,0.0
10,kinematic_boundary_caliber_gradient_outside_over_inside_hurdle_value_given_signal_q90,0.0,0.0
10,kinematic_boundary_caliber_gradient_outside_over_inside_hurdle_value_given_signal_min,0.0,0.0
10,kinematic_boundary_caliber_gradient_gradient_mm_per_mm_hurdle_value_given_signal_mean,0.0,0.0
10,kinematic_arrival_delay_vs_reference_near_tumor_segments_hurdle_value_given_signal_sd,0.0,0.0
10,kinematic_shell_kinetics_shell_5_10mm_time_to_enhancement_hurdle_value_given_signal_sd,0.0,0.0
10,kinematic_shell_kinetics_shell_2_5mm_washin_rel_reference_hurdle_value_given_signal_sd,0.0,0.0
10,kinematic_shell_kinetics_shell_2_5mm_time_to_enhancement_hurdle_value_given_signal_q90,0.0,0.0
10,kinematic_shell_kinetics_shell_2_5mm_time_to_enhancement_hurdle_value_given_signal_iqr,0.0,0.0
10,kinematic_shell_kinetics_shell_0_2mm_washin_rel_reference_hurdle_value_given_signal_sd,0.0,0.0
10,kinematic_shell_kinetics_shell_0_2mm_time_to_enhancement_hurdle_value_given_signal_iqr,0.0,0.0
10,kinematic_shell_kinetics_inside_tumor_time_to_enhancement_hurdle_value_given_signal_sd,0.0,0.0
10,kinematic_arrival_delay_vs_reference_near_tumor_segments_hurdle_value_given_signal_q90,0.0,0.0
10,kinematic_arrival_delay_vs_reference_near_tumor_segments_hurdle_value_given_signal_min,0.0,0.0
10,kinematic_arrival_delay_vs_reference_near_tumor_segments_hurdle_value_given_signal_max,0.0,0.0
10,kinematic_arrival_delay_vs_reference_near_tumor_segments_hurdle_value_given_signal_iqr,0.0,0.0
10,kinematic_shell_kinetics_shell_gt20mm_time_to_enhancement_hurdle_value_given_signal_q90,0.0,0.0
10,kinematic_shell_kinetics_shell_gt20mm_time_to_enhancement_hurdle_value_given_signal_min,0.0,0.0
10,kinematic_shell_kinetics_shell_gt20mm_time_to_enhancement_hurdle_value_given_signal_iqr,0.0,0.0
10,kinematic_shell_kinetics_shell_5_10mm_washin_rel_reference_hurdle_value_given_signal_sd,0.0,0.0
10,kinematic_shell_kinetics_shell_5_10mm_time_to_enhancement_hurdle_value_given_signal_iqr,0.0,0.0
10,kinematic_shell_kinetics_shell_2_5mm_washin_rel_reference_hurdle_value_given_signal_q90,0.0,0.0
10,kinematic_shell_kinetics_shell_2_5mm_washin_rel_reference_hurdle_value_given_signal_min,0.0,0.0
10,kinematic_shell_kinetics_shell_0_2mm_washin_rel_reference_hurdle_value_given_signal_q90,0.0,0.0
10,kinematic_shell_kinetics_shell_0_2mm_washin_rel_reference_hurdle_value_given_signal_min,0.0,0.0
10,kinematic_shell_kinetics_inside_tumor_washin_rel_reference_hurdle_value_given_signal_sd,0.0,0.0
10,kinematic_shell_kinetics_inside_tumor_time_to_enhancement_hurdle_value_given_signal_iqr,0.0,0.0
10,kinematic_boundary_caliber_gradient_gradient_mm_per_mm_hurdle_value_given_signal_median,0.0,0.0
10,kinematic_arrival_delay_vs_reference_near_tumor_segments_hurdle_value_given_signal_mean,0.0,0.0
10,kinematic_shell_kinetics_shell_gt20mm_washin_rel_reference_hurdle_value_given_signal_min,0.0,0.0
10,kinematic_shell_kinetics_shell_5_10mm_washin_rel_reference_hurdle_value_given_signal_q90,0.0,0.0
10,kinematic_shell_kinetics_shell_5_10mm_washin_rel_reference_hurdle_value_given_signal_min,0.0,0.0
10,kinematic_shell_kinetics_shell_10_20mm_time_to_enhancement_hurdle_value_given_signal_min,0.0,0.0
10,kinematic_shell_kinetics_shell_10_20mm_time_to_enhancement_hurdle_value_given_signal_iqr,0.0,0.0
10,kinematic_shell_kinetics_inside_tumor_washin_rel_reference_hurdle_value_given_signal_q90,0.0,0.0
10,kinematic_shell_kinetics_shell_10_20mm_washin_rel_reference_hurdle_value_given_signal_min,0.0,0.0
10,kinematic_shell_kinetics_shell_gt20mm_time_to_enhancement_hurdle_value_given_signal_median,0.0,0.0
10,kinematic_shell_kinetics_shell_0_2mm_washin_rel_reference_hurdle_value_given_signal_median,0.0,0.0
10,kinematic_shell_kinetics_shell_5_10mm_washin_rel_reference_hurdle_value_given_signal_median,0.0,0.0
10,kinematic_shell_kinetics_shell_10_20mm_time_to_enhancement_hurdle_value_given_signal_median,0.0,0.0
10,kinematic_boundary_crossing_dynamic_burden_kinetic_weighted_volume_auc_per_crossing_length_mm,0.0,0.0
10,kinematic_core_to_periphery_peak_ratio,0.0,0.0
10,morph_seg_length_cv,0.0,0.0
10,morph_radius_cv,0.0003179650238473664,0.000385398767519334
10,morph_bifurcation_density_per_length,0.0,0.0
10,morph_bif_angle_sum,0.0,0.0
10,morph_seg_volume_sum,0.0,0.0
10,morph_seg_length_sum,0.0,0.0
10,morph_seg_volume_max,-5.299417064124068e-05,0.0008691690231508655
10,morph_seg_volume_std,0.0,0.0
10,morph_seg_length_max,0.0,0.0
10,morph_seg_volume_mean,0.0,0.0
10,morph_seg_length_std,0.0005299417064122847,0.00121360636193728
10,morph_bif_angle_std,0.0,0.0
10,morph_bif_angle_mean,0.0011305423070128496,0.004699082090954854
10,morph_seg_tortuosity_max,-0.0007419183889772696,0.0012233379044819346
10,morph_curvature_mean_max,0.0,0.0
10,morph_radius_mean_max,-0.0004239533651299032,0.0007626579454132751
10,morph_radius_mean_mean,0.0,0.0
10,morph_radius_mean_std,0.0008302420067125893,0.001256680898204025
10,morph_seg_tortuosity_std,-0.0010775481363716755,0.0004430290126827273
10,morph_curvature_mean_mean,0.0005122769828651674,0.0005611157100960435
10,morph_curvature_mean_std,0.0,0.0
10,morph_seg_tortuosity_mean,0.0014838367779543616,0.0008330560764918747
10,morph_bifurcation_per_segment,0.0004946122593181279,0.0008240172259099686
10,morph_seg_dup_fraction,0.0,0.0
10,morph_bif_angle_max,0.0,0.0
10,morph_seg_tortuosity_invalid_n,0.0,0.0
10,tumor_size_outer_to_inner_shell_ratio,-0.00045928281222405997,0.001878118192545745
10,tumor_size_tumor_r8_region_voxels,0.0016428192898780836,0.001979789209706576
10,tumor_size_tumor_voxels,-0.0028440204910793352,0.001334709853373134
10,tumor_size_shell_0_2_over_tumor,0.0,0.0
11,clinical_post,0.0,0.0
11,clinical_luminal_b,0.0,0.0
11,clinical_luminal_a,0.1346405228758169,0.024154957682382776
11,clinical_triple_negative,0.0,0.0
11,clinical_pre (<6 months since LMP AND no prior bilateral ovariectomy AND not on estrogen replacement),0.0,0.0
11,clinical_pre (< 6 months since LMP AND no prior bilateral ovariectomy AND not on estrogen replacement),0.0,0.0
11,age,0.0,0.0
11,normalized_ratios_near_length_per_tumor_equiv_radius,0.0006359300476946661,0.0013619032162089258
11,caliber_heterogeneity_near_tumor_near_radius_cv,-0.0004769475357711661,0.0023448880895094453
11,normalized_ratios_near_volume_per_skeleton_edge,0.0,0.0
11,per_shell_topology_shell_10_20mm_shell_volume_density_mm3_per_shell_mm3,0.0,0.0
11,per_shell_topology_shell_5_10mm_shell_volume_density_mm3_per_shell_mm3,0.0018018018018016945,0.0015597060628612768
11,per_shell_topology_shell_2_5mm_shell_volume_density_mm3_per_shell_mm3,0.0,0.0
11,per_shell_topology_shell_gt20mm_shell_volume_density_mm3_per_shell_mm3,0.0003532944709414121,0.0008471703803767462
11,per_shell_topology_shell_5_10mm_shell_length_density_mm_per_shell_mm3,0.0,0.0
11,per_shell_topology_shell_10_20mm_shell_length_density_mm_per_shell_mm3,0.0,0.0
11,normalized_ratios_near_volume_per_shell_voxel,0.0,0.0
11,per_shell_topology_shell_10_20mm_node_density_per_shell_voxel,0.0,0.0
11,per_shell_topology_shell_2_5mm_node_density_per_shell_mm3,0.003285638579756123,0.0014656398878425472
11,per_shell_topology_shell_gt20mm_shell_length_density_mm_per_shell_mm3,0.0,0.0
11,per_shell_topology_shell_5_10mm_endpoint_density_per_shell_mm3,0.0,0.0
11,per_shell_topology_shell_5_10mm_endpoint_density_per_shell_voxel,0.0,0.0
11,per_shell_topology_shell_gt20mm_edge_density_per_shell_voxel,-0.0012365306482954419,0.0006270354831054285
11,per_shell_topology_shell_2_5mm_endpoint_density_per_shell_voxel,0.0,0.0
11,per_shell_topology_shell_10_20mm_endpoint_density_per_shell_mm3,-0.003585938880056638,0.005076295718696384
11,per_shell_topology_shell_10_20mm_endpoint_density_per_shell_voxel,0.00012365306482946535,0.0006070602465090627
11,per_shell_topology_shell_10_20mm_bifurcation_density_per_shell_mm3,0.0,0.0
11,per_shell_topology_shell_gt20mm_bifurcation_density_per_shell_mm3,-0.0004062886415828415,0.0013797720957554095
11,per_shell_topology_shell_gt20mm_endpoint_density_per_shell_mm3,0.0,0.0
11,per_shell_topology_shell_gt20mm_bifurcation_density_per_shell_voxel,-0.00215509627274344,0.0020673010193715184
11,per_shell_topology_shell_gt20mm_endpoint_density_per_shell_voxel,-0.000971559795089294,0.0013551272505924956
11,normalized_ratios_inside_volume_per_tumor_voxel,0.0,0.0
11,per_shell_topology_shell_0_2mm_node_density_per_shell_mm3,-0.0004946122593182279,0.0007852362045890387
11,normalized_ratios_crossing_length_per_tumor_equiv_surface,0.0,0.0
11,per_shell_topology_shell_2_5mm_cycle_density_per_shell_mm3,0.0,0.0
11,per_shell_topology_shell_0_2mm_cycle_density_per_shell_mm3,0.0,0.0
11,per_shell_topology_shell_5_10mm_cycle_density_per_shell_mm3,0.0,0.0
11,per_shell_topology_shell_0_2mm_edge_density_per_shell_voxel,0.0,0.0
11,per_shell_topology_inside_tumor_cycle_density_per_shell_mm3,0.0,0.0
11,per_shell_topology_shell_10_20mm_cycle_density_per_shell_mm3,0.0,0.0
11,per_shell_topology_shell_2_5mm_bifurcation_density_per_shell_mm3,0.0,0.0
11,per_shell_topology_shell_0_2mm_bifurcation_density_per_shell_mm3,0.0,0.0
11,per_shell_topology_shell_5_10mm_bifurcation_density_per_shell_mm3,0.0,0.0
11,per_shell_topology_inside_tumor_bifurcation_density_per_shell_mm3,0.0,0.0
11,per_shell_topology_shell_gt20mm_shell_region_voxels,-5.29941706413295e-05,0.002609421099765421
11,per_shell_topology_shell_gt20mm_shell_region_volume_mm3,0.0,0.0
11,per_shell_topology_shell_10_20mm_shell_region_voxels,0.0005476064299592687,0.009906256637715173
11,per_shell_topology_shell_10_20mm_shell_region_volume_mm3,0.02066772655007939,0.018049509905942646
11,per_shell_topology_shell_2_5mm_shell_region_voxels,0.0,0.0
11,per_shell_topology_inside_tumor_shell_region_volume_mm3,-0.0008832361773539299,0.007606504621793489
11,graph_totals_total_volume_burden_mm3,0.0,0.0
11,per_shell_topology_shell_0_2mm_shell_region_volume_mm3,0.0,0.0
11,graph_totals_total_length_mm,-0.0007419183889773029,0.0009034949198052663
11,per_shell_topology_shell_gt20mm_node_count,0.0020314432079136745,0.0009906429883632226
11,per_shell_topology_shell_10_20mm_shell_volume_burden_mm3,0.00010598834128234813,0.0042470345232788
11,per_shell_topology_shell_gt20mm_shell_region_volume_per_tumor_mm3,0.00150150150150139,0.0014721191768239255
11,per_shell_topology_shell_5_10mm_shell_volume_burden_mm3,0.0,0.0
11,per_shell_topology_shell_10_20mm_shell_length_mm,0.0,0.0
11,per_shell_topology_shell_5_10mm_shell_length_mm,0.0,0.0
11,per_shell_topology_shell_gt20mm_bifurcation_count,-0.004274863098392601,0.000579446015433913
11,per_shell_topology_shell_gt20mm_endpoint_count,0.0,0.0
11,graph_tumor_r8_skel_voxels,0.0,0.0
11,per_shell_topology_shell_2_5mm_shell_volume_burden_mm3,0.0,0.0
11,graph_tumor_shell_r4_8_skel_voxels,0.0,0.0
11,per_shell_topology_shell_10_20mm_endpoint_count,-0.00049461225931825,0.0005794460154339346
11,per_shell_topology_shell_10_20mm_shell_region_volume_per_tumor_mm3,0.0,0.0
11,per_shell_topology_shell_5_10mm_endpoint_count,0.0,0.0
11,graph_tumor_r4_skel_voxels,0.0,0.0
11,per_shell_topology_shell_10_20mm_bifurcation_count,0.0,0.0
11,per_shell_topology_shell_2_5mm_degree_distribution_deg2,0.0,0.0
11,length_weighted_shape_stats_near_tumor_length_weighted_tortuosity_quantiles_q90,0.0,0.0
11,length_weighted_shape_stats_near_tumor_segment_count,0.0,0.0
11,per_shell_topology_shell_10_20mm_degree_distribution_deg0,0.0,0.0
11,caliber_heterogeneity_near_tumor_near_radius_q90_mm,0.0,0.0
11,caliber_heterogeneity_near_tumor_near_radius_q50_mm,0.0,0.0
11,length_weighted_shape_stats_near_tumor_length_weighted_tortuosity_quantiles_q50,0.0014485073308601383,0.0013746741888955056
11,caliber_heterogeneity_near_tumor_near_radius_q25_mm,0.0028616852146263194,0.0010797178441926093
11,per_shell_topology_shell_2_5mm_shell_region_volume_per_tumor_mm3,0.0,0.0
11,per_shell_topology_shell_gt20mm_shell_volume_burden_mm3_per_tumor_mm3,-0.001095212859918837,0.0016358716697106805
11,caliber_heterogeneity_near_tumor_near_radius_q10_mm,0.0,0.0
11,length_weighted_shape_stats_near_tumor_length_weighted_curvature_mean_quantiles_q25,0.00127186009538941,0.0008315564243730612
11,length_weighted_shape_stats_near_tumor_length_weighted_curvature_mean_quantiles_q90,0.0,0.0
11,length_weighted_shape_stats_global_length_weighted_tortuosity_quantiles_q90,0.0022257551669315643,0.0031313930127059297
11,caliber_heterogeneity_near_tumor_global_node_radius_q90_mm,0.0006712594947888117,0.002458888908857844
11,length_weighted_shape_stats_global_length_weighted_tortuosity_quantiles_q75,-0.0007242536654302412,0.0009625248348931455
11,per_shell_topology_shell_0_2mm_shell_region_volume_per_tumor_mm3,0.0004239533651297478,0.0012791992220619172
11,length_weighted_shape_stats_global_length_weighted_tortuosity_quantiles_q50,-0.0007242536654302412,0.0012249947675382774
11,length_weighted_shape_stats_near_tumor_length_weighted_curvature_mean_quantiles_q10,0.0018018018018016834,0.0010854825292872026
11,caliber_heterogeneity_near_tumor_near_radius_sd_mm,0.0,0.0
11,length_weighted_shape_stats_global_length_weighted_tortuosity_mean,0.0,0.0
11,per_shell_topology_shell_gt20mm_shell_length_mm_per_tumor_mm3,0.0014661720544072554,0.0035514881661919155
11,length_weighted_shape_stats_global_length_weighted_tortuosity_quantiles_q25,0.0,0.0
11,per_shell_topology_shell_gt20mm_shell_length_fraction_of_total_graph_length,-0.001872460695990208,0.000774835265835058
11,length_weighted_shape_stats_global_length_weighted_curvature_mean_quantiles_q10,0.004098215862921672,0.0013792065921881624
11,graph_skel_per_tumor_voxel,0.004946122593181323,0.005024364124122201
11,length_weighted_shape_stats_global_length_weighted_curvature_mean_quantiles_q90,0.0,0.0
11,length_weighted_shape_stats_global_length_weighted_curvature_mean_quantiles_q50,-0.0006889242183360733,0.0010313838952125249
11,length_weighted_shape_stats_global_length_weighted_curvature_mean_quantiles_q25,0.0020844373785549376,0.0027534312338312983
11,length_weighted_shape_stats_global_length_weighted_curvature_mean_quantiles_q75,-0.002013778484366824,0.0027425301105918542
11,length_weighted_shape_stats_global_length_weighted_curvature_mean,0.00014131778837652708,0.002164631504262892
11,per_shell_topology_shell_10_20mm_shell_volume_fraction_of_total_graph_volume,0.0,0.0
11,length_weighted_shape_stats_global_length_weighted_tortuosity_quantiles_q10,0.006412294647588679,0.003541810109794474
11,per_shell_topology_shell_10_20mm_shell_volume_burden_mm3_per_tumor_mm3,0.0,0.0
11,graph_tumor_r8_skel_frac_skeleton,0.0,0.0
11,per_shell_topology_shell_5_10mm_shell_length_fraction_of_total_graph_length,0.0,0.0
11,graph_tumor_shell_r4_8_skel_frac_skeleton,-0.001872460695990219,0.0013152807255952348
11,per_shell_topology_shell_5_10mm_shell_volume_burden_mm3_per_tumor_mm3,-0.0010422186892776076,0.002253135315313927
11,per_shell_topology_shell_10_20mm_shell_length_mm_per_tumor_mm3,0.0,0.0
11,per_shell_topology_shell_2_5mm_shell_length_fraction_of_total_graph_length,0.0017311429076133922,0.0013994207610202034
11,graph_tumor_shell_r2_4_skel_frac_skeleton,0.0,0.0
11,graph_tumor_shell_r4_8_skel_frac_shell,0.0,0.0
11,per_shell_topology_shell_2_5mm_shell_length_mm_per_tumor_mm3,0.0,0.0
11,graph_tumor_r8_skel_frac_region,0.0,0.0
11,graph_tumor_shell_r2_4_skel_frac_shell,0.0,0.0
11,graph_skel_in_tumor_voxels,0.0,0.0
11,graph_tumor_r2_skel_frac_region,0.0015898251192367763,0.0005641660280046334
11,graph_tumor_r2_skel_frac_skeleton,0.0,0.0
11,per_shell_topology_shell_0_2mm_node_count,0.0,0.0
11,per_shell_topology_shell_10_20mm_cycle_count,-0.0008479067302597732,0.0005287627467619305
11,per_shell_topology_inside_tumor_endpoint_count,0.0,0.0
11,directional_near_boundary_tangential_alignment_mean,0.0,0.0
11,per_shell_topology_shell_2_5mm_degree_distribution_deg0,0.0,0.0
11,per_shell_topology_shell_0_2mm_degree_distribution_deg2,0.0,0.0
11,per_shell_topology_shell_0_2mm_degree_distribution_deg0,0.0,0.0
11,directional_near_boundary_normal_alignment_abs_cos_mean,0.0008832361773537412,0.0004933488798363763
11,per_shell_topology_shell_gt20mm_degree_distribution_deg0,0.0,0.0
11,per_shell_topology_shell_5_10mm_degree_distribution_deg0,0.0,0.0
11,per_shell_topology_inside_tumor_degree_distribution_deg0,0.0,0.0
11,per_shell_topology_shell_2_5mm_degree_distribution_deg4plus,0.0,0.0
11,per_shell_topology_shell_gt20mm_degree_distribution_deg4plus,0.0,0.0
11,per_shell_topology_shell_5_10mm_degree_distribution_deg4plus,0.0,0.0
11,per_shell_topology_inside_tumor_degree_distribution_deg4plus,0.0,0.0
11,per_shell_topology_shell_10_20mm_degree_distribution_deg4plus,0.0,0.0
11,directional_near_boundary_radial_alignment_abs_cos_quantiles_q90,0.0,0.0
11,directional_near_boundary_radial_alignment_abs_cos_quantiles_q10,0.0,0.0
11,directional_near_boundary_normal_alignment_abs_cos_quantiles_q90,0.0,0.0
11,directional_near_boundary_normal_alignment_abs_cos_quantiles_q25,0.0024730612965905728,0.0010023855120375152
11,directional_near_boundary_normal_alignment_abs_cos_quantiles_q10,0.0,0.0
11,per_shell_topology_shell_0_2mm_shell_volume_burden_mm3_per_tumor_mm3,0.0,0.0
11,per_shell_topology_shell_0_2mm_shell_volume_fraction_of_total_graph_volume,0.0,0.0
11,caliber_heterogeneity_near_tumor_near_high_radius_tail_fraction_vs_global_q90,0.0,0.0
11,graph_core_to_periphery_length_ratio,0.0,0.0
11,graph_crossing_fraction_of_near_burden,0.0014661720544072222,0.0008249633936644121
11,kinematic_reference_normalized_signal_all_segments_washin_rel_reference_hurdle_value_given_signal_max,0.0027027027027026083,0.0011665406805228032
11,kinematic_normalized_shell_burdens_shell_gt20mm_kinetic_auc_weighted_volume_mm3,-0.00017664723547086147,0.0006170022680294375
11,kinematic_reference_normalized_signal_all_segments_auc_rel_reference_hurdle_value_given_signal_max,0.00038862391803556884,0.001376942255425177
11,kinematic_reference_normalized_signal_all_segments_peak_rel_reference_hurdle_value_given_signal_max,0.0,0.0
11,kinematic_reference_normalized_signal_near_tumor_segments_peak_rel_reference_hurdle_value_given_signal_max,0.0015191662250484627,0.0011149785435830733
11,kinematic_reference_normalized_signal_all_segments_auc_rel_reference_hurdle_value_given_signal_median,0.0,0.0
11,kinematic_reference_normalized_signal_all_segments_peak_rel_reference_hurdle_value_given_signal_median,0.0,0.0
11,kinematic_reference_normalized_signal_near_tumor_segments_auc_rel_reference_hurdle_value_given_signal_median,0.0,0.0
11,kinematic_reference_normalized_signal_all_segments_washin_rel_reference_hurdle_value_given_signal_median,-0.00017664723547083927,0.0019318456971548605
11,kinematic_normalized_shell_burdens_shell_10_20mm_kinetic_auc_weighted_volume_mm3,-0.0005476064299594463,0.0005611157100960358
11,kinematic_normalized_shell_burdens_shell_10_20mm_auc_weighted_volume_per_shell_segment,-0.0016428192898781946,0.0011851173374117284
11,kinematic_normalized_shell_burdens_shell_5_10mm_kinetic_auc_weighted_volume_mm3,0.0,0.0
11,kinematic_normalized_shell_burdens_shell_gt20mm_auc_weighted_volume_per_shell_segment,0.0,0.0
11,kinematic_normalized_shell_burdens_shell_5_10mm_auc_weighted_volume_per_shell_segment,0.0,0.0
11,kinematic_reference_normalized_signal_all_segments_peak_rel_reference_hurdle_value_given_signal_min,-1.7664723547172743e-05,0.0023928366140928965
11,kinematic_normalized_shell_burdens_shell_10_20mm_auc_weighted_volume_per_shell_length_mm,0.0014485073308601604,0.00141934707130192
11,kinematic_normalized_shell_burdens_shell_gt20mm_auc_weighted_volume_per_shell_length_mm,0.001130542307012794,0.0021695272379924743
11,kinematic_normalized_shell_burdens_shell_5_10mm_auc_weighted_volume_per_shell_length_mm,0.0,0.0
11,kinematic_normalized_shell_burdens_shell_gt20mm_auc_weighted_volume_per_tumor_mm3,0.0,0.0
11,kinematic_shell_contrasts_5_10mm_vs_10_20mm_tte_ratio,0.0,0.0
11,kinematic_shell_contrasts_5_10mm_vs_10_20mm_ttp_ratio,0.0,0.0
11,kinematic_shell_contrasts_5_10mm_vs_10_20mm_peak_ratio,0.0,0.0
11,kinematic_normalized_shell_burdens_shell_10_20mm_auc_weighted_volume_per_tumor_mm3,0.0,0.0
11,kinematic_reference_normalized_signal_all_segments_peak_rel_reference_hurdle_has_signal_fraction,0.0,0.0
11,kinematic_normalized_shell_burdens_shell_10_20mm_auc_weighted_volume_per_shell_mm3,0.0,0.0
11,kinematic_normalized_shell_burdens_shell_5_10mm_auc_weighted_volume_per_tumor_mm3,-0.00037095919448870696,0.0008953418758151795
11,kinematic_kinetic_topology_coupling_early_bifurcation_density_per_tumor_mm3,-0.0016781487369723514,0.0034200747854292394
11,kinematic_normalized_shell_burdens_shell_gt20mm_auc_weighted_volume_per_shell_mm3,0.0,0.0
11,kinematic_normalized_shell_burdens_shell_gt20mm_auc_weighted_volume_per_shell_voxel,0.0,0.0
11,kinematic_normalized_shell_burdens_shell_10_20mm_peak_weighted_volume_per_shell_voxel,-0.00021197668256500712,0.004245270804546917
11,kinematic_normalized_shell_burdens_shell_5_10mm_peak_weighted_volume_per_shell_voxel,0.0,0.0
11,kinematic_reference_normalized_signal_reference_auc_positive,-0.0005476064299594685,0.0014914927700273076
11,kinematic_reference_normalized_signal_reference_washin_slope,0.0,0.0
11,kinematic_temporal_heterogeneity_near_tumor_cv_auc,0.0,0.0
11,kinematic_shell_contrasts_0_2mm_vs_2_5mm_ttp_ratio,-0.00042395336512992545,0.001291338412471068
11,kinematic_shell_contrasts_inside_vs_2_5mm_ttp_ratio,0.0,0.0
11,kinematic_shell_contrasts_inside_vs_0_2mm_ttp_ratio,0.0,0.0
11,kinematic_shell_contrasts_0_2mm_vs_2_5mm_washin_ratio,0.0,0.0
11,kinematic_shell_contrasts_inside_vs_2_5mm_washin_ratio,0.0,0.0
11,kinematic_shell_contrasts_inside_vs_0_2mm_washin_ratio,0.0,0.0
11,kinematic_temporal_heterogeneity_near_tumor_cv_tte_time,-0.00249072602013789,0.004019219576973164
11,kinematic_shell_contrasts_5_10mm_vs_10_20mm_washin_ratio,-0.0010068892421834618,0.0012861326019620368
11,kinematic_temporal_heterogeneity_near_tumor_cv_washin_slope,0.00030030030030022694,0.0008869380117034638
11,kinematic_temporal_heterogeneity_near_tumor_cv_washout_slope,0.0,0.0
11,kinematic_component_invasion_crossing_length_concentration_max_fraction,0.0,0.0
11,kinematic_normalized_shell_burdens_shell_2_5mm_kinetic_auc_weighted_volume_mm3,0.0,0.0
11,kinematic_normalized_shell_burdens_shell_0_2mm_kinetic_auc_weighted_volume_mm3,0.0,0.0
11,kinematic_normalized_shell_burdens_inside_tumor_kinetic_auc_weighted_volume_mm3,0.0,0.0
11,kinematic_normalized_shell_burdens_shell_2_5mm_peak_weighted_volume_per_shell_length_mm,0.0,0.0
11,kinematic_reference_normalized_signal_near_tumor_segments_peak_rel_reference_hurdle_valid_fraction,0.0,0.0
11,kinematic_reference_normalized_signal_all_segments_washin_rel_reference_hurdle_value_given_signal_min,0.0,0.0
11,kinematic_reference_normalized_signal_near_tumor_segments_auc_rel_reference_hurdle_value_given_signal_sd,-0.0005476064299594574,0.0019709430635041917
11,kinematic_reference_normalized_signal_near_tumor_segments_washin_rel_reference_hurdle_value_given_signal_sd,0.0,0.0
11,kinematic_reference_normalized_signal_near_tumor_segments_washin_rel_reference_hurdle_value_given_signal_q90,0.0,0.0
11,kinematic_reference_normalized_signal_near_tumor_segments_washin_rel_reference_hurdle_value_given_signal_min,0.0,0.0
11,kinematic_reference_normalized_signal_near_tumor_segments_washin_rel_reference_hurdle_value_given_signal_median,0.0,0.0
11,kinematic_shell_kinetics_shell_10_20mm_auc_rel_reference_hurdle_value_given_signal_max,-0.0024200671259495764,0.0013172957560503079
11,kinematic_shell_kinetics_shell_10_20mm_peak_rel_reference_hurdle_value_given_signal_q90,-0.0011305423070129828,0.0011722776910819616
11,kinematic_shell_kinetics_shell_10_20mm_auc_rel_reference_hurdle_value_given_signal_mean,0.0,0.0
11,kinematic_shell_kinetics_shell_10_20mm_washin_rel_reference_hurdle_value_given_signal_max,0.0,0.0
11,kinematic_shell_kinetics_shell_5_10mm_peak_rel_reference_hurdle_value_given_signal_max,0.0,0.0
11,kinematic_shell_kinetics_shell_10_20mm_auc_rel_reference_hurdle_value_given_signal_iqr,-0.0023317435082142015,0.0005953824252376797
11,kinematic_shell_kinetics_shell_10_20mm_peak_rel_reference_hurdle_value_given_signal_iqr,0.0013425189895777234,0.00191920534966133
11,kinematic_shell_kinetics_shell_10_20mm_washin_rel_reference_hurdle_value_given_signal_mean,0.0,0.0
11,kinematic_shell_kinetics_shell_10_20mm_washin_rel_reference_hurdle_value_given_signal_iqr,0.00037095919448850714,0.0013919308968798358
11,kinematic_shell_kinetics_shell_10_20mm_peak_rel_reference_hurdle_value_given_signal_min,0.0,0.0
11,kinematic_shell_kinetics_shell_10_20mm_washin_rel_reference_hurdle_value_given_signal_median,0.001960784313725372,0.004702567060194025
11,kinematic_shell_segment_counts_shell_gt20mm,0.0,0.0
11,kinematic_graph_local_propagation_weighted_linear_fit_n,0.0,0.0
11,kinematic_propagation_speed_speed_positive_delay_mm_per_time_max,0.0,0.0
11,kinematic_kinetic_topology_coupling_early_bifurcation_count,0.0,0.0
11,kinematic_kinetic_topology_coupling_early_cycle_length_burden_mm_ge50,-0.0041335453100160065,0.0022136654580915886
11,kinematic_propagation_speed_speed_positive_delay_mm_per_time_q90,0.0,0.0
11,kinematic_shell_kinetics_shell_gt20mm_auc_rel_reference_hurdle_value_given_signal_min,0.0,0.0
11,kinematic_propagation_speed_negative_delay_segment_count,0.0,0.0
11,kinematic_shell_segment_counts_shell_10_20mm,0.0,0.0
11,kinematic_kinetic_topology_coupling_cycle_count,-0.0005829358770536363,0.0012341309644733065
11,kinematic_propagation_speed_speed_positive_delay_mm_per_time_iqr,0.015068009185656183,0.008152245993967317
11,kinematic_propagation_speed_speed_positive_delay_mm_per_time_sd,0.0023140787846668955,0.0013158737019228846
11,kinematic_propagation_speed_speed_positive_delay_mm_per_time_mean,0.0,0.0
11,kinematic_propagation_speed_speed_positive_delay_mm_per_time_median,0.0,0.0
11,kinematic_kinetic_topology_coupling_early_cycle_count_all_nodes,-0.000847906730259762,0.001603116241588201
11,kinematic_component_invasion_component_count,0.003744921391980094,0.001340192668319444
11,kinematic_shell_kinetics_shell_5_10mm_time_to_peak_hurdle_value_given_signal_max,0.0,0.0
11,kinematic_shell_kinetics_shell_5_10mm_time_to_peak_hurdle_value_given_signal_mean,0.0,0.0
11,kinematic_shell_kinetics_shell_10_20mm_time_to_peak_hurdle_value_given_signal_q90,0.0010775481363715755,0.0007345212113157392
11,kinematic_shell_kinetics_shell_10_20mm_auc_hurdle_value_given_signal_max,0.0,0.0
11,kinematic_shell_kinetics_shell_5_10mm_auc_hurdle_value_given_signal_max,5.299417064111855e-05,0.0005914385812677096
11,kinematic_shell_segment_counts_shell_5_10mm,0.0,0.0
11,kinematic_propagation_speed_delay_all_segments_min,0.0011305423070127828,0.0015302178291967978
11,kinematic_propagation_speed_delay_all_segments_max,0.0,0.0
11,kinematic_shell_contrasts_5_10mm_vs_10_20mm_ttp_delta,0.0,0.0
11,kinematic_graph_local_propagation_distance_binned_dispersion_distance_bin_count,0.0,0.0
11,kinematic_arrival_delay_vs_reference_all_segments_hurdle_value_given_signal_max,0.0,0.0
11,kinematic_shell_kinetics_shell_5_10mm_time_to_peak_hurdle_value_given_signal_min,0.0,0.0
11,kinematic_shell_kinetics_shell_10_20mm_time_to_peak_hurdle_value_given_signal_min,0.0,0.0
11,kinematic_shell_kinetics_shell_10_20mm_time_to_peak_hurdle_value_given_signal_max,0.0,0.0
11,kinematic_shell_kinetics_shell_10_20mm_time_to_peak_hurdle_value_given_signal_iqr,0.0,0.0
11,kinematic_shell_kinetics_shell_gt20mm_time_to_peak_hurdle_value_given_signal_median,0.0,0.0
11,kinematic_shell_kinetics_shell_10_20mm_time_to_peak_hurdle_value_given_signal_median,0.0,0.0
11,kinematic_shell_kinetics_shell_gt20mm_time_to_enhancement_hurdle_value_given_signal_max,0.0,0.0
11,kinematic_shell_kinetics_shell_5_10mm_time_to_enhancement_hurdle_value_given_signal_q90,0.0,0.0
11,kinematic_shell_kinetics_shell_5_10mm_time_to_enhancement_hurdle_value_given_signal_min,0.0,0.0
11,kinematic_shell_kinetics_shell_10_20mm_time_to_enhancement_hurdle_value_given_signal_q90,0.0,0.0
11,kinematic_shell_kinetics_shell_10_20mm_time_to_enhancement_hurdle_value_given_signal_max,0.0,0.0
11,kinematic_graph_local_propagation_earliest_arrival_component_near_tumor_earliest_threshold_tte,0.0,0.0
11,kinematic_graph_local_propagation_earliest_arrival_component_near_tumor_largest_component_segments,0.0,0.0
11,kinematic_arrival_delay_vs_reference_all_segments_hurdle_value_given_signal_q90,0.0,0.0
11,kinematic_shell_kinetics_shell_10_20mm_auc_hurdle_value_given_signal_median,-0.00021197668256500712,0.003048175885549992
11,kinematic_shell_kinetics_shell_10_20mm_time_to_peak_hurdle_value_given_signal_mean,0.0,0.0
11,kinematic_shell_kinetics_shell_5_10mm_auc_hurdle_value_given_signal_mean,0.0,0.0
11,kinematic_shell_kinetics_shell_10_20mm_auc_hurdle_value_given_signal_iqr,0.0,0.0
11,kinematic_shell_contrasts_5_10mm_vs_10_20mm_washin_delta_norm_l1,0.0,0.0
11,kinematic_shell_contrasts_5_10mm_vs_10_20mm_auc_delta,0.0,0.0
11,kinematic_shell_kinetics_shell_10_20mm_time_to_peak_hurdle_value_given_signal_sd,-0.003974562798092296,0.001891445685423876
11,kinematic_core_to_periphery_tte_delta,0.0,0.0
11,kinematic_graph_local_propagation_earliest_arrival_component_near_tumor_largest_component_fraction_near_segments,0.0,0.0
11,kinematic_shell_kinetics_shell_gt20mm_auc_hurdle_value_given_signal_q90,0.0,0.0
11,kinematic_shell_kinetics_shell_10_20mm_auc_hurdle_value_given_signal_sd,0.0,0.0
11,kinematic_shell_contrasts_5_10mm_vs_10_20mm_washout_delta_norm_l1,0.0,0.0
11,kinematic_shell_kinetics_shell_10_20mm_time_to_enhancement_hurdle_value_given_signal_mean,-0.00014131778837672693,0.0010651696471776278
11,kinematic_shell_kinetics_shell_gt20mm_auc_hurdle_value_given_signal_median,-0.00015898251192376646,0.00039062611530640124
11,kinematic_shell_kinetics_shell_gt20mm_time_to_peak_hurdle_value_given_signal_mean,-0.0015015015015016008,0.0017914677447486392
11,kinematic_shell_kinetics_shell_gt20mm_auc_hurdle_value_given_signal_max,-0.0016074898427840601,0.0007216639539238827
11,kinematic_graph_local_propagation_distance_binned_dispersion_distance_bin_monotonic_nondecreasing_fraction,0.0,0.0
11,kinematic_propagation_speed_speed_positive_delay_mm_per_time_min,0.0011835364776540346,0.0009547125325470167
11,kinematic_arrival_delay_vs_reference_all_segments_hurdle_value_given_signal_mean,0.0025437201907788976,0.0031641065440815874
11,kinematic_shell_kinetics_shell_gt20mm_auc_hurdle_value_given_signal_iqr,0.0,0.0
11,kinematic_graph_local_propagation_graph_distance_available_fraction,0.0016074898427838602,0.0012551901730076048
11,kinematic_shell_kinetics_shell_10_20mm_time_to_enhancement_hurdle_value_given_signal_sd,0.0,0.0
11,kinematic_graph_local_propagation_weighted_linear_fit_intercept,0.0,0.0
11,kinematic_shell_kinetics_shell_10_20mm_peak_enhancement_hurdle_value_given_signal_median,0.0007595831125242092,0.0015800796519211218
11,kinematic_shell_kinetics_shell_10_20mm_peak_enhancement_hurdle_value_given_signal_q90,0.0,0.0
11,kinematic_shell_contrasts_5_10mm_vs_10_20mm_auc_delta_norm_l1,0.0,0.0
11,kinematic_shell_kinetics_shell_gt20mm_time_to_enhancement_hurdle_value_given_signal_mean,0.0003003003003001936,0.0011557914010214255
11,kinematic_kinetic_topology_coupling_early_cycle_length_fraction_ge50,0.0010068892421832732,0.0006272842573596517
11,kinematic_graph_local_propagation_distance_binned_dispersion_mean_tte_std_across_distance_bins,0.0,0.0
11,kinematic_shell_kinetics_shell_10_20mm_peak_enhancement_hurdle_value_given_signal_iqr,0.0,0.0
11,kinematic_early_enhancing_fraction_count_fraction_near_tumor,0.0,0.0
11,kinematic_graph_local_propagation_weighted_linear_fit_rmse,0.0,0.0
11,kinematic_shell_contrasts_5_10mm_vs_10_20mm_peak_delta,0.0,0.0
11,kinematic_propagation_speed_delay_all_segments_sd,0.0,0.0
11,kinematic_shell_kinetics_shell_gt20mm_time_to_enhancement_hurdle_value_given_signal_sd,-0.0013071895424837776,0.0006985945922375927
11,kinematic_arrival_delay_vs_reference_all_segments_hurdle_value_given_signal_sd,0.0,0.0
11,kinematic_graph_local_propagation_weighted_linear_fit_mae,-0.0008302420067127003,0.0012517049099492735
11,kinematic_early_enhancing_fraction_volume_fraction_all_segments,0.0,0.0
11,kinematic_kinetic_topology_coupling_early_bifurcation_fraction_of_bifurcations,0.0,0.0
11,kinematic_shell_kinetics_shell_10_20mm_washin_slope_hurdle_value_given_signal_max,-0.0007065889418831573,0.0019797104011477626
11,kinematic_early_enhancing_fraction_count_fraction_all_segments,0.0,0.0
11,kinematic_kinetic_topology_coupling_early_node_fraction,0.0011658717541069507,0.0014951495473943597
11,kinematic_shell_kinetics_shell_gt20mm_auc_hurdle_value_given_signal_sd,0.0002119766825648184,0.0019005797783165905
11,kinematic_arrival_delay_vs_reference_near_tumor_segments_hurdle_valid_fraction,0.0,0.0
11,kinematic_shell_kinetics_shell_5_10mm_time_to_enhancement_hurdle_valid_fraction,0.0,0.0
11,kinematic_shell_kinetics_shell_gt20mm_time_to_peak_hurdle_value_given_signal_iqr,0.0,0.0
11,kinematic_shell_kinetics_shell_gt20mm_time_to_peak_hurdle_value_given_signal_sd,0.0009715597950890942,0.0011617158132808528
11,kinematic_shell_kinetics_shell_gt20mm_peak_enhancement_hurdle_value_given_signal_median,0.0007772478360713153,0.001560506117319045
11,kinematic_shell_kinetics_shell_10_20mm_auc_hurdle_value_given_signal_min,0.0,0.0
11,kinematic_shell_kinetics_shell_10_20mm_peak_enhancement_hurdle_value_given_signal_sd,0.0018194665253487897,0.0011665406805228097
11,kinematic_shell_kinetics_shell_gt20mm_washin_slope_hurdle_value_given_signal_max,0.0,0.0
11,kinematic_shell_kinetics_shell_10_20mm_washin_slope_hurdle_value_given_signal_q90,0.0,0.0
11,kinematic_shell_kinetics_shell_10_20mm_washout_slope_hurdle_value_given_signal_min,0.0,0.0
11,kinematic_shell_kinetics_shell_gt20mm_washout_slope_hurdle_value_given_signal_min,0.0,0.0
11,kinematic_caliber_flow_kinetic_surrogates_tortuosity_weighted_peak_enhancement_mean,-0.0004062886415828193,0.0015721603956898097
11,kinematic_shell_kinetics_shell_gt20mm_peak_enhancement_hurdle_value_given_signal_mean,0.00014131778837652708,0.0012460831717752085
11,kinematic_shell_kinetics_shell_gt20mm_peak_enhancement_hurdle_value_given_signal_q90,0.0,0.0
11,kinematic_shell_kinetics_shell_gt20mm_peak_enhancement_hurdle_value_given_signal_iqr,0.0,0.0
11,kinematic_propagation_speed_delay_all_segments_mean,0.0,0.0
11,kinematic_shell_kinetics_shell_10_20mm_washin_slope_hurdle_value_given_signal_mean,-0.0013778484366720688,0.0012130920129580908
11,kinematic_kinetic_topology_coupling_valid_time_node_fraction,-0.0009538950715422434,0.0011986006326576404
11,kinematic_shell_kinetics_shell_10_20mm_washin_slope_hurdle_value_given_signal_sd,0.0,0.0
11,kinematic_shell_kinetics_shell_gt20mm_washin_slope_hurdle_value_given_signal_q90,-3.532944709425667e-05,0.0015516828303124882
11,kinematic_arrival_delay_vs_reference_all_segments_hurdle_valid_fraction,0.0,0.0
11,kinematic_shell_kinetics_shell_10_20mm_washin_slope_hurdle_value_given_signal_iqr,0.0,0.0
11,kinematic_shell_kinetics_shell_10_20mm_washout_slope_hurdle_value_given_signal_mean,0.0,0.0
11,kinematic_shell_kinetics_shell_gt20mm_peak_enhancement_hurdle_value_given_signal_sd,0.0,0.0
11,kinematic_shell_kinetics_shell_10_20mm_washout_slope_hurdle_value_given_signal_sd,0.0,0.0
11,kinematic_graph_local_propagation_weighted_linear_fit_r2,-0.0003003003003003935,0.001679635633918709
11,kinematic_shell_kinetics_shell_gt20mm_washout_slope_hurdle_value_given_signal_iqr,-0.003126656067832656,0.0019108136489452323
11,kinematic_shell_kinetics_shell_10_20mm_washout_slope_hurdle_value_given_signal_iqr,0.0,0.0
11,kinematic_shell_kinetics_shell_gt20mm_washin_slope_hurdle_value_given_signal_iqr,0.0009715597950891274,0.0015384544334783813
11,kinematic_shell_contrasts_5_10mm_vs_10_20mm_washin_delta,0.0016428192898780502,0.0004541586338873839
11,kinematic_caliber_flow_kinetic_surrogates_radius_weighted_washin_mean,-0.022363540010598926,0.003912008475181121
11,kinematic_shell_kinetics_shell_gt20mm_washin_slope_hurdle_value_given_signal_median,-0.016233880939763367,0.005350078749830725
11,kinematic_shell_kinetics_shell_gt20mm_washout_slope_hurdle_value_given_signal_sd,0.0,0.0
11,kinematic_shell_kinetics_shell_gt20mm_washin_slope_hurdle_value_given_signal_sd,0.0,0.0
11,kinematic_shell_kinetics_shell_gt20mm_washin_slope_hurdle_value_given_signal_mean,-0.013460519342872412,0.0041763531019381305
11,kinematic_shell_contrasts_5_10mm_vs_10_20mm_washout_delta,0.0,0.0
11,kinematic_shell_kinetics_shell_5_10mm_auc_hurdle_value_given_signal_min,0.0,0.0
11,kinematic_shell_kinetics_shell_gt20mm_washout_slope_hurdle_value_given_signal_mean,0.0008832361773537412,0.0012365306482953547
11,kinematic_shell_kinetics_shell_gt20mm_peak_enhancement_hurdle_value_given_signal_max,0.00038862391803561324,0.001290371479791548
11,kinematic_shell_kinetics_shell_10_20mm_washout_slope_hurdle_value_given_signal_median,0.001519166225048474,0.0014720131889065275
11,kinematic_caliber_flow_kinetic_surrogates_radius_weighted_washout_mean,0.0,0.0
11,kinematic_shell_kinetics_shell_5_10mm_washout_slope_hurdle_value_given_signal_min,0.0,0.0
11,kinematic_shell_kinetics_shell_gt20mm_washout_slope_hurdle_value_given_signal_median,0.0,0.0
11,kinematic_shell_kinetics_shell_10_20mm_washin_slope_hurdle_value_given_signal_median,-0.007666490019431249,0.004148164570464416
11,kinematic_shell_kinetics_shell_5_10mm_washout_slope_hurdle_value_given_signal_mean,0.00031796502384727753,0.0009407190924355614
11,kinematic_shell_kinetics_shell_gt20mm_auc_hurdle_value_given_signal_min,-0.0009185656244480756,0.004062732806632059
11,kinematic_shell_kinetics_shell_gt20mm_peak_enhancement_hurdle_value_given_signal_min,0.0,0.0
11,kinematic_kinetic_topology_coupling_early_cycle_length_per_tumor_mm3_ge50,-0.005741035152799967,0.007013696121914929
11,kinematic_graph_local_propagation_slope_tte_vs_graph_distance_from_boundary,0.0,0.0
11,kinematic_shell_segment_counts_shell_2_5mm,0.0,0.0
11,kinematic_shell_contrasts_0_2mm_vs_2_5mm_ttp_delta,0.0,0.0
11,kinematic_shell_contrasts_0_2mm_vs_2_5mm_tte_delta,0.0,0.0
11,kinematic_shell_contrasts_0_2mm_vs_2_5mm_auc_delta,0.0,0.0
11,kinematic_propagation_speed_delay_all_segments_q90,0.0,0.0
11,kinematic_propagation_speed_delay_all_segments_iqr,0.0,0.0
11,kinematic_shell_contrasts_inside_vs_2_5mm_ttp_delta,0.0,0.0
11,kinematic_shell_contrasts_inside_vs_2_5mm_tte_delta,0.0,0.0
11,kinematic_shell_contrasts_inside_vs_2_5mm_auc_delta,0.0,0.0
11,kinematic_shell_contrasts_inside_vs_0_2mm_ttp_delta,0.0,0.0
11,kinematic_shell_contrasts_inside_vs_0_2mm_tte_delta,0.0,0.0
11,kinematic_shell_contrasts_inside_vs_0_2mm_auc_delta,0.0,0.0
11,kinematic_shell_contrasts_0_2mm_vs_2_5mm_peak_delta,0.0,0.0
11,kinematic_shell_contrasts_inside_vs_2_5mm_peak_delta,0.0,0.0
11,kinematic_shell_contrasts_inside_vs_0_2mm_peak_delta,0.0,0.0
11,kinematic_shell_contrasts_5_10mm_vs_10_20mm_tte_delta,0.0,0.0
11,kinematic_shell_contrasts_0_2mm_vs_2_5mm_washin_delta,0.0,0.0
11,kinematic_propagation_speed_delay_all_segments_median,0.0,0.0
11,kinematic_component_invasion_crossing_component_count,0.0,0.0
11,kinematic_shell_contrasts_inside_vs_2_5mm_washin_delta,0.0,0.0
11,kinematic_shell_contrasts_inside_vs_0_2mm_washin_delta,0.0,0.0
11,kinematic_shell_contrasts_0_2mm_vs_2_5mm_washout_delta,0.0,0.0
11,kinematic_shell_contrasts_inside_vs_2_5mm_washout_delta,-0.0011482070305600667,0.000794912559618445
11,kinematic_shell_contrasts_inside_vs_0_2mm_washout_delta,0.0,0.0
11,kinematic_component_invasion_crossing_component_fraction,0.0,0.0
11,kinematic_temporal_heterogeneity_near_tumor_ttp_entropy_bits,0.0,0.0
11,kinematic_early_enhancing_fraction_early_phase_time_threshold,0.0,0.0
11,kinematic_early_enhancing_fraction_volume_fraction_shell_2_5mm,0.0011305423070128273,0.00044828042891534607
11,kinematic_early_enhancing_fraction_volume_fraction_shell_0_2mm,0.0,0.0
11,kinematic_boundary_caliber_gradient_positive_dilation_fraction,0.0,0.0
11,kinematic_shell_kinetics_shell_2_5mm_auc_hurdle_value_given_signal_sd,0.0,0.0
11,kinematic_shell_kinetics_shell_0_2mm_auc_hurdle_value_given_signal_sd,0.0,0.0
11,kinematic_component_invasion_largest_crossing_component_segment_count,0.0,0.0
11,kinematic_shell_kinetics_shell_5_10mm_auc_hurdle_value_given_signal_sd,0.0,0.0
11,kinematic_shell_kinetics_inside_tumor_auc_hurdle_value_given_signal_sd,0.0,0.0
11,kinematic_shell_kinetics_shell_2_5mm_time_to_peak_hurdle_valid_fraction,0.0,0.0
11,kinematic_shell_kinetics_shell_10_20mm_time_to_peak_hurdle_valid_fraction,0.0,0.0
11,kinematic_boundary_caliber_gradient_inside_radius_length_weighted_mean_mm,0.0,0.0
11,kinematic_component_invasion_mean_crossing_component_max_invasion_depth_mm,0.0,0.0
11,kinematic_component_invasion_largest_crossing_component_crossing_length_mm,0.0,0.0
11,kinematic_boundary_crossing_dynamic_burden_kinetic_weighted_volume_auc_mm3,0.0,0.0
11,kinematic_shell_kinetics_shell_2_5mm_washin_slope_hurdle_value_given_signal_sd,0.0,0.0
11,kinematic_shell_kinetics_shell_2_5mm_time_to_peak_hurdle_value_given_signal_sd,0.0,0.0
11,kinematic_shell_kinetics_shell_2_5mm_time_to_enhancement_hurdle_valid_fraction,0.0,0.0
11,kinematic_shell_kinetics_shell_0_2mm_washin_slope_hurdle_value_given_signal_sd,0.0,0.0
11,kinematic_shell_kinetics_shell_0_2mm_time_to_peak_hurdle_value_given_signal_sd,0.0,0.0
11,kinematic_shell_kinetics_shell_5_10mm_washin_slope_hurdle_value_given_signal_sd,0.0,0.0
11,kinematic_shell_kinetics_shell_5_10mm_time_to_peak_hurdle_value_given_signal_sd,0.0,0.0
11,kinematic_shell_kinetics_shell_2_5mm_washout_slope_hurdle_value_given_signal_sd,0.0025613849143260037,0.0019483317226552306
11,kinematic_shell_kinetics_shell_2_5mm_washin_slope_hurdle_value_given_signal_q90,0.0,0.0
11,kinematic_shell_kinetics_shell_2_5mm_washin_slope_hurdle_value_given_signal_min,0.0,0.0
11,kinematic_shell_kinetics_shell_2_5mm_washin_slope_hurdle_value_given_signal_iqr,0.0,0.0
11,kinematic_shell_kinetics_shell_2_5mm_time_to_peak_hurdle_value_given_signal_q90,0.001872460695990008,0.0006712594947889117
11,kinematic_shell_kinetics_shell_2_5mm_time_to_peak_hurdle_value_given_signal_min,0.0,0.0
11,kinematic_shell_kinetics_shell_2_5mm_time_to_peak_hurdle_value_given_signal_iqr,0.0,0.0
11,kinematic_shell_kinetics_shell_0_2mm_washout_slope_hurdle_value_given_signal_sd,0.0,0.0
11,kinematic_shell_kinetics_shell_0_2mm_washin_slope_hurdle_value_given_signal_q90,0.0,0.0
11,kinematic_shell_kinetics_shell_0_2mm_washin_slope_hurdle_value_given_signal_min,0.0,0.0
11,kinematic_shell_kinetics_shell_0_2mm_time_to_peak_hurdle_value_given_signal_iqr,0.0,0.0
11,kinematic_shell_kinetics_inside_tumor_washin_slope_hurdle_value_given_signal_sd,0.0,0.0
11,kinematic_shell_kinetics_inside_tumor_time_to_peak_hurdle_value_given_signal_sd,0.0,0.0
11,kinematic_arrival_delay_vs_reference_all_segments_hurdle_value_given_signal_min,0.0,0.0
11,kinematic_arrival_delay_vs_reference_all_segments_hurdle_value_given_signal_iqr,0.0,0.0
11,kinematic_shell_kinetics_shell_gt20mm_washin_slope_hurdle_value_given_signal_min,0.0,0.0
11,kinematic_shell_kinetics_shell_gt20mm_time_to_peak_hurdle_value_given_signal_q90,0.0,0.0
11,kinematic_shell_kinetics_shell_gt20mm_time_to_peak_hurdle_value_given_signal_min,0.0,0.0
11,kinematic_shell_kinetics_shell_gt20mm_time_to_peak_hurdle_value_given_signal_max,0.0,0.0
11,kinematic_shell_kinetics_shell_5_10mm_washout_slope_hurdle_value_given_signal_sd,0.0,0.0
11,kinematic_shell_kinetics_shell_5_10mm_washin_slope_hurdle_value_given_signal_q90,0.0,0.0
11,kinematic_shell_kinetics_shell_5_10mm_washin_slope_hurdle_value_given_signal_min,0.0,0.0
11,kinematic_shell_kinetics_shell_5_10mm_washin_slope_hurdle_value_given_signal_iqr,0.0,0.0
11,kinematic_shell_kinetics_shell_5_10mm_time_to_peak_hurdle_value_given_signal_iqr,0.0,0.0
11,kinematic_shell_kinetics_shell_2_5mm_washout_slope_hurdle_value_given_signal_q90,0.0009009009009008251,0.0010222671822102199
11,kinematic_shell_kinetics_shell_2_5mm_washout_slope_hurdle_value_given_signal_min,0.00024730612965896405,0.0010092108713715586
11,kinematic_shell_kinetics_shell_10_20mm_time_to_enhancement_hurdle_valid_fraction,0.0,0.0
11,kinematic_shell_kinetics_shell_0_2mm_washout_slope_hurdle_value_given_signal_q90,0.0007419183889771364,0.0009701134229108748
11,kinematic_shell_kinetics_shell_0_2mm_washout_slope_hurdle_value_given_signal_min,0.0,0.0
11,kinematic_shell_kinetics_inside_tumor_washin_slope_hurdle_value_given_signal_q90,0.0,0.0
11,kinematic_shell_kinetics_inside_tumor_washin_slope_hurdle_value_given_signal_min,0.0,0.0
11,kinematic_shell_kinetics_inside_tumor_time_to_peak_hurdle_value_given_signal_iqr,0.0,0.0
11,kinematic_peritumoral_multi_scale_contrasts_core_shell_gradient_per_mm_ttp_slope,0.0,0.0
11,kinematic_peritumoral_multi_scale_contrasts_core_shell_gradient_per_mm_tte_slope,0.0,0.0
11,kinematic_peritumoral_multi_scale_contrasts_core_shell_gradient_per_mm_auc_slope,0.0,0.0
11,kinematic_boundary_caliber_gradient_outside_minus_inside_length_weighted_mean_mm,0.0001589825119235888,0.0007595831125242667
11,kinematic_shell_kinetics_shell_gt20mm_washout_slope_hurdle_value_given_signal_q90,0.0,0.0
11,kinematic_shell_kinetics_shell_gt20mm_washout_slope_hurdle_value_given_signal_max,0.0,0.0
11,kinematic_shell_kinetics_shell_5_10mm_washout_slope_hurdle_value_given_signal_q90,0.0,0.0
11,kinematic_shell_kinetics_shell_10_20mm_washin_slope_hurdle_value_given_signal_min,0.0,0.0
11,kinematic_shell_kinetics_inside_tumor_washout_slope_hurdle_value_given_signal_q90,0.0,0.0
11,kinematic_shell_kinetics_inside_tumor_washout_slope_hurdle_value_given_signal_iqr,0.0,0.0
11,kinematic_peritumoral_multi_scale_contrasts_core_shell_gradient_per_mm_peak_slope,0.0,0.0
11,kinematic_shell_kinetics_shell_2_5mm_washin_slope_hurdle_value_given_signal_median,0.00031796502384727753,0.0025363492097929758
11,kinematic_shell_kinetics_shell_10_20mm_washout_slope_hurdle_value_given_signal_q90,0.0,0.0
11,kinematic_shell_kinetics_shell_10_20mm_washout_slope_hurdle_value_given_signal_max,0.0,0.0
11,kinematic_shell_kinetics_shell_0_2mm_washin_slope_hurdle_value_given_signal_median,0.0,0.0
11,kinematic_shell_kinetics_inside_tumor_washout_slope_hurdle_value_given_signal_mean,0.0,0.0
11,kinematic_arrival_delay_vs_reference_all_segments_hurdle_value_given_signal_median,0.0,0.0
11,kinematic_shell_kinetics_shell_5_10mm_washin_slope_hurdle_value_given_signal_median,0.0,0.0
11,kinematic_shell_kinetics_shell_2_5mm_washout_slope_hurdle_value_given_signal_median,-0.0006889242183360733,0.000916014284576172
11,kinematic_shell_kinetics_shell_2_5mm_auc_rel_reference_hurdle_value_given_signal_sd,-1.7664723547161644e-05,0.0007429691165805768
11,kinematic_shell_kinetics_shell_0_2mm_auc_rel_reference_hurdle_value_given_signal_sd,0.0,0.0
11,kinematic_shell_kinetics_inside_tumor_washin_slope_hurdle_value_given_signal_median,0.0,0.0
11,kinematic_peritumoral_multi_scale_contrasts_core_shell_gradient_per_mm_washin_slope,0.0,0.0
11,kinematic_boundary_caliber_gradient_gradient_mm_per_mm_hurdle_value_given_signal_sd,0.0,0.0
11,kinematic_shell_kinetics_shell_5_10mm_peak_enhancement_hurdle_value_given_signal_iqr,1.7664723546961802e-05,0.0012018504640998993
11,kinematic_shell_kinetics_shell_5_10mm_auc_rel_reference_hurdle_value_given_signal_sd,0.0009185656244478757,0.005751108795493234
11,kinematic_shell_kinetics_shell_2_5mm_auc_rel_reference_hurdle_value_given_signal_q90,0.0,0.0
11,kinematic_shell_kinetics_shell_0_2mm_auc_rel_reference_hurdle_value_given_signal_q90,0.0,0.0
11,kinematic_shell_kinetics_inside_tumor_auc_rel_reference_hurdle_value_given_signal_sd,0.0,0.0
11,kinematic_peritumoral_multi_scale_contrasts_core_shell_gradient_per_mm_washout_slope,0.0,0.0
11,kinematic_boundary_caliber_gradient_gradient_mm_per_mm_hurdle_value_given_signal_q90,0.0,0.0
11,kinematic_boundary_caliber_gradient_gradient_mm_per_mm_hurdle_value_given_signal_min,0.0,0.0
11,kinematic_boundary_caliber_gradient_gradient_mm_per_mm_hurdle_value_given_signal_max,-0.001642819289878228,0.001747022404448646
11,kinematic_shell_kinetics_shell_2_5mm_time_to_enhancement_hurdle_value_given_signal_sd,0.0,0.0
11,kinematic_shell_kinetics_shell_0_2mm_time_to_enhancement_hurdle_value_given_signal_sd,0.0,0.0
11,kinematic_shell_kinetics_inside_tumor_auc_rel_reference_hurdle_value_given_signal_q90,0.0,0.0
11,kinematic_boundary_caliber_gradient_outside_over_inside_hurdle_value_given_signal_q90,0.0,0.0
11,kinematic_boundary_caliber_gradient_outside_over_inside_hurdle_value_given_signal_min,0.0,0.0
11,kinematic_boundary_caliber_gradient_gradient_mm_per_mm_hurdle_value_given_signal_mean,0.0,0.0
11,kinematic_arrival_delay_vs_reference_near_tumor_segments_hurdle_value_given_signal_sd,0.0,0.0
11,kinematic_shell_kinetics_shell_5_10mm_time_to_enhancement_hurdle_value_given_signal_sd,0.0,0.0
11,kinematic_shell_kinetics_shell_2_5mm_washin_rel_reference_hurdle_value_given_signal_sd,0.0,0.0
11,kinematic_shell_kinetics_shell_2_5mm_time_to_enhancement_hurdle_value_given_signal_q90,0.0,0.0
11,kinematic_shell_kinetics_shell_2_5mm_time_to_enhancement_hurdle_value_given_signal_iqr,0.0,0.0
11,kinematic_shell_kinetics_shell_0_2mm_washin_rel_reference_hurdle_value_given_signal_sd,0.0,0.0
11,kinematic_shell_kinetics_shell_0_2mm_time_to_enhancement_hurdle_value_given_signal_iqr,0.0,0.0
11,kinematic_shell_kinetics_inside_tumor_time_to_enhancement_hurdle_value_given_signal_sd,0.0,0.0
11,kinematic_arrival_delay_vs_reference_near_tumor_segments_hurdle_value_given_signal_q90,0.0,0.0
11,kinematic_arrival_delay_vs_reference_near_tumor_segments_hurdle_value_given_signal_min,0.0,0.0
11,kinematic_arrival_delay_vs_reference_near_tumor_segments_hurdle_value_given_signal_max,0.0,0.0
11,kinematic_arrival_delay_vs_reference_near_tumor_segments_hurdle_value_given_signal_iqr,0.0,0.0
11,kinematic_shell_kinetics_shell_gt20mm_time_to_enhancement_hurdle_value_given_signal_q90,0.0,0.0
11,kinematic_shell_kinetics_shell_gt20mm_time_to_enhancement_hurdle_value_given_signal_min,0.0,0.0
11,kinematic_shell_kinetics_shell_gt20mm_time_to_enhancement_hurdle_value_given_signal_iqr,0.0,0.0
11,kinematic_shell_kinetics_shell_5_10mm_washin_rel_reference_hurdle_value_given_signal_sd,0.0020844373785549376,0.0014796249137164334
11,kinematic_shell_kinetics_shell_5_10mm_time_to_enhancement_hurdle_value_given_signal_iqr,0.0,0.0
11,kinematic_shell_kinetics_shell_2_5mm_washin_rel_reference_hurdle_value_given_signal_q90,0.0,0.0
11,kinematic_shell_kinetics_shell_2_5mm_washin_rel_reference_hurdle_value_given_signal_min,0.0,0.0
11,kinematic_shell_kinetics_shell_0_2mm_washin_rel_reference_hurdle_value_given_signal_q90,0.0,0.0
11,kinematic_shell_kinetics_shell_0_2mm_washin_rel_reference_hurdle_value_given_signal_min,0.0,0.0
11,kinematic_shell_kinetics_inside_tumor_washin_rel_reference_hurdle_value_given_signal_sd,0.0,0.0
11,kinematic_shell_kinetics_inside_tumor_time_to_enhancement_hurdle_value_given_signal_iqr,0.0,0.0
11,kinematic_boundary_caliber_gradient_gradient_mm_per_mm_hurdle_value_given_signal_median,0.0,0.0
11,kinematic_arrival_delay_vs_reference_near_tumor_segments_hurdle_value_given_signal_mean,0.0,0.0
11,kinematic_shell_kinetics_shell_gt20mm_washin_rel_reference_hurdle_value_given_signal_min,0.0,0.0
11,kinematic_shell_kinetics_shell_5_10mm_washin_rel_reference_hurdle_value_given_signal_q90,0.0,0.0
11,kinematic_shell_kinetics_shell_5_10mm_washin_rel_reference_hurdle_value_given_signal_min,0.0,0.0
11,kinematic_shell_kinetics_shell_10_20mm_time_to_enhancement_hurdle_value_given_signal_min,0.0,0.0
11,kinematic_shell_kinetics_shell_10_20mm_time_to_enhancement_hurdle_value_given_signal_iqr,0.0,0.0
11,kinematic_shell_kinetics_inside_tumor_washin_rel_reference_hurdle_value_given_signal_q90,0.0,0.0
11,kinematic_shell_kinetics_shell_10_20mm_washin_rel_reference_hurdle_value_given_signal_min,0.0,0.0
11,kinematic_arrival_delay_vs_reference_near_tumor_segments_hurdle_value_given_signal_median,0.0,0.0
11,kinematic_shell_kinetics_shell_gt20mm_time_to_enhancement_hurdle_value_given_signal_median,0.0,0.0
11,kinematic_shell_kinetics_shell_0_2mm_washin_rel_reference_hurdle_value_given_signal_median,0.0,0.0
11,kinematic_shell_kinetics_shell_5_10mm_washin_rel_reference_hurdle_value_given_signal_median,0.0,0.0
11,kinematic_shell_kinetics_shell_10_20mm_time_to_enhancement_hurdle_value_given_signal_median,0.0,0.0
11,kinematic_core_to_periphery_peak_ratio,-0.0005122769828653229,0.0005829358770535307
11,morph_seg_length_cv,0.0015898251192368207,0.0014821534685322897
11,morph_radius_cv,0.0005122769828651563,0.0009428727182534701
11,morph_bifurcation_density_per_length,0.0,0.0
11,morph_seg_volume_sum,-0.0004946122593182167,0.0007732227037003786
11,morph_seg_length_sum,0.0,0.0
11,morph_seg_volume_max,0.0,0.0
11,morph_radius_mean_sum,0.0,0.0
11,morph_seg_volume_std,0.0,0.0
11,morph_curvature_mean_sum,0.0,0.0
11,morph_seg_length_max,0.005811694046988081,0.0022628090271240202
11,morph_seg_volume_mean,0.005193428722840354,0.013028904225563832
11,morph_seg_length_std,0.0,0.0
11,morph_seg_tortuosity_max,0.0,0.0
11,morph_curvature_mean_max,3.532944709404573e-05,0.0012510815198463658
11,morph_radius_mean_max,-0.00017664723547086147,0.0008545053257338174
11,morph_radius_mean_mean,-0.0006889242183360733,0.0030365346352847094
11,morph_radius_mean_std,-0.0016781487369723624,0.0010093654567858714
11,morph_seg_tortuosity_std,0.0019784490372724783,0.0015047192679064974
11,morph_curvature_mean_mean,0.0,0.0
11,morph_curvature_mean_std,0.0,0.0
11,morph_seg_tortuosity_mean,0.0,0.0
11,morph_bifurcation_per_segment,0.0,0.0
11,morph_seg_dup_fraction,0.0,0.0
11,morph_seg_tortuosity_invalid_n,0.0,0.0
11,morph_bif_angle_std,0.0,0.0
11,morph_bif_angle_mean,0.0010422186892774076,0.0019130985311319297
11,morph_bif_angle_max,0.0,0.0
11,tumor_size_outer_to_inner_shell_ratio,0.001289524818936516,0.0011929902140895858
11,tumor_size_tumor_r8_region_voxels,0.0035859388800564386,0.0017523726285026413
11,tumor_size_tumor_voxels,0.0016781487369721849,0.0011345374120000805
11,tumor_size_shell_0_2_over_tumor,0.0,0.0
12,clinical_post,0.0,0.0
12,clinical_luminal_b,0.0,0.0
12,clinical_luminal_a,0.13031468531468532,0.043429064824989976
12,clinical_triple_negative,0.0,0.0
12,clinical_pre (<6 months since LMP AND no prior bilateral ovariectomy AND not on estrogen replacement),0.0,0.0
12,clinical_pre (< 6 months since LMP AND no prior bilateral ovariectomy AND not on estrogen replacement),0.0,0.0
12,age,0.0,0.0
12,normalized_ratios_near_length_per_tumor_equiv_radius,0.0,0.0
12,caliber_heterogeneity_near_tumor_near_radius_cv,0.00019230769230765832,0.00021340132195336688
12,normalized_ratios_near_volume_per_skeleton_edge,0.0,0.0
12,per_shell_topology_shell_5_10mm_shell_volume_density_mm3_per_shell_mm3,-0.0017657342657342533,0.001797301431267942
12,per_shell_topology_shell_10_20mm_shell_volume_density_mm3_per_shell_mm3,0.0,0.0
12,per_shell_topology_shell_2_5mm_shell_volume_density_mm3_per_shell_mm3,0.0,0.0
12,per_shell_topology_shell_gt20mm_shell_volume_density_mm3_per_shell_mm3,0.0,0.0
12,per_shell_topology_shell_5_10mm_shell_length_density_mm_per_shell_mm3,0.0,0.0
12,per_shell_topology_shell_10_20mm_shell_length_density_mm_per_shell_mm3,0.0,0.0
12,normalized_ratios_near_volume_per_shell_voxel,0.0,0.0
12,per_shell_topology_shell_10_20mm_node_density_per_shell_voxel,0.0,0.0
12,per_shell_topology_shell_2_5mm_node_density_per_shell_mm3,0.0,0.0
12,per_shell_topology_shell_gt20mm_shell_length_density_mm_per_shell_mm3,0.0,0.0
12,per_shell_topology_shell_5_10mm_endpoint_density_per_shell_mm3,0.0,0.0
12,per_shell_topology_shell_5_10mm_endpoint_density_per_shell_voxel,0.0008391608391608241,0.0003389985914277035
12,per_shell_topology_shell_gt20mm_edge_density_per_shell_voxel,-0.00178321678321679,0.0004122316826067073
12,per_shell_topology_shell_2_5mm_endpoint_density_per_shell_voxel,0.0,0.0
12,per_shell_topology_shell_10_20mm_endpoint_density_per_shell_mm3,0.0,0.0
12,per_shell_topology_shell_10_20mm_endpoint_density_per_shell_voxel,0.0011188811188810766,0.0011172409306762483
12,per_shell_topology_shell_10_20mm_bifurcation_density_per_shell_mm3,0.0,0.0
12,per_shell_topology_shell_gt20mm_bifurcation_density_per_shell_mm3,0.0,0.0
12,per_shell_topology_shell_gt20mm_endpoint_density_per_shell_mm3,-0.00012237762237760075,0.00011194273142363143
12,per_shell_topology_shell_gt20mm_bifurcation_density_per_shell_voxel,0.0,0.0
12,per_shell_topology_shell_gt20mm_endpoint_density_per_shell_voxel,-0.000996503496503509,0.00041408109378764595
12,normalized_ratios_inside_volume_per_tumor_voxel,0.0,0.0
12,per_shell_topology_shell_0_2mm_node_density_per_shell_mm3,0.0,0.0
12,normalized_ratios_crossing_length_per_tumor_equiv_surface,0.0,0.0
12,per_shell_topology_shell_2_5mm_cycle_density_per_shell_mm3,0.0,0.0
12,per_shell_topology_shell_0_2mm_cycle_density_per_shell_mm3,0.0,0.0
12,per_shell_topology_shell_5_10mm_cycle_density_per_shell_mm3,0.0,0.0
12,per_shell_topology_shell_0_2mm_edge_density_per_shell_voxel,0.0,0.0
12,per_shell_topology_inside_tumor_cycle_density_per_shell_mm3,0.0,0.0
12,per_shell_topology_shell_10_20mm_cycle_density_per_shell_mm3,0.0,0.0
12,per_shell_topology_shell_2_5mm_bifurcation_density_per_shell_mm3,0.0,0.0
12,per_shell_topology_shell_0_2mm_bifurcation_density_per_shell_mm3,0.0,0.0
12,per_shell_topology_shell_5_10mm_bifurcation_density_per_shell_mm3,0.0,0.0
12,per_shell_topology_inside_tumor_bifurcation_density_per_shell_mm3,0.0,0.0
12,per_shell_topology_shell_gt20mm_shell_region_voxels,0.0,0.0
12,per_shell_topology_shell_gt20mm_shell_region_volume_mm3,0.0,0.0
12,per_shell_topology_shell_10_20mm_shell_region_voxels,-0.0026223776223776142,0.00278844783739535
12,per_shell_topology_shell_10_20mm_shell_region_volume_mm3,0.0032867132867132943,0.003917644544176042
12,per_shell_topology_shell_2_5mm_shell_region_voxels,-6.993006993011308e-05,0.0011335360194019144
12,per_shell_topology_inside_tumor_shell_region_volume_mm3,0.0015209790209789963,0.0017004837747589471
12,graph_totals_total_volume_burden_mm3,0.0,0.0
12,graph_totals_total_length_mm,0.0,0.0
12,per_shell_topology_shell_gt20mm_node_count,0.0,0.0
12,per_shell_topology_shell_10_20mm_shell_volume_burden_mm3,-0.0015909090909091094,0.004440318533193222
12,per_shell_topology_shell_gt20mm_shell_region_volume_per_tumor_mm3,-0.004527972027972027,0.004308261303352975
12,per_shell_topology_shell_5_10mm_shell_volume_burden_mm3,0.0,0.0
12,per_shell_topology_shell_10_20mm_shell_length_mm,0.0,0.0
12,per_shell_topology_shell_5_10mm_shell_length_mm,0.0,0.0
12,per_shell_topology_shell_gt20mm_bifurcation_count,0.0,0.0
12,graph_tumor_r8_skel_voxels,0.0,0.0
12,per_shell_topology_shell_gt20mm_endpoint_count,0.0,0.0
12,per_shell_topology_shell_2_5mm_shell_volume_burden_mm3,0.0,0.0
12,graph_tumor_shell_r4_8_skel_voxels,0.0,0.0
12,per_shell_topology_shell_10_20mm_endpoint_count,0.0,0.0
12,per_shell_topology_shell_10_20mm_shell_region_volume_per_tumor_mm3,0.0,0.0
12,per_shell_topology_shell_5_10mm_endpoint_count,0.0,0.0
12,graph_tumor_r4_skel_voxels,0.0,0.0
12,graph_tumor_shell_r2_4_skel_voxels,0.0,0.0
12,per_shell_topology_shell_2_5mm_endpoint_count,0.0,0.0
12,per_shell_topology_shell_10_20mm_bifurcation_count,0.0,0.0
12,per_shell_topology_shell_2_5mm_degree_distribution_deg2,0.0008216783216783319,0.001223901092530564
12,length_weighted_shape_stats_near_tumor_segment_count,0.0,0.0
12,per_shell_topology_shell_10_20mm_degree_distribution_deg0,0.0,0.0
12,length_weighted_shape_stats_near_tumor_length_weighted_tortuosity_quantiles_q90,0.0,0.0
12,caliber_heterogeneity_near_tumor_near_radius_q75_mm,0.0,0.0
12,caliber_heterogeneity_near_tumor_near_radius_q50_mm,0.0,0.0
12,length_weighted_shape_stats_near_tumor_length_weighted_tortuosity_quantiles_q50,0.0,0.0
12,caliber_heterogeneity_near_tumor_near_radius_q25_mm,0.0012937062937063092,0.0017677237286383757
12,per_shell_topology_shell_2_5mm_shell_region_volume_per_tumor_mm3,0.0,0.0
12,per_shell_topology_shell_gt20mm_shell_volume_burden_mm3_per_tumor_mm3,0.0,0.0
12,caliber_heterogeneity_near_tumor_near_radius_q10_mm,0.0,0.0
12,length_weighted_shape_stats_near_tumor_length_weighted_curvature_mean_quantiles_q25,0.0,0.0
12,length_weighted_shape_stats_near_tumor_length_weighted_curvature_mean_quantiles_q90,0.0,0.0
12,length_weighted_shape_stats_near_tumor_length_weighted_curvature_mean_quantiles_q50,0.0,0.0
12,length_weighted_shape_stats_global_length_weighted_tortuosity_quantiles_q90,0.003164335664335638,0.003264552952661782
12,caliber_heterogeneity_near_tumor_global_node_radius_q90_mm,-0.00047202797202802185,0.0006007986110992724
12,length_weighted_shape_stats_global_length_weighted_tortuosity_quantiles_q75,0.0014860139860139788,0.0013793473634667636
12,per_shell_topology_shell_0_2mm_shell_region_volume_per_tumor_mm3,-0.000489510489510503,0.0008769186156632059
12,caliber_heterogeneity_near_tumor_near_radius_sd_mm,0.0,0.0
12,length_weighted_shape_stats_global_length_weighted_tortuosity_quantiles_q50,-0.0002097902097901949,0.0002569394835087218
12,length_weighted_shape_stats_global_length_weighted_tortuosity_mean,0.0,0.0
12,length_weighted_shape_stats_near_tumor_length_weighted_curvature_mean_quantiles_q10,0.001293706293706276,0.006540517981833205
12,per_shell_topology_shell_gt20mm_shell_length_mm_per_tumor_mm3,0.0009265734265734071,0.0047500035389698185
12,length_weighted_shape_stats_global_length_weighted_tortuosity_quantiles_q25,0.0,0.0
12,length_weighted_shape_stats_global_length_weighted_curvature_mean_quantiles_q10,0.001153846153846194,0.004792378662690721
12,per_shell_topology_shell_gt20mm_shell_volume_fraction_of_total_graph_volume,-0.0005419580419580794,0.0017819308403198514
12,length_weighted_shape_stats_global_length_weighted_curvature_mean_quantiles_q90,0.0,0.0
12,graph_skel_per_tumor_voxel,0.002010489510489488,0.001502378019485549
12,length_weighted_shape_stats_global_length_weighted_curvature_mean_quantiles_q25,-0.0002622377622377603,0.0016608391608391804
12,length_weighted_shape_stats_global_length_weighted_curvature_mean_quantiles_q50,0.0004895104895104807,0.0007450096417015045
12,length_weighted_shape_stats_global_length_weighted_curvature_mean_quantiles_q75,-8.741258741260527e-05,0.0008644570150403001
12,length_weighted_shape_stats_global_length_weighted_curvature_mean,0.0,0.0
12,per_shell_topology_shell_10_20mm_shell_length_fraction_of_total_graph_length,0.0,0.0
12,length_weighted_shape_stats_global_length_weighted_tortuosity_quantiles_q10,0.0012237762237762185,0.0020832823929742856
12,per_shell_topology_shell_10_20mm_shell_volume_burden_mm3_per_tumor_mm3,0.0,0.0
12,graph_tumor_r8_skel_frac_skeleton,0.0,0.0
12,per_shell_topology_shell_5_10mm_shell_length_fraction_of_total_graph_length,0.0,0.0
12,graph_tumor_shell_r4_8_skel_frac_skeleton,0.0,0.0
12,per_shell_topology_shell_5_10mm_shell_volume_burden_mm3_per_tumor_mm3,0.0,0.0
12,per_shell_topology_shell_10_20mm_shell_length_mm_per_tumor_mm3,-0.0010489510489510522,0.0010720076725003727
12,per_shell_topology_shell_2_5mm_shell_length_fraction_of_total_graph_length,0.0,0.0
12,per_shell_topology_shell_5_10mm_shell_length_mm_per_tumor_mm3,0.0,0.0
12,graph_tumor_shell_r2_4_skel_frac_skeleton,0.0,0.0
12,graph_tumor_shell_r4_8_skel_frac_shell,0.0,0.0
12,per_shell_topology_shell_2_5mm_shell_length_mm_per_tumor_mm3,0.0,0.0
12,graph_tumor_r8_skel_frac_region,0.0,0.0
12,graph_tumor_shell_r2_4_skel_frac_shell,0.0,0.0
12,graph_tumor_r4_skel_frac_region,0.0,0.0
12,graph_skel_in_tumor_voxels,0.0,0.0
12,graph_tumor_r2_skel_frac_region,0.0,0.0
12,graph_tumor_r2_skel_frac_skeleton,0.0,0.0
12,graph_tumor_shell_r0_2_skel_voxels,-0.0038111888111888037,0.002754037575876229
12,per_shell_topology_shell_0_2mm_node_count,0.0,0.0
12,per_shell_topology_shell_10_20mm_cycle_count,0.0,0.0
12,boundary_crossing_crossing_volume_burden_mm3,0.0,0.0
12,per_shell_topology_shell_0_2mm_endpoint_count,0.0011363636363636465,0.0014464076078233188
12,per_shell_topology_inside_tumor_endpoint_count,0.0,0.0
12,directional_near_boundary_tangential_alignment_mean,0.0,0.0
12,per_shell_topology_shell_2_5mm_degree_distribution_deg0,0.0,0.0
12,per_shell_topology_shell_0_2mm_degree_distribution_deg2,0.0,0.0
12,per_shell_topology_shell_0_2mm_degree_distribution_deg0,0.0,0.0
12,directional_near_boundary_normal_alignment_abs_cos_mean,0.0,0.0
12,per_shell_topology_shell_gt20mm_degree_distribution_deg0,0.0,0.0
12,per_shell_topology_shell_5_10mm_degree_distribution_deg0,0.0015559440559440695,0.0014298305406008618
12,per_shell_topology_inside_tumor_degree_distribution_deg0,0.0,0.0
12,per_shell_topology_shell_2_5mm_degree_distribution_deg4plus,0.0,0.0
12,per_shell_topology_shell_gt20mm_degree_distribution_deg4plus,0.0,0.0
12,per_shell_topology_shell_5_10mm_degree_distribution_deg4plus,0.0,0.0
12,per_shell_topology_inside_tumor_degree_distribution_deg4plus,0.0,0.0
12,per_shell_topology_shell_10_20mm_degree_distribution_deg4plus,0.0,0.0
12,directional_near_boundary_radial_alignment_abs_cos_quantiles_q90,0.0,0.0
12,directional_near_boundary_radial_alignment_abs_cos_quantiles_q10,0.0,0.0
12,directional_near_boundary_normal_alignment_abs_cos_quantiles_q90,0.0,0.0
12,directional_near_boundary_normal_alignment_abs_cos_quantiles_q25,0.0,0.0
12,directional_near_boundary_normal_alignment_abs_cos_quantiles_q10,0.0,0.0
12,per_shell_topology_shell_0_2mm_shell_volume_fraction_of_total_graph_volume,0.0,0.0
12,caliber_heterogeneity_near_tumor_near_high_radius_tail_fraction_vs_global_q90,0.0,0.0
12,graph_core_to_periphery_length_ratio,0.0,0.0
12,graph_crossing_fraction_of_near_burden,0.0,0.0
12,kinematic_reference_normalized_signal_all_segments_washin_rel_reference_hurdle_value_given_signal_max,0.0,0.0
12,kinematic_normalized_shell_burdens_shell_gt20mm_kinetic_auc_weighted_volume_mm3,0.0,0.0
12,kinematic_reference_normalized_signal_all_segments_auc_rel_reference_hurdle_value_given_signal_max,0.0,0.0
12,kinematic_reference_normalized_signal_all_segments_washin_rel_reference_hurdle_value_given_signal_q90,0.0,0.0
12,kinematic_reference_normalized_signal_all_segments_peak_rel_reference_hurdle_value_given_signal_q90,0.0,0.0
12,kinematic_reference_normalized_signal_near_tumor_segments_peak_rel_reference_hurdle_value_given_signal_max,0.0,0.0
12,kinematic_reference_normalized_signal_all_segments_auc_rel_reference_hurdle_value_given_signal_mean,0.0,0.0
12,kinematic_reference_normalized_signal_all_segments_peak_rel_reference_hurdle_value_given_signal_median,-5.244755244755428e-05,0.000282438713660883
12,kinematic_reference_normalized_signal_near_tumor_segments_auc_rel_reference_hurdle_value_given_signal_median,0.0,0.0
12,kinematic_reference_normalized_signal_all_segments_washin_rel_reference_hurdle_value_given_signal_median,0.0002797202797202747,0.001106244197171766
12,kinematic_normalized_shell_burdens_shell_10_20mm_kinetic_auc_weighted_volume_mm3,0.0016083916083915906,0.0016038244672978781
12,kinematic_normalized_shell_burdens_shell_5_10mm_kinetic_auc_weighted_volume_mm3,0.0,0.0
12,kinematic_normalized_shell_burdens_shell_10_20mm_auc_weighted_volume_per_shell_segment,0.0,0.0
12,kinematic_reference_normalized_signal_near_tumor_segments_peak_rel_reference_hurdle_value_given_signal_min,0.0,0.0
12,kinematic_normalized_shell_burdens_shell_gt20mm_auc_weighted_volume_per_shell_segment,0.0,0.0
12,kinematic_normalized_shell_burdens_shell_5_10mm_auc_weighted_volume_per_shell_segment,0.0,0.0
12,kinematic_reference_normalized_signal_all_segments_peak_rel_reference_hurdle_value_given_signal_min,0.0,0.0
12,kinematic_normalized_shell_burdens_shell_10_20mm_auc_weighted_volume_per_shell_length_mm,0.0,0.0
12,kinematic_normalized_shell_burdens_shell_5_10mm_auc_weighted_volume_per_shell_length_mm,0.0,0.0
12,kinematic_normalized_shell_burdens_shell_gt20mm_auc_weighted_volume_per_shell_length_mm,0.0,0.0
12,kinematic_shell_contrasts_5_10mm_vs_10_20mm_tte_ratio,0.0,0.0
12,kinematic_normalized_shell_burdens_shell_gt20mm_auc_weighted_volume_per_tumor_mm3,0.0,0.0
12,kinematic_shell_contrasts_5_10mm_vs_10_20mm_ttp_ratio,0.0,0.0
12,kinematic_shell_contrasts_5_10mm_vs_10_20mm_peak_ratio,0.0,0.0
12,kinematic_normalized_shell_burdens_shell_10_20mm_auc_weighted_volume_per_tumor_mm3,0.0,0.0
12,kinematic_reference_normalized_signal_near_tumor_segments_peak_rel_reference_hurdle_has_signal_fraction,0.0,0.0
12,kinematic_reference_normalized_signal_all_segments_peak_rel_reference_hurdle_has_signal_fraction,0.0,0.0
12,kinematic_normalized_shell_burdens_shell_10_20mm_auc_weighted_volume_per_shell_mm3,0.0,0.0
12,kinematic_normalized_shell_burdens_shell_5_10mm_auc_weighted_volume_per_tumor_mm3,-0.003199300699300689,0.0022593067988014716
12,kinematic_normalized_shell_burdens_shell_10_20mm_auc_weighted_volume_per_shell_voxel,0.0,0.0
12,kinematic_kinetic_topology_coupling_early_bifurcation_density_per_tumor_mm3,-0.0008391608391608796,0.0013007744921495362
12,kinematic_normalized_shell_burdens_shell_gt20mm_auc_weighted_volume_per_shell_mm3,0.0,0.0
12,kinematic_normalized_shell_burdens_shell_5_10mm_auc_weighted_volume_per_shell_voxel,0.0006643356643356802,0.0007408958077068767
12,kinematic_normalized_shell_burdens_shell_gt20mm_auc_weighted_volume_per_shell_voxel,0.0,0.0
12,kinematic_reference_normalized_signal_reference_auc_positive,0.0,0.0
12,kinematic_reference_normalized_signal_reference_washin_slope,-2.2204460492503132e-17,0.000206855936471978
12,kinematic_temporal_heterogeneity_near_tumor_cv_auc,0.0,0.0
12,kinematic_shell_contrasts_0_2mm_vs_2_5mm_ttp_ratio,0.0,0.0
12,kinematic_shell_contrasts_inside_vs_2_5mm_ttp_ratio,0.0,0.0
12,kinematic_shell_contrasts_inside_vs_0_2mm_ttp_ratio,0.0,0.0
12,kinematic_shell_contrasts_0_2mm_vs_2_5mm_washin_ratio,0.0,0.0
12,kinematic_shell_contrasts_inside_vs_2_5mm_washin_ratio,0.0,0.0
12,kinematic_shell_contrasts_inside_vs_0_2mm_washin_ratio,0.0,0.0
12,kinematic_temporal_heterogeneity_near_tumor_cv_tte_time,0.0,0.0
12,kinematic_shell_contrasts_5_10mm_vs_10_20mm_washin_ratio,0.0009265734265734071,0.0006818181818181869
12,kinematic_temporal_heterogeneity_near_tumor_cv_washin_slope,0.0,0.0
12,kinematic_temporal_heterogeneity_near_tumor_cv_washout_slope,0.0,0.0
12,kinematic_component_invasion_crossing_length_concentration_max_fraction,0.0,0.0
12,kinematic_normalized_shell_burdens_shell_2_5mm_kinetic_auc_weighted_volume_mm3,0.0,0.0
12,kinematic_normalized_shell_burdens_shell_0_2mm_kinetic_auc_weighted_volume_mm3,0.0,0.0
12,kinematic_normalized_shell_burdens_inside_tumor_kinetic_auc_weighted_volume_mm3,0.00019230769230768052,0.00024034487910606374
12,kinematic_normalized_shell_burdens_shell_2_5mm_peak_weighted_volume_per_shell_length_mm,0.0,0.0
12,kinematic_reference_normalized_signal_near_tumor_segments_peak_rel_reference_hurdle_valid_fraction,0.0,0.0
12,kinematic_reference_normalized_signal_near_tumor_segments_auc_rel_reference_hurdle_value_given_signal_sd,0.0,0.0
12,kinematic_reference_normalized_signal_near_tumor_segments_washin_rel_reference_hurdle_value_given_signal_sd,0.0,0.0
12,kinematic_reference_normalized_signal_near_tumor_segments_washin_rel_reference_hurdle_value_given_signal_q90,-6.993006993007977e-05,0.000998801178817177
12,kinematic_reference_normalized_signal_near_tumor_segments_washin_rel_reference_hurdle_value_given_signal_min,0.0,0.0
12,kinematic_reference_normalized_signal_near_tumor_segments_washin_rel_reference_hurdle_value_given_signal_median,0.0,0.0
12,kinematic_shell_kinetics_shell_10_20mm_auc_rel_reference_hurdle_value_given_signal_max,0.00017482517482518832,0.0015927331432070537
12,kinematic_shell_kinetics_shell_10_20mm_peak_rel_reference_hurdle_value_given_signal_q90,-1.7482517482547698e-05,0.00033582819427095033
12,kinematic_shell_kinetics_shell_10_20mm_washin_rel_reference_hurdle_value_given_signal_max,0.0,0.0
12,kinematic_shell_kinetics_shell_5_10mm_peak_rel_reference_hurdle_value_given_signal_max,0.0,0.0
12,kinematic_shell_kinetics_shell_gt20mm_peak_rel_reference_hurdle_value_given_signal_iqr,0.0,0.0
12,kinematic_shell_kinetics_shell_10_20mm_auc_rel_reference_hurdle_value_given_signal_iqr,0.0,0.0
12,kinematic_shell_kinetics_shell_10_20mm_peak_rel_reference_hurdle_value_given_signal_iqr,0.0,0.0
12,kinematic_shell_kinetics_shell_10_20mm_washin_rel_reference_hurdle_value_given_signal_mean,0.004545454545454542,0.0021354449628814215
12,kinematic_shell_kinetics_shell_10_20mm_washin_rel_reference_hurdle_value_given_signal_iqr,0.0018531468531468142,0.0009191216383282956
12,kinematic_shell_kinetics_shell_10_20mm_peak_rel_reference_hurdle_value_given_signal_min,0.0006118881118880925,0.0011036163707752818
12,kinematic_shell_kinetics_shell_10_20mm_washin_rel_reference_hurdle_value_given_signal_median,-8.741258741261637e-05,0.00041555469664351333
12,kinematic_shell_segment_counts_shell_gt20mm,0.0,0.0
12,kinematic_graph_local_propagation_weighted_linear_fit_n,0.0,0.0
12,kinematic_propagation_speed_speed_positive_delay_mm_per_time_max,0.00043706293706292644,0.0010350181899031973
12,kinematic_kinetic_topology_coupling_early_bifurcation_count,0.0,0.0
12,kinematic_kinetic_topology_coupling_early_cycle_length_burden_mm_ge50,0.0,0.0
12,kinematic_shell_kinetics_shell_5_10mm_peak_rel_reference_hurdle_value_given_signal_min,0.0,0.0
12,kinematic_propagation_speed_speed_positive_delay_mm_per_time_q90,0.0023601398601398537,0.0014078583514187358
12,kinematic_shell_kinetics_shell_gt20mm_auc_rel_reference_hurdle_value_given_signal_min,0.0,0.0
12,kinematic_propagation_speed_negative_delay_segment_count,0.0,0.0
12,kinematic_shell_segment_counts_shell_10_20mm,0.0,0.0
12,kinematic_propagation_speed_speed_positive_delay_mm_per_time_iqr,0.009178321678321688,0.004447059006360749
12,kinematic_kinetic_topology_coupling_cycle_count,0.0,0.0
12,kinematic_propagation_speed_speed_positive_delay_mm_per_time_sd,0.0,0.0
12,kinematic_propagation_speed_speed_positive_delay_mm_per_time_mean,0.0018881118881118764,0.0006293706293706193
12,kinematic_propagation_speed_speed_positive_delay_mm_per_time_median,0.0,0.0
12,kinematic_kinetic_topology_coupling_early_cycle_count_all_nodes,0.0,0.0
12,kinematic_component_invasion_component_count,0.0,0.0
12,kinematic_shell_kinetics_shell_5_10mm_time_to_peak_hurdle_value_given_signal_q90,0.0,0.0
12,kinematic_shell_kinetics_shell_5_10mm_time_to_peak_hurdle_value_given_signal_mean,0.0,0.0
12,kinematic_shell_kinetics_shell_5_10mm_auc_hurdle_value_given_signal_max,0.0,0.0
12,kinematic_shell_kinetics_shell_10_20mm_auc_hurdle_value_given_signal_max,-8.741258741257196e-05,0.0005811458090417756
12,kinematic_shell_segment_counts_shell_5_10mm,0.0,0.0
12,kinematic_propagation_speed_delay_all_segments_min,-0.0007692307692307443,0.0005078964701515158
12,kinematic_propagation_speed_delay_all_segments_max,0.0,0.0
12,kinematic_shell_contrasts_5_10mm_vs_10_20mm_ttp_delta,0.0,0.0
12,kinematic_graph_local_propagation_distance_binned_dispersion_distance_bin_count,0.0,0.0
12,kinematic_arrival_delay_vs_reference_all_segments_hurdle_value_given_signal_q90,0.0,0.0
12,kinematic_arrival_delay_vs_reference_all_segments_hurdle_value_given_signal_max,0.0,0.0
12,kinematic_shell_kinetics_shell_5_10mm_time_to_peak_hurdle_value_given_signal_min,0.0,0.0
12,kinematic_shell_kinetics_shell_10_20mm_time_to_peak_hurdle_value_given_signal_q90,0.0,0.0
12,kinematic_shell_kinetics_shell_10_20mm_time_to_peak_hurdle_value_given_signal_min,0.0,0.0
12,kinematic_shell_kinetics_shell_10_20mm_time_to_peak_hurdle_value_given_signal_max,0.0,0.0
12,kinematic_shell_kinetics_shell_10_20mm_time_to_peak_hurdle_value_given_signal_iqr,0.0,0.0
12,kinematic_shell_kinetics_shell_gt20mm_time_to_peak_hurdle_value_given_signal_median,0.0,0.0
12,kinematic_shell_kinetics_shell_10_20mm_time_to_peak_hurdle_value_given_signal_median,0.0,0.0
12,kinematic_shell_kinetics_shell_gt20mm_time_to_enhancement_hurdle_value_given_signal_max,0.0,0.0
12,kinematic_shell_kinetics_shell_5_10mm_time_to_enhancement_hurdle_value_given_signal_q90,0.0,0.0
12,kinematic_shell_kinetics_shell_5_10mm_time_to_enhancement_hurdle_value_given_signal_min,0.0,0.0
12,kinematic_shell_kinetics_shell_10_20mm_time_to_enhancement_hurdle_value_given_signal_max,0.0016958041958041957,0.0011728932250153268
12,kinematic_shell_kinetics_shell_5_10mm_time_to_enhancement_hurdle_value_given_signal_median,0.0,0.0
12,kinematic_graph_local_propagation_earliest_arrival_component_near_tumor_earliest_threshold_tte,0.0,0.0
12,kinematic_graph_local_propagation_earliest_arrival_component_near_tumor_largest_component_segments,0.0,0.0
12,kinematic_shell_kinetics_shell_10_20mm_auc_hurdle_value_given_signal_median,-0.0002097902097901949,0.0010771273986538016
12,kinematic_shell_kinetics_shell_10_20mm_time_to_peak_hurdle_value_given_signal_mean,0.0,0.0
12,kinematic_shell_kinetics_shell_5_10mm_auc_hurdle_value_given_signal_mean,0.0,0.0
12,kinematic_shell_kinetics_shell_10_20mm_auc_hurdle_value_given_signal_iqr,0.0,0.0
12,kinematic_shell_contrasts_5_10mm_vs_10_20mm_washin_delta_norm_l1,0.0,0.0
12,kinematic_shell_contrasts_5_10mm_vs_10_20mm_auc_delta,0.0004720279720279774,0.0008812645567222895
12,kinematic_shell_kinetics_shell_10_20mm_time_to_enhancement_hurdle_value_given_signal_q90,0.0,0.0
12,kinematic_shell_kinetics_shell_10_20mm_time_to_peak_hurdle_value_given_signal_sd,0.002360139860139865,0.003787901201296379
12,kinematic_core_to_periphery_tte_delta,0.0,0.0
12,kinematic_shell_kinetics_shell_gt20mm_auc_hurdle_value_given_signal_q90,0.0,0.0
12,kinematic_graph_local_propagation_earliest_arrival_component_near_tumor_largest_component_fraction_near_segments,0.0,0.0
12,kinematic_shell_kinetics_shell_10_20mm_auc_hurdle_value_given_signal_sd,0.0,0.0
12,kinematic_shell_contrasts_5_10mm_vs_10_20mm_washout_delta_norm_l1,0.0,0.0
12,kinematic_shell_kinetics_shell_gt20mm_auc_hurdle_value_given_signal_median,0.0,0.0
12,kinematic_shell_kinetics_shell_10_20mm_time_to_enhancement_hurdle_value_given_signal_mean,0.0,0.0
12,kinematic_shell_kinetics_shell_gt20mm_time_to_peak_hurdle_value_given_signal_mean,-0.0006643356643356912,0.0010628450457042143
12,kinematic_propagation_speed_speed_positive_delay_mm_per_time_min,0.0,0.0
12,kinematic_shell_kinetics_shell_gt20mm_auc_hurdle_value_given_signal_max,0.0,0.0
12,kinematic_graph_local_propagation_distance_binned_dispersion_distance_bin_monotonic_nondecreasing_fraction,0.0,0.0
12,kinematic_arrival_delay_vs_reference_all_segments_hurdle_value_given_signal_mean,0.0,0.0
12,kinematic_graph_local_propagation_graph_distance_available_fraction,0.002272727272727293,0.004280183027224463
12,kinematic_shell_kinetics_shell_10_20mm_time_to_enhancement_hurdle_value_given_signal_sd,0.0,0.0
12,kinematic_shell_kinetics_shell_gt20mm_auc_hurdle_value_given_signal_iqr,0.00033216783216787337,0.0013506871266936076
12,kinematic_graph_local_propagation_weighted_linear_fit_intercept,0.005157342657342645,0.004959768949721659
12,kinematic_shell_kinetics_shell_10_20mm_peak_enhancement_hurdle_value_given_signal_median,0.0,0.0
12,kinematic_arrival_delay_vs_reference_near_tumor_segments_hurdle_valid_fraction,0.0,0.0
12,kinematic_shell_kinetics_shell_10_20mm_peak_enhancement_hurdle_value_given_signal_q90,0.0,0.0
12,kinematic_shell_contrasts_5_10mm_vs_10_20mm_auc_delta_norm_l1,0.0,0.0
12,kinematic_shell_kinetics_shell_gt20mm_time_to_enhancement_hurdle_value_given_signal_mean,0.0,0.0
12,kinematic_kinetic_topology_coupling_early_cycle_length_fraction_ge50,0.0,0.0
12,kinematic_graph_local_propagation_distance_binned_dispersion_mean_tte_std_across_distance_bins,0.0,0.0
12,kinematic_shell_kinetics_shell_10_20mm_peak_enhancement_hurdle_value_given_signal_iqr,0.0,0.0
12,kinematic_shell_contrasts_5_10mm_vs_10_20mm_peak_delta,0.0009615384615384471,0.0016404713549224405
12,kinematic_graph_local_propagation_weighted_linear_fit_rmse,0.0,0.0
12,kinematic_propagation_speed_delay_all_segments_sd,0.0,0.0
12,kinematic_shell_kinetics_shell_gt20mm_time_to_enhancement_hurdle_value_given_signal_sd,0.0,0.0
12,kinematic_arrival_delay_vs_reference_all_segments_hurdle_value_given_signal_sd,0.0,0.0
12,kinematic_early_enhancing_fraction_volume_fraction_all_segments,-0.0010839160839160589,0.0007692307692307595
12,kinematic_shell_kinetics_shell_10_20mm_auc_hurdle_value_given_signal_min,0.0,0.0
12,kinematic_graph_local_propagation_weighted_linear_fit_mae,0.0,0.0
12,kinematic_kinetic_topology_coupling_early_bifurcation_fraction_of_bifurcations,0.0,0.0
12,kinematic_early_enhancing_fraction_count_fraction_all_segments,0.0008041958041958064,0.0019658311604014863
12,kinematic_shell_kinetics_shell_10_20mm_washin_slope_hurdle_value_given_signal_max,0.0,0.0
12,kinematic_kinetic_topology_coupling_early_node_fraction,-0.00019230769230766943,0.0005553279781212823
12,kinematic_shell_kinetics_shell_gt20mm_auc_hurdle_value_given_signal_sd,0.0012762237762237948,0.0005905365648270543
12,kinematic_shell_kinetics_shell_gt20mm_peak_enhancement_hurdle_value_given_signal_median,-0.004318181818181832,0.0036713702961343204
12,kinematic_shell_kinetics_shell_gt20mm_time_to_peak_hurdle_value_given_signal_sd,-0.0010314685314685378,0.000952596694113666
12,kinematic_shell_kinetics_shell_gt20mm_washin_slope_hurdle_value_given_signal_max,-0.0009615384615384359,0.0005967149708348454
12,kinematic_shell_kinetics_shell_10_20mm_peak_enhancement_hurdle_value_given_signal_sd,0.0,0.0
12,kinematic_shell_kinetics_shell_10_20mm_washout_slope_hurdle_value_given_signal_min,0.0,0.0
12,kinematic_shell_kinetics_shell_10_20mm_washin_slope_hurdle_value_given_signal_q90,0.0,0.0
12,kinematic_shell_kinetics_shell_gt20mm_washout_slope_hurdle_value_given_signal_min,0.0,0.0
12,kinematic_caliber_flow_kinetic_surrogates_tortuosity_weighted_peak_enhancement_mean,-0.006118881118881125,0.001651149503932507
12,kinematic_shell_kinetics_shell_gt20mm_peak_enhancement_hurdle_value_given_signal_mean,-0.004125874125874118,0.003316337259127081
12,kinematic_shell_kinetics_shell_5_10mm_time_to_enhancement_hurdle_valid_fraction,0.0,0.0
12,kinematic_shell_kinetics_shell_gt20mm_peak_enhancement_hurdle_value_given_signal_q90,-0.0014685314685314976,0.0016625864934222048
12,kinematic_shell_kinetics_shell_gt20mm_peak_enhancement_hurdle_value_given_signal_iqr,-0.001818181818181841,0.00127322667524709
12,kinematic_propagation_speed_delay_all_segments_mean,0.0,0.0
12,kinematic_shell_kinetics_shell_10_20mm_washin_slope_hurdle_value_given_signal_sd,0.0008041958041957841,0.0019122390089336113
12,kinematic_shell_kinetics_shell_10_20mm_washin_slope_hurdle_value_given_signal_mean,0.0,0.0
12,kinematic_kinetic_topology_coupling_valid_time_node_fraction,0.0,0.0
12,kinematic_shell_kinetics_shell_gt20mm_washin_slope_hurdle_value_given_signal_q90,0.0,0.0
12,kinematic_shell_kinetics_shell_5_10mm_auc_hurdle_value_given_signal_min,0.0,0.0
12,kinematic_shell_kinetics_shell_10_20mm_washin_slope_hurdle_value_given_signal_iqr,0.0005244755244755317,0.0011329966255957853
12,kinematic_arrival_delay_vs_reference_all_segments_hurdle_valid_fraction,5.244755244755428e-05,0.00039904588148646146
12,kinematic_shell_kinetics_shell_10_20mm_washout_slope_hurdle_value_given_signal_mean,0.0006818181818181834,0.0022161461439250425
12,kinematic_shell_kinetics_shell_10_20mm_washout_slope_hurdle_value_given_signal_sd,0.0,0.0
12,kinematic_shell_kinetics_shell_gt20mm_peak_enhancement_hurdle_value_given_signal_sd,0.0,0.0
12,kinematic_graph_local_propagation_weighted_linear_fit_r2,0.0,0.0
12,kinematic_shell_kinetics_shell_10_20mm_washout_slope_hurdle_value_given_signal_iqr,-0.000909090909090926,0.0009537189997892349
12,kinematic_shell_kinetics_shell_gt20mm_washout_slope_hurdle_value_given_signal_iqr,0.0005944055944056337,0.00045722716190985986
12,kinematic_shell_contrasts_5_10mm_vs_10_20mm_washin_delta,0.0,0.0
12,kinematic_shell_kinetics_shell_gt20mm_washin_slope_hurdle_value_given_signal_iqr,0.0019405594405593972,0.0009099310265505644
12,kinematic_shell_kinetics_shell_gt20mm_washin_slope_hurdle_value_given_signal_median,0.0036363636363636264,0.001455990406549429
12,kinematic_caliber_flow_kinetic_surrogates_radius_weighted_washin_mean,0.00029720279720277796,0.0006449603757236465
12,kinematic_shell_kinetics_shell_gt20mm_washin_slope_hurdle_value_given_signal_sd,0.0,0.0
12,kinematic_shell_kinetics_shell_gt20mm_washout_slope_hurdle_value_given_signal_sd,0.0,0.0
12,kinematic_shell_contrasts_5_10mm_vs_10_20mm_washout_delta,0.0,0.0
12,kinematic_shell_kinetics_shell_gt20mm_washin_slope_hurdle_value_given_signal_mean,0.0013986013986013845,0.00073343276095814
12,kinematic_shell_kinetics_shell_gt20mm_washout_slope_hurdle_value_given_signal_mean,0.0,0.0
12,kinematic_shell_kinetics_shell_5_10mm_washout_slope_hurdle_value_given_signal_min,0.0,0.0
12,kinematic_shell_kinetics_shell_10_20mm_washout_slope_hurdle_value_given_signal_median,0.0024825174825174436,0.001305465363817784
12,kinematic_shell_kinetics_shell_gt20mm_peak_enhancement_hurdle_value_given_signal_max,-0.0014160839160838878,0.0012471543235672365
12,kinematic_caliber_flow_kinetic_surrogates_radius_weighted_washout_mean,0.0005594405594405938,0.0008628645230246917
12,kinematic_shell_kinetics_shell_10_20mm_washin_slope_hurdle_value_given_signal_median,0.0,0.0
12,kinematic_shell_kinetics_shell_gt20mm_washout_slope_hurdle_value_given_signal_median,0.00013986013986009294,0.0006485047898948054
12,kinematic_shell_kinetics_shell_5_10mm_washout_slope_hurdle_value_given_signal_mean,0.0,0.0
12,kinematic_shell_kinetics_shell_gt20mm_auc_hurdle_value_given_signal_min,-0.007867132867132875,0.00742749852666014
12,kinematic_kinetic_topology_coupling_early_cycle_length_per_tumor_mm3_ge50,0.007377622377622373,0.0076495953400137
12,kinematic_shell_kinetics_shell_5_10mm_washin_slope_hurdle_value_given_signal_max,0.0,0.0
12,kinematic_graph_local_propagation_slope_tte_vs_graph_distance_from_boundary,0.0,0.0
12,kinematic_shell_segment_counts_shell_2_5mm,0.0,0.0
12,kinematic_shell_contrasts_0_2mm_vs_2_5mm_ttp_delta,0.0,0.0
12,kinematic_shell_contrasts_0_2mm_vs_2_5mm_tte_delta,0.0,0.0
12,kinematic_shell_contrasts_0_2mm_vs_2_5mm_auc_delta,0.0,0.0
12,kinematic_propagation_speed_delay_all_segments_q90,0.0,0.0
12,kinematic_propagation_speed_delay_all_segments_iqr,0.0,0.0
12,kinematic_shell_contrasts_inside_vs_2_5mm_ttp_delta,0.0,0.0
12,kinematic_shell_contrasts_inside_vs_2_5mm_tte_delta,0.0,0.0
12,kinematic_shell_contrasts_inside_vs_2_5mm_auc_delta,0.0,0.0
12,kinematic_shell_contrasts_inside_vs_0_2mm_ttp_delta,0.0,0.0
12,kinematic_shell_contrasts_inside_vs_0_2mm_tte_delta,0.0,0.0
12,kinematic_shell_contrasts_inside_vs_0_2mm_auc_delta,0.0,0.0
12,kinematic_shell_contrasts_0_2mm_vs_2_5mm_peak_delta,0.0,0.0
12,kinematic_shell_contrasts_inside_vs_2_5mm_peak_delta,0.0,0.0
12,kinematic_shell_contrasts_inside_vs_0_2mm_peak_delta,0.0,0.0
12,kinematic_shell_contrasts_5_10mm_vs_10_20mm_tte_delta,0.0,0.0
12,kinematic_shell_contrasts_0_2mm_vs_2_5mm_washin_delta,0.0005069930069930284,0.0003704479038534588
12,kinematic_propagation_speed_delay_all_segments_median,0.0,0.0
12,kinematic_component_invasion_crossing_component_count,0.0,0.0
12,kinematic_shell_contrasts_inside_vs_2_5mm_washin_delta,0.0,0.0
12,kinematic_shell_contrasts_inside_vs_0_2mm_washin_delta,0.0,0.0
12,kinematic_shell_contrasts_0_2mm_vs_2_5mm_washout_delta,0.0,0.0
12,kinematic_shell_contrasts_inside_vs_2_5mm_washout_delta,0.0,0.0
12,kinematic_shell_contrasts_inside_vs_0_2mm_washout_delta,0.0,0.0
12,kinematic_component_invasion_crossing_component_fraction,0.0,0.0
12,kinematic_temporal_heterogeneity_near_tumor_ttp_entropy_bits,0.0,0.0
12,kinematic_early_enhancing_fraction_count_fraction_near_tumor,0.0,0.0
12,kinematic_early_enhancing_fraction_early_phase_time_threshold,0.0,0.0
12,kinematic_early_enhancing_fraction_volume_fraction_shell_2_5mm,0.0,0.0
12,kinematic_early_enhancing_fraction_volume_fraction_shell_0_2mm,0.0,0.0
12,kinematic_boundary_caliber_gradient_positive_dilation_fraction,0.0,0.0
12,kinematic_boundary_crossing_dynamic_burden_crossing_segment_count,0.0,0.0
12,kinematic_shell_kinetics_shell_2_5mm_auc_hurdle_value_given_signal_sd,0.0,0.0
12,kinematic_shell_kinetics_shell_0_2mm_auc_hurdle_value_given_signal_sd,0.0,0.0
12,kinematic_component_invasion_largest_crossing_component_segment_count,0.0,0.0
12,kinematic_shell_kinetics_shell_5_10mm_auc_hurdle_value_given_signal_sd,0.0,0.0
12,kinematic_shell_kinetics_inside_tumor_auc_hurdle_value_given_signal_sd,0.0,0.0
12,kinematic_shell_kinetics_shell_2_5mm_time_to_peak_hurdle_valid_fraction,0.0,0.0
12,kinematic_shell_kinetics_shell_10_20mm_time_to_peak_hurdle_valid_fraction,0.0,0.0
12,kinematic_boundary_caliber_gradient_inside_radius_length_weighted_mean_mm,0.0,0.0
12,kinematic_component_invasion_mean_crossing_component_max_invasion_depth_mm,0.0,0.0
12,kinematic_boundary_crossing_dynamic_burden_kinetic_weighted_volume_auc_mm3,0.00019230769230765832,0.0011555666342420172
12,kinematic_component_invasion_largest_crossing_component_fraction_total_volume,0.0,0.0
12,kinematic_shell_kinetics_shell_2_5mm_washin_slope_hurdle_value_given_signal_sd,0.0,0.0
12,kinematic_shell_kinetics_shell_2_5mm_time_to_peak_hurdle_value_given_signal_sd,0.0,0.0
12,kinematic_shell_kinetics_shell_2_5mm_time_to_enhancement_hurdle_valid_fraction,0.0,0.0
12,kinematic_shell_kinetics_shell_0_2mm_washin_slope_hurdle_value_given_signal_sd,-0.0032517482517482542,0.0027589162999411064
12,kinematic_shell_kinetics_shell_0_2mm_time_to_peak_hurdle_value_given_signal_sd,0.0,0.0
12,kinematic_shell_kinetics_shell_5_10mm_washin_slope_hurdle_value_given_signal_sd,0.0,0.0
12,kinematic_shell_kinetics_shell_5_10mm_time_to_peak_hurdle_value_given_signal_sd,0.0,0.0
12,kinematic_shell_kinetics_shell_2_5mm_washout_slope_hurdle_value_given_signal_sd,0.0008916083916084006,0.0016740366335002115
12,kinematic_shell_kinetics_shell_2_5mm_washin_slope_hurdle_value_given_signal_q90,0.0,0.0
12,kinematic_shell_kinetics_shell_2_5mm_washin_slope_hurdle_value_given_signal_min,0.0,0.0
12,kinematic_shell_kinetics_shell_2_5mm_washin_slope_hurdle_value_given_signal_iqr,0.0,0.0
12,kinematic_shell_kinetics_shell_2_5mm_time_to_peak_hurdle_value_given_signal_q90,0.0,0.0
12,kinematic_shell_kinetics_shell_2_5mm_time_to_peak_hurdle_value_given_signal_min,0.0,0.0
12,kinematic_shell_kinetics_shell_2_5mm_time_to_peak_hurdle_value_given_signal_iqr,0.0,0.0
12,kinematic_shell_kinetics_shell_0_2mm_washout_slope_hurdle_value_given_signal_sd,0.0,0.0
12,kinematic_shell_kinetics_shell_0_2mm_washin_slope_hurdle_value_given_signal_q90,0.0,0.0
12,kinematic_shell_kinetics_shell_0_2mm_washin_slope_hurdle_value_given_signal_min,0.0,0.0
12,kinematic_shell_kinetics_inside_tumor_washin_slope_hurdle_value_given_signal_sd,0.0,0.0
12,kinematic_shell_kinetics_inside_tumor_time_to_peak_hurdle_value_given_signal_sd,0.0,0.0
12,kinematic_arrival_delay_vs_reference_all_segments_hurdle_value_given_signal_min,0.0,0.0
12,kinematic_arrival_delay_vs_reference_all_segments_hurdle_value_given_signal_iqr,0.0,0.0
12,kinematic_shell_kinetics_shell_gt20mm_washin_slope_hurdle_value_given_signal_min,0.0,0.0
12,kinematic_shell_kinetics_shell_gt20mm_time_to_peak_hurdle_value_given_signal_q90,0.0,0.0
12,kinematic_shell_kinetics_shell_gt20mm_time_to_peak_hurdle_value_given_signal_min,0.0,0.0
12,kinematic_shell_kinetics_shell_gt20mm_time_to_peak_hurdle_value_given_signal_max,0.0,0.0
12,kinematic_shell_kinetics_shell_gt20mm_time_to_peak_hurdle_value_given_signal_iqr,0.0,0.0
12,kinematic_shell_kinetics_shell_5_10mm_washout_slope_hurdle_value_given_signal_sd,-0.0007867132867132809,0.000899118242700976
12,kinematic_shell_kinetics_shell_5_10mm_washin_slope_hurdle_value_given_signal_min,0.0,0.0
12,kinematic_shell_kinetics_shell_5_10mm_time_to_peak_hurdle_value_given_signal_iqr,0.0,0.0
12,kinematic_shell_kinetics_shell_2_5mm_washout_slope_hurdle_value_given_signal_q90,0.0,0.0
12,kinematic_shell_kinetics_shell_2_5mm_washout_slope_hurdle_value_given_signal_min,0.0009790209790209504,0.0009090909090909026
12,kinematic_shell_kinetics_shell_10_20mm_time_to_enhancement_hurdle_valid_fraction,-0.0009265734265734404,0.0010373778810592075
12,kinematic_shell_kinetics_shell_0_2mm_washout_slope_hurdle_value_given_signal_q90,0.0,0.0
12,kinematic_shell_kinetics_inside_tumor_washout_slope_hurdle_value_given_signal_sd,0.0,0.0
12,kinematic_shell_kinetics_inside_tumor_washin_slope_hurdle_value_given_signal_q90,0.0,0.0
12,kinematic_shell_kinetics_inside_tumor_washin_slope_hurdle_value_given_signal_min,0.0,0.0
12,kinematic_shell_kinetics_inside_tumor_time_to_peak_hurdle_value_given_signal_iqr,0.0,0.0
12,kinematic_peritumoral_multi_scale_contrasts_core_shell_gradient_per_mm_ttp_slope,0.0,0.0
12,kinematic_peritumoral_multi_scale_contrasts_core_shell_gradient_per_mm_tte_slope,0.0,0.0
12,kinematic_peritumoral_multi_scale_contrasts_core_shell_gradient_per_mm_auc_slope,0.0,0.0
12,kinematic_boundary_caliber_gradient_outside_minus_inside_length_weighted_mean_mm,0.0,0.0
12,kinematic_shell_kinetics_shell_gt20mm_washout_slope_hurdle_value_given_signal_q90,0.0,0.0
12,kinematic_shell_kinetics_shell_gt20mm_washout_slope_hurdle_value_given_signal_max,0.0,0.0
12,kinematic_shell_kinetics_shell_5_10mm_washout_slope_hurdle_value_given_signal_q90,0.0,0.0
12,kinematic_shell_kinetics_shell_10_20mm_washin_slope_hurdle_value_given_signal_min,0.0,0.0
12,kinematic_shell_kinetics_inside_tumor_washout_slope_hurdle_value_given_signal_q90,0.0,0.0
12,kinematic_shell_kinetics_inside_tumor_washout_slope_hurdle_value_given_signal_min,0.0,0.0
12,kinematic_peritumoral_multi_scale_contrasts_core_shell_gradient_per_mm_peak_slope,0.0,0.0
12,kinematic_shell_kinetics_shell_2_5mm_washin_slope_hurdle_value_given_signal_median,0.0,0.0
12,kinematic_shell_kinetics_shell_10_20mm_washout_slope_hurdle_value_given_signal_q90,0.0,0.0
12,kinematic_shell_kinetics_shell_10_20mm_washout_slope_hurdle_value_given_signal_max,0.0,0.0
12,kinematic_shell_kinetics_shell_0_2mm_washin_slope_hurdle_value_given_signal_median,0.0,0.0
12,kinematic_arrival_delay_vs_reference_all_segments_hurdle_value_given_signal_median,0.0,0.0
12,kinematic_shell_kinetics_shell_5_10mm_washin_slope_hurdle_value_given_signal_median,0.0,0.0
12,kinematic_shell_kinetics_shell_2_5mm_washout_slope_hurdle_value_given_signal_median,0.0,0.0
12,kinematic_shell_kinetics_shell_2_5mm_auc_rel_reference_hurdle_value_given_signal_sd,0.0,0.0
12,kinematic_shell_kinetics_shell_0_2mm_auc_rel_reference_hurdle_value_given_signal_sd,0.0,0.0
12,kinematic_shell_kinetics_inside_tumor_washin_slope_hurdle_value_given_signal_median,0.0,0.0
12,kinematic_peritumoral_multi_scale_contrasts_core_shell_gradient_per_mm_washin_slope,-0.000786713286713292,0.000659950562523687
12,kinematic_boundary_caliber_gradient_gradient_mm_per_mm_hurdle_value_given_signal_sd,0.0,0.0
12,kinematic_shell_kinetics_shell_5_10mm_peak_enhancement_hurdle_value_given_signal_iqr,0.0,0.0
12,kinematic_shell_kinetics_shell_5_10mm_auc_rel_reference_hurdle_value_given_signal_sd,0.0,0.0
12,kinematic_shell_kinetics_shell_2_5mm_auc_rel_reference_hurdle_value_given_signal_q90,0.0,0.0
12,kinematic_shell_kinetics_shell_0_2mm_auc_rel_reference_hurdle_value_given_signal_q90,0.0,0.0
12,kinematic_shell_kinetics_inside_tumor_auc_rel_reference_hurdle_value_given_signal_sd,0.0,0.0
12,kinematic_peritumoral_multi_scale_contrasts_core_shell_gradient_per_mm_washout_slope,0.0,0.0
12,kinematic_boundary_caliber_gradient_gradient_mm_per_mm_hurdle_value_given_signal_q90,0.0,0.0
12,kinematic_boundary_caliber_gradient_gradient_mm_per_mm_hurdle_value_given_signal_min,0.0,0.0
12,kinematic_boundary_caliber_gradient_gradient_mm_per_mm_hurdle_value_given_signal_max,0.0,0.0
12,kinematic_shell_kinetics_shell_2_5mm_time_to_enhancement_hurdle_value_given_signal_sd,0.0,0.0
12,kinematic_shell_kinetics_shell_0_2mm_time_to_enhancement_hurdle_value_given_signal_sd,0.0,0.0
12,kinematic_shell_kinetics_inside_tumor_auc_rel_reference_hurdle_value_given_signal_q90,0.0,0.0
12,kinematic_boundary_crossing_dynamic_burden_kinetic_weighted_volume_peak_per_tumor_mm3,0.0,0.0
12,kinematic_boundary_caliber_gradient_outside_over_inside_hurdle_value_given_signal_q90,0.0,0.0
12,kinematic_boundary_caliber_gradient_outside_over_inside_hurdle_value_given_signal_min,0.00013986013986014845,0.001262620285683052
12,kinematic_boundary_caliber_gradient_gradient_mm_per_mm_hurdle_value_given_signal_mean,0.0,0.0
12,kinematic_arrival_delay_vs_reference_near_tumor_segments_hurdle_value_given_signal_sd,0.0,0.0
12,kinematic_shell_kinetics_shell_5_10mm_time_to_enhancement_hurdle_value_given_signal_sd,0.0,0.0
12,kinematic_shell_kinetics_shell_2_5mm_washin_rel_reference_hurdle_value_given_signal_sd,0.0,0.0
12,kinematic_shell_kinetics_shell_2_5mm_time_to_enhancement_hurdle_value_given_signal_iqr,0.0,0.0
12,kinematic_shell_kinetics_shell_0_2mm_washin_rel_reference_hurdle_value_given_signal_sd,-0.0019580419580419893,0.0009601070082339914
12,kinematic_shell_kinetics_shell_0_2mm_time_to_enhancement_hurdle_value_given_signal_iqr,0.0,0.0
12,kinematic_shell_kinetics_inside_tumor_time_to_enhancement_hurdle_value_given_signal_sd,0.0,0.0
12,kinematic_arrival_delay_vs_reference_near_tumor_segments_hurdle_value_given_signal_q90,0.0,0.0
12,kinematic_arrival_delay_vs_reference_near_tumor_segments_hurdle_value_given_signal_min,0.0,0.0
12,kinematic_arrival_delay_vs_reference_near_tumor_segments_hurdle_value_given_signal_max,0.0,0.0
12,kinematic_arrival_delay_vs_reference_near_tumor_segments_hurdle_value_given_signal_iqr,0.0,0.0
12,kinematic_shell_kinetics_shell_gt20mm_time_to_enhancement_hurdle_value_given_signal_q90,0.0,0.0
12,kinematic_shell_kinetics_shell_gt20mm_time_to_enhancement_hurdle_value_given_signal_min,0.0,0.0
12,kinematic_shell_kinetics_shell_gt20mm_time_to_enhancement_hurdle_value_given_signal_iqr,0.0,0.0
12,kinematic_shell_kinetics_shell_5_10mm_washin_rel_reference_hurdle_value_given_signal_sd,0.0007867132867132809,0.0004575612702203422
12,kinematic_shell_kinetics_shell_5_10mm_time_to_enhancement_hurdle_value_given_signal_iqr,0.0,0.0
12,kinematic_shell_kinetics_shell_2_5mm_washin_rel_reference_hurdle_value_given_signal_q90,0.0,0.0
12,kinematic_shell_kinetics_shell_2_5mm_washin_rel_reference_hurdle_value_given_signal_min,0.0,0.0
12,kinematic_shell_kinetics_shell_0_2mm_washin_rel_reference_hurdle_value_given_signal_q90,0.0,0.0
12,kinematic_shell_kinetics_shell_0_2mm_washin_rel_reference_hurdle_value_given_signal_min,0.0,0.0
12,kinematic_shell_kinetics_inside_tumor_washin_rel_reference_hurdle_value_given_signal_sd,0.0,0.0
12,kinematic_shell_kinetics_inside_tumor_time_to_enhancement_hurdle_value_given_signal_iqr,0.0,0.0
12,kinematic_boundary_caliber_gradient_gradient_mm_per_mm_hurdle_value_given_signal_median,0.0,0.0
12,kinematic_arrival_delay_vs_reference_near_tumor_segments_hurdle_value_given_signal_mean,0.0,0.0
12,kinematic_shell_kinetics_shell_gt20mm_washin_rel_reference_hurdle_value_given_signal_min,0.0,0.0
12,kinematic_shell_kinetics_shell_5_10mm_washin_rel_reference_hurdle_value_given_signal_min,0.0,0.0
12,kinematic_shell_kinetics_shell_10_20mm_time_to_enhancement_hurdle_value_given_signal_min,0.0,0.0
12,kinematic_shell_kinetics_shell_10_20mm_time_to_enhancement_hurdle_value_given_signal_iqr,0.0,0.0
12,kinematic_shell_kinetics_inside_tumor_washin_rel_reference_hurdle_value_given_signal_q90,0.0,0.0
12,kinematic_shell_kinetics_inside_tumor_washin_rel_reference_hurdle_value_given_signal_min,0.0,0.0
12,kinematic_shell_kinetics_shell_5_10mm_washin_rel_reference_hurdle_value_given_signal_mean,0.0,0.0
12,kinematic_shell_kinetics_shell_10_20mm_washin_rel_reference_hurdle_value_given_signal_min,0.0,0.0
12,kinematic_arrival_delay_vs_reference_near_tumor_segments_hurdle_value_given_signal_median,0.0,0.0
12,kinematic_shell_kinetics_shell_gt20mm_time_to_enhancement_hurdle_value_given_signal_median,0.0,0.0
12,kinematic_shell_kinetics_shell_2_5mm_washin_rel_reference_hurdle_value_given_signal_median,0.0,0.0
12,kinematic_shell_kinetics_shell_5_10mm_washin_rel_reference_hurdle_value_given_signal_median,0.0,0.0
12,kinematic_shell_kinetics_shell_10_20mm_time_to_enhancement_hurdle_value_given_signal_median,0.0,0.0
12,kinematic_shell_kinetics_inside_tumor_washin_rel_reference_hurdle_value_given_signal_median,0.0,0.0
12,kinematic_core_to_periphery_peak_ratio,0.0,0.0
12,morph_seg_length_cv,0.0,0.0
12,morph_radius_cv,0.0,0.0
12,morph_bifurcation_density_per_length,3.4965034965028785e-05,0.0005461713060074472
12,morph_seg_volume_sum,0.0,0.0
12,morph_seg_length_sum,0.0,0.0
12,morph_seg_volume_max,0.0,0.0
12,morph_radius_mean_sum,0.0,0.0
12,morph_seg_volume_std,0.0,0.0
12,morph_curvature_mean_sum,0.0,0.0
12,morph_seg_length_max,0.0,0.0
12,morph_seg_volume_mean,0.007062937062937058,0.005045879777960445
12,morph_seg_length_std,0.0023426573426573285,0.006129960000226858
12,morph_seg_tortuosity_max,0.002237762237762231,0.0010157929403030966
12,morph_curvature_mean_max,-0.0006293706293706402,0.00046386360704271244
12,morph_radius_mean_max,0.0008391608391608129,0.0007325988405509225
12,morph_radius_mean_mean,0.00038461538461539437,0.0012842215155389276
12,morph_radius_mean_std,0.0,0.0
12,morph_seg_tortuosity_std,0.0,0.0
12,morph_curvature_mean_mean,0.0,0.0
12,morph_curvature_mean_std,0.0,0.0
12,morph_seg_tortuosity_mean,0.0,0.0
12,morph_bifurcation_per_segment,-0.0036713286713286664,0.0050293772412193846
12,morph_seg_dup_fraction,0.0,0.0
12,morph_seg_tortuosity_invalid_n,0.0,0.0
12,morph_bif_angle_std,3.4965034965028785e-05,6.993006993005757e-05
12,morph_bif_angle_mean,-0.00019230769230771383,0.0022800447021294927
12,morph_bif_angle_max,0.0,0.0
12,tumor_size_outer_to_inner_shell_ratio,-0.004353146853146861,0.0033477537442709853
12,tumor_size_tumor_r8_region_voxels,-0.0015034965034964598,0.0017327988382327092
12,tumor_size_tumor_voxels,-0.0034440559440559347,0.003958197938560854
12,tumor_size_shell_0_2_over_tumor,0.0,0.0
13,clinical_post,0.0,0.0
13,clinical_luminal_b,0.0,0.0
13,clinical_luminal_a,0.14923351158645276,0.03228348540106623
13,clinical_triple_negative,0.0,0.0
13,clinical_pre (<6 months since LMP AND no prior bilateral ovariectomy AND not on estrogen replacement),0.0,0.0
13,clinical_pre (< 6 months since LMP AND no prior bilateral ovariectomy AND not on estrogen replacement),0.0,0.0
13,age,-0.001800356506238876,0.0007368993443349226
13,normalized_ratios_near_length_per_tumor_equiv_radius,-0.001800356506238876,0.0005548799435391495
13,caliber_heterogeneity_near_tumor_near_radius_cv,0.0,0.0
13,normalized_ratios_near_volume_per_skeleton_edge,-2.2204460492503132e-17,0.0004366291876618737
13,per_shell_topology_shell_5_10mm_shell_volume_density_mm3_per_shell_mm3,0.0,0.0
13,per_shell_topology_shell_10_20mm_shell_volume_density_mm3_per_shell_mm3,0.001942959001782507,0.001067883479554376
13,per_shell_topology_shell_2_5mm_shell_volume_density_mm3_per_shell_mm3,0.0,0.0
13,per_shell_topology_shell_gt20mm_shell_volume_density_mm3_per_shell_mm3,0.0,0.0
13,per_shell_topology_shell_5_10mm_shell_length_density_mm_per_shell_mm3,0.0,0.0
13,per_shell_topology_shell_10_20mm_shell_length_density_mm_per_shell_mm3,-0.0002495543672014322,0.0002896270375984098
13,normalized_ratios_near_volume_per_shell_voxel,0.0,0.0
13,per_shell_topology_shell_10_20mm_node_density_per_shell_voxel,0.0005704099821746911,0.0005847137064833175
13,per_shell_topology_shell_2_5mm_node_density_per_shell_mm3,-0.0002317290552585005,0.0008734402852050042
13,per_shell_topology_shell_gt20mm_shell_length_density_mm_per_shell_mm3,0.0003386809269162128,0.0005006977506306306
13,per_shell_topology_shell_5_10mm_endpoint_density_per_shell_mm3,0.0,0.0
13,per_shell_topology_shell_5_10mm_endpoint_density_per_shell_voxel,0.0,0.0
13,per_shell_topology_shell_gt20mm_edge_density_per_shell_voxel,0.0037789661319072797,0.0012599356183296067
13,per_shell_topology_shell_2_5mm_endpoint_density_per_shell_voxel,0.000267379679144375,0.0005181619199197531
13,per_shell_topology_shell_10_20mm_endpoint_density_per_shell_mm3,0.0006060606060605767,0.0005418425723197998
13,per_shell_topology_shell_10_20mm_endpoint_density_per_shell_voxel,-0.0005169340463458405,0.0008821278453945382
13,per_shell_topology_shell_10_20mm_bifurcation_density_per_shell_mm3,0.0,0.0
13,per_shell_topology_shell_gt20mm_bifurcation_density_per_shell_mm3,-0.000552584670231715,0.0004470565491616328
13,per_shell_topology_shell_gt20mm_endpoint_density_per_shell_mm3,-0.0005347593582887833,0.0012272309788276877
13,per_shell_topology_shell_gt20mm_bifurcation_density_per_shell_voxel,-0.002085561497326238,0.0020864754156423248
13,per_shell_topology_shell_gt20mm_endpoint_density_per_shell_voxel,0.002727272727272678,0.0022980830180831355
13,normalized_ratios_inside_volume_per_tumor_voxel,0.0,0.0
13,per_shell_topology_shell_0_2mm_node_density_per_shell_mm3,0.0,0.0
13,normalized_ratios_crossing_length_per_tumor_equiv_surface,0.00017825311942959443,0.00017825311942959443
13,per_shell_topology_shell_2_5mm_cycle_density_per_shell_mm3,0.0,0.0
13,per_shell_topology_shell_0_2mm_cycle_density_per_shell_mm3,0.0,0.0
13,per_shell_topology_shell_5_10mm_cycle_density_per_shell_mm3,0.0012121212121211865,0.0010448735037256944
13,per_shell_topology_shell_0_2mm_edge_density_per_shell_voxel,0.003761140819964315,0.0031911291439220843
13,per_shell_topology_inside_tumor_cycle_density_per_shell_mm3,0.0,0.0
13,per_shell_topology_shell_10_20mm_cycle_density_per_shell_mm3,0.0,0.0
13,per_shell_topology_shell_2_5mm_bifurcation_density_per_shell_mm3,0.0,0.0
13,per_shell_topology_shell_0_2mm_bifurcation_density_per_shell_mm3,0.0,0.0
13,per_shell_topology_shell_5_10mm_bifurcation_density_per_shell_mm3,-0.0040463458110517325,0.0018662173711583227
13,per_shell_topology_inside_tumor_bifurcation_density_per_shell_mm3,0.0,0.0
13,per_shell_topology_shell_gt20mm_shell_region_voxels,-7.130124777185998e-05,0.0018985421683699274
13,per_shell_topology_shell_gt20mm_shell_region_volume_mm3,-0.0024242424242424286,0.001018385515656709
13,per_shell_topology_shell_10_20mm_shell_region_voxels,0.0023885918003564988,0.0017953195453852527
13,per_shell_topology_shell_10_20mm_shell_region_volume_mm3,0.01668449197860957,0.004624423257403744
13,per_shell_topology_shell_2_5mm_shell_region_voxels,0.0,0.0
13,per_shell_topology_inside_tumor_shell_region_volume_mm3,0.002673796791443861,0.0016395411461770785
13,graph_totals_total_volume_burden_mm3,-0.000730837789661365,0.0005193868907071045
13,per_shell_topology_shell_0_2mm_shell_region_volume_mm3,0.0014438502673796761,0.0005936123281763676
13,graph_totals_total_length_mm,-0.00010695187165774556,0.00021390374331549115
13,per_shell_topology_shell_gt20mm_edge_count,0.0002673796791443861,0.0004994269421077301
13,per_shell_topology_shell_10_20mm_shell_volume_burden_mm3,0.00374331550802135,0.003653971559987393
13,per_shell_topology_shell_gt20mm_shell_region_volume_per_tumor_mm3,0.0,0.0
13,per_shell_topology_shell_5_10mm_shell_volume_burden_mm3,0.0,0.0
13,per_shell_topology_shell_10_20mm_shell_length_mm,0.0,0.0
13,per_shell_topology_shell_5_10mm_shell_length_mm,0.000267379679144375,0.0008992512125225823
13,per_shell_topology_shell_gt20mm_bifurcation_count,-0.0017290552584670604,0.002304985842166618
13,graph_tumor_r8_skel_voxels,0.0,0.0
13,per_shell_topology_shell_gt20mm_endpoint_count,0.0,0.0
13,per_shell_topology_shell_2_5mm_shell_volume_burden_mm3,-0.0021925133689839503,0.0006429479071968159
13,graph_tumor_shell_r4_8_skel_voxels,0.0,0.0
13,per_shell_topology_shell_10_20mm_endpoint_count,0.0,0.0
13,per_shell_topology_shell_10_20mm_shell_region_volume_per_tumor_mm3,0.0010516934046346017,0.0016654031642953963
13,per_shell_topology_shell_5_10mm_endpoint_count,0.0,0.0
13,graph_tumor_r4_skel_voxels,0.0,0.0
13,graph_tumor_shell_r2_4_skel_voxels,0.0,0.0
13,per_shell_topology_shell_2_5mm_endpoint_count,0.0,0.0
13,per_shell_topology_shell_10_20mm_bifurcation_count,0.0,0.0
13,per_shell_topology_shell_2_5mm_degree_distribution_deg2,0.0,0.0
13,length_weighted_shape_stats_near_tumor_segment_count,0.0,0.0
13,per_shell_topology_shell_10_20mm_degree_distribution_deg0,0.0,0.0
13,length_weighted_shape_stats_near_tumor_length_weighted_tortuosity_quantiles_q90,-0.0008021390374332027,0.0003497578764767723
13,caliber_heterogeneity_near_tumor_near_radius_q90_mm,0.0,0.0
13,caliber_heterogeneity_near_tumor_near_radius_q50_mm,0.00040998217468803946,0.0006766578572585814
13,length_weighted_shape_stats_near_tumor_length_weighted_tortuosity_quantiles_q50,0.0,0.0
13,caliber_heterogeneity_near_tumor_near_radius_q25_mm,0.008770053475935768,0.0051569092644544725
13,per_shell_topology_shell_2_5mm_shell_region_volume_per_tumor_mm3,-0.0010695187165775776,0.0044298679692004565
13,per_shell_topology_shell_gt20mm_shell_volume_burden_mm3_per_tumor_mm3,0.0009982174688056733,0.000881226887294707
13,length_weighted_shape_stats_near_tumor_length_weighted_curvature_mean_quantiles_q25,0.0,0.0
13,caliber_heterogeneity_near_tumor_near_radius_q10_mm,-0.0003921568627451522,0.0033593028809708156
13,length_weighted_shape_stats_near_tumor_length_weighted_curvature_mean_quantiles_q90,0.0,0.0
13,length_weighted_shape_stats_global_length_weighted_tortuosity_quantiles_q90,0.0016221033868092372,0.0015239338635644431
13,caliber_heterogeneity_near_tumor_global_node_radius_q90_mm,-0.0002852049910873733,0.0011307487719896
13,length_weighted_shape_stats_global_length_weighted_tortuosity_quantiles_q75,0.0,0.0
13,per_shell_topology_shell_0_2mm_shell_region_volume_per_tumor_mm3,0.0005882352941176672,0.0008013464097322312
13,caliber_heterogeneity_near_tumor_near_radius_sd_mm,0.0,0.0
13,length_weighted_shape_stats_global_length_weighted_tortuosity_quantiles_q50,-0.0002673796791443972,0.0005057490538007758
13,length_weighted_shape_stats_near_tumor_length_weighted_curvature_mean_quantiles_q10,-0.001996434937611402,0.0010045634797579462
13,length_weighted_shape_stats_global_length_weighted_tortuosity_mean,0.0,0.0
13,per_shell_topology_shell_gt20mm_shell_length_mm_per_tumor_mm3,0.004367201426024902,0.0025858992713761303
13,length_weighted_shape_stats_global_length_weighted_tortuosity_quantiles_q25,0.0,0.0
13,per_shell_topology_shell_gt20mm_shell_volume_fraction_of_total_graph_volume,-0.00012477718360074386,0.0004296602778322221
13,length_weighted_shape_stats_global_length_weighted_curvature_mean_quantiles_q10,-0.009607843137254957,0.005890153095558883
13,graph_skel_per_tumor_voxel,0.011497326203208503,0.006216537608724355
13,length_weighted_shape_stats_global_length_weighted_curvature_mean_quantiles_q90,-0.00014260249554367554,0.0003889023926786396
13,length_weighted_shape_stats_global_length_weighted_curvature_mean_quantiles_q50,-0.00012477718360075495,0.0009229656660249318
13,length_weighted_shape_stats_global_length_weighted_curvature_mean_quantiles_q25,-0.0027985739750445715,0.0026028007537193597
13,length_weighted_shape_stats_global_length_weighted_curvature_mean_quantiles_q75,0.0005347593582887833,0.0014720729284893065
13,length_weighted_shape_stats_global_length_weighted_curvature_mean,0.0,0.0
13,per_shell_topology_shell_10_20mm_shell_volume_fraction_of_total_graph_volume,0.0002495543672014322,0.000163371682529624
13,length_weighted_shape_stats_global_length_weighted_tortuosity_quantiles_q10,-0.0023351158645276925,0.006139493918074698
13,per_shell_topology_shell_10_20mm_shell_volume_burden_mm3_per_tumor_mm3,0.0,0.0
13,graph_tumor_r8_skel_frac_skeleton,0.0,0.0
13,per_shell_topology_shell_5_10mm_shell_length_fraction_of_total_graph_length,0.00019607843137253722,0.0012180050128953058
13,graph_tumor_shell_r4_8_skel_frac_skeleton,0.0,0.0
13,per_shell_topology_shell_5_10mm_shell_volume_burden_mm3_per_tumor_mm3,-0.0004991087344028644,0.0007121206543828237
13,per_shell_topology_shell_10_20mm_shell_length_mm_per_tumor_mm3,-0.0028163992869875585,0.001053956898331141
13,per_shell_topology_shell_2_5mm_shell_length_fraction_of_total_graph_length,0.0,0.0
13,graph_tumor_shell_r2_4_skel_frac_skeleton,0.0,0.0
13,per_shell_topology_shell_2_5mm_shell_length_mm_per_tumor_mm3,0.0,0.0
13,graph_tumor_shell_r4_8_skel_frac_shell,0.0,0.0
13,graph_tumor_r8_skel_frac_region,0.0,0.0
13,graph_tumor_shell_r2_4_skel_frac_shell,0.0008912655971479277,0.00048490090940233693
13,graph_tumor_r4_skel_frac_region,0.0,0.0
13,graph_skel_in_tumor_voxels,0.0,0.0
13,graph_tumor_r2_skel_frac_region,0.0,0.0
13,graph_tumor_r2_skel_frac_skeleton,0.0002139037433155244,0.0005681774492160147
13,per_shell_topology_shell_0_2mm_node_count,0.0,0.0
13,per_shell_topology_shell_0_2mm_endpoint_count,0.0,0.0
13,per_shell_topology_inside_tumor_endpoint_count,0.001122994652406395,0.0013991450590510113
13,directional_near_boundary_tangential_alignment_mean,-5.3475935828861675e-05,0.00017914216793441155
13,per_shell_topology_shell_2_5mm_degree_distribution_deg0,0.0,0.0
13,per_shell_topology_shell_0_2mm_degree_distribution_deg2,-0.0005347593582888277,0.000390533017828995
13,per_shell_topology_shell_0_2mm_degree_distribution_deg0,0.0,0.0
13,directional_near_boundary_normal_alignment_abs_cos_mean,-0.0015686274509803977,0.0008353208209525884
13,per_shell_topology_shell_gt20mm_degree_distribution_deg0,0.0,0.0
13,per_shell_topology_shell_5_10mm_degree_distribution_deg0,0.0,0.0
13,per_shell_topology_inside_tumor_degree_distribution_deg0,0.0,0.0
13,per_shell_topology_shell_2_5mm_degree_distribution_deg4plus,0.0,0.0
13,per_shell_topology_shell_gt20mm_degree_distribution_deg4plus,-0.0004634581105169344,0.0006631399371742612
13,per_shell_topology_shell_5_10mm_degree_distribution_deg4plus,0.0,0.0
13,per_shell_topology_inside_tumor_degree_distribution_deg4plus,0.0,0.0
13,per_shell_topology_shell_10_20mm_degree_distribution_deg4plus,0.0,0.0
13,directional_near_boundary_radial_alignment_abs_cos_quantiles_q90,0.0,0.0
13,directional_near_boundary_radial_alignment_abs_cos_quantiles_q10,0.00017825311942960554,0.0003474792992801856
13,directional_near_boundary_normal_alignment_abs_cos_quantiles_q90,0.0,0.0
13,directional_near_boundary_normal_alignment_abs_cos_quantiles_q25,-0.0010873440285204983,0.0009034813474134739
13,directional_near_boundary_normal_alignment_abs_cos_quantiles_q10,-0.002673796791443883,0.0010901165669462323
13,per_shell_topology_shell_0_2mm_shell_volume_burden_mm3_per_tumor_mm3,3.565062388588558e-05,0.002741623376788642
13,per_shell_topology_shell_0_2mm_shell_volume_fraction_of_total_graph_volume,-0.00039215686274514107,0.0010509378233856475
13,caliber_heterogeneity_near_tumor_near_high_radius_tail_fraction_vs_global_q90,0.0,0.0
13,graph_core_to_periphery_length_ratio,-0.0011764705882353122,0.0012858958143936764
13,graph_crossing_fraction_of_near_burden,-0.0013903743315508144,0.0014542658149284374
13,kinematic_reference_normalized_signal_all_segments_washin_rel_reference_hurdle_value_given_signal_max,0.0002139037433154689,0.00026197751259711367
13,kinematic_normalized_shell_burdens_shell_gt20mm_kinetic_auc_weighted_volume_mm3,0.0,0.0
13,kinematic_reference_normalized_signal_all_segments_auc_rel_reference_hurdle_value_given_signal_max,0.00030303030303022724,0.00025271741316858123
13,kinematic_reference_normalized_signal_all_segments_washin_rel_reference_hurdle_value_given_signal_q90,0.0,0.0
13,kinematic_reference_normalized_signal_all_segments_peak_rel_reference_hurdle_value_given_signal_q90,-0.00014260249554367554,0.000285204991087351
13,kinematic_reference_normalized_signal_near_tumor_segments_auc_rel_reference_hurdle_value_given_signal_max,0.0,0.0
13,kinematic_reference_normalized_signal_all_segments_auc_rel_reference_hurdle_value_given_signal_mean,0.0,0.0
13,kinematic_reference_normalized_signal_all_segments_peak_rel_reference_hurdle_value_given_signal_median,-0.0018360071301247948,0.0009567726845147606
13,kinematic_reference_normalized_signal_near_tumor_segments_peak_rel_reference_hurdle_value_given_signal_median,-0.0008199643493761344,0.0007314896445163529
13,kinematic_reference_normalized_signal_all_segments_washin_rel_reference_hurdle_value_given_signal_median,-0.0031550802139037604,0.0012247688688985343
13,kinematic_normalized_shell_burdens_shell_10_20mm_kinetic_auc_weighted_volume_mm3,0.0005882352941176339,0.001906641894648181
13,kinematic_reference_normalized_signal_near_tumor_segments_auc_rel_reference_hurdle_value_given_signal_min,0.0,0.0
13,kinematic_normalized_shell_burdens_shell_10_20mm_auc_weighted_volume_per_shell_segment,0.0,0.0
13,kinematic_normalized_shell_burdens_shell_5_10mm_kinetic_auc_weighted_volume_mm3,0.0,0.0
13,kinematic_normalized_shell_burdens_shell_gt20mm_auc_weighted_volume_per_shell_segment,-0.0009090909090909482,0.0007581522395057687
13,kinematic_normalized_shell_burdens_shell_5_10mm_auc_weighted_volume_per_shell_segment,0.0,0.0
13,kinematic_reference_normalized_signal_all_segments_peak_rel_reference_hurdle_value_given_signal_min,-0.00019607843137253722,0.000313340389148783
13,kinematic_normalized_shell_burdens_shell_10_20mm_auc_weighted_volume_per_shell_length_mm,0.0,0.0
13,kinematic_normalized_shell_burdens_shell_5_10mm_auc_weighted_volume_per_shell_length_mm,0.0,0.0
13,kinematic_normalized_shell_burdens_shell_gt20mm_auc_weighted_volume_per_shell_length_mm,-0.000980392156862786,0.0007317068004197376
13,kinematic_shell_contrasts_5_10mm_vs_10_20mm_tte_ratio,0.0,0.0
13,kinematic_normalized_shell_burdens_shell_gt20mm_auc_weighted_volume_per_tumor_mm3,0.0,0.0
13,kinematic_shell_contrasts_5_10mm_vs_10_20mm_ttp_ratio,0.0,0.0
13,kinematic_shell_contrasts_5_10mm_vs_10_20mm_peak_ratio,-0.0004456327985739916,0.0003760253673748799
13,kinematic_normalized_shell_burdens_shell_10_20mm_auc_weighted_volume_per_tumor_mm3,0.0,0.0
13,kinematic_reference_normalized_signal_all_segments_peak_rel_reference_hurdle_has_signal_fraction,0.0,0.0
13,kinematic_normalized_shell_burdens_shell_10_20mm_auc_weighted_volume_per_shell_mm3,0.001158645276292347,0.0007446202700251494
13,kinematic_normalized_shell_burdens_shell_5_10mm_auc_weighted_volume_per_tumor_mm3,-5.347593582889498e-05,8.168584126483744e-05
13,kinematic_normalized_shell_burdens_shell_10_20mm_auc_weighted_volume_per_shell_voxel,3.565062388588558e-05,0.002126821923461619
13,kinematic_kinetic_topology_coupling_early_bifurcation_density_per_tumor_mm3,0.0030481283422459705,0.006702151361392778
13,kinematic_normalized_shell_burdens_shell_gt20mm_auc_weighted_volume_per_shell_mm3,0.0,0.0
13,kinematic_normalized_shell_burdens_shell_gt20mm_auc_weighted_volume_per_shell_voxel,-0.0005704099821747133,0.0026901460933922874
13,kinematic_normalized_shell_burdens_shell_5_10mm_auc_weighted_volume_per_shell_voxel,0.0,0.0
13,kinematic_reference_normalized_signal_reference_auc_positive,-0.0011764705882353343,0.000829212360043732
13,kinematic_reference_normalized_signal_reference_washin_slope,-0.006381461675579392,0.005621505410175245
13,kinematic_temporal_heterogeneity_near_tumor_cv_auc,0.0,0.0
13,kinematic_shell_contrasts_0_2mm_vs_2_5mm_ttp_ratio,0.0,0.0
13,kinematic_shell_contrasts_inside_vs_2_5mm_ttp_ratio,0.0,0.0
13,kinematic_shell_contrasts_inside_vs_0_2mm_ttp_ratio,0.0,0.0
13,kinematic_shell_contrasts_0_2mm_vs_2_5mm_washin_ratio,0.0,0.0
13,kinematic_shell_contrasts_inside_vs_2_5mm_washin_ratio,0.0,0.0
13,kinematic_shell_contrasts_inside_vs_0_2mm_washin_ratio,0.0,0.0
13,kinematic_temporal_heterogeneity_near_tumor_cv_tte_time,-0.0027094474153297687,0.0005275810547931802
13,kinematic_shell_contrasts_5_10mm_vs_10_20mm_washin_ratio,0.0,0.0
13,kinematic_temporal_heterogeneity_near_tumor_cv_washin_slope,-0.0006773618538324921,0.0007637891367425376
13,kinematic_temporal_heterogeneity_near_tumor_cv_washout_slope,-0.001818181818181841,0.0009186523156310551
13,kinematic_component_invasion_crossing_length_concentration_max_fraction,0.0,0.0
13,kinematic_normalized_shell_burdens_shell_2_5mm_kinetic_auc_weighted_volume_mm3,0.0,0.0
13,kinematic_normalized_shell_burdens_shell_0_2mm_kinetic_auc_weighted_volume_mm3,0.0,0.0
13,kinematic_normalized_shell_burdens_inside_tumor_kinetic_auc_weighted_volume_mm3,0.0,0.0
13,kinematic_reference_normalized_signal_near_tumor_segments_peak_rel_reference_hurdle_valid_fraction,0.0,0.0
13,kinematic_reference_normalized_signal_all_segments_washin_rel_reference_hurdle_value_given_signal_min,0.0,0.0
13,kinematic_reference_normalized_signal_near_tumor_segments_peak_rel_reference_hurdle_has_signal_fraction,0.0,0.0
13,kinematic_reference_normalized_signal_near_tumor_segments_auc_rel_reference_hurdle_value_given_signal_sd,-0.0004278074866310488,0.000785932537791409
13,kinematic_reference_normalized_signal_near_tumor_segments_washin_rel_reference_hurdle_value_given_signal_sd,0.0,0.0
13,kinematic_reference_normalized_signal_near_tumor_segments_washin_rel_reference_hurdle_value_given_signal_q90,-0.00033868092691623496,0.0011116193816519601
13,kinematic_reference_normalized_signal_near_tumor_segments_washin_rel_reference_hurdle_value_given_signal_min,0.0,0.0
13,kinematic_reference_normalized_signal_near_tumor_segments_washin_rel_reference_hurdle_value_given_signal_median,0.0,0.0
13,kinematic_shell_kinetics_shell_10_20mm_auc_rel_reference_hurdle_value_given_signal_max,0.0,0.0
13,kinematic_shell_kinetics_shell_10_20mm_peak_rel_reference_hurdle_value_given_signal_q90,0.0,0.0
13,kinematic_shell_kinetics_shell_10_20mm_washin_rel_reference_hurdle_value_given_signal_max,-0.005418894830659593,0.004721655626661833
13,kinematic_shell_kinetics_shell_10_20mm_auc_rel_reference_hurdle_value_given_signal_median,0.0007308377896612983,0.000758152239505774
13,kinematic_shell_kinetics_shell_5_10mm_peak_rel_reference_hurdle_value_given_signal_max,-0.0007843137254902266,0.0013926577529144262
13,kinematic_shell_kinetics_shell_gt20mm_peak_rel_reference_hurdle_value_given_signal_iqr,0.0,0.0
13,kinematic_shell_kinetics_shell_10_20mm_auc_rel_reference_hurdle_value_given_signal_iqr,0.0,0.0
13,kinematic_shell_kinetics_shell_10_20mm_peak_rel_reference_hurdle_value_given_signal_iqr,0.00042780748663098225,0.0005239550251942213
13,kinematic_shell_kinetics_shell_10_20mm_washin_rel_reference_hurdle_value_given_signal_mean,0.0,0.0
13,kinematic_shell_kinetics_shell_10_20mm_washin_rel_reference_hurdle_value_given_signal_iqr,0.0002673796791443528,0.0010247616650128283
13,kinematic_shell_kinetics_shell_10_20mm_peak_rel_reference_hurdle_value_given_signal_min,0.0011586452762922805,0.0010702611801981126
13,kinematic_shell_kinetics_shell_10_20mm_washin_rel_reference_hurdle_value_given_signal_median,-0.0005704099821747354,0.0016196530041498072
13,kinematic_shell_segment_counts_shell_gt20mm,0.0,0.0
13,kinematic_graph_local_propagation_weighted_linear_fit_n,0.0005882352941176782,0.0005044909696286787
13,kinematic_propagation_speed_speed_positive_delay_mm_per_time_max,-0.0018360071301247948,0.001141516053232462
13,kinematic_kinetic_topology_coupling_early_bifurcation_count,-0.0012299465240641961,0.0007909699726322301
13,kinematic_kinetic_topology_coupling_early_cycle_length_burden_mm_ge50,-0.0010516934046346017,0.0004678932174119743
13,kinematic_shell_kinetics_shell_gt20mm_auc_rel_reference_hurdle_value_given_signal_min,-0.0002317290552584783,0.00013922013682543186
13,kinematic_propagation_speed_speed_positive_delay_mm_per_time_q90,-0.004010695187165791,0.0015848496777465429
13,kinematic_propagation_speed_negative_delay_segment_count,0.0007130124777183333,0.0012604398951632002
13,kinematic_shell_segment_counts_shell_10_20mm,-0.0015329768270944788,0.0011137610946034627
13,kinematic_kinetic_topology_coupling_cycle_count,0.0,0.0
13,kinematic_propagation_speed_speed_positive_delay_mm_per_time_iqr,0.001122994652406395,0.0030103674748743485
13,kinematic_propagation_speed_speed_positive_delay_mm_per_time_sd,-0.0015686274509804198,0.0019244733798596384
13,kinematic_propagation_speed_speed_positive_delay_mm_per_time_mean,-0.0034224598930481577,0.0037845114528240686
13,kinematic_propagation_speed_speed_positive_delay_mm_per_time_median,-0.00035650623885918886,0.0011797071021585942
13,kinematic_kinetic_topology_coupling_early_cycle_count_all_nodes,0.0,0.0
13,kinematic_component_invasion_component_count,0.0,0.0
13,kinematic_shell_kinetics_shell_5_10mm_time_to_peak_hurdle_value_given_signal_q90,0.0,0.0
13,kinematic_shell_kinetics_shell_5_10mm_auc_hurdle_value_given_signal_max,0.0006595365418894828,0.0005290845661196394
13,kinematic_shell_kinetics_shell_10_20mm_auc_hurdle_value_given_signal_max,-0.0002852049910873511,0.0008253716151722146
13,kinematic_shell_segment_counts_shell_5_10mm,-0.0002495543672013989,0.0009737255104276369
13,kinematic_propagation_speed_delay_all_segments_min,0.0,0.0
13,kinematic_propagation_speed_delay_all_segments_max,0.002335115864527626,0.0008108068032473573
13,kinematic_shell_contrasts_5_10mm_vs_10_20mm_ttp_delta,0.0,0.0
13,kinematic_graph_local_propagation_distance_binned_dispersion_distance_bin_count,0.0010695187165775,0.0005104392535927486
13,kinematic_arrival_delay_vs_reference_all_segments_hurdle_value_given_signal_max,0.0,0.0
13,kinematic_shell_kinetics_shell_5_10mm_time_to_peak_hurdle_value_given_signal_min,0.0,0.0
13,kinematic_shell_kinetics_shell_10_20mm_time_to_peak_hurdle_value_given_signal_q90,0.0,0.0
13,kinematic_shell_kinetics_shell_10_20mm_time_to_peak_hurdle_value_given_signal_min,-0.0003921568627451077,0.0006660086164801972
13,kinematic_shell_kinetics_shell_10_20mm_time_to_peak_hurdle_value_given_signal_max,0.0,0.0
13,kinematic_shell_kinetics_shell_10_20mm_time_to_peak_hurdle_value_given_signal_iqr,0.0,0.0
13,kinematic_shell_kinetics_shell_gt20mm_time_to_peak_hurdle_value_given_signal_median,0.0,0.0
13,kinematic_shell_kinetics_shell_5_10mm_time_to_peak_hurdle_value_given_signal_median,-0.00037433155080218716,0.0008186069521001917
13,kinematic_shell_kinetics_shell_10_20mm_time_to_peak_hurdle_value_given_signal_median,0.0,0.0
13,kinematic_shell_kinetics_shell_gt20mm_time_to_enhancement_hurdle_value_given_signal_max,0.0,0.0
13,kinematic_shell_kinetics_shell_5_10mm_time_to_enhancement_hurdle_value_given_signal_q90,0.0005347593582887278,0.0011770106252562817
13,kinematic_shell_kinetics_shell_5_10mm_time_to_enhancement_hurdle_value_given_signal_min,0.0,0.0
13,kinematic_shell_kinetics_shell_10_20mm_time_to_enhancement_hurdle_value_given_signal_max,0.0,0.0
13,kinematic_shell_kinetics_shell_5_10mm_time_to_enhancement_hurdle_value_given_signal_median,0.0,0.0
13,kinematic_graph_local_propagation_earliest_arrival_component_near_tumor_earliest_threshold_tte,0.0,0.0
13,kinematic_graph_local_propagation_earliest_arrival_component_near_tumor_largest_component_segments,0.0,0.0
13,kinematic_shell_kinetics_shell_10_20mm_auc_hurdle_value_given_signal_q90,-0.0016755793226381544,0.0008990745249852655
13,kinematic_arrival_delay_vs_reference_all_segments_hurdle_value_given_signal_q90,0.0,0.0
13,kinematic_shell_kinetics_shell_10_20mm_auc_hurdle_value_given_signal_median,0.0,0.0
13,kinematic_shell_kinetics_shell_10_20mm_time_to_peak_hurdle_value_given_signal_mean,-0.0003030303030303272,0.0003743315508021481
13,kinematic_shell_kinetics_shell_5_10mm_auc_hurdle_value_given_signal_mean,0.0,0.0
13,kinematic_shell_kinetics_shell_10_20mm_auc_hurdle_value_given_signal_iqr,0.0,0.0
13,kinematic_shell_contrasts_5_10mm_vs_10_20mm_washin_delta_norm_l1,0.0,0.0
13,kinematic_shell_contrasts_5_10mm_vs_10_20mm_auc_delta,0.0,0.0
13,kinematic_core_to_periphery_tte_delta,0.0,0.0
13,kinematic_shell_kinetics_shell_10_20mm_time_to_enhancement_hurdle_value_given_signal_q90,0.0,0.0
13,kinematic_shell_kinetics_shell_10_20mm_time_to_peak_hurdle_value_given_signal_sd,0.0008556149732619645,0.00035471922891501035
13,kinematic_graph_local_propagation_earliest_arrival_component_near_tumor_largest_component_fraction_near_segments,0.0,0.0
13,kinematic_shell_kinetics_shell_gt20mm_auc_hurdle_value_given_signal_q90,0.00024955436720144333,0.0004080400407222561
13,kinematic_shell_kinetics_shell_10_20mm_auc_hurdle_value_given_signal_sd,0.0,0.0
13,kinematic_shell_contrasts_5_10mm_vs_10_20mm_washout_delta_norm_l1,0.0,0.0
13,kinematic_shell_kinetics_shell_gt20mm_auc_hurdle_value_given_signal_median,-0.00042780748663102665,0.0011829347610008622
13,kinematic_shell_kinetics_shell_gt20mm_auc_hurdle_value_given_signal_max,0.0,0.0
13,kinematic_shell_kinetics_shell_10_20mm_time_to_enhancement_hurdle_value_given_signal_mean,0.00039215686274507444,0.0006266807782975533
13,kinematic_propagation_speed_speed_positive_delay_mm_per_time_min,0.0,0.0
13,kinematic_graph_local_propagation_distance_binned_dispersion_distance_bin_monotonic_nondecreasing_fraction,0.0,0.0
13,kinematic_shell_kinetics_shell_gt20mm_time_to_peak_hurdle_value_given_signal_mean,0.0,0.0
13,kinematic_arrival_delay_vs_reference_all_segments_hurdle_value_given_signal_mean,-0.00024955436720144333,0.0017212274801530528
13,kinematic_shell_kinetics_shell_10_20mm_time_to_enhancement_hurdle_value_given_signal_sd,3.565062388589668e-05,0.00019198448510283293
13,kinematic_shell_kinetics_shell_gt20mm_auc_hurdle_value_given_signal_iqr,0.001336898395721886,0.0005479652816021321
13,kinematic_graph_local_propagation_graph_distance_available_fraction,0.00039215686274507444,0.0012058135133895015
13,kinematic_graph_local_propagation_weighted_linear_fit_intercept,0.00042780748663098225,0.00021390374331549112
13,kinematic_shell_kinetics_shell_10_20mm_peak_enhancement_hurdle_value_given_signal_median,0.0,0.0
13,kinematic_shell_contrasts_5_10mm_vs_10_20mm_auc_delta_norm_l1,-0.0008199643493761122,0.0005648121040197747
13,kinematic_shell_kinetics_shell_10_20mm_peak_enhancement_hurdle_value_given_signal_q90,0.0,0.0
13,kinematic_shell_kinetics_shell_gt20mm_time_to_enhancement_hurdle_value_given_signal_mean,-0.0009447415329768228,0.0006859850768233209
13,kinematic_kinetic_topology_coupling_early_cycle_length_fraction_ge50,0.00039215686274509667,0.00028520499108734555
13,kinematic_shell_kinetics_shell_10_20mm_peak_enhancement_hurdle_value_given_signal_iqr,0.0,0.0
13,kinematic_graph_local_propagation_distance_binned_dispersion_mean_tte_std_across_distance_bins,0.0,0.0
13,kinematic_graph_local_propagation_weighted_linear_fit_rmse,-0.00019607843137259273,0.0017618226685292275
13,kinematic_shell_contrasts_5_10mm_vs_10_20mm_peak_delta,0.0008021390374331361,0.0009771458163041675
13,kinematic_propagation_speed_delay_all_segments_sd,0.0,0.0
13,kinematic_early_enhancing_fraction_volume_fraction_all_segments,0.0009090909090908705,0.0006399758670593954
13,kinematic_graph_local_propagation_weighted_linear_fit_mae,-0.0023529411764706353,0.0008082555471482691
13,kinematic_shell_kinetics_shell_gt20mm_time_to_enhancement_hurdle_value_given_signal_sd,-0.001532976827094501,0.0005868833380803814
13,kinematic_shell_kinetics_shell_10_20mm_auc_hurdle_value_given_signal_min,0.0,0.0
13,kinematic_shell_kinetics_shell_10_20mm_washin_slope_hurdle_value_given_signal_max,0.0,0.0
13,kinematic_arrival_delay_vs_reference_all_segments_hurdle_value_given_signal_sd,3.565062388592999e-05,0.000363566453732092
13,kinematic_early_enhancing_fraction_count_fraction_all_segments,-0.00014260249554366445,0.0008003545212350746
13,kinematic_kinetic_topology_coupling_early_bifurcation_fraction_of_bifurcations,-0.00016042780748665164,0.000634991555456555
13,kinematic_kinetic_topology_coupling_early_node_fraction,-0.0007843137254902155,0.002494524874800138
13,kinematic_shell_kinetics_shell_gt20mm_auc_hurdle_value_given_signal_sd,-0.0006773618538324699,0.004595198087473974
13,kinematic_shell_kinetics_shell_gt20mm_time_to_peak_hurdle_value_given_signal_sd,0.0005525846702316706,0.0016031883801638045
13,kinematic_shell_kinetics_shell_gt20mm_washin_slope_hurdle_value_given_signal_max,0.0,0.0
13,kinematic_shell_kinetics_shell_gt20mm_peak_enhancement_hurdle_value_given_signal_median,0.0023707664884135226,0.0021568627450980326
13,kinematic_shell_kinetics_shell_10_20mm_peak_enhancement_hurdle_value_given_signal_sd,0.0,0.0
13,kinematic_shell_kinetics_shell_gt20mm_washout_slope_hurdle_value_given_signal_min,0.0,0.0
13,kinematic_arrival_delay_vs_reference_near_tumor_segments_hurdle_valid_fraction,0.0,0.0
13,kinematic_shell_kinetics_shell_10_20mm_washin_slope_hurdle_value_given_signal_q90,0.0,0.0
13,kinematic_shell_kinetics_shell_10_20mm_washout_slope_hurdle_value_given_signal_min,-0.0014616755793226631,0.0011491452022307238
13,kinematic_shell_kinetics_shell_gt20mm_peak_enhancement_hurdle_value_given_signal_mean,-0.0005347593582887722,0.0013001484869027303
13,kinematic_shell_kinetics_shell_gt20mm_peak_enhancement_hurdle_value_given_signal_q90,-0.0016934046345811193,0.0008445887872001314
13,kinematic_caliber_flow_kinetic_surrogates_tortuosity_weighted_peak_enhancement_mean,-0.0007130124777183667,0.0008207389970211133
13,kinematic_shell_kinetics_shell_gt20mm_peak_enhancement_hurdle_value_given_signal_iqr,0.001622103386809215,0.005666346766461701
13,kinematic_shell_kinetics_shell_5_10mm_time_to_enhancement_hurdle_valid_fraction,0.0,0.0
13,kinematic_propagation_speed_delay_all_segments_mean,-0.0031372549019607955,0.0011251147121611094
13,kinematic_shell_kinetics_shell_5_10mm_auc_hurdle_value_given_signal_min,-3.565062388592999e-05,7.130124777185998e-05
13,kinematic_shell_kinetics_shell_10_20mm_washin_slope_hurdle_value_given_signal_sd,0.0007308377896612983,0.0014795008912655988
13,kinematic_shell_kinetics_shell_10_20mm_washin_slope_hurdle_value_given_signal_mean,-0.001800356506238865,0.0015972315040533053
13,kinematic_kinetic_topology_coupling_valid_time_node_fraction,0.0,0.0
13,kinematic_shell_kinetics_shell_gt20mm_washin_slope_hurdle_value_given_signal_q90,-0.0017468805704100032,0.001284907043917292
13,kinematic_shell_kinetics_shell_10_20mm_washin_slope_hurdle_value_given_signal_iqr,0.0,0.0
13,kinematic_arrival_delay_vs_reference_all_segments_hurdle_valid_fraction,0.0,0.0
13,kinematic_shell_kinetics_shell_10_20mm_washout_slope_hurdle_value_given_signal_mean,-0.0022994652406417406,0.0019023040618268274
13,kinematic_graph_local_propagation_weighted_linear_fit_r2,0.0,0.0
13,kinematic_shell_kinetics_shell_gt20mm_peak_enhancement_hurdle_value_given_signal_sd,-0.0014438502673796872,0.002987481865981479
13,kinematic_shell_kinetics_shell_10_20mm_washout_slope_hurdle_value_given_signal_sd,0.0,0.0
13,kinematic_shell_contrasts_5_10mm_vs_10_20mm_washin_delta,0.0004812834224599105,0.0004852284345389064
13,kinematic_shell_kinetics_shell_10_20mm_washout_slope_hurdle_value_given_signal_iqr,-0.0006417112299465621,0.0006387334355497061
13,kinematic_shell_kinetics_shell_gt20mm_washout_slope_hurdle_value_given_signal_iqr,0.000267379679144375,0.003113312055926169
13,kinematic_shell_kinetics_shell_gt20mm_washin_slope_hurdle_value_given_signal_iqr,0.00021390374331549112,0.00047697283993796487
13,kinematic_shell_kinetics_shell_gt20mm_washin_slope_hurdle_value_given_signal_median,0.0019251336898395421,0.003089286499948652
13,kinematic_caliber_flow_kinetic_surrogates_radius_weighted_washin_mean,-0.0023351158645276704,0.0011314510568669286
13,kinematic_shell_kinetics_shell_5_10mm_washout_slope_hurdle_value_given_signal_min,-0.0009803921568627527,0.0008777948129942948
13,kinematic_shell_kinetics_shell_gt20mm_washin_slope_hurdle_value_given_signal_sd,0.0012121212121211978,0.0011068930264712896
13,kinematic_shell_kinetics_shell_gt20mm_washout_slope_hurdle_value_given_signal_sd,0.0,0.0
13,kinematic_shell_contrasts_5_10mm_vs_10_20mm_washout_delta,0.00023172905525848942,0.0008209325447179598
13,kinematic_shell_kinetics_shell_gt20mm_washin_slope_hurdle_value_given_signal_mean,0.0006951871657753129,0.002126298968135898
13,kinematic_shell_kinetics_shell_gt20mm_washout_slope_hurdle_value_given_signal_mean,-0.0006951871657754016,0.0011646628323650403
13,kinematic_shell_kinetics_shell_10_20mm_washout_slope_hurdle_value_given_signal_median,-0.0008199643493761788,0.0007271329074642232
13,kinematic_shell_kinetics_shell_gt20mm_peak_enhancement_hurdle_value_given_signal_max,-0.001212121212121231,0.0008276782008017122
13,kinematic_caliber_flow_kinetic_surrogates_radius_weighted_washout_mean,-0.0011586452762923805,0.0005119931057520255
13,kinematic_shell_kinetics_shell_10_20mm_washin_slope_hurdle_value_given_signal_median,-0.0003208556149733033,0.0006317306647653756
13,kinematic_shell_kinetics_shell_gt20mm_washout_slope_hurdle_value_given_signal_median,-0.001568627450980431,0.002072341052311393
13,kinematic_shell_kinetics_shell_5_10mm_washout_slope_hurdle_value_given_signal_mean,0.0,0.0
13,kinematic_shell_kinetics_shell_5_10mm_washin_slope_hurdle_value_given_signal_max,0.0,0.0
13,kinematic_shell_kinetics_shell_gt20mm_auc_hurdle_value_given_signal_min,-0.0012655971479500817,0.0008108068032473445
13,kinematic_shell_kinetics_shell_5_10mm_washin_slope_hurdle_value_given_signal_mean,0.0,0.0
13,kinematic_kinetic_topology_coupling_early_cycle_length_per_tumor_mm3_ge50,0.0009625668449197544,0.0013857962014671551
13,kinematic_graph_local_propagation_slope_tte_vs_graph_distance_from_boundary,0.0023351158645276036,0.0014023208139191986
13,kinematic_shell_segment_counts_shell_2_5mm,0.0,0.0
13,kinematic_shell_contrasts_0_2mm_vs_2_5mm_ttp_delta,0.0,0.0
13,kinematic_shell_contrasts_0_2mm_vs_2_5mm_tte_delta,0.0003743315508021539,0.0005882352941176497
13,kinematic_shell_contrasts_0_2mm_vs_2_5mm_auc_delta,-7.130124777193769e-05,0.0002667848404116394
13,kinematic_propagation_speed_delay_all_segments_q90,0.00014260249554356452,0.0001919844851028082
13,kinematic_propagation_speed_delay_all_segments_iqr,0.0,0.0
13,kinematic_shell_contrasts_inside_vs_2_5mm_ttp_delta,0.0,0.0
13,kinematic_shell_contrasts_inside_vs_2_5mm_tte_delta,-0.00016042780748667384,0.0006399758670594072
13,kinematic_shell_contrasts_inside_vs_2_5mm_auc_delta,0.0,0.0
13,kinematic_shell_contrasts_inside_vs_0_2mm_ttp_delta,0.0,0.0
13,kinematic_shell_contrasts_inside_vs_0_2mm_tte_delta,0.0,0.0
13,kinematic_shell_contrasts_inside_vs_0_2mm_auc_delta,0.0,0.0
13,kinematic_shell_contrasts_0_2mm_vs_2_5mm_peak_delta,0.0,0.0
13,kinematic_shell_contrasts_inside_vs_2_5mm_peak_delta,0.0,0.0
13,kinematic_shell_contrasts_5_10mm_vs_10_20mm_tte_delta,-0.00146167557932263,0.0005737424933843417
13,kinematic_shell_contrasts_0_2mm_vs_2_5mm_washin_delta,0.0,0.0
13,kinematic_propagation_speed_delay_all_segments_median,0.0,0.0
13,kinematic_component_invasion_crossing_component_count,0.0,0.0
13,kinematic_shell_contrasts_inside_vs_2_5mm_washin_delta,0.0002673796791443195,0.0007051707823476778
13,kinematic_shell_contrasts_inside_vs_0_2mm_washin_delta,0.0,0.0
13,kinematic_shell_contrasts_0_2mm_vs_2_5mm_washout_delta,-0.00012477718360069944,0.0008131547043106695
13,kinematic_shell_contrasts_inside_vs_2_5mm_washout_delta,0.0,0.0
13,kinematic_shell_contrasts_inside_vs_0_2mm_washout_delta,-0.0003565062388592,0.000414222817776195
13,kinematic_component_invasion_crossing_component_fraction,0.0,0.0
13,kinematic_temporal_heterogeneity_near_tumor_ttp_entropy_bits,0.0,0.0
13,kinematic_shell_contrasts_inside_vs_0_2mm_peak_delta_norm_l1,0.0,0.0
13,kinematic_early_enhancing_fraction_count_fraction_near_tumor,0.0,0.0
13,kinematic_early_enhancing_fraction_early_phase_time_threshold,0.0,0.0
13,kinematic_early_enhancing_fraction_volume_fraction_shell_2_5mm,0.0,0.0
13,kinematic_early_enhancing_fraction_volume_fraction_shell_0_2mm,0.0,0.0
13,kinematic_boundary_caliber_gradient_positive_dilation_fraction,0.0,0.0
13,kinematic_shell_kinetics_shell_2_5mm_auc_hurdle_value_given_signal_sd,0.0,0.0
13,kinematic_shell_kinetics_shell_0_2mm_auc_hurdle_value_given_signal_sd,-0.0024777183600712795,0.000766488413547258
13,kinematic_component_invasion_largest_crossing_component_segment_count,0.001033868092691581,0.0004965557318069199
13,kinematic_shell_kinetics_shell_5_10mm_auc_hurdle_value_given_signal_sd,0.0,0.0
13,kinematic_shell_kinetics_shell_2_5mm_auc_hurdle_value_given_signal_min,0.0,0.0
13,kinematic_shell_kinetics_inside_tumor_auc_hurdle_value_given_signal_sd,-0.0019964349376114243,0.0006060606060606001
13,kinematic_shell_kinetics_shell_2_5mm_time_to_peak_hurdle_valid_fraction,0.0,0.0
13,kinematic_shell_kinetics_shell_10_20mm_time_to_peak_hurdle_valid_fraction,0.0,0.0
13,kinematic_boundary_caliber_gradient_inside_radius_length_weighted_mean_mm,7.130124777179336e-05,0.0002667848404117003
13,kinematic_component_invasion_mean_crossing_component_max_invasion_depth_mm,1.7825311942964996e-05,0.0003330043082401073
13,kinematic_component_invasion_largest_crossing_component_crossing_length_mm,0.0008377896613190217,0.006741197388831316
13,kinematic_boundary_crossing_dynamic_burden_kinetic_weighted_volume_auc_mm3,-0.0006060606060606765,0.0014441803280234595
13,kinematic_shell_kinetics_shell_2_5mm_washin_slope_hurdle_value_given_signal_sd,0.0,0.0
13,kinematic_shell_kinetics_shell_2_5mm_time_to_peak_hurdle_value_given_signal_sd,0.0,0.0
13,kinematic_shell_kinetics_shell_2_5mm_time_to_enhancement_hurdle_valid_fraction,0.0,0.0
13,kinematic_shell_kinetics_shell_0_2mm_washin_slope_hurdle_value_given_signal_sd,0.0,0.0
13,kinematic_shell_kinetics_shell_0_2mm_time_to_peak_hurdle_value_given_signal_sd,0.0,0.0
13,kinematic_shell_kinetics_shell_5_10mm_washin_slope_hurdle_value_given_signal_sd,0.0,0.0
13,kinematic_shell_kinetics_shell_5_10mm_time_to_peak_hurdle_value_given_signal_sd,0.0,0.0
13,kinematic_shell_kinetics_shell_2_5mm_washin_slope_hurdle_value_given_signal_q90,0.0,0.0
13,kinematic_shell_kinetics_shell_2_5mm_washin_slope_hurdle_value_given_signal_min,0.0,0.0
13,kinematic_shell_kinetics_shell_2_5mm_time_to_peak_hurdle_value_given_signal_q90,0.0,0.0
13,kinematic_shell_kinetics_shell_2_5mm_time_to_peak_hurdle_value_given_signal_min,0.0,0.0
13,kinematic_shell_kinetics_shell_2_5mm_time_to_peak_hurdle_value_given_signal_iqr,0.0,0.0
13,kinematic_shell_kinetics_shell_0_2mm_washout_slope_hurdle_value_given_signal_sd,0.0,0.0
13,kinematic_shell_kinetics_shell_0_2mm_washin_slope_hurdle_value_given_signal_q90,0.0,0.0
13,kinematic_shell_kinetics_shell_0_2mm_washin_slope_hurdle_value_given_signal_min,0.0,0.0
13,kinematic_shell_kinetics_shell_0_2mm_time_to_peak_hurdle_value_given_signal_iqr,0.0,0.0
13,kinematic_shell_kinetics_inside_tumor_washin_slope_hurdle_value_given_signal_sd,0.0,0.0
13,kinematic_shell_kinetics_inside_tumor_time_to_peak_hurdle_value_given_signal_sd,-0.00017825311942964994,0.0
13,kinematic_arrival_delay_vs_reference_all_segments_hurdle_value_given_signal_min,0.0,0.0
13,kinematic_arrival_delay_vs_reference_all_segments_hurdle_value_given_signal_iqr,0.0,0.0
13,kinematic_shell_kinetics_shell_gt20mm_washin_slope_hurdle_value_given_signal_min,0.0,0.0
13,kinematic_shell_kinetics_shell_gt20mm_time_to_peak_hurdle_value_given_signal_q90,0.0026737967914438722,0.002021424955769664
13,kinematic_shell_kinetics_shell_gt20mm_time_to_peak_hurdle_value_given_signal_min,0.0,0.0
13,kinematic_shell_kinetics_shell_gt20mm_time_to_peak_hurdle_value_given_signal_max,0.0,0.0
13,kinematic_shell_kinetics_shell_gt20mm_time_to_peak_hurdle_value_given_signal_iqr,0.0,0.0
13,kinematic_shell_kinetics_shell_5_10mm_washout_slope_hurdle_value_given_signal_sd,0.0,0.0
13,kinematic_shell_kinetics_shell_5_10mm_washin_slope_hurdle_value_given_signal_min,0.001639928698752191,0.00060079499273988
13,kinematic_shell_kinetics_shell_5_10mm_washin_slope_hurdle_value_given_signal_iqr,0.0,0.0
13,kinematic_shell_kinetics_shell_5_10mm_time_to_peak_hurdle_value_given_signal_iqr,0.0,0.0
13,kinematic_shell_kinetics_shell_2_5mm_washout_slope_hurdle_value_given_signal_q90,0.0,0.0
13,kinematic_shell_kinetics_shell_2_5mm_washout_slope_hurdle_value_given_signal_min,0.0,0.0
13,kinematic_shell_kinetics_shell_2_5mm_washout_slope_hurdle_value_given_signal_iqr,0.0014438502673796427,0.001334995675105355
13,kinematic_shell_kinetics_shell_10_20mm_time_to_enhancement_hurdle_valid_fraction,0.0,0.0
13,kinematic_shell_kinetics_shell_0_2mm_washout_slope_hurdle_value_given_signal_q90,0.00030303030303024947,0.0044890421321733855
13,kinematic_shell_kinetics_inside_tumor_washout_slope_hurdle_value_given_signal_sd,0.0,0.0
13,kinematic_shell_kinetics_inside_tumor_washin_slope_hurdle_value_given_signal_q90,0.0,0.0
13,kinematic_shell_kinetics_inside_tumor_washin_slope_hurdle_value_given_signal_min,0.0,0.0
13,kinematic_peritumoral_multi_scale_contrasts_core_shell_gradient_per_mm_ttp_slope,0.0,0.0
13,kinematic_peritumoral_multi_scale_contrasts_core_shell_gradient_per_mm_tte_slope,0.0,0.0
13,kinematic_peritumoral_multi_scale_contrasts_core_shell_gradient_per_mm_auc_slope,0.0,0.0
13,kinematic_boundary_caliber_gradient_outside_minus_inside_length_weighted_mean_mm,0.0,0.0
13,kinematic_shell_kinetics_shell_gt20mm_washout_slope_hurdle_value_given_signal_q90,0.0,0.0
13,kinematic_shell_kinetics_shell_gt20mm_washout_slope_hurdle_value_given_signal_max,0.0,0.0
13,kinematic_shell_kinetics_shell_5_10mm_washout_slope_hurdle_value_given_signal_q90,0.0,0.0
13,kinematic_shell_kinetics_shell_10_20mm_washin_slope_hurdle_value_given_signal_min,0.0,0.0
13,kinematic_shell_kinetics_inside_tumor_washout_slope_hurdle_value_given_signal_q90,0.0,0.0
13,kinematic_shell_kinetics_inside_tumor_washout_slope_hurdle_value_given_signal_min,0.0,0.0
13,kinematic_peritumoral_multi_scale_contrasts_core_shell_gradient_per_mm_peak_slope,0.0,0.0
13,kinematic_shell_kinetics_shell_2_5mm_washin_slope_hurdle_value_given_signal_median,0.0,0.0
13,kinematic_shell_kinetics_shell_10_20mm_washout_slope_hurdle_value_given_signal_q90,0.0,0.0
13,kinematic_shell_kinetics_shell_10_20mm_washout_slope_hurdle_value_given_signal_max,0.0,0.0
13,kinematic_shell_kinetics_shell_0_2mm_washin_slope_hurdle_value_given_signal_median,0.0,0.0
13,kinematic_arrival_delay_vs_reference_all_segments_hurdle_value_given_signal_median,0.0,0.0
13,kinematic_shell_kinetics_shell_5_10mm_washin_slope_hurdle_value_given_signal_median,0.0003030303030303161,0.0007220901640117466
13,kinematic_shell_kinetics_shell_2_5mm_washout_slope_hurdle_value_given_signal_median,0.0,0.0
13,kinematic_shell_kinetics_shell_2_5mm_auc_rel_reference_hurdle_value_given_signal_sd,0.0,0.0
13,kinematic_shell_kinetics_shell_0_2mm_auc_rel_reference_hurdle_value_given_signal_sd,0.0,0.0
13,kinematic_shell_kinetics_inside_tumor_washin_slope_hurdle_value_given_signal_median,0.0,0.0
13,kinematic_peritumoral_multi_scale_contrasts_core_shell_gradient_per_mm_washin_slope,0.0,0.0
13,kinematic_boundary_caliber_gradient_gradient_mm_per_mm_hurdle_value_given_signal_sd,0.0,0.0
13,kinematic_shell_kinetics_shell_5_10mm_peak_enhancement_hurdle_value_given_signal_iqr,-0.001729055258467027,0.0012706084411548222
13,kinematic_shell_kinetics_shell_5_10mm_auc_rel_reference_hurdle_value_given_signal_sd,0.00014260249554363114,7.130124777181557e-05
13,kinematic_shell_kinetics_shell_2_5mm_auc_rel_reference_hurdle_value_given_signal_q90,0.0,0.0
13,kinematic_shell_kinetics_shell_0_2mm_auc_rel_reference_hurdle_value_given_signal_q90,0.0,0.0
13,kinematic_shell_kinetics_inside_tumor_auc_rel_reference_hurdle_value_given_signal_sd,0.0,0.0
13,kinematic_peritumoral_multi_scale_contrasts_core_shell_gradient_per_mm_washout_slope,0.0,0.0
13,kinematic_boundary_caliber_gradient_gradient_mm_per_mm_hurdle_value_given_signal_q90,0.0,0.0
13,kinematic_boundary_caliber_gradient_gradient_mm_per_mm_hurdle_value_given_signal_min,0.0,0.0
13,kinematic_boundary_caliber_gradient_gradient_mm_per_mm_hurdle_value_given_signal_max,-0.0030837789661319116,0.0005806237958967003
13,kinematic_shell_kinetics_shell_2_5mm_time_to_enhancement_hurdle_value_given_signal_sd,-8.912655971481387e-05,0.0011749842066079957
13,kinematic_shell_kinetics_shell_0_2mm_time_to_enhancement_hurdle_value_given_signal_sd,0.0,0.0
13,kinematic_shell_kinetics_inside_tumor_auc_rel_reference_hurdle_value_given_signal_q90,0.0,0.0
13,kinematic_boundary_caliber_gradient_outside_over_inside_hurdle_value_given_signal_q90,0.0,0.0
13,kinematic_boundary_caliber_gradient_outside_over_inside_hurdle_value_given_signal_min,0.0,0.0
13,kinematic_boundary_caliber_gradient_gradient_mm_per_mm_hurdle_value_given_signal_mean,0.0,0.0
13,kinematic_arrival_delay_vs_reference_near_tumor_segments_hurdle_value_given_signal_sd,0.0,0.0
13,kinematic_shell_kinetics_shell_5_10mm_time_to_enhancement_hurdle_value_given_signal_sd,0.0005525846702317039,0.0035350339634969787
13,kinematic_shell_kinetics_shell_2_5mm_washin_rel_reference_hurdle_value_given_signal_sd,0.0,0.0
13,kinematic_shell_kinetics_shell_2_5mm_time_to_enhancement_hurdle_value_given_signal_iqr,0.0,0.0
13,kinematic_shell_kinetics_shell_0_2mm_washin_rel_reference_hurdle_value_given_signal_sd,0.0,0.0
13,kinematic_shell_kinetics_shell_0_2mm_time_to_enhancement_hurdle_value_given_signal_iqr,0.0,0.0
13,kinematic_shell_kinetics_inside_tumor_time_to_enhancement_hurdle_value_given_signal_sd,0.0,0.0
13,kinematic_arrival_delay_vs_reference_near_tumor_segments_hurdle_value_given_signal_q90,0.0,0.0
13,kinematic_arrival_delay_vs_reference_near_tumor_segments_hurdle_value_given_signal_min,0.0,0.0
13,kinematic_arrival_delay_vs_reference_near_tumor_segments_hurdle_value_given_signal_max,-0.01409982174688057,0.003307496117661325
13,kinematic_arrival_delay_vs_reference_near_tumor_segments_hurdle_value_given_signal_iqr,0.0,0.0
13,kinematic_shell_kinetics_shell_gt20mm_time_to_enhancement_hurdle_value_given_signal_q90,0.0,0.0
13,kinematic_shell_kinetics_shell_gt20mm_time_to_enhancement_hurdle_value_given_signal_min,0.0,0.0
13,kinematic_shell_kinetics_shell_gt20mm_time_to_enhancement_hurdle_value_given_signal_iqr,0.0,0.0
13,kinematic_shell_kinetics_shell_5_10mm_washin_rel_reference_hurdle_value_given_signal_sd,-0.0006238859180036193,0.0006822694905171257
13,kinematic_shell_kinetics_shell_5_10mm_time_to_enhancement_hurdle_value_given_signal_iqr,0.0,0.0
13,kinematic_shell_kinetics_shell_2_5mm_washin_rel_reference_hurdle_value_given_signal_q90,0.0,0.0
13,kinematic_shell_kinetics_shell_2_5mm_washin_rel_reference_hurdle_value_given_signal_min,0.0,0.0
13,kinematic_shell_kinetics_shell_0_2mm_washin_rel_reference_hurdle_value_given_signal_q90,0.0,0.0
13,kinematic_shell_kinetics_shell_0_2mm_washin_rel_reference_hurdle_value_given_signal_min,0.0,0.0
13,kinematic_shell_kinetics_inside_tumor_washin_rel_reference_hurdle_value_given_signal_sd,0.0,0.0
13,kinematic_shell_kinetics_inside_tumor_time_to_enhancement_hurdle_value_given_signal_iqr,0.0,0.0
13,kinematic_boundary_caliber_gradient_gradient_mm_per_mm_hurdle_value_given_signal_median,0.0,0.0
13,kinematic_arrival_delay_vs_reference_near_tumor_segments_hurdle_value_given_signal_mean,0.0,0.0
13,kinematic_shell_kinetics_shell_gt20mm_washin_rel_reference_hurdle_value_given_signal_min,0.0,0.0
13,kinematic_shell_kinetics_shell_5_10mm_washin_rel_reference_hurdle_value_given_signal_q90,-0.002032085561497354,0.000863010227230679
13,kinematic_shell_kinetics_shell_5_10mm_washin_rel_reference_hurdle_value_given_signal_min,0.0,0.0
13,kinematic_shell_kinetics_shell_10_20mm_time_to_enhancement_hurdle_value_given_signal_min,0.0,0.0
13,kinematic_shell_kinetics_shell_10_20mm_time_to_enhancement_hurdle_value_given_signal_iqr,0.0,0.0
13,kinematic_shell_kinetics_inside_tumor_washin_rel_reference_hurdle_value_given_signal_q90,0.0,0.0
13,kinematic_shell_kinetics_shell_10_20mm_washin_rel_reference_hurdle_value_given_signal_min,0.0,0.0
13,kinematic_arrival_delay_vs_reference_near_tumor_segments_hurdle_value_given_signal_median,0.0,0.0
13,kinematic_shell_kinetics_shell_gt20mm_time_to_enhancement_hurdle_value_given_signal_median,0.0,0.0
13,kinematic_shell_kinetics_shell_0_2mm_washin_rel_reference_hurdle_value_given_signal_median,0.0,0.0
13,kinematic_shell_kinetics_shell_5_10mm_washin_rel_reference_hurdle_value_given_signal_median,0.0,0.0
13,kinematic_shell_kinetics_shell_10_20mm_time_to_enhancement_hurdle_value_given_signal_median,0.0,0.0
13,kinematic_core_to_periphery_peak_ratio,-0.0010160427807487048,0.003171753681450339
13,morph_seg_length_cv,0.0,0.0
13,morph_radius_cv,-0.00014260249554373105,0.0006060606060606276
13,morph_bifurcation_density_per_length,0.001889483065953612,0.002901969543667539
13,morph_seg_volume_sum,-0.0005347593582887722,0.0010393853645000565
13,morph_seg_length_sum,0.0,0.0
13,morph_seg_volume_max,1.7825311942909484e-05,0.0005605770122465484
13,morph_bif_angle_n,-0.0021925133689839837,0.0008697948590913439
13,morph_seg_volume_std,0.0,0.0
13,morph_seg_length_max,0.0,0.0
13,morph_seg_volume_mean,0.004563279857397473,0.0039249701663146815
13,morph_seg_length_std,-0.0009090909090909372,0.001842916580189701
13,morph_seg_tortuosity_max,-0.0023707664884136115,0.004129205713547978
13,morph_curvature_mean_max,0.0,0.0
13,morph_radius_mean_max,-0.0013012477718360004,0.0005350563643423927
13,morph_radius_mean_mean,0.0,0.0
13,morph_radius_mean_std,-0.001212121212121231,0.000703140211169889
13,morph_seg_tortuosity_std,-0.001800356506238865,0.0010708547804545842
13,morph_curvature_mean_mean,-0.00210338680926917,0.0013570671166255855
13,morph_curvature_mean_std,0.0,0.0
13,morph_seg_tortuosity_mean,0.0,0.0
13,morph_bifurcation_per_segment,0.0010516934046345572,0.0013182297250969015
13,morph_seg_dup_fraction,0.0,0.0
13,morph_seg_tortuosity_invalid_n,0.0,0.0
13,morph_bif_angle_std,-0.001818181818181852,0.0014211145403204832
13,morph_bif_angle_mean,-0.0031729055258467474,0.013218114852300284
13,morph_bif_angle_max,0.0,0.0
13,tumor_size_outer_to_inner_shell_ratio,0.002495543672014233,0.000946589522092813
13,tumor_size_tumor_r8_region_voxels,0.009554367201425972,0.010551982446563062
13,tumor_size_tumor_voxels,0.0007486631016042522,0.0019128810588657892
13,tumor_size_shell_0_2_over_tumor,0.0009447415329768005,0.00039898447924421746
14,clinical_post,0.0,0.0
14,clinical_luminal_b,0.0,0.0
14,clinical_luminal_a,0.06290552584670231,0.032435353166963714
14,clinical_triple_negative,0.0,0.0
14,clinical_pre (<6 months since LMP AND no prior bilateral ovariectomy AND not on estrogen replacement),0.00040998217468808386,0.0004442044846480366
14,clinical_pre (< 6 months since LMP AND no prior bilateral ovariectomy AND not on estrogen replacement),0.0,0.0
14,age,0.0,0.0
14,normalized_ratios_near_length_per_tumor_equiv_radius,0.0,0.0
14,caliber_heterogeneity_near_tumor_near_radius_cv,0.0,0.0
14,normalized_ratios_near_volume_per_skeleton_edge,0.0,0.0
14,per_shell_topology_shell_5_10mm_shell_volume_density_mm3_per_shell_mm3,0.0,0.0
14,per_shell_topology_shell_10_20mm_shell_volume_density_mm3_per_shell_mm3,0.0,0.0
14,per_shell_topology_shell_2_5mm_shell_volume_density_mm3_per_shell_mm3,0.0,0.0
14,per_shell_topology_shell_gt20mm_shell_volume_density_mm3_per_shell_mm3,0.0,0.0
14,per_shell_topology_shell_5_10mm_shell_length_density_mm_per_shell_mm3,0.0,0.0
14,per_shell_topology_shell_10_20mm_shell_length_density_mm_per_shell_mm3,0.0,0.0
14,normalized_ratios_near_volume_per_shell_voxel,0.0,0.0
14,per_shell_topology_shell_10_20mm_node_density_per_shell_voxel,0.0,0.0
14,per_shell_topology_shell_2_5mm_node_density_per_shell_mm3,0.0,0.0
14,per_shell_topology_shell_gt20mm_shell_length_density_mm_per_shell_mm3,-0.0005882352941176117,0.0003827256783170198
14,per_shell_topology_shell_5_10mm_endpoint_density_per_shell_mm3,0.0,0.0
14,per_shell_topology_shell_5_10mm_endpoint_density_per_shell_voxel,0.0,0.0
14,per_shell_topology_shell_gt20mm_edge_density_per_shell_voxel,0.003511586452762938,0.002567154368354404
14,per_shell_topology_shell_2_5mm_endpoint_density_per_shell_voxel,0.0,0.0
14,per_shell_topology_shell_10_20mm_endpoint_density_per_shell_mm3,0.0011764705882353233,0.0006912912452643693
14,per_shell_topology_shell_10_20mm_endpoint_density_per_shell_voxel,0.0007308377896613316,0.0005548799435391487
14,per_shell_topology_shell_10_20mm_bifurcation_density_per_shell_mm3,0.0,0.0
14,per_shell_topology_shell_gt20mm_bifurcation_density_per_shell_mm3,0.00012477718360069944,0.00041460618002180495
14,per_shell_topology_shell_gt20mm_endpoint_density_per_shell_mm3,0.0,0.0
14,per_shell_topology_shell_gt20mm_bifurcation_density_per_shell_voxel,0.0,0.0
14,per_shell_topology_shell_gt20mm_endpoint_density_per_shell_voxel,0.0,0.0
14,normalized_ratios_inside_volume_per_tumor_voxel,0.0,0.0
14,per_shell_topology_shell_0_2mm_node_density_per_shell_mm3,0.0,0.0
14,normalized_ratios_crossing_length_per_tumor_equiv_surface,0.0,0.0
14,per_shell_topology_shell_2_5mm_cycle_density_per_shell_mm3,0.0,0.0
14,per_shell_topology_shell_0_2mm_cycle_density_per_shell_mm3,0.0,0.0
14,per_shell_topology_shell_5_10mm_cycle_density_per_shell_mm3,0.0,0.0
14,per_shell_topology_shell_0_2mm_edge_density_per_shell_voxel,0.0,0.0
14,per_shell_topology_inside_tumor_cycle_density_per_shell_mm3,0.0,0.0
14,per_shell_topology_shell_10_20mm_cycle_density_per_shell_mm3,0.0,0.0
14,per_shell_topology_shell_2_5mm_bifurcation_density_per_shell_mm3,0.0,0.0
14,per_shell_topology_shell_0_2mm_bifurcation_density_per_shell_mm3,0.0,0.0
14,per_shell_topology_shell_5_10mm_bifurcation_density_per_shell_mm3,0.0,0.0
14,per_shell_topology_inside_tumor_bifurcation_density_per_shell_mm3,0.0,0.0
14,per_shell_topology_shell_gt20mm_shell_region_voxels,0.0,0.0
14,per_shell_topology_shell_gt20mm_shell_region_volume_mm3,0.0,0.0
14,per_shell_topology_shell_10_20mm_shell_region_voxels,0.005151515151515162,0.0037530219626850277
14,per_shell_topology_shell_10_20mm_shell_region_volume_mm3,0.016791443850267363,0.00960412192015889
14,per_shell_topology_shell_2_5mm_shell_region_voxels,0.0019073083778966215,0.0027603921474239255
14,per_shell_topology_inside_tumor_shell_region_volume_mm3,0.00424242424242427,0.0016831474701052207
14,graph_totals_total_volume_burden_mm3,0.0,0.0
14,per_shell_topology_shell_0_2mm_shell_region_volume_mm3,-0.0006417112299465178,0.0011802456582706926
14,graph_totals_total_length_mm,0.0,0.0
14,per_shell_topology_shell_gt20mm_edge_count,0.0,0.0
14,per_shell_topology_shell_10_20mm_shell_volume_burden_mm3,0.0,0.0
14,per_shell_topology_shell_gt20mm_shell_region_volume_per_tumor_mm3,3.5650623885918885e-05,0.0017333683823377202
14,per_shell_topology_shell_5_10mm_shell_volume_burden_mm3,0.0,0.0
14,per_shell_topology_shell_10_20mm_shell_length_mm,0.0,0.0
14,per_shell_topology_shell_5_10mm_shell_length_mm,0.0,0.0
14,per_shell_topology_shell_gt20mm_bifurcation_count,0.0,0.0
14,graph_tumor_r8_skel_voxels,0.0,0.0
14,per_shell_topology_shell_gt20mm_endpoint_count,0.0,0.0
14,per_shell_topology_shell_2_5mm_shell_volume_burden_mm3,0.0008021390374331805,0.0006822694905170677
14,graph_tumor_shell_r4_8_skel_voxels,0.0,0.0
14,per_shell_topology_shell_10_20mm_endpoint_count,0.0,0.0
14,per_shell_topology_shell_10_20mm_shell_region_volume_per_tumor_mm3,0.0018538324420677265,0.0015605040020134997
14,per_shell_topology_shell_5_10mm_endpoint_count,0.0,0.0
14,graph_tumor_r4_skel_voxels,0.0,0.0
14,graph_tumor_shell_r2_4_skel_voxels,0.0,0.0
14,per_shell_topology_shell_2_5mm_endpoint_count,0.0,0.0
14,per_shell_topology_shell_10_20mm_bifurcation_count,0.0,0.0
14,per_shell_topology_shell_2_5mm_degree_distribution_deg2,0.0,0.0
14,length_weighted_shape_stats_near_tumor_segment_count,0.0,0.0
14,per_shell_topology_shell_10_20mm_degree_distribution_deg0,0.0,0.0
14,length_weighted_shape_stats_near_tumor_length_weighted_tortuosity_quantiles_q90,-5.347593582883947e-05,0.001177145595800286
14,caliber_heterogeneity_near_tumor_near_radius_q90_mm,0.0,0.0
14,caliber_heterogeneity_near_tumor_near_radius_q50_mm,0.0,0.0
14,caliber_heterogeneity_near_tumor_near_radius_q25_mm,0.00103386809269167,0.00039698854636932394
14,length_weighted_shape_stats_near_tumor_length_weighted_tortuosity_quantiles_q50,0.0,0.0
14,per_shell_topology_shell_2_5mm_shell_region_volume_per_tumor_mm3,-0.00026737967914434166,0.0006633794675910204
14,per_shell_topology_shell_gt20mm_shell_volume_burden_mm3_per_tumor_mm3,0.0004991087344028644,0.0005954828195540046
14,caliber_heterogeneity_near_tumor_near_radius_q10_mm,0.0,0.0
14,length_weighted_shape_stats_near_tumor_length_weighted_curvature_mean_quantiles_q25,0.0008556149732620311,0.0005029139386690106
14,length_weighted_shape_stats_near_tumor_length_weighted_curvature_mean_quantiles_q90,0.00010695187165776776,0.00040017726061753584
14,length_weighted_shape_stats_near_tumor_length_weighted_curvature_mean_quantiles_q50,0.0,0.0
14,length_weighted_shape_stats_global_length_weighted_tortuosity_quantiles_q90,0.0011408199643493711,0.00035828433586883085
14,length_weighted_shape_stats_global_length_weighted_tortuosity_quantiles_q75,0.0008199643493761455,0.00139948566320075
14,caliber_heterogeneity_near_tumor_global_node_radius_q90_mm,0.0020499108734403195,0.001461784266208254
14,per_shell_topology_shell_0_2mm_shell_region_volume_per_tumor_mm3,0.0,0.0
14,caliber_heterogeneity_near_tumor_near_radius_sd_mm,0.0,0.0
14,length_weighted_shape_stats_near_tumor_length_weighted_curvature_mean_quantiles_q10,0.0,0.0
14,length_weighted_shape_stats_global_length_weighted_tortuosity_quantiles_q50,0.0,0.0
14,length_weighted_shape_stats_global_length_weighted_tortuosity_mean,0.0,0.0
14,per_shell_topology_shell_gt20mm_shell_length_mm_per_tumor_mm3,0.00270944741532978,0.001252347099483129
14,length_weighted_shape_stats_global_length_weighted_tortuosity_quantiles_q25,0.0,0.0
14,per_shell_topology_shell_gt20mm_shell_length_fraction_of_total_graph_length,0.0,0.0
14,length_weighted_shape_stats_global_length_weighted_curvature_mean_quantiles_q10,0.003796791443850278,0.0010516934046345887
14,length_weighted_shape_stats_global_length_weighted_curvature_mean_quantiles_q90,-3.565062388589668e-05,0.0010387737814141545
14,graph_skel_per_tumor_voxel,0.009750445632798588,0.0034784944191761265
14,length_weighted_shape_stats_global_length_weighted_curvature_mean_quantiles_q50,-0.0010873440285205094,0.0020377847964625486
14,length_weighted_shape_stats_global_length_weighted_curvature_mean_quantiles_q25,0.0,0.0
14,length_weighted_shape_stats_global_length_weighted_curvature_mean_quantiles_q75,1.7825311942976095e-05,0.0007411986768731829
14,length_weighted_shape_stats_global_length_weighted_curvature_mean,0.0,0.0
14,per_shell_topology_shell_10_20mm_shell_volume_fraction_of_total_graph_volume,0.0,0.0
14,length_weighted_shape_stats_global_length_weighted_tortuosity_quantiles_q10,0.0011408199643493933,0.0013949374364716023
14,per_shell_topology_shell_10_20mm_shell_volume_burden_mm3_per_tumor_mm3,0.0,0.0
14,graph_tumor_r8_skel_frac_skeleton,0.0,0.0
14,per_shell_topology_shell_5_10mm_shell_length_fraction_of_total_graph_length,0.0,0.0
14,graph_tumor_shell_r4_8_skel_frac_skeleton,0.0,0.0
14,per_shell_topology_shell_5_10mm_shell_volume_burden_mm3_per_tumor_mm3,0.0,0.0
14,per_shell_topology_shell_10_20mm_shell_length_mm_per_tumor_mm3,-0.0029590017825311898,0.007085062595245474
14,per_shell_topology_shell_2_5mm_shell_length_fraction_of_total_graph_length,0.0,0.0
14,graph_tumor_shell_r2_4_skel_frac_skeleton,0.0,0.0
14,per_shell_topology_shell_2_5mm_shell_length_mm_per_tumor_mm3,0.0,0.0
14,graph_tumor_shell_r4_8_skel_frac_shell,0.0,0.0
14,graph_tumor_r8_skel_frac_region,0.0,0.0
14,graph_tumor_shell_r2_4_skel_frac_shell,0.0,0.0
14,graph_tumor_r4_skel_frac_region,0.0,0.0
14,graph_skel_in_tumor_voxels,0.0,0.0
14,graph_tumor_r2_skel_frac_region,0.0,0.0
14,graph_tumor_r2_skel_frac_skeleton,0.0,0.0
14,per_shell_topology_shell_0_2mm_node_count,0.0,0.0
14,per_shell_topology_shell_0_2mm_endpoint_count,0.0,0.0
14,per_shell_topology_inside_tumor_endpoint_count,0.0,0.0
14,directional_near_boundary_tangential_alignment_mean,0.0,0.0
14,per_shell_topology_shell_2_5mm_degree_distribution_deg0,0.0,0.0
14,per_shell_topology_shell_0_2mm_degree_distribution_deg2,0.0,0.0
14,per_shell_topology_shell_0_2mm_degree_distribution_deg0,0.0,0.0
14,directional_near_boundary_normal_alignment_abs_cos_mean,0.0,0.0
14,per_shell_topology_shell_gt20mm_degree_distribution_deg0,0.0,0.0
14,per_shell_topology_shell_5_10mm_degree_distribution_deg0,0.0,0.0
14,per_shell_topology_inside_tumor_degree_distribution_deg0,0.0,0.0
14,per_shell_topology_shell_2_5mm_degree_distribution_deg4plus,0.0,0.0
14,per_shell_topology_shell_gt20mm_degree_distribution_deg4plus,0.0,0.0
14,per_shell_topology_shell_5_10mm_degree_distribution_deg4plus,0.0,0.0
14,per_shell_topology_inside_tumor_degree_distribution_deg4plus,0.0,0.0
14,per_shell_topology_shell_10_20mm_degree_distribution_deg4plus,0.0,0.0
14,directional_near_boundary_radial_alignment_abs_cos_quantiles_q90,0.0,0.0
14,directional_near_boundary_radial_alignment_abs_cos_quantiles_q10,0.0,0.0
14,directional_near_boundary_normal_alignment_abs_cos_quantiles_q90,0.0,0.0
14,directional_near_boundary_normal_alignment_abs_cos_quantiles_q25,0.0,0.0
14,directional_near_boundary_normal_alignment_abs_cos_quantiles_q10,0.0,0.0
14,per_shell_topology_shell_0_2mm_shell_volume_fraction_of_total_graph_volume,0.0,0.0
14,caliber_heterogeneity_near_tumor_near_high_radius_tail_fraction_vs_global_q90,0.0,0.0
14,graph_core_to_periphery_length_ratio,0.0,0.0
14,graph_crossing_fraction_of_near_burden,0.0011229946524064394,0.0008092377513594411
14,kinematic_reference_normalized_signal_all_segments_washin_rel_reference_hurdle_value_given_signal_max,0.0,0.0
14,kinematic_normalized_shell_burdens_shell_gt20mm_kinetic_auc_weighted_volume_mm3,0.0,0.0
14,kinematic_reference_normalized_signal_all_segments_washin_rel_reference_hurdle_value_given_signal_q90,0.0,0.0
14,kinematic_reference_normalized_signal_all_segments_auc_rel_reference_hurdle_value_given_signal_max,-0.00042780748663102665,0.00048620968616704943
14,kinematic_reference_normalized_signal_all_segments_peak_rel_reference_hurdle_value_given_signal_q90,-0.0003921568627451077,0.0006060606060606309
14,kinematic_reference_normalized_signal_near_tumor_segments_peak_rel_reference_hurdle_value_given_signal_max,0.0,0.0
14,kinematic_reference_normalized_signal_all_segments_auc_rel_reference_hurdle_value_given_signal_mean,-0.0002495543672014322,0.0013972134005180374
14,kinematic_reference_normalized_signal_all_segments_peak_rel_reference_hurdle_value_given_signal_median,0.0014438502673796982,0.0007909699726322445
14,kinematic_reference_normalized_signal_near_tumor_segments_auc_rel_reference_hurdle_value_given_signal_median,0.0,0.0
14,kinematic_reference_normalized_signal_all_segments_washin_rel_reference_hurdle_value_given_signal_median,0.0021568627450980205,0.0018821537462799048
14,kinematic_normalized_shell_burdens_shell_10_20mm_kinetic_auc_weighted_volume_mm3,0.0009982174688057289,0.002236632747430748
14,kinematic_reference_normalized_signal_near_tumor_segments_peak_rel_reference_hurdle_value_given_signal_min,0.0,0.0
14,kinematic_normalized_shell_burdens_shell_5_10mm_kinetic_auc_weighted_volume_mm3,0.0,0.0
14,kinematic_normalized_shell_burdens_shell_10_20mm_auc_weighted_volume_per_shell_segment,0.0,0.0
14,kinematic_normalized_shell_burdens_shell_gt20mm_auc_weighted_volume_per_shell_segment,0.0,0.0
14,kinematic_normalized_shell_burdens_shell_5_10mm_auc_weighted_volume_per_shell_segment,0.0,0.0
14,kinematic_reference_normalized_signal_all_segments_peak_rel_reference_hurdle_value_given_signal_min,0.0,0.0
14,kinematic_normalized_shell_burdens_shell_10_20mm_auc_weighted_volume_per_shell_length_mm,0.0,0.0
14,kinematic_normalized_shell_burdens_shell_5_10mm_auc_weighted_volume_per_shell_length_mm,0.0,0.0
14,kinematic_normalized_shell_burdens_shell_gt20mm_auc_weighted_volume_per_shell_length_mm,0.0,0.0
14,kinematic_shell_contrasts_5_10mm_vs_10_20mm_tte_ratio,0.0,0.0
14,kinematic_normalized_shell_burdens_shell_gt20mm_auc_weighted_volume_per_tumor_mm3,0.0,0.0
14,kinematic_shell_contrasts_5_10mm_vs_10_20mm_ttp_ratio,0.0,0.0
14,kinematic_shell_contrasts_5_10mm_vs_10_20mm_peak_ratio,0.0,0.0
14,kinematic_normalized_shell_burdens_shell_10_20mm_auc_weighted_volume_per_tumor_mm3,0.0,0.0
14,kinematic_reference_normalized_signal_all_segments_peak_rel_reference_hurdle_has_signal_fraction,0.0008377896613190328,0.0004651689251586543
14,kinematic_normalized_shell_burdens_shell_5_10mm_auc_weighted_volume_per_tumor_mm3,0.0,0.0
14,kinematic_normalized_shell_burdens_shell_10_20mm_auc_weighted_volume_per_shell_mm3,0.0,0.0
14,kinematic_normalized_shell_burdens_shell_10_20mm_auc_weighted_volume_per_shell_voxel,0.0005347593582887833,0.0017501515449031605
14,kinematic_kinetic_topology_coupling_early_bifurcation_density_per_tumor_mm3,0.0011051693404634632,0.0011239845112609253
14,kinematic_normalized_shell_burdens_shell_gt20mm_auc_weighted_volume_per_shell_mm3,0.00012477718360072166,0.0005044909696286928
14,kinematic_normalized_shell_burdens_shell_5_10mm_auc_weighted_volume_per_shell_voxel,0.0,0.0
14,kinematic_normalized_shell_burdens_shell_gt20mm_auc_weighted_volume_per_shell_voxel,0.00037433155080213165,0.0011286392954208192
14,kinematic_reference_normalized_signal_reference_auc_positive,0.0,0.0
14,kinematic_reference_normalized_signal_reference_washin_slope,0.0016934046345811415,0.001491905134308423
14,kinematic_temporal_heterogeneity_near_tumor_cv_auc,0.0,0.0
14,kinematic_shell_contrasts_0_2mm_vs_2_5mm_ttp_ratio,0.0008199643493761344,0.0003839689702056628
14,kinematic_shell_contrasts_inside_vs_2_5mm_ttp_ratio,0.0,0.0
14,kinematic_shell_contrasts_inside_vs_0_2mm_ttp_ratio,0.0,0.0
14,kinematic_shell_contrasts_0_2mm_vs_2_5mm_washin_ratio,0.0,0.0
14,kinematic_shell_contrasts_inside_vs_2_5mm_washin_ratio,0.0,0.0
14,kinematic_shell_contrasts_inside_vs_0_2mm_washin_ratio,0.0,0.0
14,kinematic_temporal_heterogeneity_near_tumor_cv_tte_time,0.0011408199643493488,0.0008666841911688533
14,kinematic_shell_contrasts_5_10mm_vs_10_20mm_washin_ratio,0.0003386809269162128,0.0003604946241739268
14,kinematic_temporal_heterogeneity_near_tumor_cv_washin_slope,0.0,0.0
14,kinematic_temporal_heterogeneity_near_tumor_cv_washout_slope,0.00048128342245992164,0.0005044909696287019
14,kinematic_component_invasion_crossing_length_concentration_max_fraction,0.0,0.0
14,kinematic_normalized_shell_burdens_shell_2_5mm_kinetic_auc_weighted_volume_mm3,0.0,0.0
14,kinematic_normalized_shell_burdens_shell_0_2mm_kinetic_auc_weighted_volume_mm3,0.0,0.0
14,kinematic_normalized_shell_burdens_inside_tumor_kinetic_auc_weighted_volume_mm3,0.0,0.0
14,kinematic_reference_normalized_signal_near_tumor_segments_peak_rel_reference_hurdle_valid_fraction,0.0,0.0
14,kinematic_reference_normalized_signal_all_segments_washin_rel_reference_hurdle_value_given_signal_min,0.0,0.0
14,kinematic_reference_normalized_signal_near_tumor_segments_peak_rel_reference_hurdle_has_signal_fraction,0.0,0.0
14,kinematic_reference_normalized_signal_near_tumor_segments_auc_rel_reference_hurdle_value_given_signal_sd,0.0,0.0
14,kinematic_reference_normalized_signal_near_tumor_segments_washin_rel_reference_hurdle_value_given_signal_sd,0.0,0.0
14,kinematic_reference_normalized_signal_near_tumor_segments_washin_rel_reference_hurdle_value_given_signal_q90,0.0,0.0
14,kinematic_reference_normalized_signal_near_tumor_segments_washin_rel_reference_hurdle_value_given_signal_min,0.0,0.0
14,kinematic_reference_normalized_signal_near_tumor_segments_washin_rel_reference_hurdle_value_given_signal_median,0.0010695187165775666,0.0007604537970660221
14,kinematic_shell_kinetics_shell_10_20mm_auc_rel_reference_hurdle_value_given_signal_max,-0.00030303030303029387,0.0005968152956429
14,kinematic_shell_kinetics_shell_10_20mm_peak_rel_reference_hurdle_value_given_signal_q90,0.0,0.0
14,kinematic_shell_kinetics_shell_10_20mm_washin_rel_reference_hurdle_value_given_signal_max,-0.0028163992869875477,0.0057212309594968196
14,kinematic_shell_kinetics_shell_5_10mm_peak_rel_reference_hurdle_value_given_signal_max,0.0,0.0
14,kinematic_shell_kinetics_shell_gt20mm_peak_rel_reference_hurdle_value_given_signal_iqr,-0.00064171122994654,0.0005178552244682119
14,kinematic_shell_kinetics_shell_10_20mm_auc_rel_reference_hurdle_value_given_signal_iqr,0.0,0.0
14,kinematic_shell_kinetics_shell_10_20mm_peak_rel_reference_hurdle_value_given_signal_iqr,0.0,0.0
14,kinematic_shell_kinetics_shell_10_20mm_washin_rel_reference_hurdle_value_given_signal_mean,0.0,0.0
14,kinematic_shell_kinetics_shell_10_20mm_peak_rel_reference_hurdle_value_given_signal_min,0.00010695187165776776,0.0004307681274008701
14,kinematic_shell_kinetics_shell_10_20mm_washin_rel_reference_hurdle_value_given_signal_iqr,0.00012477718360073275,0.0023173591104626067
14,kinematic_shell_segment_counts_shell_gt20mm,0.0,0.0
14,kinematic_shell_kinetics_shell_10_20mm_washin_rel_reference_hurdle_value_given_signal_median,0.00014260249554371996,0.001488813762411486
14,kinematic_graph_local_propagation_weighted_linear_fit_n,0.0,0.0
14,kinematic_shell_kinetics_shell_5_10mm_peak_rel_reference_hurdle_value_given_signal_min,0.0,0.0
14,kinematic_propagation_speed_speed_positive_delay_mm_per_time_max,-0.00012477718360072166,0.0006997428316003561
14,kinematic_kinetic_topology_coupling_early_bifurcation_count,0.0,0.0
14,kinematic_kinetic_topology_coupling_early_cycle_length_burden_mm_ge50,-0.00010695187165775666,0.0004001772606175042
14,kinematic_shell_kinetics_shell_gt20mm_auc_rel_reference_hurdle_value_given_signal_min,0.0,0.0
14,kinematic_propagation_speed_speed_positive_delay_mm_per_time_q90,0.0007664884135472727,0.00026499231278644055
14,kinematic_propagation_speed_negative_delay_segment_count,0.0,0.0
14,kinematic_shell_segment_counts_shell_10_20mm,0.0,0.0
14,kinematic_kinetic_topology_coupling_cycle_count,0.0,0.0
14,kinematic_propagation_speed_speed_positive_delay_mm_per_time_iqr,0.007272727272727287,0.0030903148567228795
14,kinematic_propagation_speed_speed_positive_delay_mm_per_time_sd,0.0002852049910873511,0.0006534867301184719
14,kinematic_propagation_speed_speed_positive_delay_mm_per_time_mean,0.0,0.0
14,kinematic_propagation_speed_speed_positive_delay_mm_per_time_median,0.0,0.0
14,kinematic_kinetic_topology_coupling_early_cycle_count_all_nodes,0.0,0.0
14,kinematic_component_invasion_component_count,0.0,0.0
14,kinematic_shell_kinetics_shell_5_10mm_time_to_peak_hurdle_value_given_signal_q90,0.0,0.0
14,kinematic_shell_kinetics_shell_10_20mm_time_to_peak_hurdle_value_given_signal_q90,0.0,0.0
14,kinematic_shell_kinetics_shell_5_10mm_auc_hurdle_value_given_signal_max,0.0,0.0
14,kinematic_shell_kinetics_shell_10_20mm_auc_hurdle_value_given_signal_max,0.000980392156862786,0.0006238859180035844
14,kinematic_shell_segment_counts_shell_5_10mm,0.0,0.0
14,kinematic_propagation_speed_delay_all_segments_min,0.00035650623885918886,0.00042929035931523016
14,kinematic_propagation_speed_delay_all_segments_max,0.0,0.0
14,kinematic_shell_contrasts_5_10mm_vs_10_20mm_ttp_delta,0.0,0.0
14,kinematic_graph_local_propagation_distance_binned_dispersion_distance_bin_count,0.0,0.0
14,kinematic_arrival_delay_vs_reference_all_segments_hurdle_value_given_signal_q90,0.0,0.0
14,kinematic_arrival_delay_vs_reference_all_segments_hurdle_value_given_signal_max,0.0,0.0
14,kinematic_shell_kinetics_shell_5_10mm_time_to_peak_hurdle_value_given_signal_min,0.0,0.0
14,kinematic_shell_kinetics_shell_10_20mm_time_to_peak_hurdle_value_given_signal_min,0.0,0.0
14,kinematic_shell_kinetics_shell_10_20mm_time_to_peak_hurdle_value_given_signal_max,0.0,0.0
14,kinematic_shell_kinetics_shell_10_20mm_time_to_peak_hurdle_value_given_signal_iqr,0.0,0.0
14,kinematic_shell_kinetics_shell_gt20mm_time_to_peak_hurdle_value_given_signal_median,0.0,0.0
14,kinematic_shell_kinetics_shell_5_10mm_time_to_peak_hurdle_value_given_signal_median,0.0,0.0
14,kinematic_shell_kinetics_shell_10_20mm_time_to_peak_hurdle_value_given_signal_median,0.0,0.0
14,kinematic_shell_kinetics_shell_gt20mm_time_to_enhancement_hurdle_value_given_signal_max,0.0,0.0
14,kinematic_shell_kinetics_shell_5_10mm_time_to_enhancement_hurdle_value_given_signal_q90,0.0,0.0
14,kinematic_shell_kinetics_shell_5_10mm_time_to_enhancement_hurdle_value_given_signal_min,0.0,0.0
14,kinematic_shell_kinetics_shell_10_20mm_time_to_enhancement_hurdle_value_given_signal_max,0.0,0.0
14,kinematic_shell_kinetics_shell_5_10mm_time_to_enhancement_hurdle_value_given_signal_median,0.0,0.0
14,kinematic_graph_local_propagation_earliest_arrival_component_near_tumor_earliest_threshold_tte,0.0,0.0
14,kinematic_graph_local_propagation_earliest_arrival_component_near_tumor_largest_component_segments,0.0,0.0
14,kinematic_shell_kinetics_shell_10_20mm_auc_hurdle_value_given_signal_median,0.0,0.0
14,kinematic_shell_kinetics_shell_10_20mm_time_to_enhancement_hurdle_value_given_signal_q90,0.0,0.0
14,kinematic_shell_kinetics_shell_5_10mm_auc_hurdle_value_given_signal_mean,0.0,0.0
14,kinematic_shell_kinetics_shell_10_20mm_time_to_peak_hurdle_value_given_signal_mean,0.0,0.0
14,kinematic_shell_kinetics_shell_10_20mm_auc_hurdle_value_given_signal_iqr,0.0,0.0
14,kinematic_shell_contrasts_5_10mm_vs_10_20mm_washin_delta_norm_l1,0.0,0.0
14,kinematic_shell_contrasts_5_10mm_vs_10_20mm_auc_delta,0.0,0.0
14,kinematic_core_to_periphery_tte_delta,0.0,0.0
14,kinematic_shell_kinetics_shell_10_20mm_time_to_peak_hurdle_value_given_signal_sd,-1.7825311942920584e-05,0.0013373736528986076
14,kinematic_shell_kinetics_shell_gt20mm_auc_hurdle_value_given_signal_q90,0.0,0.0
14,kinematic_graph_local_propagation_earliest_arrival_component_near_tumor_largest_component_fraction_near_segments,0.0,0.0
14,kinematic_shell_kinetics_shell_10_20mm_auc_hurdle_value_given_signal_sd,0.0,0.0
14,kinematic_shell_contrasts_5_10mm_vs_10_20mm_washout_delta_norm_l1,-0.0009447415329768338,0.0008878723283716398
14,kinematic_shell_kinetics_shell_gt20mm_auc_hurdle_value_given_signal_median,0.0,0.0
14,kinematic_shell_kinetics_shell_5_10mm_peak_enhancement_hurdle_value_given_signal_q90,0.0,0.0
14,kinematic_shell_kinetics_shell_10_20mm_time_to_enhancement_hurdle_value_given_signal_mean,0.0,0.0
14,kinematic_shell_kinetics_shell_gt20mm_auc_hurdle_value_given_signal_mean,0.0,0.0
14,kinematic_shell_kinetics_shell_gt20mm_time_to_peak_hurdle_value_given_signal_mean,0.0017825311942958999,0.0010665436935223677
14,kinematic_shell_kinetics_shell_gt20mm_auc_hurdle_value_given_signal_max,0.0,0.0
14,kinematic_graph_local_propagation_distance_binned_dispersion_distance_bin_monotonic_nondecreasing_fraction,0.0,0.0
14,kinematic_propagation_speed_speed_positive_delay_mm_per_time_min,0.0,0.0
14,kinematic_arrival_delay_vs_reference_all_segments_hurdle_value_given_signal_mean,0.0006238859180035638,0.0007981680277090303
14,kinematic_shell_kinetics_shell_gt20mm_auc_hurdle_value_given_signal_iqr,0.0006595365418894828,0.0002527174131685718
14,kinematic_graph_local_propagation_graph_distance_available_fraction,0.0012121212121212089,0.0026496833049643276
14,kinematic_shell_kinetics_shell_10_20mm_time_to_enhancement_hurdle_value_given_signal_sd,0.0,0.0
14,kinematic_graph_local_propagation_weighted_linear_fit_intercept,0.0025490196078431283,0.006500278079183509
14,kinematic_shell_kinetics_shell_10_20mm_peak_enhancement_hurdle_value_given_signal_median,0.0005704099821746799,0.0009559420804129647
14,kinematic_shell_contrasts_5_10mm_vs_10_20mm_auc_delta_norm_l1,0.0,0.0
14,kinematic_shell_kinetics_shell_10_20mm_peak_enhancement_hurdle_value_given_signal_q90,0.0,0.0
14,kinematic_shell_kinetics_shell_gt20mm_time_to_enhancement_hurdle_value_given_signal_mean,0.0,0.0
14,kinematic_kinetic_topology_coupling_early_cycle_length_fraction_ge50,0.00012477718360073275,0.0002767232566178215
14,kinematic_graph_local_propagation_distance_binned_dispersion_mean_tte_std_across_distance_bins,0.0,0.0
14,kinematic_shell_kinetics_shell_10_20mm_peak_enhancement_hurdle_value_given_signal_iqr,0.0,0.0
14,kinematic_graph_local_propagation_weighted_linear_fit_rmse,0.0,0.0
14,kinematic_shell_contrasts_5_10mm_vs_10_20mm_peak_delta,0.0,0.0
14,kinematic_arrival_delay_vs_reference_all_segments_hurdle_value_given_signal_sd,0.0,0.0
14,kinematic_early_enhancing_fraction_volume_fraction_all_segments,-1.7825311942931687e-05,0.00020245662551871913
14,kinematic_propagation_speed_delay_all_segments_sd,7.130124777182667e-05,0.0009061151534502184
14,kinematic_shell_kinetics_shell_gt20mm_time_to_enhancement_hurdle_value_given_signal_sd,0.0,0.0
14,kinematic_graph_local_propagation_weighted_linear_fit_mae,0.0,0.0
14,kinematic_early_enhancing_fraction_count_fraction_all_segments,0.0008734402852050071,0.0010346361398168387
14,kinematic_kinetic_topology_coupling_early_node_fraction,0.0012655971479500927,0.0024653766155759227
14,kinematic_shell_kinetics_shell_10_20mm_washin_slope_hurdle_value_given_signal_max,0.00019607843137259273,0.00039417726180923564
14,kinematic_kinetic_topology_coupling_early_bifurcation_fraction_of_bifurcations,-0.0002317290552584672,0.0004582873487409319
14,kinematic_shell_kinetics_shell_10_20mm_auc_hurdle_value_given_signal_min,0.0,0.0
14,kinematic_shell_kinetics_shell_gt20mm_auc_hurdle_value_given_signal_sd,0.0,0.0
14,kinematic_shell_kinetics_shell_gt20mm_peak_enhancement_hurdle_value_given_signal_median,0.0,0.0
14,kinematic_shell_kinetics_shell_gt20mm_time_to_peak_hurdle_value_given_signal_sd,0.0005347593582888166,0.001549879865902628
14,kinematic_shell_kinetics_shell_gt20mm_washin_slope_hurdle_value_given_signal_max,0.0,0.0
14,kinematic_shell_kinetics_shell_10_20mm_peak_enhancement_hurdle_value_given_signal_sd,0.0,0.0
14,kinematic_shell_kinetics_shell_10_20mm_washin_slope_hurdle_value_given_signal_q90,0.0,0.0
14,kinematic_shell_kinetics_shell_gt20mm_peak_enhancement_hurdle_value_given_signal_mean,-0.0003030303030302717,0.0004852284345389443
14,kinematic_arrival_delay_vs_reference_near_tumor_segments_hurdle_valid_fraction,0.0,0.0
14,kinematic_shell_kinetics_shell_10_20mm_washout_slope_hurdle_value_given_signal_min,-0.0020677361853832176,0.0018251587502560113
14,kinematic_shell_kinetics_shell_gt20mm_peak_enhancement_hurdle_value_given_signal_q90,0.0,0.0
14,kinematic_shell_kinetics_shell_gt20mm_washout_slope_hurdle_value_given_signal_min,0.0,0.0
14,kinematic_caliber_flow_kinetic_surrogates_tortuosity_weighted_peak_enhancement_mean,0.0,0.0
14,kinematic_early_enhancing_fraction_count_fraction_near_tumor,0.0,0.0
14,kinematic_shell_kinetics_shell_5_10mm_time_to_enhancement_hurdle_valid_fraction,0.0,0.0
14,kinematic_shell_kinetics_shell_gt20mm_peak_enhancement_hurdle_value_given_signal_iqr,0.00012477718360072166,0.0002988066776157249
14,kinematic_propagation_speed_delay_all_segments_mean,-0.00014260249554366445,0.0013190730837789504
14,kinematic_shell_kinetics_shell_10_20mm_washin_slope_hurdle_value_given_signal_sd,0.0,0.0
14,kinematic_shell_kinetics_shell_5_10mm_auc_hurdle_value_given_signal_min,0.0,0.0
14,kinematic_shell_kinetics_shell_10_20mm_washin_slope_hurdle_value_given_signal_mean,0.0007130124777183667,0.000632735805679094
14,kinematic_kinetic_topology_coupling_valid_time_node_fraction,-8.912655971479166e-05,0.0003760253673748352
14,kinematic_shell_kinetics_shell_gt20mm_washin_slope_hurdle_value_given_signal_q90,0.0,0.0
14,kinematic_arrival_delay_vs_reference_all_segments_hurdle_valid_fraction,0.0,0.0
14,kinematic_shell_kinetics_shell_10_20mm_washin_slope_hurdle_value_given_signal_iqr,0.0,0.0
14,kinematic_shell_kinetics_shell_10_20mm_washout_slope_hurdle_value_given_signal_mean,0.0,0.0
14,kinematic_shell_kinetics_shell_gt20mm_peak_enhancement_hurdle_value_given_signal_sd,0.0,0.0
14,kinematic_shell_kinetics_shell_10_20mm_washout_slope_hurdle_value_given_signal_sd,0.0,0.0
14,kinematic_graph_local_propagation_weighted_linear_fit_r2,-0.0004456327985739472,0.001079130899655308
14,kinematic_shell_kinetics_shell_10_20mm_washout_slope_hurdle_value_given_signal_iqr,0.0,0.0
14,kinematic_shell_kinetics_shell_gt20mm_washout_slope_hurdle_value_given_signal_iqr,-0.0019073083778965883,0.0025795018705427712
14,kinematic_shell_kinetics_shell_gt20mm_washin_slope_hurdle_value_given_signal_iqr,0.00048128342245992164,0.001119026461013883
14,kinematic_shell_kinetics_shell_gt20mm_washin_slope_hurdle_value_given_signal_median,0.0,0.0
14,kinematic_shell_contrasts_5_10mm_vs_10_20mm_washin_delta,0.0,0.0
14,kinematic_caliber_flow_kinetic_surrogates_radius_weighted_washin_mean,0.00033868092691623496,0.0009379908817770202
14,kinematic_shell_kinetics_shell_gt20mm_washin_slope_hurdle_value_given_signal_sd,0.0,0.0
14,kinematic_shell_contrasts_5_10mm_vs_10_20mm_washout_delta,3.5650623885918885e-05,0.00017465167506475857
14,kinematic_shell_kinetics_shell_5_10mm_washout_slope_hurdle_value_given_signal_min,0.0,0.0
14,kinematic_shell_kinetics_shell_gt20mm_washout_slope_hurdle_value_given_signal_sd,0.0,0.0
14,kinematic_shell_kinetics_shell_gt20mm_washin_slope_hurdle_value_given_signal_mean,0.0,0.0
14,kinematic_shell_kinetics_shell_gt20mm_washout_slope_hurdle_value_given_signal_mean,0.0,0.0
14,kinematic_shell_kinetics_shell_10_20mm_washout_slope_hurdle_value_given_signal_median,0.0,0.0
14,kinematic_shell_kinetics_shell_gt20mm_peak_enhancement_hurdle_value_given_signal_max,0.0,0.0
14,kinematic_caliber_flow_kinetic_surrogates_radius_weighted_washout_mean,0.0,0.0
14,kinematic_shell_kinetics_shell_gt20mm_washout_slope_hurdle_value_given_signal_median,0.0,0.0
14,kinematic_shell_kinetics_shell_10_20mm_washin_slope_hurdle_value_given_signal_median,-0.001461675579322619,0.0008353208209525756
14,kinematic_shell_kinetics_shell_5_10mm_washout_slope_hurdle_value_given_signal_mean,0.00021390374331554663,0.00033632731308578997
14,kinematic_shell_kinetics_shell_gt20mm_auc_hurdle_value_given_signal_min,0.001426024955436722,0.0007562639370979305
14,kinematic_shell_kinetics_shell_5_10mm_washin_slope_hurdle_value_given_signal_max,0.0,0.0
14,kinematic_kinetic_topology_coupling_early_cycle_length_per_tumor_mm3_ge50,0.005169340463458139,0.0013807427259206362
14,kinematic_graph_local_propagation_slope_tte_vs_graph_distance_from_boundary,-1.7825311942964996e-05,0.0007282245353232234
14,kinematic_shell_segment_counts_shell_2_5mm,0.0,0.0
14,kinematic_shell_contrasts_0_2mm_vs_2_5mm_ttp_delta,0.0,0.0
14,kinematic_shell_contrasts_0_2mm_vs_2_5mm_tte_delta,0.0,0.0
14,kinematic_shell_contrasts_0_2mm_vs_2_5mm_auc_delta,0.0,0.0
14,kinematic_propagation_speed_delay_all_segments_q90,0.00035650623885917775,0.0004579405553891252
14,kinematic_propagation_speed_delay_all_segments_iqr,0.0,0.0
14,kinematic_shell_contrasts_inside_vs_2_5mm_ttp_delta,0.0,0.0
14,kinematic_shell_contrasts_inside_vs_2_5mm_tte_delta,0.0,0.0
14,kinematic_shell_contrasts_inside_vs_2_5mm_auc_delta,0.0,0.0
14,kinematic_shell_contrasts_inside_vs_0_2mm_ttp_delta,0.0,0.0
14,kinematic_shell_contrasts_inside_vs_0_2mm_tte_delta,0.0,0.0
14,kinematic_shell_contrasts_inside_vs_0_2mm_auc_delta,0.0,0.0
14,kinematic_shell_contrasts_0_2mm_vs_2_5mm_peak_delta,0.0,0.0
14,kinematic_shell_contrasts_inside_vs_2_5mm_peak_delta,0.0,0.0
14,kinematic_shell_contrasts_inside_vs_0_2mm_peak_delta,0.0,0.0
14,kinematic_shell_contrasts_5_10mm_vs_10_20mm_tte_delta,0.0,0.0
14,kinematic_shell_contrasts_0_2mm_vs_2_5mm_washin_delta,0.0,0.0
14,kinematic_propagation_speed_delay_all_segments_median,0.0,0.0
14,kinematic_component_invasion_crossing_component_count,0.0,0.0
14,kinematic_shell_contrasts_inside_vs_2_5mm_washin_delta,0.0,0.0
14,kinematic_shell_contrasts_inside_vs_0_2mm_washin_delta,0.0,0.0
14,kinematic_shell_contrasts_0_2mm_vs_2_5mm_washout_delta,0.0,0.0
14,kinematic_shell_contrasts_inside_vs_2_5mm_washout_delta,0.00042780748663102665,0.0006185152075899046
14,kinematic_shell_contrasts_inside_vs_0_2mm_washout_delta,0.0,0.0
14,kinematic_component_invasion_crossing_component_fraction,0.0,0.0
14,kinematic_temporal_heterogeneity_near_tumor_ttp_entropy_bits,0.0,0.0
14,kinematic_early_enhancing_fraction_early_phase_time_threshold,0.0,0.0
14,kinematic_early_enhancing_fraction_volume_fraction_shell_2_5mm,0.0,0.0
14,kinematic_early_enhancing_fraction_volume_fraction_shell_0_2mm,0.0,0.0
14,kinematic_boundary_caliber_gradient_positive_dilation_fraction,0.0,0.0
14,kinematic_shell_kinetics_shell_2_5mm_auc_hurdle_value_given_signal_sd,0.0,0.0
14,kinematic_shell_kinetics_shell_0_2mm_auc_hurdle_value_given_signal_sd,0.0,0.0
14,kinematic_component_invasion_largest_crossing_component_segment_count,0.0,0.0
14,kinematic_shell_kinetics_shell_5_10mm_auc_hurdle_value_given_signal_sd,0.0,0.0
14,kinematic_shell_kinetics_shell_2_5mm_auc_hurdle_value_given_signal_min,0.0,0.0
14,kinematic_shell_kinetics_inside_tumor_auc_hurdle_value_given_signal_sd,0.0,0.0
14,kinematic_shell_kinetics_shell_2_5mm_time_to_peak_hurdle_valid_fraction,0.0,0.0
14,kinematic_shell_kinetics_shell_10_20mm_time_to_peak_hurdle_valid_fraction,0.0,0.0
14,kinematic_boundary_caliber_gradient_inside_radius_length_weighted_mean_mm,0.0,0.0
14,kinematic_component_invasion_mean_crossing_component_max_invasion_depth_mm,0.0,0.0
14,kinematic_component_invasion_largest_crossing_component_crossing_length_mm,0.0,0.0
14,kinematic_boundary_crossing_dynamic_burden_kinetic_weighted_volume_auc_mm3,0.0,0.0
14,kinematic_shell_kinetics_shell_2_5mm_washin_slope_hurdle_value_given_signal_sd,0.0,0.0
14,kinematic_shell_kinetics_shell_2_5mm_time_to_peak_hurdle_value_given_signal_sd,0.0,0.0
14,kinematic_shell_kinetics_shell_0_2mm_washin_slope_hurdle_value_given_signal_sd,0.0,0.0
14,kinematic_shell_kinetics_shell_0_2mm_time_to_peak_hurdle_value_given_signal_sd,0.0,0.0
14,kinematic_shell_kinetics_shell_5_10mm_washin_slope_hurdle_value_given_signal_sd,0.0,0.0
14,kinematic_shell_kinetics_shell_5_10mm_time_to_peak_hurdle_value_given_signal_sd,0.0,0.0
14,kinematic_shell_kinetics_shell_2_5mm_washout_slope_hurdle_value_given_signal_sd,0.0,0.0
14,kinematic_shell_kinetics_shell_2_5mm_washin_slope_hurdle_value_given_signal_q90,0.0,0.0
14,kinematic_shell_kinetics_shell_2_5mm_washin_slope_hurdle_value_given_signal_min,0.0,0.0
14,kinematic_shell_kinetics_shell_2_5mm_washin_slope_hurdle_value_given_signal_iqr,0.0,0.0
14,kinematic_shell_kinetics_shell_2_5mm_time_to_peak_hurdle_value_given_signal_q90,0.0,0.0
14,kinematic_shell_kinetics_shell_2_5mm_time_to_peak_hurdle_value_given_signal_iqr,0.0,0.0
14,kinematic_shell_kinetics_shell_0_2mm_washout_slope_hurdle_value_given_signal_sd,0.0,0.0
14,kinematic_shell_kinetics_shell_0_2mm_washin_slope_hurdle_value_given_signal_q90,0.0,0.0
14,kinematic_shell_kinetics_shell_0_2mm_washin_slope_hurdle_value_given_signal_min,0.0,0.0
14,kinematic_shell_kinetics_shell_0_2mm_time_to_peak_hurdle_value_given_signal_iqr,0.0,0.0
14,kinematic_shell_kinetics_inside_tumor_washin_slope_hurdle_value_given_signal_sd,0.0,0.0
14,kinematic_shell_kinetics_inside_tumor_time_to_peak_hurdle_value_given_signal_sd,0.0,0.0
14,kinematic_arrival_delay_vs_reference_all_segments_hurdle_value_given_signal_min,0.0,0.0
14,kinematic_arrival_delay_vs_reference_all_segments_hurdle_value_given_signal_iqr,0.0,0.0
14,kinematic_shell_kinetics_shell_gt20mm_washin_slope_hurdle_value_given_signal_min,0.0,0.0
14,kinematic_shell_kinetics_shell_gt20mm_time_to_peak_hurdle_value_given_signal_q90,-0.0012655971479500594,0.0017957619493606592
14,kinematic_shell_kinetics_shell_gt20mm_time_to_peak_hurdle_value_given_signal_min,0.0,0.0
14,kinematic_shell_kinetics_shell_gt20mm_time_to_peak_hurdle_value_given_signal_max,0.0,0.0
14,kinematic_shell_kinetics_shell_gt20mm_time_to_peak_hurdle_value_given_signal_iqr,0.0,0.0
14,kinematic_shell_kinetics_shell_5_10mm_washout_slope_hurdle_value_given_signal_sd,0.0,0.0
14,kinematic_shell_kinetics_shell_5_10mm_washin_slope_hurdle_value_given_signal_min,-0.0001960784313725261,0.0005548799435391619
14,kinematic_shell_kinetics_shell_5_10mm_washin_slope_hurdle_value_given_signal_iqr,0.0,0.0
14,kinematic_shell_kinetics_shell_5_10mm_time_to_peak_hurdle_value_given_signal_iqr,-0.00012477718360072166,0.0001960784313725251
14,kinematic_shell_kinetics_shell_2_5mm_washout_slope_hurdle_value_given_signal_q90,0.0025133689839572093,0.0006924393796632872
14,kinematic_shell_kinetics_shell_2_5mm_washout_slope_hurdle_value_given_signal_min,0.0,0.0
14,kinematic_shell_kinetics_shell_10_20mm_time_to_enhancement_hurdle_valid_fraction,0.0,0.0
14,kinematic_shell_kinetics_shell_0_2mm_washout_slope_hurdle_value_given_signal_q90,0.0,0.0
14,kinematic_shell_kinetics_inside_tumor_washout_slope_hurdle_value_given_signal_sd,0.0,0.0
14,kinematic_shell_kinetics_inside_tumor_washin_slope_hurdle_value_given_signal_q90,0.0,0.0
14,kinematic_shell_kinetics_inside_tumor_washin_slope_hurdle_value_given_signal_min,0.0,0.0
14,kinematic_shell_kinetics_inside_tumor_time_to_peak_hurdle_value_given_signal_iqr,0.0,0.0
14,kinematic_peritumoral_multi_scale_contrasts_core_shell_gradient_per_mm_ttp_slope,0.0,0.0
14,kinematic_peritumoral_multi_scale_contrasts_core_shell_gradient_per_mm_tte_slope,0.0,0.0
14,kinematic_peritumoral_multi_scale_contrasts_core_shell_gradient_per_mm_auc_slope,0.0,0.0
14,kinematic_boundary_caliber_gradient_outside_minus_inside_length_weighted_mean_mm,0.0,0.0
14,kinematic_shell_kinetics_shell_gt20mm_washout_slope_hurdle_value_given_signal_q90,0.0,0.0
14,kinematic_shell_kinetics_shell_gt20mm_washout_slope_hurdle_value_given_signal_max,0.0,0.0
14,kinematic_shell_kinetics_shell_5_10mm_washout_slope_hurdle_value_given_signal_q90,0.0,0.0
14,kinematic_shell_kinetics_shell_10_20mm_washin_slope_hurdle_value_given_signal_min,0.0,0.0
14,kinematic_shell_kinetics_inside_tumor_washout_slope_hurdle_value_given_signal_q90,0.0,0.0
14,kinematic_shell_kinetics_inside_tumor_washout_slope_hurdle_value_given_signal_min,0.0,0.0
14,kinematic_peritumoral_multi_scale_contrasts_core_shell_gradient_per_mm_peak_slope,0.0,0.0
14,kinematic_shell_kinetics_shell_2_5mm_washin_slope_hurdle_value_given_signal_median,0.0,0.0
14,kinematic_shell_kinetics_shell_10_20mm_washout_slope_hurdle_value_given_signal_q90,0.0,0.0
14,kinematic_shell_kinetics_shell_10_20mm_washout_slope_hurdle_value_given_signal_max,0.0,0.0
14,kinematic_shell_kinetics_shell_0_2mm_washin_slope_hurdle_value_given_signal_median,0.0,0.0
14,kinematic_arrival_delay_vs_reference_all_segments_hurdle_value_given_signal_median,0.0,0.0
14,kinematic_shell_kinetics_shell_5_10mm_washin_slope_hurdle_value_given_signal_median,0.0,0.0
14,kinematic_shell_kinetics_shell_2_5mm_auc_rel_reference_hurdle_value_given_signal_sd,0.0,0.0
14,kinematic_shell_kinetics_shell_0_2mm_auc_rel_reference_hurdle_value_given_signal_sd,0.0,0.0
14,kinematic_shell_kinetics_inside_tumor_washin_slope_hurdle_value_given_signal_median,0.0,0.0
14,kinematic_peritumoral_multi_scale_contrasts_core_shell_gradient_per_mm_washin_slope,0.00030303030303029387,0.00016042780748664793
14,kinematic_boundary_caliber_gradient_gradient_mm_per_mm_hurdle_value_given_signal_sd,0.0,0.0
14,kinematic_shell_kinetics_shell_5_10mm_peak_enhancement_hurdle_value_given_signal_iqr,0.0,0.0
14,kinematic_shell_kinetics_shell_5_10mm_auc_rel_reference_hurdle_value_given_signal_sd,0.0,0.0
14,kinematic_shell_kinetics_shell_2_5mm_auc_rel_reference_hurdle_value_given_signal_q90,0.0,0.0
14,kinematic_shell_kinetics_shell_0_2mm_auc_rel_reference_hurdle_value_given_signal_q90,0.0,0.0
14,kinematic_shell_kinetics_inside_tumor_auc_rel_reference_hurdle_value_given_signal_sd,0.0,0.0
14,kinematic_peritumoral_multi_scale_contrasts_core_shell_gradient_per_mm_washout_slope,0.0,0.0
14,kinematic_boundary_caliber_gradient_gradient_mm_per_mm_hurdle_value_given_signal_q90,0.0,0.0
14,kinematic_boundary_caliber_gradient_gradient_mm_per_mm_hurdle_value_given_signal_min,0.0,0.0
14,kinematic_boundary_caliber_gradient_gradient_mm_per_mm_hurdle_value_given_signal_max,0.0005704099821746911,0.00030667826263965537
14,kinematic_shell_kinetics_shell_2_5mm_time_to_enhancement_hurdle_value_given_signal_sd,0.0,0.0
14,kinematic_shell_kinetics_shell_0_2mm_time_to_enhancement_hurdle_value_given_signal_sd,0.0,0.0
14,kinematic_shell_kinetics_inside_tumor_auc_rel_reference_hurdle_value_given_signal_q90,0.0,0.0
14,kinematic_boundary_caliber_gradient_outside_over_inside_hurdle_value_given_signal_q90,0.0,0.0
14,kinematic_boundary_caliber_gradient_outside_over_inside_hurdle_value_given_signal_min,0.0,0.0
14,kinematic_boundary_caliber_gradient_gradient_mm_per_mm_hurdle_value_given_signal_mean,0.0,0.0
14,kinematic_arrival_delay_vs_reference_near_tumor_segments_hurdle_value_given_signal_sd,0.0,0.0
14,kinematic_shell_kinetics_shell_5_10mm_time_to_enhancement_hurdle_value_given_signal_sd,0.0,0.0
14,kinematic_shell_kinetics_shell_2_5mm_washin_rel_reference_hurdle_value_given_signal_sd,0.0,0.0
14,kinematic_shell_kinetics_shell_2_5mm_time_to_enhancement_hurdle_value_given_signal_min,0.0,0.0
14,kinematic_shell_kinetics_shell_2_5mm_time_to_enhancement_hurdle_value_given_signal_iqr,0.0,0.0
14,kinematic_shell_kinetics_shell_0_2mm_washin_rel_reference_hurdle_value_given_signal_sd,0.0,0.0
14,kinematic_shell_kinetics_shell_0_2mm_time_to_enhancement_hurdle_value_given_signal_iqr,0.0,0.0
14,kinematic_shell_kinetics_inside_tumor_time_to_enhancement_hurdle_value_given_signal_sd,0.0,0.0
14,kinematic_arrival_delay_vs_reference_near_tumor_segments_hurdle_value_given_signal_q90,0.0,0.0
14,kinematic_arrival_delay_vs_reference_near_tumor_segments_hurdle_value_given_signal_min,0.0,0.0
14,kinematic_arrival_delay_vs_reference_near_tumor_segments_hurdle_value_given_signal_max,0.0,0.0
14,kinematic_arrival_delay_vs_reference_near_tumor_segments_hurdle_value_given_signal_iqr,0.0,0.0
14,kinematic_shell_kinetics_shell_gt20mm_time_to_enhancement_hurdle_value_given_signal_q90,0.0,0.0
14,kinematic_shell_kinetics_shell_gt20mm_time_to_enhancement_hurdle_value_given_signal_min,0.0,0.0
14,kinematic_shell_kinetics_shell_gt20mm_time_to_enhancement_hurdle_value_given_signal_iqr,0.0,0.0
14,kinematic_shell_kinetics_shell_5_10mm_washin_rel_reference_hurdle_value_given_signal_sd,0.0,0.0
14,kinematic_shell_kinetics_shell_5_10mm_time_to_enhancement_hurdle_value_given_signal_iqr,0.0,0.0
14,kinematic_shell_kinetics_shell_2_5mm_washin_rel_reference_hurdle_value_given_signal_q90,0.0,0.0
14,kinematic_shell_kinetics_shell_2_5mm_washin_rel_reference_hurdle_value_given_signal_min,0.0,0.0
14,kinematic_shell_kinetics_shell_0_2mm_washin_rel_reference_hurdle_value_given_signal_q90,0.0,0.0
14,kinematic_shell_kinetics_shell_0_2mm_washin_rel_reference_hurdle_value_given_signal_min,0.0,0.0
14,kinematic_shell_kinetics_inside_tumor_washin_rel_reference_hurdle_value_given_signal_sd,0.0,0.0
14,kinematic_shell_kinetics_inside_tumor_time_to_enhancement_hurdle_value_given_signal_iqr,0.0,0.0
14,kinematic_boundary_caliber_gradient_gradient_mm_per_mm_hurdle_value_given_signal_median,0.0,0.0
14,kinematic_arrival_delay_vs_reference_near_tumor_segments_hurdle_value_given_signal_mean,0.0,0.0
14,kinematic_shell_kinetics_shell_gt20mm_washin_rel_reference_hurdle_value_given_signal_min,0.0,0.0
14,kinematic_shell_kinetics_shell_5_10mm_washin_rel_reference_hurdle_value_given_signal_q90,0.0,0.0
14,kinematic_shell_kinetics_shell_5_10mm_washin_rel_reference_hurdle_value_given_signal_min,0.0,0.0
14,kinematic_shell_kinetics_shell_10_20mm_time_to_enhancement_hurdle_value_given_signal_min,0.0,0.0
14,kinematic_shell_kinetics_shell_10_20mm_time_to_enhancement_hurdle_value_given_signal_iqr,0.0,0.0
14,kinematic_shell_kinetics_inside_tumor_washin_rel_reference_hurdle_value_given_signal_q90,0.0,0.0
14,kinematic_shell_kinetics_shell_10_20mm_washin_rel_reference_hurdle_value_given_signal_min,0.0,0.0
14,kinematic_arrival_delay_vs_reference_near_tumor_segments_hurdle_value_given_signal_median,0.0,0.0
14,kinematic_shell_kinetics_shell_gt20mm_time_to_enhancement_hurdle_value_given_signal_median,0.0,0.0
14,kinematic_shell_kinetics_shell_0_2mm_washin_rel_reference_hurdle_value_given_signal_median,0.0,0.0
14,kinematic_shell_kinetics_shell_5_10mm_washin_rel_reference_hurdle_value_given_signal_median,0.0,0.0
14,kinematic_shell_kinetics_shell_10_20mm_time_to_enhancement_hurdle_value_given_signal_median,0.0,0.0
14,kinematic_core_to_periphery_peak_ratio,0.0,0.0
14,morph_seg_length_cv,0.0,0.0
14,morph_radius_cv,0.0,0.0
14,morph_bifurcation_density_per_length,-1.782531194294279e-05,0.0018203649819785045
14,morph_seg_volume_sum,0.0,0.0
14,morph_seg_length_sum,0.0,0.0
14,morph_seg_volume_max,0.0,0.0
14,morph_radius_mean_sum,0.0,0.0
14,morph_seg_volume_std,0.0,0.0
14,morph_curvature_mean_sum,0.0,0.0
14,morph_seg_length_max,0.0,0.0
14,morph_seg_volume_mean,0.006844919786096293,0.0030041865037835885
14,morph_seg_length_std,0.0013368983957219639,0.000613615489413852
14,morph_seg_tortuosity_max,-0.001033868092691581,0.002628009624810278
14,morph_curvature_mean_max,5.3475935828917186e-05,0.0006766578572585468
14,morph_radius_mean_max,0.0,0.0
14,morph_radius_mean_mean,0.0009090909090909149,0.0004610523050401932
14,morph_radius_mean_std,0.0,0.0
14,morph_seg_tortuosity_std,-0.00017825311942959443,0.0008011481302760893
14,morph_curvature_mean_mean,-4.4408920985006264e-17,0.0006226113795569814
14,morph_curvature_mean_std,0.0,0.0
14,morph_seg_tortuosity_mean,0.0,0.0
14,morph_bifurcation_per_segment,0.0,0.0
14,morph_seg_dup_fraction,0.0,0.0
14,morph_seg_tortuosity_invalid_n,0.0,0.0
14,morph_bif_angle_std,-0.0012477718360071276,0.000966519908144424
14,morph_bif_angle_mean,0.0027807486631016287,0.0013533157145171136
14,morph_bif_angle_max,0.0,0.0
14,tumor_size_outer_to_inner_shell_ratio,5.3475935828861675e-05,0.0010785418543604668
14,tumor_size_tumor_r8_region_voxels,0.0004812834224598772,0.0018214119711267645
14,tumor_size_tumor_voxels,0.00010695187165778996,0.0013391543651331747
14,tumor_size_shell_0_2_over_tumor,0.0,0.0
