{
    "1": {
        "": [
            {
                "segment": {
                    "start": 13,
                    "end": 94
                },
                "radius": {
                    "mean": 1.0986398468850203,
                    "sd": 0.24424813920094796,
                    "median": 1.0,
                    "min": 1.0,
                    "q1": 1.0,
                    "q3": 1.0,
                    "max": 2.0
                },
                "length": 51.5809326171875,
                "tortuosity": 0.14398539066314697,
                "volume": 195.591400296141,
                "curvature": {
                    "mean": 0.6778087386718163,
                    "sd": 0.09486968545807248,
                    "median": 0.6340506076812744,
                    "min": 0.6340506076812744,
                    "q1": 0.6340506076812744,
                    "q3": 0.6340506076812744,
                    "max": 0.8989794254302979
                }
            }
        ]
    },
    "2": {
        "": [
            {
                "segment": {
                    "start": 30,
                    "end": 1
                },
                "radius": {
                    "mean": 1.0230118645762831,
                    "sd": 0.09488034829042445,
                    "median": 1.0,
                    "min": 1.0,
                    "q1": 1.0,
                    "q3": 1.0,
                    "max": 1.4142135623730951
                },
                "length": 22.924074172973633,
                "tortuosity": 0.15489816665649414,
                "volume": 75.37078157126285,
                "curvature": {
                    "mean": 0.5942787570612771,
                    "sd": 0.11138285951884684,
                    "median": 0.6340506076812744,
                    "min": 0.38509851694107056,
                    "q1": 0.6340506076812744,
                    "q3": 0.6632991582155228,
                    "max": 0.7071067690849304
                }
            }
        ]
    },
    "3": {
        "": [
            {
                "segment": {
                    "start": 92,
                    "end": 33
                },
                "radius": {
                    "mean": 1.1087798260713835,
                    "sd": 0.19723077909885497,
                    "median": 1.0,
                    "min": 1.0,
                    "q1": 1.0,
                    "q3": 1.0,
                    "max": 1.7320508075688772
                },
                "length": 49.2377815246582,
                "tortuosity": 0.16934895515441895,
                "volume": 190.16867502739962,
                "curvature": {
                    "mean": 0.6477638607223829,
                    "sd": 0.10779395297976009,
                    "median": 0.6340506076812744,
                    "min": 0.38509851694107056,
                    "q1": 0.6340506076812744,
                    "q3": 0.6730486750602722,
                    "max": 0.8989794254302979
                }
            }
        ]
    }
}