{
    "1": {
        "": [
            {
                "segment": {
                    "start": 42,
                    "end": 57
                },
                "radius": {
                    "mean": 1.0,
                    "sd": 0.0,
                    "median": 1.0,
                    "min": 1.0,
                    "q1": 1.0,
                    "q3": 1.0,
                    "max": 1.0
                },
                "length": 1.7320507764816284,
                "tortuosity": 0.0,
                "volume": 5.441397995039181,
                "curvature": {
                    "mean": 0.0,
                    "sd": 0.0,
                    "median": 0.0,
                    "min": 0.0,
                    "q1": 0.0,
                    "q3": 0.0,
                    "max": 0.0
                }
            }
        ]
    },
    "2": {
        "": [
            {
                "segment": {
                    "start": 124,
                    "end": 132
                },
                "radius": {
                    "mean": 1.0,
                    "sd": 0.0,
                    "median": 1.0,
                    "min": 1.0,
                    "q1": 1.0,
                    "q3": 1.0,
                    "max": 1.0
                },
                "length": 11.292529106140137,
                "tortuosity": 0.14658260345458984,
                "volume": 35.476526480298766,
                "curvature": {
                    "mean": 0.5619386037190756,
                    "sd": 0.12575177763802634,
                    "median": 0.6340506076812744,
                    "min": 0.38509851694107056,
                    "q1": 0.5095745623111725,
                    "q3": 0.650358647108078,
                    "max": 0.6666666865348816
                }
            }
        ]
    },
    "3": {
        "": [
            {
                "segment": {
                    "start": 122,
                    "end": 111
                },
                "radius": {
                    "mean": 1.0,
                    "sd": 0.0,
                    "median": 1.0,
                    "min": 1.0,
                    "q1": 1.0,
                    "q3": 1.0,
                    "max": 1.0
                },
                "length": 14.388904571533203,
                "tortuosity": 0.137542724609375,
                "volume": 45.2040768951333,
                "curvature": {
                    "mean": 0.6811734884977341,
                    "sd": 0.08608194009248621,
                    "median": 0.6340506076812744,
                    "min": 0.6340506076812744,
                    "q1": 0.6340506076812744,
                    "q3": 0.6815631985664368,
                    "max": 0.8989794254302979
                }
            }
        ]
    },
    "4": {
        "": [
            {
                "segment": {
                    "start": 40,
                    "end": 27
                },
                "radius": {
                    "mean": 1.0,
                    "sd": 0.0,
                    "median": 1.0,
                    "min": 1.0,
                    "q1": 1.0,
                    "q3": 1.0,
                    "max": 1.0
                },
                "length": 9.414213180541992,
                "tortuosity": 0.03962588310241699,
                "volume": 29.575622967318925,
                "curvature": {
                    "mean": 0.6340506076812744,
                    "sd": 0.0,
                    "median": 0.6340506076812744,
                    "min": 0.6340506076812744,
                    "q1": 0.6340506076812744,
                    "q3": 0.6340506076812744,
                    "max": 0.6340506076812744
                }
            }
        ]
    },
    "5": {
        "": [
            {
                "segment": {
                    "start": 68,
                    "end": 233
                },
                "radius": {
                    "mean": 1.1874460583226676,
                    "sd": 0.3158730443431145,
                    "median": 1.0,
                    "min": 1.0,
                    "q1": 1.0,
                    "q3": 1.4142135623730951,
                    "max": 2.0
                },
                "length": 59.334163665771484,
                "tortuosity": 0.1433696746826172,
                "volume": 262.8345651457702,
                "curvature": {
                    "mean": 0.6521630993595829,
                    "sd": 0.05272068216380218,
                    "median": 0.6340506076812744,
                    "min": 0.6340506076812744,
                    "q1": 0.6340506076812744,
                    "q3": 0.6340506076812744,
                    "max": 0.8989794254302979
                }
            }
        ],
        " bifurcation": [
            {
                "bifurcation": {
                    "midpoint": 68,
                    "dist_angle": 2.0,
                    "points_angle": [
                        68,
                        67,
                        58
                    ]
                },
                "angles": {
                    "seg1/seg2": 179.98020935058594,
                    "seg1/seg3": 90.0,
                    "seg2/seg3": 90.0
                }
            }
        ]
    },
    "6": {
        "": [
            {
                "segment": {
                    "start": 68,
                    "end": 45
                },
                "radius": {
                    "mean": 1.7347893971888562,
                    "sd": 0.3398613649727266,
                    "median": 1.8660254037844386,
                    "min": 1.0,
                    "q1": 1.6525914962699317,
                    "q3": 2.0,
                    "max": 2.0
                },
                "length": 9.706742286682129,
                "tortuosity": 0.232757568359375,
                "volume": 91.77341449696988,
                "curvature": {
                    "mean": 0.6553891003131866,
                    "sd": 0.15071523166186335,
                    "median": 0.6535496413707733,
                    "min": 0.38509851694107056,
                    "q1": 0.6340506076812744,
                    "q3": 0.6985922455787659,
                    "max": 0.8989794254302979
                }
            }
        ]
    },
    "7": {
        "": [
            {
                "segment": {
                    "start": 68,
                    "end": 84
                },
                "radius": {
                    "mean": 1.1637520528488532,
                    "sd": 0.2724932807639641,
                    "median": 1.0,
                    "min": 1.0,
                    "q1": 1.0,
                    "q3": 1.2071067811865475,
                    "max": 1.7320508075688772
                },
                "length": 7.656854629516602,
                "tortuosity": 0.12894165515899658,
                "volume": 32.57775813413615,
                "curvature": {
                    "mean": 0.6486618399620057,
                    "sd": 0.0292224645614624,
                    "median": 0.6340506076812744,
                    "min": 0.6340506076812744,
                    "q1": 0.6340506076812744,
                    "q3": 0.6340506076812744,
                    "max": 0.7071067690849304
                }
            }
        ]
    },
    "8": {
        "": [
            {
                "segment": {
                    "start": 152,
                    "end": 189
                },
                "radius": {
                    "mean": 1.0,
                    "sd": 0.0,
                    "median": 1.0,
                    "min": 1.0,
                    "q1": 1.0,
                    "q3": 1.0,
                    "max": 1.0
                },
                "length": 11.656854629516602,
                "tortuosity": 0.11143743991851807,
                "volume": 36.621088868053526,
                "curvature": {
                    "mean": 0.6486618399620057,