{
    "1": {
        "": [
            {
                "segment": {
                    "start": 7,
                    "end": 17
                },
                "radius": {
                    "mean": 1.0,
                    "sd": 0.0,
                    "median": 1.0,
                    "min": 1.0,
                    "q1": 1.0,
                    "q3": 1.0,
                    "max": 1.0
                },
                "length": 7.2925286293029785,
                "tortuosity": 0.11210024356842041,
                "volume": 22.91015436791148,
                "curvature": {
                    "mean": 0.5375881195068359,
                    "sd": 0.1529642870468108,
                    "median": 0.5290735960006714,
                    "min": 0.38509851694107056,
                    "q1": 0.38509851694107056,
                    "q3": 0.6815631985664368,
                    "max": 0.7071067690849304
                }
            }
        ]
    },
    "2": {
        "": [
            {
                "segment": {
                    "start": 12,
                    "end": 22
                },
                "radius": {
                    "mean": 1.0,
                    "sd": 0.0,
                    "median": 1.0,
                    "min": 1.0,
                    "q1": 1.0,
                    "q3": 1.0,
                    "max": 1.0
                },
                "length": 8.485280990600586,
                "tortuosity": 0.13389337062835693,
                "volume": 26.657296423715923,
                "curvature": {
                    "mean": 0.7071067690849304,
                    "sd": 0.0,
                    "median": 0.7071067690849304,
                    "min": 0.7071067690849304,
                    "q1": 0.7071067690849304,
                    "q3": 0.7071067690849304,
                    "max": 0.7071067690849304
                }
            }
        ]
    },
    "3": {
        "": [
            {
                "segment": {
                    "start": 27,
                    "end": 61
                },
                "radius": {
                    "mean": 1.1683010381228207,
                    "sd": 0.29442416264115523,
                    "median": 1.0,
                    "min": 1.0,
                    "q1": 1.0,
                    "q3": 1.4142135623730951,
                    "max": 2.0
                },
                "length": 38.21660614013672,
                "tortuosity": 0.20311331748962402,
                "volume": 163.87455086171738,
                "curvature": {
                    "mean": 0.6338869854807854,
                    "sd": 0.09254762797801494,
                    "median": 0.6340506076812744,
                    "min": 0.38509851694107056,
                    "q1": 0.6340506076812744,
                    "q3": 0.6438001245260239,
                    "max": 0.8989794254302979
                }
            }
        ]
    },
    "4": {
        "": [
            {
                "segment": {
                    "start": 79,
                    "end": 94
                },
                "radius": {
                    "mean": 1.1035533905932737,
                    "sd": 0.17935973380357526,
                    "median": 1.0,
                    "min": 1.0,
                    "q1": 1.0,
                    "q3": 1.1035533905932737,
                    "max": 1.4142135623730951
                },
                "length": 12.656853675842285,
                "tortuosity": 0.11437380313873291,
                "volume": 48.42418620402862,
                "curvature": {
                    "mean": 0.6632730722427368,
                    "sd": 0.035790063601073535,
                    "median": 0.6340506076812744,
                    "min": 0.6340506076812744,
                    "q1": 0.6340506076812744,
                    "q3": 0.7071067690849304,
                    "max": 0.7071067690849304
                }
            }
        ]
    },
    "5": {
        "": [
            {
                "segment": {
                    "start": 73,
                    "end": 66
                },
                "radius": {
                    "mean": 1.0,
                    "sd": 0.0,
                    "median": 1.0,
                    "min": 1.0,
                    "q1": 1.0,
                    "q3": 1.0,
                    "max": 1.0
                },
                "length": 5.242640495300293,
                "tortuosity": 0.27152717113494873,
                "volume": 16.470240865447753,
                "curvature": {
                    "mean": 0.6705786883831024,
                    "sd": 0.036528080701828,
                    "median": 0.6705786883831024,
                    "min": 0.6340506076812744,
                    "q1": 0.6523146480321884,
                    "q3": 0.6888427287340164,
                    "max": 0.7071067690849304
                }
            }
        ]
    },
    "6": {
        "": [
            {
                "segment": {
                    "start": 72,
                    "end": 96
                },
                "radius": {
                    "mean": 1.0591733660532994,
                    "sd": 0.14494455319351096,
                    "median": 1.0,
                    "min": 1.0,
                    "q1": 1.0,
                    "q3": 1.0,
                    "max": 1.4142135623730951
                },
                "length": 8.388904571533203,
                "tortuosity": 0.21083414554595947,
                "volume": 29.565772426225223,
                "curvature": {
                    "mean": 0.5998261421918869,
                    "sd": 0.12663919151482636,
                    "median": 0.6535496413707733,
                    "min": 0.38509851694107056,
                    "q1": 0.5718125849962234,
                    "q3": 0.6815631985664368,
                    "max": 0.7071067690849304
                }
            }
        ]
    },
    "7": {
        "": [
            {
                "segment": {
                    "start": 102,
                    "end": 108
                },
                "radius": {
                    "mean": 1.1380711874576983,
                    "sd": 0.19526214587563503,
                    "median": 1.0,
                    "min": 1.0,
                    "q1": 1.0,
                    "q3": 1.2071067811865475,
                    "max": 1.4142135623730951
                },
                "length": 6.41421365737915,
                "tortuosity": 0.05449020862579346,
                "volume": 26.09949785641719,
                "curvature": {
                    "mean": 0.6340506076812744,
                    "sd": 0.0,
                    "median": 0.6340506076812744,
                    "min": 0.6340506076812744,
                    "q1": 0.6340506076812744,
                    "q3": 0.6340506076812744,
                    "max": 0.6340506076812744
                }
            }
        ]
    }
}