{
    "1": {
        "": [
            {
                "segment": {
                    "start": 87,
                    "end": 32
                },
                "radius": {
                    "mean": 1.0,
                    "sd": 0.0,
                    "median": 1.0,
                    "min": 1.0,
                    "q1": 1.0,
                    "q3": 1.0,
                    "max": 1.0
                },
                "length": 64.53031921386719,
                "tortuosity": 0.3047748804092407,
                "volume": 202.72797677608943,
                "curvature": {
                    "mean": 0.6619719408060375,
                    "sd": 0.06046489349584878,
                    "median": 0.6340506076812744,
                    "min": 0.6340506076812744,
                    "q1": 0.6340506076812744,
                    "q3": 0.6730486750602722,
                    "max": 0.8989794254302979
                }
            }
        ]
    },
    "2": {
        "": [
            {
                "segment": {
                    "start": 158,
                    "end": 185
                },
                "radius": {
                    "mean": 1.0282418337981658,
                    "sd": 0.10440569624883424,
                    "median": 1.0,
                    "min": 1.0,
                    "q1": 1.0,
                    "q3": 1.0,
                    "max": 1.4142135623730951
                },
                "length": 54.53031539916992,
                "tortuosity": 0.21994507312774658,
                "volume": 181.12500916329108,
                "curvature": {
                    "mean": 0.6440995212258964,
                    "sd": 0.11111818200965795,
                    "median": 0.6340506076812744,
                    "min": 0.38509851694107056,
                    "q1": 0.6340506076812744,
                    "q3": 0.6730486750602722,
                    "max": 1.0
                }
            }
        ]
    },
    "3": {
        "": [
            {
                "segment": {
                    "start": 159,
                    "end": 181
                },
                "radius": {
                    "mean": 1.1656854249492379,
                    "sd": 0.20292237447091535,
                    "median": 1.0,
                    "min": 1.0,
                    "q1": 1.0,
                    "q3": 1.4142135623730951,
                    "max": 1.4142135623730951
                },
                "length": 10.217331886291504,
                "tortuosity": 0.23002231121063232,
                "volume": 43.6164290247491,
                "curvature": {
                    "mean": 0.7710643212000529,
                    "sd": 0.09044963761739024,
                    "median": 0.7071067690849304,
                    "min": 0.7071067690849304,
                    "q1": 0.7071067690849304,
                    "q3": 0.8030430972576141,
                    "max": 0.8989794254302979
                }
            }
        ]
    },
    "4": {
        "": [
            {
                "segment": {
                    "start": 161,
                    "end": 173
                },
                "radius": {
                    "mean": 1.0,
                    "sd": 0.0,
                    "median": 1.0,
                    "min": 1.0,
                    "q1": 1.0,
                    "q3": 1.0,
                    "max": 1.0
                },
                "length": 8.29252815246582,
                "tortuosity": 0.22266662120819092,
                "volume": 26.051745523473162,
                "curvature": {
                    "mean": 0.6076590299606324,
                    "sd": 0.1123005916181084,
                    "median": 0.6730486750602722,
                    "min": 0.38509851694107056,
                    "q1": 0.6340506076812744,
                    "q3": 0.6730486750602722,
                    "max": 0.6730486750602722
                }
            }
        ]
    },
    "5": {
        "": [
            {
                "segment": {
                    "start": 151,
                    "end": 90
                },
                "radius": {
                    "mean": 1.2071067811865477,
                    "sd": 0.20710678118654754,
                    "median": 1.2071067811865475,
                    "min": 1.0,
                    "q1": 1.0,
                    "q3": 1.4142135623730951,
                    "max": 1.4142135623730951
                },
                "length": 15.902894973754883,
                "tortuosity": 0.21969640254974365,
                "volume": 72.7976638883788,
                "curvature": {
                    "mean": 0.6266878917813301,
                    "sd": 0.09450080508748322,
                    "median": 0.6535496413707733,
                    "min": 0.38509851694107056,
                    "q1": 0.6340506076812744,
                    "q3": 0.6730486750602722,
                    "max": 0.7071067690849304
                }
            }
        ]
    },
    "6": {
        "": [
            {
                "segment": {
                    "start": 160,
                    "end": 172
                },
                "radius": {
                    "mean": 1.0,
                    "sd": 0.0,
                    "median": 1.0,
                    "min": 1.0,
                    "q1": 1.0,
                    "q3": 1.0,
                    "max": 1.0
                },
                "length": 1.7320507764816284,
                "tortuosity": 0.0,
                "volume": 5.441397995039181,
                "curvature": {
                    "mean": 0.0,
                    "sd": 0.0,
                    "median": 0.0,
                    "min": 0.0,
                    "q1": 0.0,
                    "q3": 0.0,
                    "max": 0.0
                }
            }
        ]
    },
    "7": {
        "": [
            {
                "segment": {
                    "start": 176,
                    "end": 191
                },
                "radius": {
                    "mean": 1.0,
                    "sd": 0.0,
                    "median": 1.0,
                    "min": 1.0,
                    "q1": 1.0,
                    "q3": 1.0,
                    "max": 1.0
                },
                "length": 10.706742286682129,
                "tortuosity": 0.18963801860809326,
                "volume": 33.636222911719756,
                "curvature": {
                    "mean": 0.5990582704544067,
                    "sd": 0.09673952204728477,
                    "median": 0.6340506076812744,
                    "min": 0.38509851694107056,
                    "q1": 0.6340506076812744,
                    "q3": 0.6340506076812744,
                    "max": 0.6730486750602722
                }
            }
        ]
    },
    "8": {
        "": [
            {
                "segment": {
                    "start": 197,
                    "end": 224
                },
                "radius": {
                    "mean": 1.1656854249492379,
                    "sd": 0.20292237447091535,
                    "median": 1.0,
                    "min": 1.0,
                    "q1": 1.0,
                    "q3": 1.4142135623730951,
                    "max": 1.4142135623730951
                },
                "length": 5.5604777336120605,
                "tortuosity": 0.24336063861846924,
                "volume": 23.736938871212153,
                "curvature": {
                    "mean": 0.6714020172754923,
                    "sd": 0.029847772570767504,
                    "median": 0.6730486750602722,
                    "min": 0.6340506076812744,
                    "q1": 0.6535496413707733,
                    "q3": 0.6900777220726013,
                    "max": 0.7071067690849304
                }
            }
        ]
    },