{
    "1": {
        "": [
            {
                "segment": {
                    "start": 22,
                    "end": 2
                },
                "radius": {
                    "mean": 1.1656854249492379,
                    "sd": 0.20292237447091535,
                    "median": 1.0,
                    "min": 1.0,
                    "q1": 1.0,
                    "q3": 1.4142135623730951,
                    "max": 1.4142135623730951
                },
                "length": 4.828427314758301,
                "tortuosity": 0.13807129859924316,
                "volume": 20.61191313143832,
                "curvature": {
                    "mean": 0.6340506076812744,
                    "sd": 0.0,
                    "median": 0.6340506076812744,
                    "min": 0.6340506076812744,
                    "q1": 0.6340506076812744,
                    "q3": 0.6340506076812744,
                    "max": 0.6340506076812744
                }
            }
        ]
    },
    "2": {
        "": [
            {
                "segment": {
                    "start": 22,
                    "end": 30
                },
                "radius": {
                    "mean": 1.0690355937288492,
                    "sd": 0.154368280444765,
                    "median": 1.0,
                    "min": 1.0,
                    "q1": 1.0,
                    "q3": 1.0,
                    "max": 1.4142135623730951
                },
                "length": 6.974691390991211,
                "tortuosity": 0.19614970684051514,
                "volume": 25.04143425401072,
                "curvature": {
                    "mean": 0.5278386026620865,
                    "sd": 0.14505820353059184,
                    "median": 0.5095745623111725,
                    "min": 0.38509851694107056,
                    "q1": 0.38509851694107056,
                    "q3": 0.6523146480321884,
                    "max": 0.7071067690849304
                }
            }
        ]
    },
    "3": {
        "": [
            {
                "segment": {
                    "start": 78,
                    "end": 107
                },
                "radius": {
                    "mean": 1.1380711874576983,
                    "sd": 0.19526214587563503,
                    "median": 1.0,
                    "min": 1.0,
                    "q1": 1.0,
                    "q3": 1.4142135623730951,
                    "max": 1.4142135623730951
                },
                "length": 9.878314971923828,
                "tortuosity": 0.1257385015487671,
                "volume": 40.194959851101174,
                "curvature": {
                    "mean": 0.6010611355304718,
                    "sd": 0.12468607597748729,
                    "median": 0.6730486750602722,
                    "min": 0.38509851694107056,
                    "q1": 0.6010611355304718,
                    "q3": 0.6730486750602722,
                    "max": 0.6730486750602722
                }
            }
        ]
    },
    "4": {
        "": [
            {
                "segment": {
                    "start": 78,
                    "end": 68
                },
                "radius": {
                    "mean": 1.0345177968644246,
                    "sd": 0.11448258078900249,
                    "median": 1.0,
                    "min": 1.0,
                    "q1": 1.0,
                    "q3": 1.0,
                    "max": 1.4142135623730951
                },
                "length": 13.071067810058594,
                "tortuosity": 0.16446328163146973,
                "volume": 43.94777302825349,
                "curvature": {
                    "mean": 0.644487202167511,
                    "sd": 0.025564331143623956,
                    "median": 0.6340506076812744,
                    "min": 0.6340506076812744,
                    "q1": 0.6340506076812744,
                    "q3": 0.6340506076812744,
                    "max": 0.7071067690849304
                }
            }
        ]
    },
    "5": {
        "": [
            {
                "segment": {
                    "start": 69,
                    "end": 74
                },
                "radius": {
                    "mean": 1.0,
                    "sd": 0.0,
                    "median": 1.0,
                    "min": 1.0,
                    "q1": 1.0,
                    "q3": 1.0,
                    "max": 1.0
                },
                "length": 5.0,
                "tortuosity": 0.0,
                "volume": 15.707963267948966,
                "curvature": {
                    "mean": 0.0,
                    "sd": 0.0,
                    "median": 0.0,
                    "min": 0.0,
                    "q1": 0.0,
                    "q3": 0.0,
                    "max": 0.0
                }
            }
        ]
    },
    "6": {
        "": [
            {
                "segment": {
                    "start": 106,
                    "end": 137
                },
                "radius": {
                    "mean": 1.624239770116628,
                    "sd": 0.3085101335528814,
                    "median": 1.4142135623730951,
                    "min": 1.0,
                    "q1": 1.4142135623730951,
                    "q3": 2.0,
                    "max": 2.0
                },
                "length": 20.46337127685547,
                "tortuosity": 0.3522576093673706,
                "volume": 169.60058148461894,
                "curvature": {
                    "mean": 0.54940793911616,
                    "sd": 0.14003979823426754,
                    "median": 0.6340506076812744,
                    "min": 0.38509851694107056,
                    "q1": 0.38509851694107056,
                    "q3": 0.6730486750602722,
                    "max": 0.7071067690849304
                }
            }
        ]
    },
    "7": {
        "": [
            {
                "segment": {
                    "start": 96,
                    "end": 65
                },
                "radius": {
                    "mean": 1.0,
                    "sd": 0.0,
                    "median": 1.0,
                    "min": 1.0,
                    "q1": 1.0,
                    "q3": 1.0,
                    "max": 1.0
                },
                "length": 6.560478210449219,
                "tortuosity": 0.5050768852233887,
                "volume": 20.61035014998318,
                "curvature": {
                    "mean": 0.6620641648769379,
                    "sd": 0.03049186133755637,
                    "median": 0.6535496413707733,
                    "min": 0.6340506076812744,
                    "q1": 0.6340506076812744,
                    "q3": 0.6815631985664368,
                    "max": 0.7071067690849304
                }
            }
        ]
    },
    "8": {
        "": [
            {
                "segment": {
                    "start": 137,
                    "end": 151
                },
                "radius": {
                    "mean": 1.1010152544552212,
                    "sd": 0.2710713839031898,
                    "median": 1.0,
                    "min": 1.0,
                    "q1": 1.0,
                    "q3": 1.0,
                    "max": 2.0
                },
                "length": 15.071067810058594,
                "tortuosity": 0.11714184284210205,
                "volume": 57.39586016258629,
                "curvature": {
                    "mean": 0.6431826278567314,
                    "sd": 0.024161054351883652,
                    "median": 0.6340506076812744,
                    "min": 0.6340506076812744,
                    "q1": 0.6340506076812744,
                    "q3": 0.6340506076812744,
                    "max": 0.7071067690849304
                }
            }
        ]
    },