{
    "1": {
        "": [
            {
                "segment": {
                    "start": 20,
                    "end": 35
                },
                "radius": {
                    "mean": 1.0690355937288492,
                    "sd": 0.154368280444765,
                    "median": 1.0,
                    "min": 1.0,
                    "q1": 1.0,
                    "q3": 1.0,
                    "max": 1.4142135623730951
                },
                "length": 6.974691390991211,
                "tortuosity": 0.19614970684051514,
                "volume": 25.04143425401072,
                "curvature": {
                    "mean": 0.5278386026620865,
                    "sd": 0.14505820353059184,
                    "median": 0.5095745623111725,
                    "min": 0.38509851694107056,
                    "q1": 0.38509851694107056,
                    "q3": 0.6523146480321884,
                    "max": 0.7071067690849304
                }
            }
        ]
    },
    "2": {
        "": [
            {
                "segment": {
                    "start": 69,
                    "end": 94
                },
                "radius": {
                    "mean": 1.165685424949238,
                    "sd": 0.20292237447091535,
                    "median": 1.0,
                    "min": 1.0,
                    "q1": 1.0,
                    "q3": 1.4142135623730951,
                    "max": 1.4142135623730951
                },
                "length": 10.878314971923828,
                "tortuosity": 0.12201249599456787,
                "volume": 46.438077784120686,
                "curvature": {
                    "mean": 0.6652490615844726,
                    "sd": 0.015599226951599121,
                    "median": 0.6730486750602722,
                    "min": 0.6340506076812744,
                    "q1": 0.6730486750602722,
                    "q3": 0.6730486750602722,
                    "max": 0.6730486750602722
                }
            }
        ]
    },
    "3": {
        "": [
            {
                "segment": {
                    "start": 69,
                    "end": 64
                },
                "radius": {
                    "mean": 1.0345177968644246,
                    "sd": 0.11448258078900249,
                    "median": 1.0,
                    "min": 1.0,
                    "q1": 1.0,
                    "q3": 1.0,
                    "max": 1.4142135623730951
                },
                "length": 13.071066856384277,
                "tortuosity": 0.16446328163146973,
                "volume": 43.94776982179301,
                "curvature": {
                    "mean": 0.658402661482493,
                    "sd": 0.03443900475732273,
                    "median": 0.6340506076812744,
                    "min": 0.6340506076812744,
                    "q1": 0.6340506076812744,
                    "q3": 0.6888427287340164,
                    "max": 0.7071067690849304
                }
            }
        ]
    },
    "4": {
        "": [
            {
                "segment": {
                    "start": 94,
                    "end": 125
                },
                "radius": {
                    "mean": 1.6666180694760657,
                    "sd": 0.298413935938888,
                    "median": 1.7320508075688772,
                    "min": 1.0,
                    "q1": 1.4142135623730951,
                    "q3": 2.0,
                    "max": 2.0
                },
                "length": 20.14553451538086,
                "tortuosity": 0.2950040102005005,
                "volume": 175.7927013476836,
                "curvature": {
                    "mean": 0.5461581001679102,
                    "sd": 0.13756342579354675,
                    "median": 0.6340506076812744,
                    "min": 0.38509851694107056,
                    "q1": 0.38509851694107056,
                    "q3": 0.6730486750602722,
                    "max": 0.7071067690849304
                }
            }
        ],
        " bifurcation": [
            {
                "bifurcation": {
                    "midpoint": 125,
                    "dist_angle": 2.0,
                    "points_angle": [
                        135,
                        121,
                        125
                    ]
                },
                "angles": {
                    "seg1/seg2": 90.0,
                    "seg1/seg3": 0.01978234015405178,
                    "seg2/seg3": 90.0
                }
            }
        ]
    },
    "5": {
        "": [
            {
                "segment": {
                    "start": 125,
                    "end": 155
                },
                "radius": {
                    "mean": 1.2985805776412715,
                    "sd": 0.42468241079602986,
                    "median": 1.0,
                    "min": 1.0,
                    "q1": 1.0,
                    "q3": 1.4142135623730951,
                    "max": 2.23606797749979
                },
                "length": 17.024580001831055,
                "tortuosity": 0.15837597846984863,
                "volume": 90.19118339997608,
                "curvature": {
                    "mean": 0.6723429645810809,
                    "sd": 0.019556938253382197,
                    "median": 0.6730486750602722,
                    "min": 0.6340506076812744,
                    "q1": 0.6730486750602722,
                    "q3": 0.6730486750602722,
                    "max": 0.7071067690849304
                }
            }
        ],
        " bifurcation": [
            {
                "bifurcation": {
                    "midpoint": 155,
                    "dist_angle": 2.0,
                    "points_angle": [
                        158,
                        155,
                        159
                    ]
                },
                "angles": {
                    "seg1/seg2": 90.0,
                    "seg1/seg3": 35.2643928527832,
                    "seg2/seg3": 125.2643814086914
                }
            }
        ]
    },
    "6": {
        "": [
            {
                "segment": {
                    "start": 125,
                    "end": 141
                },
                "radius": {
                    "mean": 1.121895141649746,
                    "sd": 0.27328487787660277,
                    "median": 1.0,
                    "min": 1.0,
                    "q1": 1.0,
                    "q3": 1.0,
                    "max": 2.0
                },
                "length": 17.120956420898438,
                "tortuosity": 0.16493356227874756,
                "volume": 67.69902735953207,
                "curvature": {
                    "mean": 0.6714442703458998,
                    "sd": 0.08177704259869206,
                    "median": 0.6340506076812744,
                    "min": 0.6340506076812744,
                    "q1": 0.6340506076812744,
                    "q3": 0.6666666865348816,
                    "max": 0.8989794254302979
                }
            }
        ]
    },
    "7": {
        "": [
            {
                "segment": {
                    "start": 155,
                    "end": 118
                },
                "radius": {
                    "mean": 1.0318625817210074,
                    "sd": 0.11037522080220015,
                    "median": 1.0,
                    "min": 1.0,
                    "q1": 1.0,
                    "q3": 1.0,
                    "max": 1.4142135623730951
                },
                "length": 16.045757293701172,
                "tortuosity": 0.34653007984161377,
                "volume": 53.67274653121967,
                "curvature": {
                    "mean": 0.6687103835019198,
                    "sd": 0.115063672054645,
                    "median": 0.7071067690849304,