{
    "1": {
        "": [
            {
                "segment": {
                    "start": 2,
                    "end": 8
                },
                "radius": {
                    "mean": 1.0,
                    "sd": 0.0,
                    "median": 1.0,
                    "min": 1.0,
                    "q1": 1.0,
                    "q3": 1.0,
                    "max": 1.0
                },
                "length": 6.41421365737915,
                "tortuosity": 0.05449020862579346,
                "volume": 20.150846504577657,
                "curvature": {
                    "mean": 0.6340506076812744,
                    "sd": 0.0,
                    "median": 0.6340506076812744,
                    "min": 0.6340506076812744,
                    "q1": 0.6340506076812744,
                    "q3": 0.6340506076812744,
                    "max": 0.6340506076812744
                }
            }
        ]
    },
    "2": {
        "": [
            {
                "segment": {
                    "start": 5,
                    "end": 14
                },
                "radius": {
                    "mean": 1.0,
                    "sd": 0.0,
                    "median": 1.0,
                    "min": 1.0,
                    "q1": 1.0,
                    "q3": 1.0,
                    "max": 1.0
                },
                "length": 5.41421365737915,
                "tortuosity": 0.06181466579437256,
                "volume": 17.009253850987864,
                "curvature": {
                    "mean": 0.6340506076812744,
                    "sd": 0.0,
                    "median": 0.6340506076812744,
                    "min": 0.6340506076812744,
                    "q1": 0.6340506076812744,
                    "q3": 0.6340506076812744,
                    "max": 0.6340506076812744
                }
            }
        ]
    },
    "3": {
        "": [
            {
                "segment": {
                    "start": 19,
                    "end": 24
                },
                "radius": {
                    "mean": 1.0,
                    "sd": 0.0,
                    "median": 1.0,
                    "min": 1.0,
                    "q1": 1.0,
                    "q3": 1.0,
                    "max": 1.0
                },
                "length": 5.146264553070068,
                "tortuosity": 0.12300693988800049,
                "volume": 16.167466913354488,
                "curvature": {
                    "mean": 0.6535496413707733,
                    "sd": 0.0194990336894989,
                    "median": 0.6535496413707733,
                    "min": 0.6340506076812744,
                    "q1": 0.6438001245260239,
                    "q3": 0.6632991582155228,
                    "max": 0.6730486750602722
                }
            }
        ]
    },
    "4": {
        "": [
            {
                "segment": {
                    "start": 25,
                    "end": 31
                },
                "radius": {
                    "mean": 1.0,
                    "sd": 0.0,
                    "median": 1.0,
                    "min": 1.0,
                    "q1": 1.0,
                    "q3": 1.0,
                    "max": 1.0
                },
                "length": 6.560478210449219,
                "tortuosity": 0.14203262329101562,
                "volume": 20.61035014998318,
                "curvature": {
                    "mean": 0.6470499634742737,
                    "sd": 0.018383865264572825,
                    "median": 0.6340506076812744,
                    "min": 0.6340506076812744,
                    "q1": 0.6340506076812744,
                    "q3": 0.6535496413707733,
                    "max": 0.6730486750602722
                }
            }
        ]
    },
    "5": {
        "": [
            {
                "segment": {
                    "start": 32,
                    "end": 33
                },
                "radius": {
                    "mean": 1.0,
                    "sd": 0.0,
                    "median": 1.0,
                    "min": 1.0,
                    "q1": 1.0,
                    "q3": 1.0,
                    "max": 1.0
                },
                "length": 1.0,
                "tortuosity": 0.0,
                "volume": 3.141592653589793,
                "curvature": {
                    "mean": 0.0,
                    "sd": 0.0,
                    "median": 0.0,
                    "min": 0.0,
                    "q1": 0.0,
                    "q3": 0.0,
                    "max": 0.0
                }
            }
        ]
    }
}