{
    "1": {
        "": [
            {
                "segment": {
                    "start": 0,
                    "end": 7
                },
                "radius": {
                    "mean": 1.0,
                    "sd": 0.0,
                    "median": 1.0,
                    "min": 1.0,
                    "q1": 1.0,
                    "q3": 1.0,
                    "max": 1.0
                },
                "length": 8.242640495300293,
                "tortuosity": 0.1216813325881958,
                "volume": 25.895018826217132,
                "curvature": {
                    "mean": 0.6340506076812744,
                    "sd": 0.0,
                    "median": 0.6340506076812744,
                    "min": 0.6340506076812744,
                    "q1": 0.6340506076812744,
                    "q3": 0.6340506076812744,
                    "max": 0.6340506076812744
                }
            }
        ]
    },
    "2": {
        "": [
            {
                "segment": {
                    "start": 43,
                    "end": 49
                },
                "radius": {
                    "mean": 1.0591733660532994,
                    "sd": 0.14494455319351096,
                    "median": 1.0,
                    "min": 1.0,
                    "q1": 1.0,
                    "q3": 1.0,
                    "max": 1.4142135623730951
                },
                "length": 8.388904571533203,
                "tortuosity": 0.2368764877319336,
                "volume": 29.565772426225223,
                "curvature": {
                    "mean": 0.6212822675704956,
                    "sd": 0.1211257574881305,
                    "median": 0.6730486750602722,
                    "min": 0.38509851694107056,
                    "q1": 0.6340506076812744,
                    "q3": 0.7071067690849304,
                    "max": 0.7071067690849304
                }
            }
        ]
    },
    "3": {
        "": [
            {
                "segment": {
                    "start": 39,
                    "end": 29
                },
                "radius": {
                    "mean": 1.2803118619434355,
                    "sd": 0.24657967508887263,
                    "median": 1.4142135623730951,
                    "min": 1.0,
                    "q1": 1.0,
                    "q3": 1.4142135623730951,
                    "max": 1.7320508075688772
                },
                "length": 13.170844078063965,
                "tortuosity": 0.25579071044921875,
                "volume": 67.82581477121178,
                "curvature": {
                    "mean": 0.692920096218586,
                    "sd": 0.15187433846912698,
                    "median": 0.6730486750602722,
                    "min": 0.38509851694107056,
                    "q1": 0.6632991582155228,
                    "q3": 0.7550749331712723,
                    "max": 0.8989794254302979
                }
            }
        ]
    },
    "4": {
        "": [
            {
                "segment": {
                    "start": 52,
                    "end": 58
                },
                "radius": {
                    "mean": 1.0,
                    "sd": 0.0,
                    "median": 1.0,
                    "min": 1.0,
                    "q1": 1.0,
                    "q3": 1.0,
                    "max": 1.0
                },
                "length": 8.292529106140137,
                "tortuosity": 0.1284703016281128,
                "volume": 26.051748519529387,
                "curvature": {
                    "mean": 0.5998594164848328,
                    "sd": 0.10878754912705246,
                    "median": 0.6340506076812744,
                    "min": 0.38509851694107056,
                    "q1": 0.6340506076812744,
                    "q3": 0.6730486750602722,
                    "max": 0.6730486750602722
                }
            }
        ]
    },
    "5": {
        "": [
            {
                "segment": {
                    "start": 10,
                    "end": 21
                },
                "radius": {
                    "mean": 1.0,
                    "sd": 0.0,
                    "median": 1.0,
                    "min": 1.0,
                    "q1": 1.0,
                    "q3": 1.0,
                    "max": 1.0
                },
                "length": 11.828426361083984,
                "tortuosity": 0.06653332710266113,
                "volume": 37.160097359509294,
                "curvature": {
                    "mean": 0.6340506076812744,
                    "sd": 0.0,
                    "median": 0.6340506076812744,
                    "min": 0.6340506076812744,
                    "q1": 0.6340506076812744,
                    "q3": 0.6340506076812744,
                    "max": 0.6340506076812744
                }
            }
        ]
    },
    "6": {
        "": [
            {
                "segment": {
                    "start": 22,
                    "end": 23
                },
                "radius": {
                    "mean": 1.0,
                    "sd": 0.0,
                    "median": 1.0,
                    "min": 1.0,
                    "q1": 1.0,
                    "q3": 1.0,
                    "max": 1.0
                },
                "length": 1.7320507764816284,
                "tortuosity": 0.0,
                "volume": 5.441397995039181,
                "curvature": {
                    "mean": 0.0,
                    "sd": 0.0,
                    "median": 0.0,
                    "min": 0.0,
                    "q1": 0.0,
                    "q3": 0.0,
                    "max": 0.0
                }
            }
        ]
    },
    "7": {
        "": [
            {
                "segment": {
                    "start": 24,
                    "end": 28
                },
                "radius": {
                    "mean": 1.0,
                    "sd": 0.0,
                    "median": 1.0,
                    "min": 1.0,
                    "q1": 1.0,
                    "q3": 1.0,
                    "max": 1.0
                },
                "length": 5.242640495300293,
                "tortuosity": 0.048528075218200684,
                "volume": 16.470240865447753,
                "curvature": {
                    "mean": 0.6340506076812744,
                    "sd": 0.0,
                    "median": 0.6340506076812744,
                    "min": 0.6340506076812744,
                    "q1": 0.6340506076812744,
                    "q3": 0.6340506076812744,
                    "max": 0.6340506076812744
                }
            }
        ]
    },
    "8": {
        "": [
            {
                "segment": {
                    "start": 59,
                    "end": 60
                },
                "radius": {
                    "mean": 1.0,
                    "sd": 0.0,
                    "median": 1.0,
                    "min": 1.0,
                    "q1": 1.0,
                    "q3": 1.0,
                    "max": 1.0
                },
                "length": 1.0,
                "tortuosity": 0.0,
                "volume": 3.141592653589793,
                "curvature": {
                    "mean": 0.0,
                    "sd": 0.0,
                    "median": 0.0,
                    "min": 0.0,
                    "q1": 0.0,
                    "q3": 0.0,
                    "max": 0.0
                }
            }
        ]
    }
}