{
    "1": {
        "": [
            {
                "segment": {
                    "start": 38,
                    "end": 8
                },
                "radius": {
                    "mean": 1.1129673351926623,
                    "sd": 0.18447488588265032,
                    "median": 1.0,
                    "min": 1.0,
                    "q1": 1.0,
                    "q3": 1.4142135623730951,
                    "max": 1.4142135623730951
                },
                "length": 36.14213562011719,
                "tortuosity": 0.12396705150604248,
                "volume": 140.6463676430221,
                "curvature": {
                    "mean": 0.6843602918088436,
                    "sd": 0.12059179312967194,
                    "median": 0.6340506076812744,
                    "min": 0.6340506076812744,
                    "q1": 0.6340506076812744,
                    "q3": 0.6340506076812744,
                    "max": 1.0
                }
            }
        ]
    },
    "2": {
        "": [
            {
                "segment": {
                    "start": 101,
                    "end": 159
                },
                "radius": {
                    "mean": 1.0,
                    "sd": 0.0,
                    "median": 1.0,
                    "min": 1.0,
                    "q1": 1.0,
                    "q3": 1.0,
                    "max": 1.0
                },
                "length": 9.414213180541992,
                "tortuosity": 0.03962588310241699,
                "volume": 29.575622967318925,
                "curvature": {
                    "mean": 0.6340506076812744,
                    "sd": 0.0,
                    "median": 0.6340506076812744,
                    "min": 0.6340506076812744,
                    "q1": 0.6340506076812744,
                    "q3": 0.6340506076812744,
                    "max": 0.6340506076812744
                }
            }
        ]
    },
    "3": {
        "": [
            {
                "segment": {
                    "start": 113,
                    "end": 54
                },
                "radius": {
                    "mean": 1.0082842712474618,
                    "sd": 0.05798989873223332,
                    "median": 1.0,
                    "min": 1.0,
                    "q1": 1.0,
                    "q3": 1.0,
                    "max": 1.4142135623730951
                },
                "length": 60.6553955078125,
                "tortuosity": 0.3367224931716919,
                "volume": 193.72483359963266,
                "curvature": {
                    "mean": 0.6838711649179459,
                    "sd": 0.08845404929889616,
                    "median": 0.6340506076812744,
                    "min": 0.6340506076812744,
                    "q1": 0.6340506076812744,
                    "q3": 0.6730486750602722,
                    "max": 0.9428090453147888
                }
            }
        ]
    },
    "4": {
        "": [
            {
                "segment": {
                    "start": 171,
                    "end": 200
                },
                "radius": {
                    "mean": 1.0218007138091103,
                    "sd": 0.09249259541477448,
                    "median": 1.0,
                    "min": 1.0,
                    "q1": 1.0,
                    "q3": 1.0,
                    "max": 1.4142135623730951
                },
                "length": 47.9698371887207,
                "tortuosity": 0.23816323280334473,
                "volume": 157.34412101236197,
                "curvature": {
                    "mean": 0.6630992453831893,
                    "sd": 0.09014702786855003,
                    "median": 0.6535496413707733,
                    "min": 0.38509851694107056,
                    "q1": 0.6340506076812744,
                    "q3": 0.6730486750602722,
                    "max": 1.0
                }
            }
        ]
    },
    "5": {
        "": [
            {
                "segment": {
                    "start": 172,
                    "end": 204
                },
                "radius": {
                    "mean": 1.0753115567951081,
                    "sd": 0.15975993753461046,
                    "median": 1.0,
                    "min": 1.0,
                    "q1": 1.0,
                    "q3": 1.0,
                    "max": 1.4142135623730951
                },
                "length": 16.045757293701172,
                "tortuosity": 0.20268034934997559,
                "volume": 58.28794152967971,
                "curvature": {
                    "mean": 0.7700487077236176,
                    "sd": 0.1324943971261601,
                    "median": 0.7071067690849304,
                    "min": 0.6340506076812744,
                    "q1": 0.6815631985664368,
                    "q3": 0.851011261343956,
                    "max": 1.0
                }
            }
        ]
    },
    "6": {
        "": [
            {
                "segment": {
                    "start": 173,
                    "end": 122
                },
                "radius": {
                    "mean": 1.1840949166102643,
                    "sd": 0.2058243739263533,
                    "median": 1.0,
                    "min": 1.0,
                    "q1": 1.0,
                    "q3": 1.4142135623730951,
                    "max": 1.4142135623730951
                },
                "length": 11.438793182373047,
                "tortuosity": 0.1861475706100464,
                "volume": 50.38521474445728,
                "curvature": {
                    "mean": 0.5384991594723293,
                    "sd": 0.133664064081008,
                    "median": 0.6340506076812744,
                    "min": 0.38509851694107056,
                    "q1": 0.38509851694107056,
                    "q3": 0.6535496413707733,
                    "max": 0.6730486750602722
                }
            }
        ]
    },
    "7": {
        "": [
            {
                "segment": {
                    "start": 182,
                    "end": 197
                },
                "radius": {
                    "mean": 1.0,
                    "sd": 0.0,
                    "median": 1.0,
                    "min": 1.0,
                    "q1": 1.0,
                    "q3": 1.0,
                    "max": 1.0
                },
                "length": 1.7320507764816284,
                "tortuosity": 0.0,
                "volume": 5.441397995039181,
                "curvature": {
                    "mean": 0.0,
                    "sd": 0.0,
                    "median": 0.0,
                    "min": 0.0,
                    "q1": 0.0,
                    "q3": 0.0,
                    "max": 0.0
                }
            }
        ]
    },
    "8": {
        "": [
            {
                "segment": {
                    "start": 186,
                    "end": 224
                },
                "radius": {
                    "mean": 1.018827889198777,
                    "sd": 0.08628022742963731,
                    "median": 1.0,
                    "min": 1.0,
                    "q1": 1.0,
                    "q3": 1.0,
                    "max": 1.4142135623730951
                },
                "length": 31.12022590637207,
                "tortuosity": 0.8149683475494385,
                "volume": 101.4832257164187,
                "curvature": {
                    "mean": 0.6270407608577183,
                    "sd": 0.11399841749077326,
                    "median": 0.6340506076812744,
                    "min": 0.38509851694107056,
                    "q1": 0.6340506076812744,
                    "q3": 0.6730486750602722,
                    "max": 0.8989794254302979
                }
            }
        ]
    },