{
    "1": {
        "": [
            {
                "segment": {
                    "start": 81,
                    "end": 124
                },
                "radius": {
                    "mean": 1.0,
                    "sd": 0.0,
                    "median": 1.0,
                    "min": 1.0,
                    "q1": 1.0,
                    "q3": 1.0,
                    "max": 1.0
                },
                "length": 8.414213180541992,
                "tortuosity": 0.043654680252075195,
                "volume": 26.43403031372913,
                "curvature": {
                    "mean": 0.6340506076812744,
                    "sd": 0.0,
                    "median": 0.6340506076812744,
                    "min": 0.6340506076812744,
                    "q1": 0.6340506076812744,
                    "q3": 0.6340506076812744,
                    "max": 0.6340506076812744
                }
            }
        ]
    },
    "2": {
        "": [
            {
                "segment": {
                    "start": 74,
                    "end": 41
                },
                "radius": {
                    "mean": 1.0,
                    "sd": 0.0,
                    "median": 1.0,
                    "min": 1.0,
                    "q1": 1.0,
                    "q3": 1.0,
                    "max": 1.0
                },
                "length": 51.87345886230469,
                "tortuosity": 0.35712575912475586,
                "volume": 162.96527727810874,
                "curvature": {
                    "mean": 0.6913800527309549,
                    "sd": 0.10554821474899304,
                    "median": 0.6340506076812744,
                    "min": 0.6340506076812744,
                    "q1": 0.6340506076812744,
                    "q3": 0.6730486750602722,
                    "max": 1.0
                }
            }
        ]
    },
    "3": {
        "": [
            {
                "segment": {
                    "start": 138,
                    "end": 159
                },
                "radius": {
                    "mean": 1.082842712474619,
                    "sd": 0.16568542494923807,
                    "median": 1.0,
                    "min": 1.0,
                    "q1": 1.0,
                    "q3": 1.0,
                    "max": 1.4142135623730951
                },
                "length": 11.803117752075195,
                "tortuosity": 0.2173985242843628,
                "volume": 43.47878192683587,
                "curvature": {
                    "mean": 0.8015196770429611,
                    "sd": 0.1528426713160946,
                    "median": 0.786014050245285,
                    "min": 0.6340506076812744,
                    "q1": 0.6632991582155228,
                    "q3": 0.9242345690727234,
                    "max": 1.0
                }
            }
        ]
    },
    "4": {
        "": [
            {
                "segment": {
                    "start": 137,
                    "end": 128
                },
                "radius": {
                    "mean": 1.0,
                    "sd": 0.0,
                    "median": 1.0,
                    "min": 1.0,
                    "q1": 1.0,
                    "q3": 1.0,
                    "max": 1.0
                },
                "length": 39.409358978271484,
                "tortuosity": 0.19807982444763184,
                "volume": 123.80815264882065,
                "curvature": {
                    "mean": 0.6255378974111456,
                    "sd": 0.08680031057915547,
                    "median": 0.6340506076812744,
                    "min": 0.38509851694107056,
                    "q1": 0.6340506076812744,
                    "q3": 0.6730486750602722,
                    "max": 0.7071067690849304
                }
            }
        ]
    },
    "5": {
        "": [
            {
                "segment": {
                    "start": 149,
                    "end": 86
                },
                "radius": {
                    "mean": 1.1035533905932737,
                    "sd": 0.17935973380357526,
                    "median": 1.0,
                    "min": 1.0,
                    "q1": 1.0,
                    "q3": 1.1035533905932737,
                    "max": 1.4142135623730951
                },
                "length": 15.68143367767334,
                "tortuosity": 0.1991891860961914,
                "volume": 59.99600562682854,
                "curvature": {
                    "mean": 0.5529808104038239,
                    "sd": 0.1394204821132736,
                    "median": 0.6340506076812744,
                    "min": 0.38509851694107056,
                    "q1": 0.38509851694107056,
                    "q3": 0.6632991582155228,
                    "max": 0.7071067690849304
                }
            }
        ]
    },
    "6": {
        "": [
            {
                "segment": {
                    "start": 149,
                    "end": 162
                },
                "radius": {
                    "mean": 1.0,
                    "sd": 0.0,
                    "median": 1.0,
                    "min": 1.0,
                    "q1": 1.0,
                    "q3": 1.0,
                    "max": 1.0
                },
                "length": 9.803117752075195,
                "tortuosity": 0.24499726295471191,
                "volume": 30.79740271219512,
                "curvature": {
                    "mean": 0.613482654094696,
                    "sd": 0.11877402523135651,
                    "median": 0.6340506076812744,
                    "min": 0.38509851694107056,
                    "q1": 0.6340506076812744,
                    "q3": 0.7071067690849304,
                    "max": 0.7071067690849304
                }
            }
        ]
    },
    "7": {
        "": [
            {
                "segment": {
                    "start": 165,
                    "end": 176
                },
                "radius": {
                    "mean": 1.0828427124746192,
                    "sd": 0.16568542494923805,
                    "median": 1.0,
                    "min": 1.0,
                    "q1": 1.0,
                    "q3": 1.0,
                    "max": 1.4142135623730951
                },
                "length": 13.120955467224121,
                "tortuosity": 0.21825015544891357,
                "volume": 48.33326019566836,
                "curvature": {
                    "mean": 0.6676177846060859,
                    "sd": 0.027114990062790657,
                    "median": 0.6730486750602722,
                    "min": 0.6340506076812744,
                    "q1": 0.6340506076812744,
                    "q3": 0.6730486750602722,
                    "max": 0.7071067690849304
                }
            }
        ]
    },
    "8": {
        "": [
            {
                "segment": {
                    "start": 213,
                    "end": 208
                },
                "radius": {
                    "mean": 1.0,
                    "sd": 0.0,
                    "median": 1.0,
                    "min": 1.0,
                    "q1": 1.0,
                    "q3": 1.0,
                    "max": 1.0
                },
                "length": 13.38890552520752,
                "tortuosity": 0.19754016399383545,
                "volume": 42.06248723759973,
                "curvature": {
                    "mean": 0.6427168448766073,
                    "sd": 0.01621304520872611,
                    "median": 0.6340506076812744,
                    "min": 0.6340506076812744,
                    "q1": 0.6340506076812744,
                    "q3": 0.6340506076812744,
                    "max": 0.6730486750602722
                }
            }
        ]
    },