{
    "1": {
        "": [
            {
                "segment": {
                    "start": 11,
                    "end": 0
                },
                "radius": {
                    "mean": 1.0414213562373096,
                    "sd": 0.12426406871192855,
                    "median": 1.0,
                    "min": 1.0,
                    "q1": 1.0,
                    "q3": 1.0,
                    "max": 1.4142135623730951
                },
                "length": 14.949381828308105,
                "tortuosity": 0.16380774974822998,
                "volume": 50.9361441688237,
                "curvature": {
                    "mean": 0.6167761598314557,
                    "sd": 0.1685699395250927,
                    "median": 0.6340506076812744,
                    "min": 0.38509851694107056,
                    "q1": 0.5095745623111725,
                    "q3": 0.6900777220726013,
                    "max": 0.8989794254302979
                }
            }
        ]
    },
    "2": {
        "": [
            {
                "segment": {
                    "start": 53,
                    "end": 24
                },
                "radius": {
                    "mean": 1.2301186457628306,
                    "sd": 0.2058243739263533,
                    "median": 1.4142135623730951,
                    "min": 1.0,
                    "q1": 1.0,
                    "q3": 1.4142135623730951,
                    "max": 1.4142135623730951
                },
                "length": 11.342416763305664,
                "tortuosity": 0.10690653324127197,
                "volume": 53.91994946080868,
                "curvature": {
                    "mean": 0.6652490615844726,
                    "sd": 0.015599226951599121,
                    "median": 0.6730486750602722,
                    "min": 0.6340506076812744,
                    "q1": 0.6730486750602722,
                    "q3": 0.6730486750602722,
                    "max": 0.6730486750602722
                }
            }
        ]
    },
    "3": {
        "": [
            {
                "segment": {
                    "start": 59,
                    "end": 103
                },
                "radius": {
                    "mean": 1.0920474583051323,
                    "sd": 0.17220502615058225,
                    "median": 1.0,
                    "min": 1.0,
                    "q1": 1.0,
                    "q3": 1.0,
                    "max": 1.4142135623730951
                },
                "length": 22.09564971923828,
                "tortuosity": 0.2631242275238037,
                "volume": 82.78271656315991,
                "curvature": {
                    "mean": 0.606477677822113,
                    "sd": 0.14588077684393036,
                    "median": 0.6340506076812744,
                    "min": 0.38509851694107056,
                    "q1": 0.5718125849962234,
                    "q3": 0.6730486750602722,
                    "max": 0.8989794254302979
                }
            }
        ]
    },
    "4": {
        "": [
            {
                "segment": {
                    "start": 55,
                    "end": 30
                },
                "radius": {
                    "mean": 1.1183467321065985,
                    "sd": 0.18712261354731433,
                    "median": 1.0,
                    "min": 1.0,
                    "q1": 1.0,
                    "q3": 1.2071067811865475,
                    "max": 1.4142135623730951
                },
                "length": 7.656854152679443,
                "tortuosity": 0.12894153594970703,
                "volume": 30.085220131328906,
                "curvature": {
                    "mean": 0.6523146480321884,
                    "sd": 0.03163424583927116,
                    "median": 0.6340506076812744,
                    "min": 0.6340506076812744,
                    "q1": 0.6340506076812744,
                    "q3": 0.6523146480321884,
                    "max": 0.7071067690849304
                }
            }
        ]
    },
    "5": {
        "": [
            {
                "segment": {
                    "start": 62,
                    "end": 81
                },
                "radius": {
                    "mean": 1.0,
                    "sd": 0.0,
                    "median": 1.0,
                    "min": 1.0,
                    "q1": 1.0,
                    "q3": 1.0,
                    "max": 1.0
                },
                "length": 7.974691867828369,
                "tortuosity": 0.13924169540405273,
                "volume": 25.05323338661187,
                "curvature": {
                    "mean": 0.5842601895332337,
                    "sd": 0.09958083629608154,
                    "median": 0.6340506076812744,
                    "min": 0.38509851694107056,
                    "q1": 0.6340506076812744,
                    "q3": 0.6340506076812744,
                    "max": 0.6340506076812744
                }
            }
        ]
    },
    "6": {
        "": [
            {
                "segment": {
                    "start": 129,
                    "end": 119
                },
                "radius": {
                    "mean": 1.0690355937288494,
                    "sd": 0.15436828044476494,
                    "median": 1.0,
                    "min": 1.0,
                    "q1": 1.0,
                    "q3": 1.0,
                    "max": 1.4142135623730951
                },
                "length": 13.706743240356445,
                "tortuosity": 0.13437819480895996,
                "volume": 49.2117128126027,
                "curvature": {
                    "mean": 0.64300237596035,
                    "sd": 0.01558679175016245,
                    "median": 0.6340506076812744,
                    "min": 0.6340506076812744,
                    "q1": 0.6340506076812744,
                    "q3": 0.6422046273946762,
                    "max": 0.6730486750602722
                }
            }
        ]
    },
    "7": {
        "": [
            {
                "segment": {
                    "start": 87,
                    "end": 35
                },
                "radius": {
                    "mean": 1.2940747671847637,
                    "sd": 0.30012727181754173,
                    "median": 1.4142135623730951,
                    "min": 1.0,
                    "q1": 1.0,
                    "q3": 1.4142135623730951,
                    "max": 1.7320508075688772
                },
                "length": 22.338287353515625,
                "tortuosity": 0.12825381755828857,
                "volume": 117.52181340835264,
                "curvature": {
                    "mean": 0.6350744366645813,
                    "sd": 0.09398591316920445,
                    "median": 0.6340506076812744,
                    "min": 0.38509851694107056,
                    "q1": 0.6340506076812744,
                    "q3": 0.7071067690849304,
                    "max": 0.7071067690849304
                }
            }
        ]
    },
    "8": {
        "": [
            {
                "segment": {
                    "start": 110,
                    "end": 119
                },
                "radius": {
                    "mean": 1.0,
                    "sd": 0.0,
                    "median": 1.0,
                    "min": 1.0,
                    "q1": 1.0,
                    "q3": 1.0,
                    "max": 1.0
                },
                "length": 7.560478210449219,
                "tortuosity": 0.13978493213653564,
                "volume": 23.751942803572973,
                "curvature": {
                    "mean": 0.6496498346328735,
                    "sd": 0.019105073206644476,
                    "median": 0.6340506076812744,
                    "min": 0.6340506076812744,
                    "q1": 0.6340506076812744,