{
    "1": {
        "": [
            {
                "segment": {
                    "start": 0,
                    "end": 1
                },
                "radius": {
                    "mean": 1.4142135623730951,
                    "sd": 0.0,
                    "median": 1.4142135623730951,
                    "min": 1.4142135623730951,
                    "q1": 1.4142135623730951,
                    "q3": 1.4142135623730951,
                    "max": 1.4142135623730951
                },
                "length": 1.0,
                "tortuosity": 0.0,
                "volume": 6.283185307179588,
                "curvature": {
                    "mean": 0.0,
                    "sd": 0.0,
                    "median": 0.0,
                    "min": 0.0,
                    "q1": 0.0,
                    "q3": 0.0,
                    "max": 0.0
                }
            }
        ]
    },
    "2": {
        "": [
            {
                "segment": {
                    "start": 4,
                    "end": 16
                },
                "radius": {
                    "mean": 1.0460237291525663,
                    "sd": 0.13017476391709001,
                    "median": 1.0,
                    "min": 1.0,
                    "q1": 1.0,
                    "q3": 1.0,
                    "max": 1.4142135623730951
                },
                "length": 12.342416763305664,
                "tortuosity": 0.1459646224975586,
                "volume": 42.426104080355955,
                "curvature": {
                    "mean": 0.6185573041439056,
                    "sd": 0.10537258165995225,
                    "median": 0.6730486750602722,
                    "min": 0.38509851694107056,
                    "q1": 0.6438001245260239,
                    "q3": 0.6730486750602722,
                    "max": 0.6730486750602722
                }
            }
        ]
    },
    "3": {
        "": [
            {
                "segment": {
                    "start": 7,
                    "end": 27
                },
                "radius": {
                    "mean": 1.3305249996045578,
                    "sd": 0.2054342362589347,
                    "median": 1.4142135623730951,
                    "min": 1.0,
                    "q1": 1.3106601717798214,
                    "q3": 1.4142135623730951,
                    "max": 1.7320508075688772
                },
                "length": 18.31370735168457,
                "tortuosity": 0.19977080821990967,
                "volume": 101.8526236927374,
                "curvature": {
                    "mean": 0.653975015336817,
                    "sd": 0.0325364214555214,
                    "median": 0.6340506076812744,
                    "min": 0.6340506076812744,
                    "q1": 0.6340506076812744,
                    "q3": 0.6705786883831024,
                    "max": 0.7071067690849304
                }
            }
        ]
    }
}