{
    "1": {
        "": [
            {
                "segment": {
                    "start": 109,
                    "end": 158
                },
                "radius": {
                    "mean": 1.013361727818487,
                    "sd": 0.0731851973342959,
                    "median": 1.0,
                    "min": 1.0,
                    "q1": 1.0,
                    "q3": 1.0,
                    "max": 1.4142135623730951
                },
                "length": 38.409358978271484,
                "tortuosity": 0.2415982484817505,
                "volume": 123.9127307553673,
                "curvature": {
                    "mean": 0.6658489732515245,
                    "sd": 0.059525000492669095,
                    "median": 0.6340506076812744,
                    "min": 0.6340506076812744,
                    "q1": 0.6340506076812744,
                    "q3": 0.6730486750602722,
                    "max": 0.8989794254302979
                }
            }
        ]
    },
    "2": {
        "": [
            {
                "segment": {
                    "start": 71,
                    "end": 83
                },
                "radius": {
                    "mean": 1.0223899222904373,
                    "sd": 0.09366376488806696,
                    "median": 1.0,
                    "min": 1.0,
                    "q1": 1.0,
                    "q3": 1.0,
                    "max": 1.4142135623730951
                },
                "length": 44.72719955444336,
                "tortuosity": 0.3143693208694458,
                "volume": 146.8773065462604,
                "curvature": {
                    "mean": 0.6530136752128601,
                    "sd": 0.11616354448096848,
                    "median": 0.6340506076812744,
                    "min": 0.38509851694107056,
                    "q1": 0.6340506076812744,
                    "q3": 0.6730486750602722,
                    "max": 1.0
                }
            }
        ]
    },
    "3": {
        "": [
            {
                "segment": {
                    "start": 151,
                    "end": 164
                },
                "radius": {
                    "mean": 1.0,
                    "sd": 0.0,
                    "median": 1.0,
                    "min": 1.0,
                    "q1": 1.0,
                    "q3": 1.0,
                    "max": 1.0
                },
                "length": 10.803118705749512,
                "tortuosity": 0.24743664264678955,
                "volume": 33.938998361841136,
                "curvature": {
                    "mean": 0.6234103242556254,
                    "sd": 0.11067452612128108,
                    "median": 0.6535496413707733,
                    "min": 0.38509851694107056,
                    "q1": 0.6340506076812744,
                    "q3": 0.6985922455787659,
                    "max": 0.7071067690849304
                }
            }
        ]
    },
    "4": {
        "": [
            {
                "segment": {
                    "start": 151,
                    "end": 86
                },
                "radius": {
                    "mean": 1.1775200981598979,
                    "sd": 0.20498255291837172,
                    "median": 1.0,
                    "min": 1.0,
                    "q1": 1.0,
                    "q3": 1.4142135623730951,
                    "max": 1.4142135623730951
                },
                "length": 19.781208038330078,
                "tortuosity": 0.24857878684997559,
                "volume": 86.16667607207465,
                "curvature": {
                    "mean": 0.5803006357616849,
                    "sd": 0.1395097958868483,
                    "median": 0.6730486750602722,
                    "min": 0.38509851694107056,
                    "q1": 0.38509851694107056,
                    "q3": 0.6730486750602722,
                    "max": 0.7071067690849304
                }
            }
        ]
    },
    "5": {
        "": [
            {
                "segment": {
                    "start": 158,
                    "end": 168
                },
                "radius": {
                    "mean": 1.082842712474619,
                    "sd": 0.16568542494923807,
                    "median": 1.0,
                    "min": 1.0,
                    "q1": 1.0,
                    "q3": 1.0,
                    "max": 1.4142135623730951
                },
                "length": 5.242640495300293,
                "tortuosity": 0.14403796195983887,
                "volume": 19.31215358551208,
                "curvature": {
                    "mean": 0.658402661482493,
                    "sd": 0.03443900475732273,
                    "median": 0.6340506076812744,
                    "min": 0.6340506076812744,
                    "q1": 0.6340506076812744,
                    "q3": 0.6705786883831024,
                    "max": 0.7071067690849304
                }
            }
        ]
    },
    "6": {
        "": [
            {
                "segment": {
                    "start": 173,
                    "end": 182
                },
                "radius": {
                    "mean": 1.0460237291525663,
                    "sd": 0.13017476391709004,
                    "median": 1.0,
                    "min": 1.0,
                    "q1": 1.0,
                    "q3": 1.0,
                    "max": 1.4142135623730951
                },
                "length": 12.217331886291504,
                "tortuosity": 0.21566998958587646,
                "volume": 41.996134479357,
                "curvature": {
                    "mean": 0.5875946581363678,
                    "sd": 0.14549740183031623,
                    "median": 0.6705786883831024,
                    "min": 0.38509851694107056,
                    "q1": 0.4473365396261215,
                    "q3": 0.7071067690849304,
                    "max": 0.7071067690849304
                }
            }
        ]
    },
    "7": {
        "": [
            {
                "segment": {
                    "start": 197,
                    "end": 203
                },
                "radius": {
                    "mean": 1.0,
                    "sd": 0.0,
                    "median": 1.0,
                    "min": 1.0,
                    "q1": 1.0,
                    "q3": 1.0,
                    "max": 1.0
                },
                "length": 18.631546020507812,
                "tortuosity": 0.33766698837280273,
                "volume": 58.53272810304749,
                "curvature": {
                    "mean": 0.6348882859403436,
                    "sd": 0.08501437426416555,
                    "median": 0.6340506076812744,
                    "min": 0.38509851694107056,
                    "q1": 0.6340506076812744,
                    "q3": 0.6900777220726013,
                    "max": 0.7071067690849304
                }
            }
        ]
    },
    "8": {
        "": [
            {
                "segment": {
                    "start": 197,
                    "end": 212
                },
                "radius": {
                    "mean": 1.0487310073380112,
                    "sd": 0.13345535984489254,
                    "median": 1.0,
                    "min": 1.0,
                    "q1": 1.0,
                    "q3": 1.0,
                    "max": 1.4142135623730951
                },
                "length": 19.85300636291504,
                "tortuosity": 0.4402884244918823,
                "volume": 68.59688141108691,
                "curvature": {
                    "mean": 0.6071650326251984,
                    "sd": 0.11320183093179317,
                    "median": 0.6535496413707733,
                    "min": 0.38509851694107056,
                    "q1": 0.6340506076812744,
                    "q3": 0.6730486750602722,