{
    "1": {
        "": [
            {
                "segment": {
                    "start": 10,
                    "end": 14
                },
                "radius": {
                    "mean": 1.082842712474619,
                    "sd": 0.16568542494923807,
                    "median": 1.0,
                    "min": 1.0,
                    "q1": 1.0,
                    "q3": 1.0,
                    "max": 1.4142135623730951
                },
                "length": 5.146264553070068,
                "tortuosity": 0.12300693988800049,
                "volume": 18.957136490602174,
                "curvature": {
                    "mean": 0.5095745623111725,
                    "sd": 0.12447604537010193,
                    "median": 0.5095745623111725,
                    "min": 0.38509851694107056,
                    "q1": 0.4473365396261215,
                    "q3": 0.5718125849962234,
                    "max": 0.6340506076812744
                }
            }
        ]
    },
    "2": {
        "": [
            {
                "segment": {
                    "start": 49,
                    "end": 81
                },
                "radius": {
                    "mean": 1.0376557783975542,
                    "sd": 0.1190780268028364,
                    "median": 1.0,
                    "min": 1.0,
                    "q1": 1.0,
                    "q3": 1.0,
                    "max": 1.4142135623730951
                },
                "length": 25.459972381591797,
                "tortuosity": 0.15966999530792236,
                "volume": 86.12206183349709,
                "curvature": {
                    "mean": 0.6733877976735433,
                    "sd": 0.09107646748668376,
                    "median": 0.6340506076812744,
                    "min": 0.6340506076812744,
                    "q1": 0.6340506076812744,
                    "q3": 0.6730486750602722,
                    "max": 1.0
                }
            }
        ]
    },
    "3": {
        "": [
            {
                "segment": {
                    "start": 81,
                    "end": 123
                },
                "radius": {
                    "mean": 1.4724843109035033,
                    "sd": 0.2859894301246729,
                    "median": 1.4142135623730951,
                    "min": 1.0,
                    "q1": 1.4142135623730951,
                    "q3": 1.7320508075688772,
                    "max": 2.0
                },
                "length": 21.55974769592285,
                "tortuosity": 0.4669550657272339,
                "volume": 146.85708351970734,
                "curvature": {
                    "mean": 0.5337689014581534,
                    "sd": 0.13896018897544143,
                    "median": 0.6340506076812744,
                    "min": 0.38509851694107056,
                    "q1": 0.38509851694107056,
                    "q3": 0.6730486750602722,
                    "max": 0.7071067690849304
                }
            }
        ]
    },
    "4": {
        "": [
            {
                "segment": {
                    "start": 98,
                    "end": 116
                },
                "radius": {
                    "mean": 1.0,
                    "sd": 0.0,
                    "median": 1.0,
                    "min": 1.0,
                    "q1": 1.0,
                    "q3": 1.0,
                    "max": 1.0
                },
                "length": 7.464101791381836,
                "tortuosity": 0.12525570392608643,
                "volume": 23.44916735345159,
                "curvature": {
                    "mean": 0.6730486750602722,
                    "sd": 0.0,
                    "median": 0.6730486750602722,
                    "min": 0.6730486750602722,
                    "q1": 0.6730486750602722,
                    "q3": 0.6730486750602722,
                    "max": 0.6730486750602722
                }
            }
        ]
    },
    "5": {
        "": [
            {
                "segment": {
                    "start": 130,
                    "end": 136
                },
                "radius": {
                    "mean": 1.0,
                    "sd": 0.0,
                    "median": 1.0,
                    "min": 1.0,
                    "q1": 1.0,
                    "q3": 1.0,
                    "max": 1.0
                },
                "length": 6.41421365737915,
                "tortuosity": 0.05449020862579346,
                "volume": 20.150846504577657,
                "curvature": {
                    "mean": 0.6340506076812744,
                    "sd": 0.0,
                    "median": 0.6340506076812744,
                    "min": 0.6340506076812744,
                    "q1": 0.6340506076812744,
                    "q3": 0.6340506076812744,
                    "max": 0.6340506076812744
                }
            }
        ]
    },
    "6": {
        "": [
            {
                "segment": {
                    "start": 123,
                    "end": 140
                },
                "radius": {
                    "mean": 1.2347893971888562,
                    "sd": 0.316694086761943,
                    "median": 1.0,
                    "min": 1.0,
                    "q1": 1.0,
                    "q3": 1.4936728736720406,
                    "max": 1.7320508075688772
                },
                "length": 8.24264144897461,
                "tortuosity": 0.12168145179748535,
                "volume": 39.48226550336859,
                "curvature": {
                    "mean": 0.6340506076812744,
                    "sd": 0.0,
                    "median": 0.6340506076812744,
                    "min": 0.6340506076812744,
                    "q1": 0.6340506076812744,
                    "q3": 0.6340506076812744,
                    "max": 0.6340506076812744
                }
            }
        ]
    },
    "7": {
        "": [
            {
                "segment": {
                    "start": 137,
                    "end": 155
                },
                "radius": {
                    "mean": 1.2043734038071063,
                    "sd": 0.2965573176699972,
                    "median": 1.0,
                    "min": 1.0,
                    "q1": 1.0,
                    "q3": 1.4142135623730951,
                    "max": 2.0
                },
                "length": 13.878314971923828,
                "tortuosity": 0.10761010646820068,
                "volume": 63.242484825159806,
                "curvature": {
                    "mean": 0.6010611355304718,
                    "sd": 0.12468607597748729,
                    "median": 0.6730486750602722,
                    "min": 0.38509851694107056,
                    "q1": 0.6010611355304718,
                    "q3": 0.6730486750602722,
                    "max": 0.6730486750602722
                }
            }
        ]
    },
    "8": {
        "": [
            {
                "segment": {
                    "start": 157,
                    "end": 112
                },
                "radius": {
                    "mean": 1.0376557783975542,
                    "sd": 0.11907802680283638,
                    "median": 1.0,
                    "min": 1.0,
                    "q1": 1.0,
                    "q3": 1.0,
                    "max": 1.4142135623730951
                },
                "length": 14.363595962524414,
                "tortuosity": 0.2847191095352173,
                "volume": 48.58695371289151,
                "curvature": {
                    "mean": 0.6272127543176923,
                    "sd": 0.17155154430280906,
                    "median": 0.6730486750602722,
                    "min": 0.38509851694107056,
                    "q1": 0.5095745623111725,
                    "q3": 0.7071067690849304,