{
  "runs": 25,
  "auc": {
    "mean": 0.48178794178794176,
    "std": 0.07833569482473766,
    "min": 0.3201663201663202,
    "p25": 0.41787941787941785,
    "median": 0.47505197505197505,
    "p75": 0.5239085239085239,
    "max": 0.6403326403326404,
    "values": [
      0.4521829521829522,
      0.504158004158004,
      0.6268191268191269,
      0.5239085239085239,
      0.5,
      0.4147609147609148,
      0.39708939708939706,
      0.5467775467775468,
      0.5478170478170478,
      0.46777546777546775,
      0.6403326403326404,
      0.4116424116424116,
      0.4698544698544699,
      0.43970893970893976,
      0.3981288981288981,
      0.4802494802494802,
      0.3201663201663202,
      0.5228690228690229,
      0.41787941787941785,
      0.5966735966735968,
      0.5686070686070686,
      0.47505197505197505,
      0.4282744282744283,
      0.3711018711018711,
      0.5228690228690229
    ]
  },
  "ap": {
    "mean": 0.3047298018287886,
    "std": 0.06781644461135537,
    "min": 0.20603716311740553,
    "p25": 0.25601834429349346,
    "median": 0.2837087122284041,
    "p75": 0.34969099042325585,
    "max": 0.4313199721264197,
    "values": [
      0.3145249294286802,
      0.3220610054041835,
      0.4018328470386743,
      0.3466415387483974,
      0.27483703837678763,
      0.2862587245768151,
      0.2251170787577415,
      0.4254043349677533,
      0.34969099042325585,
      0.27284321232885417,
      0.4313199721264197,
      0.23347700309281882,
      0.24571689044500716,
      0.256304455396021,
      0.2271392562388034,
      0.26122182421929124,
      0.20603716311740553,
      0.2837087122284041,
      0.25601834429349346,
      0.3793988543218079,
      0.4155306279969134,
      0.3670115136413512,
      0.2761956487173233,
      0.22059384220504505,
      0.33935923762846837
    ]
  }
}