{
  "runs": 25,
  "auc": {
    "mean": 0.9723809523809525,
    "std": 0.0465011642504141,
    "min": 0.8095238095238095,
    "p25": 0.9523809523809524,
    "median": 1.0,
    "p75": 1.0,
    "max": 1.0,
    "values": [
      1.0,
      1.0,
      1.0,
      0.9523809523809524,
      0.9523809523809523,
      1.0,
      1.0,
      0.8095238095238095,
      0.9523809523809524,
      1.0,
      1.0,
      1.0,
      1.0,
      0.8809523809523809,
      0.9523809523809524,
      1.0,
      0.9523809523809524,
      1.0,
      1.0,
      1.0,
      1.0,
      1.0,
      1.0,
      0.9047619047619048,
      0.9523809523809524
    ]
  },
  "ap": {
    "mean": 0.9528888888888889,
    "std": 0.07841201721958471,
    "min": 0.7,
    "p25": 0.9166666666666665,
    "median": 1.0,
    "p75": 1.0,
    "max": 1.0,
    "values": [
      1.0,
      1.0,
      1.0,
      0.9166666666666665,
      0.9166666666666665,
      1.0,
      1.0,
      0.7,
      0.9166666666666665,
      1.0,
      1.0,
      1.0,
      1.0,
      0.7555555555555555,
      0.9166666666666665,
      1.0,
      0.9166666666666665,
      1.0,
      1.0,
      1.0,
      1.0,
      1.0,
      1.0,
      0.8666666666666667,
      0.9166666666666665
    ]
  }
}