{
  "model": "rf",
  "scores_flipped": false,
  "best_threshold": 0.36000000000000004,
  "splits": {
    "train_n": 35,
    "val_n": 5,
    "test_n": 10,
    "test_size": 0.2,
    "val_size": 0.1
  },
  "cross_val": {
    "f1_mean": 0.8,
    "precision_mean": 0.9090909090909091,
    "recall_mean": 0.7142857142857143,
    "roc_auc_mean": 0.9603174603174603,
    "ap_mean": 0.9173789633416962
  },
  "val": {
    "precision": 1.0,
    "recall": 1.0,
    "f1": 1.0,
    "n": 5,
    "positive_rate": 0.2
  },
  "test": {
    "precision": 1.0,
    "recall": 1.0,
    "f1": 1.0,
    "n": 10,
    "positive_rate": 0.3,
    "roc_auc": 1.0,
    "ap": 1.0,
    "auc_ci": [
      NaN,
      NaN
    ],
    "ap_ci": [
      1.0,
      1.0
    ],
    "f1_ci": [
      1.0,
      1.0
    ]
  },
  "baseline_random": {
    "roc_auc": 0.9047619047619048,
    "ap": 0.8666666666666667,
    "precision@0.5": 0.5,
    "recall@0.5": 1.0,
    "f1@0.5": 0.6666666666666666
  },
  "delong_vs_random": {
    "auc_diff": 0.09523809523809523,
    "p_value": 0.40081416938293446
  }
}