{
    "1": {
        "component_1": [
            {
                "segment": {
                    "start": [
                        47,
                        173,
                        77
                    ],
                    "end": [
                        42,
                        177,
                        80
                    ]
                },
                "radius": {
                    "mean": 30.081884532339547,
                    "sd": 0.2832366201437111,
                    "median": 30.041608956491324,
                    "min": 29.732137494637012,
                    "q1": 29.874650835264447,
                    "q3": 30.207529671626922,
                    "max": 30.59411708155671
                },
                "length": 7.610365985079726,
                "tortuosity": 1.0762682790722629,
                "volume": 17058.848108992577,
                "curvature": {
                    "mean": 0.39269908169872414,
                    "sd": 0.4106686126251157,
                    "median": 0.30773985433519374,
                    "min": 0.0,
                    "q1": 0.0,
                    "q3": 0.7004389360339179,
                    "max": 0.9553166181245092
                }
            },
            {
                "segment": {
                    "start": [
                        42,
                        177,
                        80
                    ],
                    "end": [
                        47,
                        173,
                        77
                    ]
                },
                "radius": {
                    "mean": 30.081884532339554,
                    "sd": 0.2832366201437111,
                    "median": 30.041608956491324,
                    "min": 29.732137494637012,
                    "q1": 29.874650835264447,
                    "q3": 30.207529671626922,
                    "max": 30.59411708155671
                },
                "length": 7.610365985079727,
                "tortuosity": 1.0762682790722629,
                "volume": 17058.848108992577,
                "curvature": {
                    "mean": 0.39269908169872414,
                    "sd": 0.4106686126251157,
                    "median": 0.30773985433519374,
                    "min": 0.0,
                    "q1": 0.0,
                    "q3": 0.7004389360339179,
                    "max": 0.9553166181245092
                }
            }
        ]
    },
    "2": {
        "component_2": [
            {
                "segment": {
                    "start": [
                        60,
                        184,
                        117
                    ],
                    "end": [
                        59,
                        184,
                        119
                    ]
                },
                "radius": {
                    "mean": 44.17801965053841,
                    "sd": 0.5500725012597348,
                    "median": 44.14748010928823,
                    "min": 43.520110293977886,
                    "q1": 43.83379520163306,
                    "q3": 44.50697432881867,
                    "max": 44.86646854834911
                },
                "length": 2.414213562373095,
                "tortuosity": 1.0796691275336336,
                "volume": 18397.166579421828,
                "curvature": {
                    "mean": 0.7853981633974484,
                    "sd": 0.0,
                    "median": 0.7853981633974484,
                    "min": 0.7853981633974484,
                    "q1": 0.7853981633974484,
                    "q3": 0.7853981633974484,
                    "max": 0.7853981633974484
                }
            },
            {
                "segment": {
                    "start": [
                        59,
                        184,
                        119
                    ],
                    "end": [
                        43,
                        193,
                        140
                    ]
                },
                "radius": {
                    "mean": 41.69113506945464,
                    "sd": 1.3238135922181564,
                    "median": 41.30375285612676,
                    "min": 39.408120990476064,
                    "q1": 40.749195712478965,
                    "q3": 42.60281034199088,
                    "max": 44.86646854834911
                },
                "length": 40.191294718636584,
                "tortuosity": 1.440927726700287,
                "volume": 169448.08295667262,
                "curvature": {
                    "mean": 0.6377888159961308,
                    "sd": 0.4313589975856743,
                    "median": 0.7853981633974484,
                    "min": 0.0,
                    "q1": 2.1073424255447017e-08,
                    "q3": 0.9553166181245092,
                    "max": 1.5707963267948966
                }
            },
            {
                "segment": {
                    "start": [
                        59,
                        184,
                        119
                    ],
                    "end": [
                        60,
                        184,
                        117
                    ]
                },
                "radius": {
                    "mean": 44.17801965053841,
                    "sd": 0.5500725012597348,
                    "median": 44.14748010928823,
                    "min": 43.520110293977886,
                    "q1": 43.83379520163306,
                    "q3": 44.50697432881867,
                    "max": 44.86646854834911
                },
                "length": 2.414213562373095,
                "tortuosity": 1.0796691275336336,
                "volume": 18397.166579421828,
                "curvature": {
                    "mean": 0.7853981633974484,
                    "sd": 0.0,
                    "median": 0.7853981633974484,
                    "min": 0.7853981633974484,
                    "q1": 0.7853981633974484,
                    "q3": 0.7853981633974484,
                    "max": 0.7853981633974484
                }
            },
            {
                "segment": {
                    "start": [
                        59,
                        184,
                        119
                    ],
                    "end": [
                        55,
                        192,
                        140
                    ]
                },
                "radius": {
                    "mean": 44.9355170415297,
                    "sd": 2.6406857544722215,
                    "median": 46.400431032480725,
                    "min": 38.742741255621034,
                    "q1": 43.62164740588267,
                    "q3": 46.73225574954847,
                    "max": 47.93745925682754
                },
                "length": 27.827698166887178,
                "tortuosity": 1.2191535917839258,
                "volume": 146404.50084259154,
                "curvature": {
                    "mean": 0.585931963169525,
                    "sd": 0.3888867573663275,
                    "median": 0.7853981633974484,
                    "min": 0.0,
                    "q1": 0.0,
                    "q3": 0.7853981633974484,
                    "max": 1.0471975511965979
                }
            },
            {
                "segment": {
                    "start": [
                        55,
                        192,
                        140
                    ],
                    "end": [
                        59,
                        184,
                        119
                    ]
                },
                "radius": {
                    "mean": 44.93551704152969,
                    "sd": 2.6406857544722215,
                    "median": 46.400431032480725,
                    "min": 38.742741255621034,