{
    "1": {
        "component_1": [
            {
                "segment": {
                    "start": [
                        49,
                        189,
                        123
                    ],
                    "end": [
                        48,
                        190,
                        123
                    ]
                },
                "radius": {
                    "mean": 15.283058144418511,
                    "sd": 0.6543193060907173,
                    "median": 15.283058144418511,
                    "min": 14.628738838327793,
                    "q1": 14.955898491373151,
                    "q3": 15.61021779746387,
                    "max": 15.937377450509228
                },
                "length": 1.4142135623730951,
                "tortuosity": 1.0,
                "volume": 1470.2653618800232,
                "curvature": {
                    "mean": 0.0,
                    "sd": 0.0,
                    "median": 0.0,
                    "min": 0.0,
                    "q1": 0.0,
                    "q3": 0.0,
                    "max": 0.0
                }
            },
            {
                "segment": {
                    "start": [
                        48,
                        190,
                        123
                    ],
                    "end": [
                        49,
                        189,
                        123
                    ]
                },
                "radius": {
                    "mean": 15.283058144418511,
                    "sd": 0.6543193060907173,
                    "median": 15.283058144418511,
                    "min": 14.628738838327793,
                    "q1": 14.955898491373151,
                    "q3": 15.61021779746387,
                    "max": 15.937377450509228
                },
                "length": 1.4142135623730951,
                "tortuosity": 1.0,
                "volume": 1470.2653618800232,
                "curvature": {
                    "mean": 0.0,
                    "sd": 0.0,
                    "median": 0.0,
                    "min": 0.0,
                    "q1": 0.0,
                    "q3": 0.0,
                    "max": 0.0
                }
            }
        ]
    },
    "2": {
        "component_2": [
            {
                "segment": {
                    "start": [
                        60,
                        51,
                        153
                    ],
                    "end": [
                        45,
                        52,
                        156
                    ]
                },
                "radius": {
                    "mean": 40.50353223073174,
                    "sd": 0.7673831077594541,
                    "median": 40.50877680779399,
                    "min": 39.408120990476064,
                    "q1": 39.97489802015419,
                    "q3": 40.847275155844486,
                    "max": 42.20189569201838
                },
                "length": 19.142135623730955,
                "tortuosity": 1.2486952445556065,
                "volume": 82491.93989796078,
                "curvature": {
                    "mean": 0.7479982523599574,
                    "sd": 0.32604487508882,
                    "median": 0.7853981633974484,
                    "min": 0.0,
                    "q1": 0.7853981633974484,
                    "q3": 0.9817477042468105,
                    "max": 1.0471975511965979
                }
            },
            {
                "segment": {
                    "start": [
                        45,
                        52,
                        156
                    ],
                    "end": [
                        60,
                        51,
                        153
                    ]
                },
                "radius": {
                    "mean": 40.50353223073174,
                    "sd": 0.7673831077594541,
                    "median": 40.50877680779399,
                    "min": 39.408120990476064,
                    "q1": 39.97489802015419,
                    "q3": 40.847275155844486,
                    "max": 42.20189569201838
                },
                "length": 19.142135623730955,
                "tortuosity": 1.2486952445556065,
                "volume": 82491.93989796078,
                "curvature": {
                    "mean": 0.7479982523599574,
                    "sd": 0.3260448750888201,
                    "median": 0.7853981633974484,
                    "min": 0.0,
                    "q1": 0.7853981633974484,
                    "q3": 0.9817477042468105,
                    "max": 1.0471975511965979
                }
            }
        ]
    }
}