{
  "model": "rf",
  "scores_flipped": false,
  "best_threshold": 0.4125,
  "splits": {
    "train_n": 589,
    "val_n": 197,
    "test_n": 197,
    "test_size": 0.2,
    "val_size": 0.2
  },
  "cross_val": {
    "f1_mean": 0.19444444444444445,
    "precision_mean": 0.43209876543209874,
    "recall_mean": 0.12544802867383512,
    "roc_auc_mean": 0.5837024478657543,
    "ap_mean": 0.3682984710363443
  },
  "val": {
    "precision": 0.5,
    "recall": 0.2857142857142857,
    "f1": 0.36363636363636365,
    "n": 197,
    "positive_rate": 0.28426395939086296
  },
  "test": {
    "precision": 0.32,
    "recall": 0.14285714285714285,
    "f1": 0.19753086419753085,
    "n": 197,
    "positive_rate": 0.28426395939086296,
    "roc_auc": 0.47467071935157046,
    "ap": 0.30769131637981034
  }
}