{
    "1": {
        "component_1": [
            {
                "segment": {
                    "start": [
                        52,
                        76,
                        110
                    ],
                    "end": [
                        51,
                        75,
                        112
                    ]
                },
                "radius": {
                    "mean": 45.24998917880847,
                    "sd": 0.6621777085621731,
                    "median": 44.9221548904324,
                    "min": 44.654227123532216,
                    "q1": 44.78819100698231,
                    "q3": 45.54787020644659,
                    "max": 46.17358552246078
                },
                "length": 2.8284271247461903,
                "tortuosity": 1.1547005383792517,
                "volume": 19301.94526365569,
                "curvature": {
                    "mean": 1.0471975511965979,
                    "sd": 0.0,
                    "median": 1.0471975511965979,
                    "min": 1.0471975511965979,
                    "q1": 1.0471975511965979,
                    "q3": 1.0471975511965979,
                    "max": 1.0471975511965979
                }
            },
            {
                "segment": {
                    "start": [
                        51,
                        75,
                        112
                    ],
                    "end": [
                        52,
                        76,
                        110
                    ]
                },
                "radius": {
                    "mean": 45.24998917880847,
                    "sd": 0.6621777085621731,
                    "median": 44.9221548904324,
                    "min": 44.654227123532216,
                    "q1": 44.78819100698231,
                    "q3": 45.54787020644659,
                    "max": 46.17358552246078
                },
                "length": 2.8284271247461903,
                "tortuosity": 1.1547005383792517,
                "volume": 19301.94526365569,
                "curvature": {
                    "mean": 1.0471975511965979,
                    "sd": 0.0,
                    "median": 1.0471975511965979,
                    "min": 1.0471975511965979,
                    "q1": 1.0471975511965979,
                    "q3": 1.0471975511965979,
                    "max": 1.0471975511965979
                }
            }
        ]
    },
    "2": {
        "component_2": [
            {
                "segment": {
                    "start": [
                        38,
                        72,
                        116
                    ],
                    "end": [
                        39,
                        65,
                        152
                    ]
                },
                "radius": {
                    "mean": 30.22350993655421,
                    "sd": 1.913478072652271,
                    "median": 30.28200785945344,
                    "min": 24.20743687382041,
                    "q1": 30.033314835362415,
                    "q3": 31.575306807693888,
                    "max": 33.52610922848042
                },
                "length": 47.995142295929966,
                "tortuosity": 1.3082018340599681,
                "volume": 118130.1669602834,
                "curvature": {
                    "mean": 0.5880159442046872,
                    "sd": 0.37579644274639423,
                    "median": 0.7853981633974484,
                    "min": 0.0,
                    "q1": 2.1073424255447017e-08,
                    "q3": 0.7853981633974484,
                    "max": 1.0471975511965979
                }
            },
            {
                "segment": {
                    "start": [
                        39,
                        65,
                        152
                    ],
                    "end": [
                        38,
                        72,
                        116
                    ]
                },
                "radius": {
                    "mean": 30.223509936554215,
                    "sd": 1.9134780726522713,
                    "median": 30.28200785945344,
                    "min": 24.20743687382041,
                    "q1": 30.033314835362415,
                    "q3": 31.575306807693888,
                    "max": 33.52610922848042
                },
                "length": 47.995142295929966,
                "tortuosity": 1.3082018340599681,
                "volume": 118130.1669602834,
                "curvature": {
                    "mean": 0.5880159442046872,
                    "sd": 0.3757964427463942,
                    "median": 0.7853981633974484,
                    "min": 0.0,
                    "q1": 2.1073424255447017e-08,
                    "q3": 0.7853981633974484,
                    "max": 1.0471975511965979
                }
            }
        ]
    },
    "3": {
        "component_3": [
            {
                "segment": {
                    "start": [
                        48,
                        72,
                        117
                    ],
                    "end": [
                        51,
                        61,
                        153
                    ]
                },
                "radius": {
                    "mean": 36.950356101980894,
                    "sd": 4.599746778170519,
                    "median": 39.408120990476064,
                    "min": 26.43860813280457,
                    "q1": 33.896902513356586,
                    "q3": 40.19950248448356,
                    "max": 41.41255848169731
                },
                "length": 44.284271247461895,
                "tortuosity": 1.172707599339039,
                "volume": 161163.70312915635,
                "curvature": {
                    "mean": 0.5385587436258824,
                    "sd": 0.42418821485367486,
                    "median": 0.7853981633974484,
                    "min": 0.0,
                    "q1": 2.1073424255447017e-08,
                    "q3": 0.7853981633974484,
                    "max": 1.0471975511965979
                }
            },
            {
                "segment": {
                    "start": [
                        51,
                        61,
                        153
                    ],
                    "end": [
                        48,
                        72,
                        117
                    ]
                },
                "radius": {
                    "mean": 36.9503561019809,
                    "sd": 4.599746778170519,
                    "median": 39.408120990476064,
                    "min": 26.43860813280457,
                    "q1": 33.896902513356586,
                    "q3": 40.19950248448356,
                    "max": 41.41255848169731
                },
                "length": 44.2842712474619,
                "tortuosity": 1.1727075993390392,
                "volume": 161163.7031291564,
                "curvature": {
                    "mean": 0.5385587436258824,
                    "sd": 0.42418821485367486,
                    "median": 0.7853981633974484,
                    "min": 0.0,
                    "q1": 2.1073424255447017e-08,
                    "q3": 0.7853981633974484,
                    "max": 1.0471975511965979
                }
            }
        ]
    },
    "4": {
        "component_4": [
            {
                "segment": {
                    "start": [
                        28,
                        134,
                        125
                    ],
                    "end": [
                        28,
                        131,
                        142
                    ]
                },
                "radius": {
                    "mean": 54.392947197030175,