{
  "auc_train": 0.684750016511459,
  "auc_test": 0.6610783650594261,
  "n_features": 9,
  "n_train": 1044,
  "n_test": 447
}