{
    "1": {
        "component_1": [
            {
                "segment": {
                    "start": [
                        28,
                        133,
                        126
                    ],
                    "end": [
                        30,
                        131,
                        158
                    ]
                },
                "radius": {
                    "mean": 47.24372924061427,
                    "sd": 8.517346943425453,
                    "median": 47.18050444834179,
                    "min": 32.64965543462902,
                    "q1": 40.17461885320133,
                    "q3": 54.57105459856901,
                    "max": 60.440052945046304
                },
                "length": 35.31370849898476,
                "tortuosity": 1.099267730167878,
                "volume": 238914.97971285018,
                "curvature": {
                    "mean": 0.36314108630204606,
                    "sd": 0.4027190400482028,
                    "median": 0.0,
                    "min": 0.0,
                    "q1": 0.0,
                    "q3": 0.7853981633974484,
                    "max": 1.0471975511965979
                }
            },
            {
                "segment": {
                    "start": [
                        30,
                        131,
                        158
                    ],
                    "end": [
                        28,
                        133,
                        126
                    ]
                },
                "radius": {
                    "mean": 47.24372924061428,
                    "sd": 8.517346943425455,
                    "median": 47.18050444834179,
                    "min": 32.64965543462902,
                    "q1": 40.17461885320133,
                    "q3": 54.57105459856901,
                    "max": 60.440052945046304
                },
                "length": 35.31370849898476,
                "tortuosity": 1.099267730167878,
                "volume": 238914.97971285018,
                "curvature": {
                    "mean": 0.36314108630204617,
                    "sd": 0.40271904004820275,
                    "median": 0.0,
                    "min": 0.0,
                    "q1": 0.0,
                    "q3": 0.7853981633974484,
                    "max": 1.0471975511965979
                }
            }
        ]
    },
    "2": {
        "component_2": [
            {
                "segment": {
                    "start": [
                        49,
                        71,
                        127
                    ],
                    "end": [
                        51,
                        62,
                        152
                    ]
                },
                "radius": {
                    "mean": 57.78753969291067,
                    "sd": 6.846129345075536,
                    "median": 58.36083957050883,
                    "min": 46.184412955021955,
                    "q1": 52.11704272402976,
                    "q3": 63.18753612858629,
                    "max": 69.46941773183363
                },
                "length": 31.84887792598799,
                "tortuosity": 1.1952670896901902,
                "volume": 276595.24200000614,
                "curvature": {
                    "mean": 0.6839718313265953,
                    "sd": 0.4351119179781863,
                    "median": 0.7853981633974484,
                    "min": 0.0,
                    "q1": 0.5890486278164424,
                    "q3": 0.8508480103472358,
                    "max": 1.5707963267948966
                }
            },
            {
                "segment": {
                    "start": [
                        51,
                        62,
                        152
                    ],
                    "end": [
                        49,
                        71,
                        127
                    ]
                },
                "radius": {
                    "mean": 57.78753969291067,
                    "sd": 6.846129345075535,
                    "median": 58.36083957050883,
                    "min": 46.184412955021955,
                    "q1": 52.11704272402976,
                    "q3": 63.18753612858629,
                    "max": 69.46941773183363
                },
                "length": 31.84887792598799,
                "tortuosity": 1.1952670896901902,
                "volume": 276595.24200000614,
                "curvature": {
                    "mean": 0.6839718313265953,
                    "sd": 0.4351119179781863,
                    "median": 0.7853981633974484,
                    "min": 0.0,
                    "q1": 0.5890486278164424,
                    "q3": 0.8508480103472358,
                    "max": 1.5707963267948966
                }
            }
        ]
    },
    "3": {
        "component_3": [
            {
                "segment": {
                    "start": [
                        38,
                        75,
                        129
                    ],
                    "end": [
                        40,
                        65,
                        151
                    ]
                },
                "radius": {
                    "mean": 58.08061500072068,
                    "sd": 5.9483528710728635,
                    "median": 59.23681287847955,
                    "min": 47.10626285325551,
                    "q1": 52.94735492886991,
                    "q3": 62.65297707216242,
                    "max": 67.72739475278819
                },
                "length": 32.33828804643758,
                "tortuosity": 1.3336085220530283,
                "volume": 289139.62146579014,
                "curvature": {
                    "mean": 0.6209680569151285,
                    "sd": 0.3614937192458414,
                    "median": 0.7853981633974484,
                    "min": 0.0,
                    "q1": 0.6154797086703875,
                    "q3": 0.7853981633974484,
                    "max": 1.0471975511965979
                }
            },
            {
                "segment": {
                    "start": [
                        40,
                        65,
                        151
                    ],
                    "end": [
                        38,
                        75,
                        129
                    ]
                },
                "radius": {
                    "mean": 58.08061500072068,
                    "sd": 5.9483528710728635,
                    "median": 59.23681287847955,
                    "min": 47.10626285325551,
                    "q1": 52.94735492886991,
                    "q3": 62.65297707216242,
                    "max": 67.72739475278819
                },
                "length": 32.33828804643758,
                "tortuosity": 1.3336085220530283,
                "volume": 289139.6214657902,
                "curvature": {
                    "mean": 0.6209680569151286,
                    "sd": 0.3614937192458414,
                    "median": 0.7853981633974484,
                    "min": 0.0,
                    "q1": 0.6154797086703875,
                    "q3": 0.7853981633974484,
                    "max": 1.0471975511965979
                }
            }
        ]
    },
    "4": {
        "component_4": [
            {
                "segment": {
                    "start": [
                        64,
                        93,
                        155
                    ],
                    "end": [
                        65,
                        79,
                        165
                    ]
                },
                "radius": {
                    "mean": 55.214952363487456,
                    "sd": 4.564074345170928,
                    "median": 55.036351623268054,