{
  "model": "rf",
  "scores_flipped": false,
  "best_threshold": 0.3975,
  "splits": {
    "train_n": 590,
    "val_n": 197,
    "test_n": 197,
    "test_size": 0.2,
    "val_size": 0.2
  },
  "cross_val": {
    "f1_mean": 0.09523809523809523,
    "precision_mean": 0.7368421052631579,
    "recall_mean": 0.05090909090909091,
    "roc_auc_mean": 0.6936684190280806,
    "ap_mean": 0.48595377129516304
  },
  "val": {
    "precision": 0.5833333333333334,
    "recall": 0.2545454545454545,
    "f1": 0.35443037974683544,
    "n": 197,
    "positive_rate": 0.27918781725888325
  },
  "test": {
    "precision": 0.625,
    "recall": 0.2727272727272727,
    "f1": 0.379746835443038,
    "n": 197,
    "positive_rate": 0.27918781725888325,
    "roc_auc": 0.6882202304737516,
    "ap": 0.5303319835142231
  }
}