{
    "1": {
        "component_1": [
            {
                "segment": {
                    "start": [
                        51,
                        162,
                        66
                    ],
                    "end": [
                        53,
                        164,
                        71
                    ]
                },
                "radius": {
                    "mean": 55.593993365116255,
                    "sd": 0.8007715359222997,
                    "median": 55.68094591028277,
                    "min": 54.59853477887479,
                    "q1": 54.83998602941628,
                    "q3": 56.09811980899666,
                    "max": 56.806689746895124
                },
                "length": 6.560477932315067,
                "tortuosity": 1.1420326204064901,
                "volume": 58270.260538783485,
                "curvature": {
                    "mean": 0.6969780831796388,
                    "sd": 0.4132157527956888,
                    "median": 0.8703573907609787,
                    "min": 0.0,
                    "q1": 0.5890486225480863,
                    "q3": 0.9782868513925314,
                    "max": 1.0471975511965979
                }
            },
            {
                "segment": {
                    "start": [
                        53,
                        164,
                        71
                    ],
                    "end": [
                        51,
                        162,
                        66
                    ]
                },
                "radius": {
                    "mean": 55.593993365116255,
                    "sd": 0.8007715359222995,
                    "median": 55.68094591028277,
                    "min": 54.59853477887479,
                    "q1": 54.83998602941628,
                    "q3": 56.09811980899666,
                    "max": 56.806689746895124
                },
                "length": 6.5604779323150675,
                "tortuosity": 1.1420326204064903,
                "volume": 58270.26053878348,
                "curvature": {
                    "mean": 0.6969780831796388,
                    "sd": 0.4132157527956888,
                    "median": 0.8703573907609787,
                    "min": 0.0,
                    "q1": 0.5890486225480863,
                    "q3": 0.9782868513925314,
                    "max": 1.0471975511965979
                }
            }
        ]
    },
    "2": {
        "component_2": [
            {
                "segment": {
                    "start": [
                        42,
                        178,
                        81
                    ],
                    "end": [
                        57,
                        172,
                        88
                    ]
                },
                "radius": {
                    "mean": 55.935233484750405,
                    "sd": 2.9832289564256427,
                    "median": 56.56028872058731,
                    "min": 51.778373863998475,
                    "q1": 52.640278462179666,
                    "q3": 58.61509453274712,
                    "max": 60.241181927316134
                },
                "length": 26.927474272416493,
                "tortuosity": 1.5293777679402318,
                "volume": 197144.36379072026,
                "curvature": {
                    "mean": 0.5577920927466538,
                    "sd": 0.3660313044827522,
                    "median": 0.6154797086703875,
                    "min": 0.0,
                    "q1": 0.15386992716759687,
                    "q3": 0.7853981633974484,
                    "max": 0.9553166181245092
                }
            },
            {
                "segment": {
                    "start": [
                        57,
                        172,
                        88
                    ],
                    "end": [
                        42,
                        178,
                        81
                    ]
                },
                "radius": {
                    "mean": 55.935233484750405,
                    "sd": 2.983228956425643,
                    "median": 56.56028872058731,
                    "min": 51.778373863998475,
                    "q1": 52.640278462179666,
                    "q3": 58.61509453274712,
                    "max": 60.241181927316134
                },
                "length": 26.927474272416497,
                "tortuosity": 1.529377767940232,
                "volume": 197144.36379072026,
                "curvature": {
                    "mean": 0.5577920927466538,
                    "sd": 0.3660313044827522,
                    "median": 0.6154797086703875,
                    "min": 0.0,
                    "q1": 0.15386992716759687,
                    "q3": 0.7853981633974484,
                    "max": 0.9553166181245092
                }
            }
        ]
    },
    "3": {
        "component_3": [
            {
                "segment": {
                    "start": [
                        53,
                        186,
                        117
                    ],
                    "end": [
                        44,
                        192,
                        132
                    ]
                },
                "radius": {
                    "mean": 35.04200110767287,
                    "sd": 5.46540559975687,
                    "median": 34.13108281079104,
                    "min": 27.2213151776324,
                    "q1": 30.383744717814924,
                    "q3": 39.60184926284879,
                    "max": 44.395945760846224
                },
                "length": 20.731321849709865,
                "tortuosity": 1.121021497459721,
                "volume": 63224.55215349459,
                "curvature": {
                    "mean": 0.6039727108786556,
                    "sd": 0.4007458177894423,
                    "median": 0.7853981633974484,
                    "min": 0.0,
                    "q1": 0.15386994297266507,
                    "q3": 0.9553166181245092,
                    "max": 1.0471975511965979
                }
            },
            {
                "segment": {
                    "start": [
                        44,
                        192,
                        132
                    ],
                    "end": [
                        53,
                        186,
                        117
                    ]
                },
                "radius": {
                    "mean": 35.04200110767287,
                    "sd": 5.46540559975687,
                    "median": 34.13108281079104,
                    "min": 27.2213151776324,
                    "q1": 30.383744717814924,
                    "q3": 39.60184926284879,
                    "max": 44.395945760846224
                },
                "length": 20.731321849709865,
                "tortuosity": 1.121021497459721,
                "volume": 63224.55215349459,
                "curvature": {
                    "mean": 0.6039727108786556,
                    "sd": 0.4007458177894422,
                    "median": 0.7853981633974484,
                    "min": 0.0,
                    "q1": 0.15386994297266507,
                    "q3": 0.9553166181245092,
                    "max": 1.0471975511965979
                }
            }
        ]
    },
    "4": {
        "component_4": [
            {
                "segment": {
                    "start": [
                        63,
                        185,
                        147
                    ],
                    "end": [
                        63,
                        186,
                        150
                    ]
                },
                "radius": {
                    "mean": 25.237059394012064,