{
    "1": {
        "BA start": [
            {
                "id": 0,
                "degree": 1,
                "label": 1,
                "coords": [
                    -2.72847,
                    -7.94567,
                    -35.45128
                ]
            }
        ],
        "BA bifurcation": [
            {
                "id": 27,
                "degree": 3,
                "label": 1,
                "coords": [
                    -2.62297,
                    -7.61606,
                    -28.67616
                ]
            }
        ],
        "R-PCA boundary": [
            {
                "id": 34,
                "degree": 2,
                "label": 1,
                "coords": [
                    -1.01454,
                    -7.99708,
                    -27.86031
                ]
            }
        ],
        "L-PCA boundary": [
            {
                "id": 136,
                "degree": 2,
                "label": 1,
                "coords": [
                    -3.56955,
                    -7.2185,
                    -27.51507
                ]
            }
        ]
    },
    "2": {
        "BA boundary": [
            {
                "id": 34,
                "degree": 2,
                "label": 2,
                "coords": [
                    -1.01454,
                    -7.99708,
                    -27.86031
                ]
            }
        ],
        "PCA end": [
            {
                "id": 130,
                "degree": 1,
                "label": 2,
                "coords": [
                    17.52785,
                    -19.35407,
                    -22.63369
                ]
            }
        ]
    },
    "3": {
        "BA boundary": [
            {
                "id": 136,
                "degree": 2,
                "label": 3,
                "coords": [
                    -3.56955,
                    -7.2185,
                    -27.51507
                ]
            }
        ],
        "PCA end": [
            {
                "id": 244,
                "degree": 1,
                "label": 3,
                "coords": [
                    -20.10435,
                    -20.27863,
                    -25.95062
                ]
            }
        ]
    },
    "4": {
        "ICA start": [
            {
                "id": 245,
                "degree": 1,
                "label": 4,
                "coords": [
                    13.91637,
                    3.34113,
                    -30.49511
                ]
            }
        ],
        "ICA bifurcation": [
            {
                "id": 337,
                "degree": 3,
                "label": 4,
                "coords": [
                    15.09871,
                    1.54097,
                    -20.21131
                ]
            }
        ],
        "ACA boundary": [
            {
                "id": 586,
                "degree": 2,
                "label": 4,
                "coords": [
                    13.40618,
                    1.72197,
                    -18.44377
                ]
            }
        ],
        "MCA boundary": [
            {
                "id": 346,
                "degree": 2,
                "label": 4,
                "coords": [
                    17.32337,
                    2.5348,
                    -19.32412
                ]
            }
        ]
    },
    "5": {
        "ICA boundary": [
            {
                "id": 346,
                "degree": 2,
                "label": 5,
                "coords": [
                    17.32337,
                    2.5348,
                    -19.32412
                ]
            }
        ],
        "MCA end": [
            {
                "id": 370,
                "degree": 3,
                "label": 5,
                "coords": [
                    23.40885,
                    5.89398,
                    -18.1667
                ]
            }
        ]
    },
    "6": {
        "ICA start": [
            {
                "id": 424,
                "degree": 1,
                "label": 6,
                "coords": [
                    -11.56409,
                    7.83097,
                    -35.14975
                ]
            }
        ],
        "ICA bifurcation": [
            {
                "id": 516,
                "degree": 3,
                "label": 6,
                "coords": [
                    -13.21731,
                    2.74883,
                    -24.07817
                ]
            }
        ],
        "ACA boundary": [
            {
                "id": 677,
                "degree": 2,
                "label": 6,
                "coords": [
                    -11.79597,
                    2.54457,
                    -22.40035
                ]
            }
        ],
        "MCA boundary": [
            {
                "id": 525,
                "degree": 2,
                "label": 6,
                "coords": [
                    -15.67359,
                    3.9997,
                    -23.20262
                ]
            }
        ]
    },
    "7": {
        "ICA boundary": [
            {
                "id": 525,
                "degree": 2,
                "label": 7,
                "coords": [
                    -15.67359,
                    3.9997,
                    -23.20262
                ]
            }
        ],
        "MCA end": [
            {
                "id": 543,
                "degree": 3,
                "label": 7,
                "coords": [
                    -20.12961,
                    5.50564,
                    -23.17946
                ]
            }
        ]
    },
    "11": {
        "ICA boundary": [
            {
                "id": 586,
                "degree": 2,
                "label": 11,
                "coords": [
                    13.40618,
                    1.72197,
                    -18.44377
                ]
            }
        ],
        "ACA end": [
            {
                "id": 670,
                "degree": 1,
                "label": 11,
                "coords": [
                    1.21543,
                    12.14312,
                    -11.08007
                ]
            }
        ]
    },
    "12": {
        "ICA boundary": [
            {
                "id": 677,
                "degree": 2,
                "label": 12,
                "coords": [
                    -11.79597,
                    2.54457,
                    -22.40035
                ]
            }
        ],
        "ACA end": [
            {
                "id": 765,
                "degree": 1,
                "label": 12,
                "coords": [
                    -0.81436,
                    13.58499,
                    -13.54773
                ]
            }
        ]
    }
}