{
    "1": {
        "BA start": [
            {
                "id": 0,
                "degree": 1,
                "label": 1,
                "coords": [
                    2.41111,
                    -16.4973,
                    -31.388
                ]
            }
        ],
        "BA bifurcation": [
            {
                "id": 51,
                "degree": 3,
                "label": 1,
                "coords": [
                    3.787,
                    -13.30617,
                    -18.71613
                ]
            }
        ],
        "R-PCA boundary": [
            {
                "id": 58,
                "degree": 2,
                "label": 1,
                "coords": [
                    4.81578,
                    -13.60452,
                    -16.96613
                ]
            }
        ],
        "L-PCA boundary": [
            {
                "id": 133,
                "degree": 2,
                "label": 1,
                "coords": [
                    2.44923,
                    -11.81754,
                    -17.71613
                ]
            }
        ]
    },
    "2": {
        "BA boundary": [
            {
                "id": 58,
                "degree": 2,
                "label": 2,
                "coords": [
                    4.81578,
                    -13.60452,
                    -16.96613
                ]
            }
        ],
        "Pcom bifurcation": [
            {
                "id": 87,
                "degree": 3,
                "label": 2,
                "coords": [
                    11.62905,
                    -13.39246,
                    -16.59425
                ]
            }
        ],
        "Pcom boundary": [
            {
                "id": 568,
                "degree": 2,
                "label": 2,
                "coords": [
                    10.69859,
                    -13.33199,
                    -17.71925
                ]
            }
        ],
        "PCA end": [
            {
                "id": 127,
                "degree": 1,
                "label": 2,
                "coords": [
                    17.91638,
                    -22.23937,
                    -18.7005
                ]
            }
        ]
    },
    "3": {
        "BA boundary": [
            {
                "id": 133,
                "degree": 2,
                "label": 3,
                "coords": [
                    2.44923,
                    -11.81754,
                    -17.71613
                ]
            }
        ],
        "Pcom bifurcation": [
            {
                "id": 163,
                "degree": 3,
                "label": 3,
                "coords": [
                    -1.29776,
                    -15.41803,
                    -13.40884
                ]
            }
        ],
        "Pcom boundary": [
            {
                "id": 622,
                "degree": 2,
                "label": 3,
                "coords": [
                    -1.35135,
                    -14.2227,
                    -12.49009
                ]
            }
        ],
        "PCA end": [
            {
                "id": 207,
                "degree": 1,
                "label": 3,
                "coords": [
                    -12.17791,
                    -18.74161,
                    -19.30988
                ]
            }
        ]
    },
    "4": {
        "ICA start": [
            {
                "id": 208,
                "degree": 1,
                "label": 4,
                "coords": [
                    19.31655,
                    -0.75793,
                    -27.21613
                ]
            }
        ],
        "Pcom bifurcation": [
            {
                "id": 279,
                "degree": 3,
                "label": 4,
                "coords": [
                    18.34239,
                    -7.13825,
                    -18.06613
                ]
            }
        ],
        "Pcom boundary": [
            {
                "id": 532,
                "degree": 2,
                "label": 4,
                "coords": [
                    17.78702,
                    -7.99572,
                    -20.21613
                ]
            }
        ],
        "ICA bifurcation": [
            {
                "id": 304,
                "degree": 3,
                "label": 4,
                "coords": [
                    23.40817,
                    -9.03306,
                    -13.96613
                ]
            }
        ],
        "ACA boundary": [
            {
                "id": 634,
                "degree": 2,
                "label": 4,
                "coords": [
                    22.50059,
                    -9.86236,
                    -11.71613
                ]
            }
        ],
        "MCA boundary": [
            {
                "id": 312,
                "degree": 2,
                "label": 4,
                "coords": [
                    25.5217,
                    -8.16711,
                    -13.86613
                ]
            }
        ]
    },
    "5": {
        "ICA boundary": [
            {
                "id": 312,
                "degree": 2,
                "label": 5,
                "coords": [
                    25.5217,
                    -8.16711,
                    -13.86613
                ]
            }
        ],
        "MCA end": [
            {
                "id": 354,
                "degree": 1,
                "label": 5,
                "coords": [
                    35.53364,
                    -2.11525,
                    -17.388
                ]
            }
        ]
    },
    "6": {
        "ICA start": [
            {
                "id": 355,
                "degree": 1,
                "label": 6,
                "coords": [
                    -8.95031,
                    2.76432,
                    -24.71613
                ]
            }
        ],
        "Pcom bifurcation": [
            {
                "id": 426,
                "degree": 3,
                "label": 6,
                "coords": [
                    -8.63615,
                    -3.22082,
                    -16.9505
                ]
            }
        ],
        "Pcom boundary": [
            {
                "id": 578,
                "degree": 2,
                "label": 6,
                "coords": [
                    -7.63003,
                    -4.93847,
                    -17.25363
                ]
            }
        ],
        "MCA boundary": [
            {
                "id": 455,
                "degree": 2,
                "label": 6,
                "coords": [
                    -15.78387,
                    -1.91878,
                    -15.4505
                ]
            }
        ]
    },
    "7": {
        "ICA boundary": [
            {
                "id": 455,
                "degree": 2,
                "label": 7,
                "coords": [
                    -15.78387,
                    -1.91878,
                    -15.4505
                ]
            }
        ],
        "MCA end": [
            {
                "id": 524,
                "degree": 1,
                "label": 7,
                "coords": [
                    -31.76915,
                    5.65622,
                    -12.96613
                ]
            }
        ]
    },
    "8": {
        "ICA boundary": [
            {
                "id": 532,
                "degree": 2,
                "label": 8,
                "coords": [
                    17.78702,
                    -7.99572,
                    -20.21613
                ]
            }
        ],
        "PCA boundary": [
            {
                "id": 568,
                "degree": 2,
                "label": 8,