{
    "1": {
        "BA start": [
            {
                "id": 0,
                "degree": 1,
                "label": 1,
                "coords": [
                    3.31738,
                    148.82715,
                    -216.53003
                ]
            }
        ],
        "BA bifurcation": [
            {
                "id": 36,
                "degree": 3,
                "label": 1,
                "coords": [
                    3.58301,
                    148.4209,
                    -207.54565
                ]
            }
        ],
        "R-PCA boundary": [
            {
                "id": 42,
                "degree": 2,
                "label": 1,
                "coords": [
                    5.02988,
                    148.01152,
                    -206.28003
                ]
            }
        ],
        "L-PCA boundary": [
            {
                "id": 155,
                "degree": 2,
                "label": 1,
                "coords": [
                    2.20176,
                    148.59277,
                    -205.79565
                ]
            }
        ]
    },
    "2": {
        "BA boundary": [
            {
                "id": 42,
                "degree": 2,
                "label": 2,
                "coords": [
                    5.02988,
                    148.01152,
                    -206.28003
                ]
            }
        ],
        "PCA end": [
            {
                "id": 148,
                "degree": 1,
                "label": 2,
                "coords": [
                    25.91113,
                    135.6709,
                    -202.31128
                ]
            }
        ]
    },
    "3": {
        "BA boundary": [
            {
                "id": 155,
                "degree": 2,
                "label": 3,
                "coords": [
                    2.20176,
                    148.59277,
                    -205.79565
                ]
            }
        ],
        "PCA end": [
            {
                "id": 254,
                "degree": 1,
                "label": 3,
                "coords": [
                    -12.40137,
                    136.4209,
                    -206.6394
                ]
            }
        ]
    },
    "4": {
        "ICA start": [
            {
                "id": 255,
                "degree": 1,
                "label": 4,
                "coords": [
                    13.50488,
                    162.1709,
                    -202.62378
                ]
            }
        ],
        "ICA bifurcation": [
            {
                "id": 294,
                "degree": 3,
                "label": 4,
                "coords": [
                    19.91634,
                    158.08757,
                    -197.12899
                ]
            }
        ],
        "ACA boundary": [
            {
                "id": 481,
                "degree": 2,
                "label": 4,
                "coords": [
                    18.33301,
                    158.09902,
                    -195.31753
                ]
            }
        ],
        "MCA boundary": [
            {
                "id": 302,
                "degree": 2,
                "label": 4,
                "coords": [
                    22.08301,
                    159.13652,
                    -195.69878
                ]
            }
        ]
    },
    "5": {
        "ICA boundary": [
            {
                "id": 302,
                "degree": 2,
                "label": 5,
                "coords": [
                    22.08301,
                    159.13652,
                    -195.69878
                ]
            }
        ],
        "MCA end": [
            {
                "id": 327,
                "degree": 3,
                "label": 5,
                "coords": [
                    28.33301,
                    163.4209,
                    -194.79565
                ]
            }
        ]
    },
    "6": {
        "ICA start": [
            {
                "id": 371,
                "degree": 1,
                "label": 6,
                "coords": [
                    -2.16699,
                    160.9209,
                    -204.54565
                ]
            }
        ],
        "ICA bifurcation": [
            {
                "id": 410,
                "degree": 3,
                "label": 6,
                "coords": [
                    -8.41699,
                    156.9209,
                    -200.29565
                ]
            }
        ],
        "ACA boundary": [
            {
                "id": 579,
                "degree": 2,
                "label": 6,
                "coords": [
                    -6.91699,
                    156.38965,
                    -198.72065
                ]
            }
        ],
        "MCA boundary": [
            {
                "id": 418,
                "degree": 2,
                "label": 6,
                "coords": [
                    -10.41699,
                    157.4209,
                    -199.54253
                ]
            }
        ]
    },
    "7": {
        "ICA boundary": [
            {
                "id": 418,
                "degree": 2,
                "label": 7,
                "coords": [
                    -10.41699,
                    157.4209,
                    -199.54253
                ]
            }
        ],
        "MCA end": [
            {
                "id": 473,
                "degree": 1,
                "label": 7,
                "coords": [
                    -23.91699,
                    160.1084,
                    -196.8894
                ]
            }
        ]
    },
    "11": {
        "ICA boundary": [
            {
                "id": 481,
                "degree": 2,
                "label": 11,
                "coords": [
                    18.33301,
                    158.09902,
                    -195.31753
                ]
            }
        ],
        "ACA end": [
            {
                "id": 572,
                "degree": 1,
                "label": 11,
                "coords": [
                    4.84863,
                    165.65527,
                    -184.29565
                ]
            }
        ]
    },
    "12": {
        "ICA boundary": [
            {
                "id": 579,
                "degree": 2,
                "label": 12,
                "coords": [
                    -6.91699,
                    156.38965,
                    -198.72065
                ]
            }
        ],
        "ACA end": [
            {
                "id": 687,
                "degree": 1,
                "label": 12,
                "coords": [
                    2.83301,
                    166.6709,
                    -184.29565
                ]
            }
        ]
    }
}