{
    "1": {
        "BA start": [
            {
                "id": 0,
                "degree": 1,
                "label": 1,
                "coords": [
                    5.18848,
                    200.27246,
                    -150.07812
                ]
            }
        ],
        "BA bifurcation": [
            {
                "id": 37,
                "degree": 3,
                "label": 1,
                "coords": [
                    5.9541,
                    203.67871,
                    -141.0
                ]
            }
        ],
        "R-PCA boundary": [
            {
                "id": 47,
                "degree": 2,
                "label": 1,
                "coords": [
                    8.4541,
                    203.74746,
                    -139.40312
                ]
            }
        ],
        "L-PCA boundary": [
            {
                "id": 146,
                "degree": 2,
                "label": 1,
                "coords": [
                    3.50723,
                    203.67871,
                    -139.35
                ]
            }
        ]
    },
    "2": {
        "BA boundary": [
            {
                "id": 47,
                "degree": 2,
                "label": 2,
                "coords": [
                    8.4541,
                    203.74746,
                    -139.40312
                ]
            }
        ],
        "PCA end": [
            {
                "id": 136,
                "degree": 1,
                "label": 2,
                "coords": [
                    21.2041,
                    189.16309,
                    -136.32812
                ]
            }
        ]
    },
    "3": {
        "BA boundary": [
            {
                "id": 146,
                "degree": 2,
                "label": 3,
                "coords": [
                    3.50723,
                    203.67871,
                    -139.35
                ]
            }
        ],
        "Pcom bifurcation": [
            {
                "id": 166,
                "degree": 3,
                "label": 3,
                "coords": [
                    -0.9959,
                    204.69434,
                    -136.78125
                ]
            }
        ],
        "Pcom boundary": [
            {
                "id": 518,
                "degree": 2,
                "label": 3,
                "coords": [
                    -0.7959,
                    205.68184,
                    -136.75
                ]
            }
        ],
        "PCA end": [
            {
                "id": 240,
                "degree": 1,
                "label": 3,
                "coords": [
                    -12.5459,
                    190.92871,
                    -131.17188
                ]
            }
        ]
    },
    "4": {
        "ICA start": [
            {
                "id": 241,
                "degree": 1,
                "label": 4,
                "coords": [
                    16.18848,
                    217.91309,
                    -149.5
                ]
            }
        ],
        "ICA bifurcation": [
            {
                "id": 280,
                "degree": 3,
                "label": 4,
                "coords": [
                    20.28743,
                    216.42871,
                    -140.16667
                ]
            }
        ],
        "ACA boundary": [
            {
                "id": 530,
                "degree": 2,
                "label": 4,
                "coords": [
                    18.4541,
                    216.68184,
                    -137.9
                ]
            }
        ],
        "MCA boundary": [
            {
                "id": 285,
                "degree": 2,
                "label": 4,
                "coords": [
                    21.7041,
                    217.52871,
                    -140.1875
                ]
            }
        ]
    },
    "5": {
        "ICA boundary": [
            {
                "id": 285,
                "degree": 2,
                "label": 5,
                "coords": [
                    21.7041,
                    217.52871,
                    -140.1875
                ]
            }
        ],
        "MCA end": [
            {
                "id": 315,
                "degree": 3,
                "label": 5,
                "coords": [
                    28.9541,
                    221.67871,
                    -143.75
                ]
            }
        ]
    },
    "6": {
        "ICA start": [
            {
                "id": 360,
                "degree": 1,
                "label": 6,
                "coords": [
                    -3.37402,
                    217.10059,
                    -149.5
                ]
            }
        ],
        "Pcom bifurcation": [
            {
                "id": 379,
                "degree": 3,
                "label": 6,
                "coords": [
                    -5.76777,
                    214.23601,
                    -145.63959
                ]
            }
        ],
        "Pcom boundary": [
            {
                "id": 456,
                "degree": 2,
                "label": 6,
                "coords": [
                    -5.27402,
                    213.18496,
                    -146.325
                ]
            }
        ],
        "ICA bifurcation": [
            {
                "id": 398,
                "degree": 3,
                "label": 6,
                "coords": [
                    -8.0459,
                    214.92871,
                    -140.75
                ]
            }
        ],
        "ACA boundary": [
            {
                "id": 651,
                "degree": 2,
                "label": 6,
                "coords": [
                    -6.2959,
                    215.62559,
                    -140.04688
                ]
            }
        ],
        "MCA boundary": [
            {
                "id": 404,
                "degree": 2,
                "label": 6,
                "coords": [
                    -9.5459,
                    214.68184,
                    -140.23125
                ]
            }
        ]
    },
    "7": {
        "ICA boundary": [
            {
                "id": 404,
                "degree": 2,
                "label": 7,
                "coords": [
                    -9.5459,
                    214.68184,
                    -140.23125
                ]
            }
        ],
        "MCA end": [
            {
                "id": 453,
                "degree": 1,
                "label": 7,
                "coords": [
                    -20.70215,
                    220.19434,
                    -140.98438
                ]
            }
        ]
    },
    "9": {
        "ICA boundary": [
            {
                "id": 456,
                "degree": 2,
                "label": 9,
                "coords": [
                    -5.27402,
                    213.18496,
                    -146.325
                ]
            }
        ],
        "PCA boundary": [
            {
                "id": 518,
                "degree": 2,
                "label": 9,
                "coords": [
                    -0.7959,
                    205.68184,
                    -136.75
                ]
            }
        ]
    },
    "10": {
        "R-ACA boundary": [
            {
                "id": 772,
                "degree": 2,
                "label": 10,
                "coords": [
                    7.74514,
                    222.88724,
                    -140.16645
                ]
            }
        ],
        "L-ACA boundary": [
            {
                "id": 786,
                "degree": 2,
                "label": 10,