{
    "1": {
        "BA start": [
            {
                "id": 0,
                "degree": 1,
                "label": 1,
                "coords": [
                    -11.7666,
                    213.05371,
                    -232.0
                ]
            }
        ],
        "BA bifurcation": [
            {
                "id": 40,
                "degree": 3,
                "label": 1,
                "coords": [
                    -13.11556,
                    215.93913,
                    -221.83333
                ]
            }
        ],
        "R-PCA boundary": [
            {
                "id": 50,
                "degree": 2,
                "label": 1,
                "coords": [
                    -11.53535,
                    216.02559,
                    -219.25
                ]
            }
        ],
        "L-PCA boundary": [
            {
                "id": 177,
                "degree": 2,
                "label": 1,
                "coords": [
                    -16.53223,
                    217.11621,
                    -220.52812
                ]
            }
        ]
    },
    "2": {
        "BA boundary": [
            {
                "id": 50,
                "degree": 2,
                "label": 2,
                "coords": [
                    -11.53535,
                    216.02559,
                    -219.25
                ]
            }
        ],
        "PCA end": [
            {
                "id": 164,
                "degree": 1,
                "label": 2,
                "coords": [
                    9.38965,
                    203.27246,
                    -226.5
                ]
            }
        ]
    },
    "3": {
        "BA boundary": [
            {
                "id": 177,
                "degree": 2,
                "label": 3,
                "coords": [
                    -16.53223,
                    217.11621,
                    -220.52812
                ]
            }
        ],
        "PCA end": [
            {
                "id": 271,
                "degree": 1,
                "label": 3,
                "coords": [
                    -31.78223,
                    204.27246,
                    -230.0
                ]
            }
        ]
    },
    "4": {
        "ICA start": [
            {
                "id": 272,
                "degree": 1,
                "label": 4,
                "coords": [
                    -5.37598,
                    229.27246,
                    -221.48438
                ]
            }
        ],
        "ICA bifurcation": [
            {
                "id": 311,
                "degree": 3,
                "label": 4,
                "coords": [
                    0.96777,
                    221.52246,
                    -216.75
                ]
            }
        ],
        "ACA boundary": [
            {
                "id": 524,
                "degree": 2,
                "label": 4,
                "coords": [
                    -0.18848,
                    221.05684,
                    -214.75312
                ]
            }
        ],
        "MCA boundary": [
            {
                "id": 325,
                "degree": 2,
                "label": 4,
                "coords": [
                    4.46777,
                    220.72246,
                    -215.90312
                ]
            }
        ]
    },
    "5": {
        "ICA boundary": [
            {
                "id": 325,
                "degree": 2,
                "label": 5,
                "coords": [
                    4.46777,
                    220.72246,
                    -215.90312
                ]
            }
        ],
        "MCA end": [
            {
                "id": 403,
                "degree": 1,
                "label": 5,
                "coords": [
                    17.0459,
                    232.53809,
                    -217.5
                ]
            }
        ]
    },
    "6": {
        "ICA start": [
            {
                "id": 404,
                "degree": 1,
                "label": 6,
                "coords": [
                    -30.0166,
                    225.52246,
                    -221.0
                ]
            }
        ],
        "ICA bifurcation": [
            {
                "id": 443,
                "degree": 3,
                "label": 6,
                "coords": [
                    -35.11556,
                    218.68913,
                    -217.33333
                ]
            }
        ],
        "ACA boundary": [
            {
                "id": 653,
                "degree": 2,
                "label": 6,
                "coords": [
                    -34.46035,
                    220.02246,
                    -216.0375
                ]
            }
        ],
        "MCA boundary": [
            {
                "id": 454,
                "degree": 2,
                "label": 6,
                "coords": [
                    -37.78223,
                    217.77246,
                    -216.5
                ]
            }
        ]
    },
    "7": {
        "ICA boundary": [
            {
                "id": 454,
                "degree": 2,
                "label": 7,
                "coords": [
                    -37.78223,
                    217.77246,
                    -216.5
                ]
            }
        ],
        "MCA end": [
            {
                "id": 515,
                "degree": 1,
                "label": 7,
                "coords": [
                    -49.96973,
                    224.77246,
                    -222.09375
                ]
            }
        ]
    },
    "10": {
        "R-ACA boundary": [
            {
                "id": 587,
                "degree": 3,
                "label": 10,
                "coords": [
                    -16.60098,
                    223.55996,
                    -211.3875
                ]
            }
        ],
        "L-ACA boundary": [
            {
                "id": 807,
                "degree": 2,
                "label": 10,
                "coords": [
                    -18.74785,
                    227.51934,
                    -214.65
                ]
            }
        ]
    },
    "11": {
        "ICA boundary": [
            {
                "id": 524,
                "degree": 2,
                "label": 11,
                "coords": [
                    -0.18848,
                    221.05684,
                    -214.75312
                ]
            }
        ],
        "Acom bifurcation": [
            {
                "id": 587,
                "degree": 3,
                "label": 11,
                "coords": [
                    -16.60098,
                    223.55996,
                    -211.3875
                ]
            }
        ],
        "Acom boundary": [
            {
                "id": 587,
                "degree": 3,
                "label": 11,
                "coords": [
                    -16.60098,
                    223.55996,
                    -211.3875
                ]
            }
        ],
        "ACA end": [
            {
                "id": 647,
                "degree": 1,
                "label": 11,
                "coords": [
                    -19.68848,
                    236.19434,
                    -199.98438
                ]
            }
        ]
    },
    "12": {
        "ICA boundary": [
            {
                "id": 653,
                "degree": 2,
                "label": 12,
                "coords": [
                    -34.46035,
                    220.02246,
                    -216.0375
                ]
            }
        ],
        "Acom bifurcation": [
            {
                "id": 720,
                "degree": 3,
                "label": 12,