{
    "1": {
        "BA start": [
            {
                "id": 0,
                "degree": 1,
                "label": 1,
                "coords": [
                    -1.23548,
                    6.41573,
                    -32.84017
                ]
            }
        ],
        "L-PCA boundary": [
            {
                "id": 47,
                "degree": 2,
                "label": 1,
                "coords": [
                    -3.59912,
                    6.62061,
                    -21.37646
                ]
            }
        ]
    },
    "2": {
        "Pcom boundary": [
            {
                "id": 507,
                "degree": 2,
                "label": 2,
                "coords": [
                    7.33447,
                    7.38734,
                    -21.10414
                ]
            }
        ],
        "PCA end": [
            {
                "id": 584,
                "degree": 1,
                "label": 2,
                "coords": [
                    15.33583,
                    -11.33575,
                    -22.71982
                ]
            }
        ]
    },
    "3": {
        "BA boundary": [
            {
                "id": 47,
                "degree": 2,
                "label": 3,
                "coords": [
                    -3.59912,
                    6.62061,
                    -21.37646
                ]
            }
        ],
        "Pcom bifurcation": [
            {
                "id": 72,
                "degree": 3,
                "label": 3,
                "coords": [
                    -8.92809,
                    5.85883,
                    -19.10562
                ]
            }
        ],
        "Pcom boundary": [
            {
                "id": 635,
                "degree": 2,
                "label": 3,
                "coords": [
                    -9.34478,
                    6.63039,
                    -19.24945
                ]
            }
        ],
        "PCA end": [
            {
                "id": 149,
                "degree": 1,
                "label": 3,
                "coords": [
                    -17.00802,
                    -12.79964,
                    -23.37659
                ]
            }
        ]
    },
    "4": {
        "ICA start": [
            {
                "id": 150,
                "degree": 1,
                "label": 4,
                "coords": [
                    14.31009,
                    33.85144,
                    -23.68112
                ]
            }
        ],
        "Pcom bifurcation": [
            {
                "id": 221,
                "degree": 3,
                "label": 4,
                "coords": [
                    11.95765,
                    18.76823,
                    -16.63658
                ]
            }
        ],
        "Pcom boundary": [
            {
                "id": 459,
                "degree": 2,
                "label": 4,
                "coords": [
                    11.96831,
                    18.42427,
                    -18.4558
                ]
            }
        ],
        "ICA bifurcation": [
            {
                "id": 242,
                "degree": 3,
                "label": 4,
                "coords": [
                    15.43698,
                    14.63449,
                    -13.08485
                ]
            }
        ],
        "ACA boundary": [
            {
                "id": 644,
                "degree": 2,
                "label": 4,
                "coords": [
                    13.50911,
                    14.52857,
                    -11.91225
                ]
            }
        ],
        "MCA boundary": [
            {
                "id": 252,
                "degree": 2,
                "label": 4,
                "coords": [
                    18.03393,
                    14.71911,
                    -12.10018
                ]
            }
        ]
    },
    "5": {
        "ICA boundary": [
            {
                "id": 252,
                "degree": 2,
                "label": 5,
                "coords": [
                    18.03393,
                    14.71911,
                    -12.10018
                ]
            }
        ],
        "MCA end": [
            {
                "id": 281,
                "degree": 3,
                "label": 5,
                "coords": [
                    25.22132,
                    16.62742,
                    -11.13504
                ]
            }
        ]
    },
    "6": {
        "ICA start": [
            {
                "id": 313,
                "degree": 1,
                "label": 6,
                "coords": [
                    -17.81642,
                    28.24866,
                    -25.64767
                ]
            }
        ],
        "Pcom bifurcation": [
            {
                "id": 384,
                "degree": 3,
                "label": 6,
                "coords": [
                    -12.7847,
                    18.2645,
                    -19.2982
                ]
            }
        ],
        "Pcom boundary": [
            {
                "id": 589,
                "degree": 2,
                "label": 6,
                "coords": [
                    -12.54026,
                    17.45703,
                    -20.73581
                ]
            }
        ],
        "ICA bifurcation": [
            {
                "id": 412,
                "degree": 3,
                "label": 6,
                "coords": [
                    -18.97568,
                    14.6151,
                    -17.24792
                ]
            }
        ],
        "ACA boundary": [
            {
                "id": 748,
                "degree": 2,
                "label": 6,
                "coords": [
                    -18.03559,
                    15.20332,
                    -15.55218
                ]
            }
        ],
        "MCA boundary": [
            {
                "id": 422,
                "degree": 2,
                "label": 6,
                "coords": [
                    -21.48438,
                    14.2318,
                    -17.01646
                ]
            }
        ]
    },
    "7": {
        "ICA boundary": [
            {
                "id": 422,
                "degree": 2,
                "label": 7,
                "coords": [
                    -21.48438,
                    14.2318,
                    -17.01646
                ]
            }
        ],
        "MCA end": [
            {
                "id": 453,
                "degree": 1,
                "label": 7,
                "coords": [
                    -29.22284,
                    14.35139,
                    -15.4932
                ]
            }
        ]
    },
    "8": {
        "ICA boundary": [
            {
                "id": 459,
                "degree": 2,
                "label": 8,
                "coords": [
                    11.96831,
                    18.42427,
                    -18.4558
                ]
            }
        ],
        "PCA boundary": [
            {
                "id": 507,
                "degree": 2,
                "label": 8,
                "coords": [
                    7.33447,
                    7.38734,
                    -21.10414
                ]
            }
        ]
    },
    "9": {
        "ICA boundary": [
            {
                "id": 589,
                "degree": 2,
                "label": 9,
                "coords": [
                    -12.54026,
                    17.45703,
                    -20.73581
                ]
            }
        ],
        "PCA boundary": [
            {
                "id": 635,
                "degree": 2,
                "label": 9,