{
    "1": {
        "BA start": [
            {
                "id": 0,
                "degree": 1,
                "label": 1,
                "coords": [
                    5.21094,
                    221.24219,
                    1461.96265
                ]
            }
        ],
        "BA bifurcation": [
            {
                "id": 52,
                "degree": 3,
                "label": 1,
                "coords": [
                    5.54948,
                    225.74219,
                    1474.94181
                ]
            }
        ],
        "R-PCA boundary": [
            {
                "id": 57,
                "degree": 2,
                "label": 1,
                "coords": [
                    6.87969,
                    226.12344,
                    1476.02827
                ]
            }
        ],
        "L-PCA boundary": [
            {
                "id": 161,
                "degree": 2,
                "label": 1,
                "coords": [
                    3.13281,
                    225.94219,
                    1475.92827
                ]
            }
        ]
    },
    "2": {
        "BA boundary": [
            {
                "id": 57,
                "degree": 2,
                "label": 2,
                "coords": [
                    6.87969,
                    226.12344,
                    1476.02827
                ]
            }
        ],
        "Pcom bifurcation": [
            {
                "id": 76,
                "degree": 3,
                "label": 2,
                "coords": [
                    11.38281,
                    228.50156,
                    1478.9564
                ]
            }
        ],
        "Pcom boundary": [
            {
                "id": 540,
                "degree": 2,
                "label": 2,
                "coords": [
                    11.69141,
                    228.80312,
                    1478.44155
                ]
            }
        ],
        "PCA end": [
            {
                "id": 152,
                "degree": 1,
                "label": 2,
                "coords": [
                    21.63281,
                    215.49219,
                    1481.08765
                ]
            }
        ]
    },
    "3": {
        "BA boundary": [
            {
                "id": 161,
                "degree": 2,
                "label": 3,
                "coords": [
                    3.13281,
                    225.94219,
                    1475.92827
                ]
            }
        ],
        "PCA end": [
            {
                "id": 303,
                "degree": 1,
                "label": 3,
                "coords": [
                    -6.63281,
                    208.08594,
                    1490.27515
                ]
            }
        ]
    },
    "4": {
        "ICA start": [
            {
                "id": 304,
                "degree": 1,
                "label": 4,
                "coords": [
                    11.72656,
                    241.83594,
                    1472.77515
                ]
            }
        ],
        "Pcom bifurcation": [
            {
                "id": 323,
                "degree": 3,
                "label": 4,
                "coords": [
                    15.41198,
                    238.93176,
                    1476.71686
                ]
            }
        ],
        "Pcom boundary": [
            {
                "id": 502,
                "degree": 2,
                "label": 4,
                "coords": [
                    14.88698,
                    237.49427,
                    1476.17307
                ]
            }
        ],
        "ICA bifurcation": [
            {
                "id": 340,
                "degree": 3,
                "label": 4,
                "coords": [
                    17.96615,
                    240.90885,
                    1480.77515
                ]
            }
        ],
        "ACA boundary": [
            {
                "id": 550,
                "degree": 2,
                "label": 4,
                "coords": [
                    15.38281,
                    241.73906,
                    1481.67202
                ]
            }
        ],
        "MCA boundary": [
            {
                "id": 350,
                "degree": 2,
                "label": 4,
                "coords": [
                    20.63281,
                    241.75781,
                    1481.2689
                ]
            }
        ]
    },
    "5": {
        "ICA boundary": [
            {
                "id": 350,
                "degree": 2,
                "label": 5,
                "coords": [
                    20.63281,
                    241.75781,
                    1481.2689
                ]
            }
        ],
        "MCA end": [
            {
                "id": 405,
                "degree": 1,
                "label": 5,
                "coords": [
                    32.80469,
                    250.74219,
                    1476.52515
                ]
            }
        ]
    },
    "6": {
        "ICA start": [
            {
                "id": 406,
                "degree": 1,
                "label": 6,
                "coords": [
                    -4.61719,
                    243.32031,
                    1471.02515
                ]
            }
        ],
        "ICA bifurcation": [
            {
                "id": 442,
                "degree": 3,
                "label": 6,
                "coords": [
                    -10.86719,
                    238.49219,
                    1476.77515
                ]
            }
        ],
        "ACA boundary": [
            {
                "id": 652,
                "degree": 2,
                "label": 6,
                "coords": [
                    -9.26719,
                    238.19531,
                    1478.72202
                ]
            }
        ],
        "MCA boundary": [
            {
                "id": 453,
                "degree": 2,
                "label": 6,
                "coords": [
                    -13.46719,
                    239.24531,
                    1477.68452
                ]
            }
        ]
    },
    "7": {
        "ICA boundary": [
            {
                "id": 453,
                "degree": 2,
                "label": 7,
                "coords": [
                    -13.46719,
                    239.24531,
                    1477.68452
                ]
            }
        ],
        "MCA end": [
            {
                "id": 498,
                "degree": 1,
                "label": 7,
                "coords": [
                    -22.77344,
                    248.74219,
                    1474.52515
                ]
            }
        ]
    },
    "8": {
        "ICA boundary": [
            {
                "id": 502,
                "degree": 2,
                "label": 8,
                "coords": [
                    14.88698,
                    237.49427,
                    1476.17307
                ]
            }
        ],
        "PCA boundary": [
            {
                "id": 540,
                "degree": 2,
                "label": 8,
                "coords": [
                    11.69141,
                    228.80312,
                    1478.44155
                ]
            }
        ]
    },
    "11": {
        "ICA boundary": [
            {
                "id": 550,
                "degree": 2,
                "label": 11,
                "coords": [
                    15.38281,
                    241.73906,
                    1481.67202
                ]
            }
        ],
        "ACA end": [
            {
                "id": 644,
                "degree": 1,
                "label": 11,