{
    "1": {
        "BA start": [
            {
                "id": 0,
                "degree": 1,
                "label": 1,
                "coords": [
                    -1.86816,
                    208.9209,
                    -107.25
                ]
            }
        ],
        "BA bifurcation": [
            {
                "id": 56,
                "degree": 3,
                "label": 1,
                "coords": [
                    -2.62858,
                    214.91569,
                    -93.08333
                ]
            }
        ],
        "R-PCA boundary": [
            {
                "id": 64,
                "degree": 2,
                "label": 1,
                "coords": [
                    -0.46191,
                    215.24902,
                    -92.00312
                ]
            }
        ],
        "L-PCA boundary": [
            {
                "id": 178,
                "degree": 2,
                "label": 1,
                "coords": [
                    -4.46191,
                    216.23027,
                    -91.78125
                ]
            }
        ]
    },
    "2": {
        "BA boundary": [
            {
                "id": 64,
                "degree": 2,
                "label": 2,
                "coords": [
                    -0.46191,
                    215.24902,
                    -92.00312
                ]
            }
        ],
        "Pcom bifurcation": [
            {
                "id": 105,
                "degree": 3,
                "label": 2,
                "coords": [
                    7.55684,
                    217.89902,
                    -97.81562
                ]
            }
        ],
        "Pcom boundary": [
            {
                "id": 522,
                "degree": 2,
                "label": 2,
                "coords": [
                    7.22621,
                    218.4259,
                    -98.46625
                ]
            }
        ],
        "PCA end": [
            {
                "id": 170,
                "degree": 1,
                "label": 2,
                "coords": [
                    19.53809,
                    203.99902,
                    -94.75
                ]
            }
        ]
    },
    "3": {
        "BA boundary": [
            {
                "id": 178,
                "degree": 2,
                "label": 3,
                "coords": [
                    -4.46191,
                    216.23027,
                    -91.78125
                ]
            }
        ],
        "PCA end": [
            {
                "id": 298,
                "degree": 1,
                "label": 3,
                "coords": [
                    -19.71191,
                    196.99902,
                    -96.25
                ]
            }
        ]
    },
    "4": {
        "ICA start": [
            {
                "id": 299,
                "degree": 1,
                "label": 4,
                "coords": [
                    6.70996,
                    227.99902,
                    -102.42188
                ]
            }
        ],
        "Pcom bifurcation": [
            {
                "id": 318,
                "degree": 3,
                "label": 4,
                "coords": [
                    8.3485,
                    223.45423,
                    -99.70104
                ]
            }
        ],
        "Pcom boundary": [
            {
                "id": 502,
                "degree": 2,
                "label": 4,
                "coords": [
                    7.84434,
                    222.68652,
                    -100.59062
                ]
            }
        ],
        "ICA bifurcation": [
            {
                "id": 339,
                "degree": 3,
                "label": 4,
                "coords": [
                    11.28809,
                    223.74902,
                    -94.75
                ]
            }
        ],
        "ACA boundary": [
            {
                "id": 530,
                "degree": 2,
                "label": 4,
                "coords": [
                    9.53809,
                    224.24902,
                    -93.85312
                ]
            }
        ],
        "MCA boundary": [
            {
                "id": 347,
                "degree": 2,
                "label": 4,
                "coords": [
                    13.13809,
                    223.70527,
                    -93.8375
                ]
            }
        ]
    },
    "5": {
        "ICA boundary": [
            {
                "id": 347,
                "degree": 2,
                "label": 5,
                "coords": [
                    13.13809,
                    223.70527,
                    -93.8375
                ]
            }
        ],
        "MCA end": [
            {
                "id": 404,
                "degree": 1,
                "label": 5,
                "coords": [
                    22.77246,
                    233.74902,
                    -95.07812
                ]
            }
        ]
    },
    "6": {
        "ICA start": [
            {
                "id": 405,
                "degree": 1,
                "label": 6,
                "coords": [
                    -12.21191,
                    227.07715,
                    -103.84375
                ]
            }
        ],
        "ICA bifurcation": [
            {
                "id": 444,
                "degree": 3,
                "label": 6,
                "coords": [
                    -20.79525,
                    222.74902,
                    -97.66667
                ]
            }
        ],
        "ACA boundary": [
            {
                "id": 672,
                "degree": 2,
                "label": 6,
                "coords": [
                    -19.45879,
                    222.4834,
                    -95.51875
                ]
            }
        ],
        "MCA boundary": [
            {
                "id": 454,
                "degree": 2,
                "label": 6,
                "coords": [
                    -23.46191,
                    223.99902,
                    -97.2875
                ]
            }
        ]
    },
    "7": {
        "ICA boundary": [
            {
                "id": 454,
                "degree": 2,
                "label": 7,
                "coords": [
                    -23.46191,
                    223.99902,
                    -97.2875
                ]
            }
        ],
        "MCA end": [
            {
                "id": 499,
                "degree": 1,
                "label": 7,
                "coords": [
                    -34.21191,
                    228.84277,
                    -102.01562
                ]
            }
        ]
    },
    "8": {
        "ICA boundary": [
            {
                "id": 502,
                "degree": 2,
                "label": 8,
                "coords": [
                    7.84434,
                    222.68652,
                    -100.59062
                ]
            }
        ],
        "PCA boundary": [
            {
                "id": 522,
                "degree": 2,
                "label": 8,
                "coords": [
                    7.22621,
                    218.4259,
                    -98.46625
                ]
            }
        ]
    },
    "10": {
        "R-ACA boundary": [
            {
                "id": 781,
                "degree": 2,
                "label": 10,
                "coords": [
                    -3.78223,
                    224.3623,
                    -93.47812
                ]
            }
        ],
        "L-ACA boundary": [
            {
                "id": 789,
                "degree": 2,
                "label": 10,