{
    "1": {
        "BA start": [
            {
                "id": 0,
                "degree": 1,
                "label": 1,
                "coords": [
                    -1.28906,
                    192.66406,
                    -60.93887
                ]
            }
        ],
        "BA bifurcation": [
            {
                "id": 49,
                "degree": 3,
                "label": 1,
                "coords": [
                    -5.86719,
                    196.41406,
                    -49.59512
                ]
            }
        ],
        "R-PCA boundary": [
            {
                "id": 57,
                "degree": 2,
                "label": 1,
                "coords": [
                    -3.86719,
                    196.16719,
                    -48.09512
                ]
            }
        ],
        "L-PCA boundary": [
            {
                "id": 182,
                "degree": 2,
                "label": 1,
                "coords": [
                    -8.36719,
                    196.33906,
                    -47.40137
                ]
            }
        ]
    },
    "2": {
        "BA boundary": [
            {
                "id": 57,
                "degree": 2,
                "label": 2,
                "coords": [
                    -3.86719,
                    196.16719,
                    -48.09512
                ]
            }
        ],
        "PCA end": [
            {
                "id": 171,
                "degree": 1,
                "label": 2,
                "coords": [
                    17.64844,
                    181.17969,
                    -45.00137
                ]
            }
        ]
    },
    "3": {
        "BA boundary": [
            {
                "id": 182,
                "degree": 2,
                "label": 3,
                "coords": [
                    -8.36719,
                    196.33906,
                    -47.40137
                ]
            }
        ],
        "PCA end": [
            {
                "id": 271,
                "degree": 1,
                "label": 3,
                "coords": [
                    -24.96094,
                    184.33594,
                    -49.61075
                ]
            }
        ]
    },
    "4": {
        "ICA start": [
            {
                "id": 272,
                "degree": 1,
                "label": 4,
                "coords": [
                    3.71094,
                    212.39844,
                    -51.56387
                ]
            }
        ],
        "ICA bifurcation": [
            {
                "id": 309,
                "degree": 3,
                "label": 4,
                "coords": [
                    11.13281,
                    208.66406,
                    -44.09512
                ]
            }
        ],
        "ACA boundary": [
            {
                "id": 515,
                "degree": 2,
                "label": 4,
                "coords": [
                    9.07969,
                    209.99219,
                    -42.92637
                ]
            }
        ],
        "MCA boundary": [
            {
                "id": 319,
                "degree": 2,
                "label": 4,
                "coords": [
                    13.38281,
                    208.93281,
                    -43.34825
                ]
            }
        ]
    },
    "5": {
        "ICA boundary": [
            {
                "id": 319,
                "degree": 2,
                "label": 5,
                "coords": [
                    13.38281,
                    208.93281,
                    -43.34825
                ]
            }
        ],
        "MCA end": [
            {
                "id": 373,
                "degree": 1,
                "label": 5,
                "coords": [
                    24.88281,
                    214.64844,
                    -51.11075
                ]
            }
        ]
    },
    "6": {
        "ICA start": [
            {
                "id": 374,
                "degree": 1,
                "label": 6,
                "coords": [
                    -12.36719,
                    212.39844,
                    -55.84512
                ]
            }
        ],
        "ICA bifurcation": [
            {
                "id": 413,
                "degree": 3,
                "label": 6,
                "coords": [
                    -15.61719,
                    206.66406,
                    -46.84512
                ]
            }
        ],
        "ACA boundary": [
            {
                "id": 630,
                "degree": 2,
                "label": 6,
                "coords": [
                    -14.11719,
                    207.56719,
                    -44.96387
                ]
            }
        ],
        "MCA boundary": [
            {
                "id": 421,
                "degree": 2,
                "label": 6,
                "coords": [
                    -17.61719,
                    206.66406,
                    -46.992
                ]
            }
        ]
    },
    "7": {
        "ICA boundary": [
            {
                "id": 421,
                "degree": 2,
                "label": 7,
                "coords": [
                    -17.61719,
                    206.66406,
                    -46.992
                ]
            }
        ],
        "MCA end": [
            {
                "id": 466,
                "degree": 3,
                "label": 7,
                "coords": [
                    -27.53385,
                    209.33073,
                    -54.17846
                ]
            }
        ]
    },
    "10": {
        "R-ACA boundary": [
            {
                "id": 728,
                "degree": 2,
                "label": 10,
                "coords": [
                    -2.89297,
                    213.03984,
                    -42.4084
                ]
            }
        ],
        "L-ACA boundary": [
            {
                "id": 736,
                "degree": 2,
                "label": 10,
                "coords": [
                    -4.01406,
                    213.41719,
                    -44.342
                ]
            }
        ]
    },
    "11": {
        "ICA boundary": [
            {
                "id": 515,
                "degree": 2,
                "label": 11,
                "coords": [
                    9.07969,
                    209.99219,
                    -42.92637
                ]
            }
        ],
        "Acom bifurcation": [
            {
                "id": 559,
                "degree": 3,
                "label": 11,
                "coords": [
                    -2.57969,
                    212.93281,
                    -41.83262
                ]
            }
        ],
        "Acom boundary": [
            {
                "id": 728,
                "degree": 2,
                "label": 11,
                "coords": [
                    -2.89297,
                    213.03984,
                    -42.4084
                ]
            }
        ],
        "ACA end": [
            {
                "id": 622,
                "degree": 1,
                "label": 11,
                "coords": [
                    -5.69531,
                    227.91406,
                    -34.517
                ]
            }
        ]
    },
    "12": {
        "ICA boundary": [
            {
                "id": 630,
                "degree": 2,
                "label": 12,
                "coords": [
                    -14.11719,
                    207.56719,
                    -44.96387
                ]
            }
        ],
        "Acom bifurcation": [
            {
                "id": 670,
                "degree": 3,
                "label": 12,