{
    "1": {
        "BA start": [
            {
                "id": 0,
                "degree": 1,
                "label": 1,
                "coords": [
                    -2.59961,
                    189.13477,
                    163.70022
                ]
            }
        ],
        "BA bifurcation": [
            {
                "id": 26,
                "degree": 3,
                "label": 1,
                "coords": [
                    -2.19336,
                    189.65039,
                    170.20023
                ]
            }
        ],
        "R-PCA boundary": [
            {
                "id": 35,
                "degree": 2,
                "label": 1,
                "coords": [
                    -0.42148,
                    190.40039,
                    171.63147
                ]
            }
        ],
        "L-PCA boundary": [
            {
                "id": 117,
                "degree": 2,
                "label": 1,
                "coords": [
                    -3.90898,
                    189.64727,
                    171.55022
                ]
            }
        ]
    },
    "2": {
        "BA boundary": [
            {
                "id": 35,
                "degree": 2,
                "label": 2,
                "coords": [
                    -0.42148,
                    190.40039,
                    171.63147
                ]
            }
        ],
        "PCA end": [
            {
                "id": 109,
                "degree": 1,
                "label": 2,
                "coords": [
                    16.96289,
                    186.88477,
                    173.85647
                ]
            }
        ]
    },
    "3": {
        "BA boundary": [
            {
                "id": 117,
                "degree": 2,
                "label": 3,
                "coords": [
                    -3.90898,
                    189.64727,
                    171.55022
                ]
            }
        ],
        "Pcom bifurcation": [
            {
                "id": 133,
                "degree": 3,
                "label": 3,
                "coords": [
                    -7.44336,
                    189.94727,
                    173.9971
                ]
            }
        ],
        "Pcom boundary": [
            {
                "id": 409,
                "degree": 2,
                "label": 3,
                "coords": [
                    -7.92773,
                    190.61289,
                    173.60335
                ]
            }
        ],
        "PCA end": [
            {
                "id": 191,
                "degree": 1,
                "label": 3,
                "coords": [
                    -17.11523,
                    178.65039,
                    175.45022
                ]
            }
        ]
    },
    "4": {
        "ICA start": [
            {
                "id": 192,
                "degree": 1,
                "label": 4,
                "coords": [
                    0.65039,
                    207.22852,
                    166.20022
                ]
            }
        ],
        "ICA bifurcation": [
            {
                "id": 220,
                "degree": 3,
                "label": 4,
                "coords": [
                    6.30664,
                    206.20039,
                    172.45023
                ]
            }
        ],
        "ACA boundary": [
            {
                "id": 415,
                "degree": 2,
                "label": 4,
                "coords": [
                    5.30977,
                    206.75039,
                    173.56585
                ]
            }
        ],
        "MCA boundary": [
            {
                "id": 227,
                "degree": 2,
                "label": 4,
                "coords": [
                    8.30664,
                    206.78477,
                    173.32835
                ]
            }
        ]
    },
    "5": {
        "ICA boundary": [
            {
                "id": 227,
                "degree": 2,
                "label": 5,
                "coords": [
                    8.30664,
                    206.78477,
                    173.32835
                ]
            }
        ],
        "MCA end": [
            {
                "id": 273,
                "degree": 1,
                "label": 5,
                "coords": [
                    19.30664,
                    212.15039,
                    171.51272
                ]
            }
        ]
    },
    "6": {
        "ICA start": [
            {
                "id": 274,
                "degree": 1,
                "label": 6,
                "coords": [
                    -14.69336,
                    202.44727,
                    169.96585
                ]
            }
        ],
        "Pcom bifurcation": [
            {
                "id": 285,
                "degree": 3,
                "label": 6,
                "coords": [
                    -15.96107,
                    200.62123,
                    172.81064
                ]
            }
        ],
        "Pcom boundary": [
            {
                "id": 376,
                "degree": 2,
                "label": 6,
                "coords": [
                    -14.94023,
                    198.65039,
                    172.21897
                ]
            }
        ],
        "ICA bifurcation": [
            {
                "id": 300,
                "degree": 3,
                "label": 6,
                "coords": [
                    -17.69336,
                    200.40039,
                    176.70023
                ]
            }
        ],
        "ACA boundary": [
            {
                "id": 577,
                "degree": 2,
                "label": 6,
                "coords": [
                    -17.19023,
                    201.41914,
                    177.8971
                ]
            }
        ],
        "MCA boundary": [
            {
                "id": 311,
                "degree": 2,
                "label": 6,
                "coords": [
                    -20.44336,
                    198.80664,
                    177.76898
                ]
            }
        ]
    },
    "7": {
        "ICA boundary": [
            {
                "id": 311,
                "degree": 2,
                "label": 7,
                "coords": [
                    -20.44336,
                    198.80664,
                    177.76898
                ]
            }
        ],
        "MCA end": [
            {
                "id": 369,
                "degree": 1,
                "label": 7,
                "coords": [
                    -34.75586,
                    194.90039,
                    179.71585
                ]
            }
        ]
    },
    "9": {
        "ICA boundary": [
            {
                "id": 376,
                "degree": 2,
                "label": 9,
                "coords": [
                    -14.94023,
                    198.65039,
                    172.21897
                ]
            }
        ],
        "PCA boundary": [
            {
                "id": 409,
                "degree": 2,
                "label": 9,
                "coords": [
                    -7.92773,
                    190.61289,
                    173.60335
                ]
            }
        ]
    },
    "10": {
        "R-ACA boundary": [
            {
                "id": 463,
                "degree": 3,
                "label": 10,
                "coords": [
                    -7.16419,
                    210.74622,
                    174.66897
                ]
            }
        ],
        "L-ACA boundary": [
            {
                "id": 716,
                "degree": 2,
                "label": 10,