{
    "1": {
        "BA start": [
            {
                "id": 0,
                "degree": 1,
                "label": 1,
                "coords": [
                    1.11523,
                    206.39258,
                    -134.10001
                ]
            }
        ],
        "BA bifurcation": [
            {
                "id": 44,
                "degree": 3,
                "label": 1,
                "coords": [
                    -0.38477,
                    208.89258,
                    -123.10001
                ]
            }
        ],
        "R-PCA boundary": [
            {
                "id": 53,
                "degree": 2,
                "label": 1,
                "coords": [
                    1.63398,
                    208.96758,
                    -121.87501
                ]
            }
        ],
        "L-PCA boundary": [
            {
                "id": 155,
                "degree": 2,
                "label": 1,
                "coords": [
                    -2.31289,
                    209.57383,
                    -122.42501
                ]
            }
        ]
    },
    "2": {
        "BA boundary": [
            {
                "id": 53,
                "degree": 2,
                "label": 2,
                "coords": [
                    1.63398,
                    208.96758,
                    -121.87501
                ]
            }
        ],
        "PCA end": [
            {
                "id": 147,
                "degree": 1,
                "label": 2,
                "coords": [
                    19.69336,
                    201.14258,
                    -120.08438
                ]
            }
        ]
    },
    "3": {
        "BA boundary": [
            {
                "id": 155,
                "degree": 2,
                "label": 3,
                "coords": [
                    -2.31289,
                    209.57383,
                    -122.42501
                ]
            }
        ],
        "PCA end": [
            {
                "id": 253,
                "degree": 1,
                "label": 3,
                "coords": [
                    -19.04102,
                    198.73633,
                    -117.08438
                ]
            }
        ]
    },
    "4": {
        "ICA start": [
            {
                "id": 254,
                "degree": 1,
                "label": 4,
                "coords": [
                    10.11523,
                    224.73633,
                    -130.44376
                ]
            }
        ],
        "ICA bifurcation": [
            {
                "id": 293,
                "degree": 3,
                "label": 4,
                "coords": [
                    17.36523,
                    225.64258,
                    -122.60001
                ]
            }
        ],
        "ACA boundary": [
            {
                "id": 442,
                "degree": 2,
                "label": 4,
                "coords": [
                    15.86523,
                    226.38945,
                    -122.22188
                ]
            }
        ],
        "MCA boundary": [
            {
                "id": 300,
                "degree": 2,
                "label": 4,
                "coords": [
                    19.09648,
                    227.0457,
                    -123.25001
                ]
            }
        ]
    },
    "5": {
        "ICA boundary": [
            {
                "id": 300,
                "degree": 2,
                "label": 5,
                "coords": [
                    19.09648,
                    227.0457,
                    -123.25001
                ]
            }
        ],
        "MCA end": [
            {
                "id": 350,
                "degree": 1,
                "label": 5,
                "coords": [
                    28.11523,
                    231.08008,
                    -132.85001
                ]
            }
        ]
    },
    "6": {
        "ICA start": [
            {
                "id": 351,
                "degree": 1,
                "label": 6,
                "coords": [
                    -6.90039,
                    223.89258,
                    -131.69376
                ]
            }
        ],
        "ICA bifurcation": [
            {
                "id": 390,
                "degree": 3,
                "label": 6,
                "coords": [
                    -12.88477,
                    221.89258,
                    -123.85001
                ]
            }
        ],
        "ACA boundary": [
            {
                "id": 556,
                "degree": 2,
                "label": 6,
                "coords": [
                    -10.88477,
                    222.6082,
                    -122.92501
                ]
            }
        ],
        "MCA boundary": [
            {
                "id": 397,
                "degree": 2,
                "label": 6,
                "coords": [
                    -14.63477,
                    222.98945,
                    -123.45001
                ]
            }
        ]
    },
    "7": {
        "ICA boundary": [
            {
                "id": 397,
                "degree": 2,
                "label": 7,
                "coords": [
                    -14.63477,
                    222.98945,
                    -123.45001
                ]
            }
        ],
        "MCA end": [
            {
                "id": 436,
                "degree": 1,
                "label": 7,
                "coords": [
                    -22.65039,
                    228.33008,
                    -128.60001
                ]
            }
        ]
    },
    "10": {
        "R-ACA boundary": [
            {
                "id": 666,
                "degree": 2,
                "label": 10,
                "coords": [
                    3.6994,
                    230.07405,
                    -125.98001
                ]
            }
        ],
        "L-ACA boundary": [
            {
                "id": 678,
                "degree": 2,
                "label": 10,
                "coords": [
                    0.61836,
                    231.56758,
                    -125.58126
                ]
            }
        ],
        "3rd-A2 bifurcation": [
            {
                "id": 674,
                "degree": 3,
                "label": 10,
                "coords": [
                    1.61523,
                    230.91133,
                    -125.53126
                ]
            }
        ],
        "3rd-A2 boundary": [
            {
                "id": 682,
                "degree": 2,
                "label": 10,
                "coords": [
                    1.96211,
                    231.17133,
                    -124.88313
                ]
            }
        ]
    },
    "11": {
        "ICA boundary": [
            {
                "id": 442,
                "degree": 2,
                "label": 11,
                "coords": [
                    15.86523,
                    226.38945,
                    -122.22188
                ]
            }
        ],
        "Acom bifurcation": [
            {
                "id": 489,
                "degree": 3,
                "label": 11,
                "coords": [
                    4.48919,
                    230.00301,
                    -126.00001
                ]
            }
        ],
        "Acom boundary": [
            {
                "id": 666,
                "degree": 2,
                "label": 11,
                "coords": [
                    3.6994,
                    230.07405,
                    -125.98001
                ]
            }
        ],
        "ACA end": [
            {
                "id": 548,
                "degree": 1,