{
    "1": {
        "BA start": [
            {
                "id": 0,
                "degree": 1,
                "label": 1,
                "coords": [
                    0.03418,
                    189.65723,
                    66.17188
                ]
            }
        ],
        "BA bifurcation": [
            {
                "id": 51,
                "degree": 3,
                "label": 1,
                "coords": [
                    -3.90332,
                    195.65723,
                    77.5
                ]
            }
        ],
        "R-PCA boundary": [
            {
                "id": 59,
                "degree": 2,
                "label": 1,
                "coords": [
                    -3.56895,
                    195.55723,
                    79.5
                ]
            }
        ],
        "L-PCA boundary": [
            {
                "id": 192,
                "degree": 2,
                "label": 1,
                "coords": [
                    -6.65332,
                    196.91348,
                    78.05312
                ]
            }
        ]
    },
    "2": {
        "BA boundary": [
            {
                "id": 59,
                "degree": 2,
                "label": 2,
                "coords": [
                    -3.56895,
                    195.55723,
                    79.5
                ]
            }
        ],
        "PCA end": [
            {
                "id": 181,
                "degree": 1,
                "label": 2,
                "coords": [
                    19.84668,
                    182.3291,
                    83.5
                ]
            }
        ]
    },
    "3": {
        "BA boundary": [
            {
                "id": 192,
                "degree": 2,
                "label": 3,
                "coords": [
                    -6.65332,
                    196.91348,
                    78.05312
                ]
            }
        ],
        "Pcom bifurcation": [
            {
                "id": 215,
                "degree": 3,
                "label": 3,
                "coords": [
                    -11.65332,
                    201.20723,
                    77.0625
                ]
            }
        ],
        "Pcom boundary": [
            {
                "id": 571,
                "degree": 2,
                "label": 3,
                "coords": [
                    -10.70645,
                    201.7791,
                    76.77812
                ]
            }
        ],
        "PCA end": [
            {
                "id": 297,
                "degree": 1,
                "label": 3,
                "coords": [
                    -19.66895,
                    182.90723,
                    75.84375
                ]
            }
        ]
    },
    "4": {
        "ICA start": [
            {
                "id": 298,
                "degree": 1,
                "label": 4,
                "coords": [
                    7.09668,
                    209.15723,
                    75.98438
                ]
            }
        ],
        "ICA bifurcation": [
            {
                "id": 337,
                "degree": 3,
                "label": 4,
                "coords": [
                    14.84668,
                    207.15723,
                    82.25
                ]
            }
        ],
        "ACA boundary": [
            {
                "id": 582,
                "degree": 2,
                "label": 4,
                "coords": [
                    13.09668,
                    207.57598,
                    83.72813
                ]
            }
        ],
        "MCA boundary": [
            {
                "id": 345,
                "degree": 2,
                "label": 4,
                "coords": [
                    16.84668,
                    208.40723,
                    83.08125
                ]
            }
        ]
    },
    "5": {
        "ICA boundary": [
            {
                "id": 345,
                "degree": 2,
                "label": 5,
                "coords": [
                    16.84668,
                    208.40723,
                    83.08125
                ]
            }
        ],
        "MCA end": [
            {
                "id": 397,
                "degree": 1,
                "label": 5,
                "coords": [
                    26.3623,
                    218.0791,
                    76.75
                ]
            }
        ]
    },
    "6": {
        "ICA start": [
            {
                "id": 398,
                "degree": 1,
                "label": 6,
                "coords": [
                    -12.15332,
                    211.3291,
                    70.5
                ]
            }
        ],
        "Pcom bifurcation": [
            {
                "id": 417,
                "degree": 3,
                "label": 6,
                "coords": [
                    -14.20332,
                    206.65723,
                    73.31562
                ]
            }
        ],
        "Pcom boundary": [
            {
                "id": 528,
                "degree": 2,
                "label": 6,
                "coords": [
                    -13.45332,
                    206.37285,
                    71.5
                ]
            }
        ],
        "ICA bifurcation": [
            {
                "id": 444,
                "degree": 3,
                "label": 6,
                "coords": [
                    -20.48665,
                    202.74056,
                    76.16667
                ]
            }
        ],
        "ACA boundary": [
            {
                "id": 718,
                "degree": 2,
                "label": 6,
                "coords": [
                    -19.40332,
                    201.8291,
                    77.34688
                ]
            }
        ],
        "MCA boundary": [
            {
                "id": 452,
                "degree": 2,
                "label": 6,
                "coords": [
                    -22.65332,
                    203.36035,
                    77.0125
                ]
            }
        ]
    },
    "7": {
        "ICA boundary": [
            {
                "id": 452,
                "degree": 2,
                "label": 7,
                "coords": [
                    -22.65332,
                    203.36035,
                    77.0125
                ]
            }
        ],
        "MCA end": [
            {
                "id": 521,
                "degree": 1,
                "label": 7,
                "coords": [
                    -32.91895,
                    215.40723,
                    70.75
                ]
            }
        ]
    },
    "9": {
        "ICA boundary": [
            {
                "id": 528,
                "degree": 2,
                "label": 9,
                "coords": [
                    -13.45332,
                    206.37285,
                    71.5
                ]
            }
        ],
        "PCA boundary": [
            {
                "id": 571,
                "degree": 2,
                "label": 9,
                "coords": [
                    -10.70645,
                    201.7791,
                    76.77812
                ]
            }
        ]
    },
    "10": {
        "R-ACA boundary": [
            {
                "id": 872,
                "degree": 2,
                "label": 10,
                "coords": [
                    -2.72311,
                    211.30385,
                    78.55078
                ]
            }
        ],
        "L-ACA boundary": [
            {
                "id": 783,
                "degree": 3,
                "label": 10,