{
    "1": {
        "BA start": [
            {
                "id": 0,
                "degree": 1,
                "label": 1,
                "coords": [
                    5.97871,
                    -4.21408,
                    -31.41047
                ]
            }
        ],
        "BA bifurcation": [
            {
                "id": 45,
                "degree": 3,
                "label": 1,
                "coords": [
                    5.86624,
                    -8.21662,
                    -20.16177
                ]
            }
        ],
        "R-PCA boundary": [
            {
                "id": 55,
                "degree": 2,
                "label": 1,
                "coords": [
                    7.50828,
                    -10.26124,
                    -19.18354
                ]
            }
        ],
        "L-PCA boundary": [
            {
                "id": 136,
                "degree": 2,
                "label": 1,
                "coords": [
                    3.92439,
                    -7.41402,
                    -19.22254
                ]
            }
        ]
    },
    "2": {
        "BA boundary": [
            {
                "id": 55,
                "degree": 2,
                "label": 2,
                "coords": [
                    7.50828,
                    -10.26124,
                    -19.18354
                ]
            }
        ],
        "PCA end": [
            {
                "id": 128,
                "degree": 1,
                "label": 2,
                "coords": [
                    23.04644,
                    -14.89983,
                    -29.11194
                ]
            }
        ]
    },
    "3": {
        "BA boundary": [
            {
                "id": 136,
                "degree": 2,
                "label": 3,
                "coords": [
                    3.92439,
                    -7.41402,
                    -19.22254
                ]
            }
        ],
        "Pcom bifurcation": [
            {
                "id": 159,
                "degree": 3,
                "label": 3,
                "coords": [
                    -0.5612,
                    -3.17091,
                    -20.19242
                ]
            }
        ],
        "Pcom boundary": [
            {
                "id": 533,
                "degree": 2,
                "label": 3,
                "coords": [
                    -0.00041,
                    -3.0666,
                    -20.45814
                ]
            }
        ],
        "PCA end": [
            {
                "id": 210,
                "degree": 1,
                "label": 3,
                "coords": [
                    -11.04832,
                    -14.07928,
                    -26.41038
                ]
            }
        ]
    },
    "4": {
        "ICA start": [
            {
                "id": 211,
                "degree": 1,
                "label": 4,
                "coords": [
                    15.28362,
                    9.93576,
                    -30.46573
                ]
            }
        ],
        "MCA boundary": [
            {
                "id": 309,
                "degree": 2,
                "label": 4,
                "coords": [
                    25.45441,
                    3.2275,
                    -18.5733
                ]
            }
        ]
    },
    "5": {
        "ICA boundary": [
            {
                "id": 309,
                "degree": 2,
                "label": 5,
                "coords": [
                    25.45441,
                    3.2275,
                    -18.5733
                ]
            }
        ],
        "MCA end": [
            {
                "id": 342,
                "degree": 1,
                "label": 5,
                "coords": [
                    33.90161,
                    6.00327,
                    -19.89449
                ]
            }
        ]
    },
    "6": {
        "ICA start": [
            {
                "id": 343,
                "degree": 1,
                "label": 6,
                "coords": [
                    -0.8587,
                    10.78551,
                    -29.34123
                ]
            }
        ],
        "Pcom bifurcation": [
            {
                "id": 414,
                "degree": 3,
                "label": 6,
                "coords": [
                    -2.59489,
                    6.24223,
                    -19.0289
                ]
            }
        ],
        "Pcom boundary": [
            {
                "id": 496,
                "degree": 2,
                "label": 6,
                "coords": [
                    -3.18621,
                    5.01099,
                    -20.82468
                ]
            }
        ],
        "ICA bifurcation": [
            {
                "id": 439,
                "degree": 3,
                "label": 6,
                "coords": [
                    -6.74884,
                    4.4201,
                    -13.79403
                ]
            }
        ],
        "ACA boundary": [
            {
                "id": 542,
                "degree": 2,
                "label": 6,
                "coords": [
                    -5.45202,
                    4.11854,
                    -11.78661
                ]
            }
        ],
        "MCA boundary": [
            {
                "id": 450,
                "degree": 2,
                "label": 6,
                "coords": [
                    -9.43177,
                    5.35151,
                    -12.6358
                ]
            }
        ]
    },
    "7": {
        "ICA boundary": [
            {
                "id": 450,
                "degree": 2,
                "label": 7,
                "coords": [
                    -9.43177,
                    5.35151,
                    -12.6358
                ]
            }
        ],
        "MCA end": [
            {
                "id": 488,
                "degree": 1,
                "label": 7,
                "coords": [
                    -18.32259,
                    11.41116,
                    -16.33004
                ]
            }
        ]
    },
    "9": {
        "ICA boundary": [
            {
                "id": 496,
                "degree": 2,
                "label": 9,
                "coords": [
                    -3.18621,
                    5.01099,
                    -20.82468
                ]
            }
        ],
        "PCA boundary": [
            {
                "id": 533,
                "degree": 2,
                "label": 9,
                "coords": [
                    -0.00041,
                    -3.0666,
                    -20.45814
                ]
            }
        ]
    },
    "10": {
        "R-ACA boundary": [
            {
                "id": 676,
                "degree": 2,
                "label": 10,
                "coords": [
                    9.48114,
                    7.07247,
                    -14.64191
                ]
            }
        ],
        "L-ACA boundary": [
            {
                "id": 656,
                "degree": 2,
                "label": 10,
                "coords": [
                    8.11323,
                    5.28964,
                    -10.55814
                ]
            }
        ]
    },
    "11": {
        "Acom boundary": [
            {
                "id": 676,
                "degree": 2,
                "label": 11,
                "coords": [
                    9.48114,
                    7.07247,
                    -14.64191
                ]
            }
        ],
        "ACA end": [
            {
                "id": 755,
                "degree": 1,
                "label": 11,