{
    "1": {
        "BA start": [
            {
                "id": 0,
                "degree": 1,
                "label": 1,
                "coords": [
                    -14.01953,
                    196.26953,
                    -621.74664
                ]
            }
        ],
        "BA bifurcation": [
            {
                "id": 43,
                "degree": 3,
                "label": 1,
                "coords": [
                    -9.95703,
                    203.51953,
                    -611.99658
                ]
            }
        ],
        "R-PCA boundary": [
            {
                "id": 52,
                "degree": 2,
                "label": 1,
                "coords": [
                    -7.99141,
                    204.56641,
                    -610.14977
                ]
            }
        ],
        "L-PCA boundary": [
            {
                "id": 181,
                "degree": 2,
                "label": 1,
                "coords": [
                    -12.20703,
                    204.73828,
                    -611.19664
                ]
            }
        ]
    },
    "2": {
        "BA boundary": [
            {
                "id": 52,
                "degree": 2,
                "label": 2,
                "coords": [
                    -7.99141,
                    204.56641,
                    -610.14977
                ]
            }
        ],
        "Pcom bifurcation": [
            {
                "id": 84,
                "degree": 3,
                "label": 2,
                "coords": [
                    -1.90703,
                    209.25078,
                    -610.34663
                ]
            }
        ],
        "Pcom boundary": [
            {
                "id": 684,
                "degree": 2,
                "label": 2,
                "coords": [
                    -2.31953,
                    209.07734,
                    -610.83805
                ]
            }
        ],
        "PCA end": [
            {
                "id": 172,
                "degree": 1,
                "label": 2,
                "coords": [
                    12.79297,
                    192.26953,
                    -606.49664
                ]
            }
        ]
    },
    "3": {
        "BA boundary": [
            {
                "id": 181,
                "degree": 2,
                "label": 3,
                "coords": [
                    -12.20703,
                    204.73828,
                    -611.19664
                ]
            }
        ],
        "Pcom bifurcation": [
            {
                "id": 216,
                "degree": 3,
                "label": 3,
                "coords": [
                    -18.51016,
                    209.24766,
                    -613.41226
                ]
            }
        ],
        "Pcom boundary": [
            {
                "id": 722,
                "degree": 2,
                "label": 3,
                "coords": [
                    -17.96453,
                    209.49641,
                    -613.78289
                ]
            }
        ],
        "PCA end": [
            {
                "id": 298,
                "degree": 1,
                "label": 3,
                "coords": [
                    -29.37891,
                    190.01953,
                    -606.48102
                ]
            }
        ]
    },
    "4": {
        "ICA start": [
            {
                "id": 299,
                "degree": 1,
                "label": 4,
                "coords": [
                    -1.61328,
                    214.76953,
                    -617.07477
                ]
            }
        ],
        "Pcom bifurcation": [
            {
                "id": 318,
                "degree": 3,
                "label": 4,
                "coords": [
                    2.29297,
                    211.67891,
                    -614.11538
                ]
            }
        ],
        "Pcom boundary": [
            {
                "id": 642,
                "degree": 2,
                "label": 4,
                "coords": [
                    2.13984,
                    210.26953,
                    -615.01539
                ]
            }
        ],
        "ICA bifurcation": [
            {
                "id": 347,
                "degree": 3,
                "label": 4,
                "coords": [
                    5.29297,
                    217.26953,
                    -610.74658
                ]
            }
        ],
        "ACA boundary": [
            {
                "id": 730,
                "degree": 2,
                "label": 4,
                "coords": [
                    3.54297,
                    217.60078,
                    -609.41852
                ]
            }
        ],
        "MCA boundary": [
            {
                "id": 354,
                "degree": 2,
                "label": 4,
                "coords": [
                    6.69609,
                    219.01953,
                    -611.54664
                ]
            }
        ]
    },
    "5": {
        "ICA boundary": [
            {
                "id": 354,
                "degree": 2,
                "label": 5,
                "coords": [
                    6.69609,
                    219.01953,
                    -611.54664
                ]
            }
        ],
        "MCA end": [
            {
                "id": 400,
                "degree": 3,
                "label": 5,
                "coords": [
                    17.95964,
                    224.6862,
                    -614.41325
                ]
            }
        ]
    },
    "6": {
        "ICA start": [
            {
                "id": 471,
                "degree": 1,
                "label": 6,
                "coords": [
                    -18.80078,
                    214.76953,
                    -618.40289
                ]
            }
        ],
        "Pcom bifurcation": [
            {
                "id": 485,
                "degree": 3,
                "label": 6,
                "coords": [
                    -20.45703,
                    211.54141,
                    -616.52476
                ]
            }
        ],
        "Pcom boundary": [
            {
                "id": 690,
                "degree": 2,
                "label": 6,
                "coords": [
                    -20.25391,
                    210.16953,
                    -617.46539
                ]
            }
        ],
        "ICA bifurcation": [
            {
                "id": 513,
                "degree": 3,
                "label": 6,
                "coords": [
                    -25.45703,
                    215.01953,
                    -611.49658
                ]
            }
        ],
        "ACA boundary": [
            {
                "id": 856,
                "degree": 2,
                "label": 6,
                "coords": [
                    -23.95703,
                    215.68516,
                    -610.96227
                ]
            }
        ],
        "MCA boundary": [
            {
                "id": 520,
                "degree": 2,
                "label": 6,
                "coords": [
                    -27.20703,
                    215.86328,
                    -611.97789
                ]
            }
        ]
    },
    "7": {
        "ICA boundary": [
            {
                "id": 520,
                "degree": 2,
                "label": 7,
                "coords": [
                    -27.20703,
                    215.86328,
                    -611.97789
                ]
            }
        ],
        "MCA end": [
            {
                "id": 544,
                "degree": 3,
                "label": 7,