{
    "1": {
        "BA start": [
            {
                "id": 0,
                "degree": 1,
                "label": 1,
                "coords": [
                    -5.92773,
                    180.77148,
                    -152.0
                ]
            }
        ],
        "BA bifurcation": [
            {
                "id": 55,
                "degree": 3,
                "label": 1,
                "coords": [
                    -8.75586,
                    184.77148,
                    -138.5
                ]
            }
        ],
        "R-PCA boundary": [
            {
                "id": 64,
                "degree": 2,
                "label": 1,
                "coords": [
                    -6.50586,
                    184.02461,
                    -136.425
                ]
            }
        ],
        "L-PCA boundary": [
            {
                "id": 195,
                "degree": 2,
                "label": 1,
                "coords": [
                    -10.25586,
                    186.61836,
                    -136.60938
                ]
            }
        ]
    },
    "2": {
        "BA boundary": [
            {
                "id": 64,
                "degree": 2,
                "label": 2,
                "coords": [
                    -6.50586,
                    184.02461,
                    -136.425
                ]
            }
        ],
        "PCA end": [
            {
                "id": 186,
                "degree": 1,
                "label": 2,
                "coords": [
                    7.91602,
                    164.34961,
                    -133.75
                ]
            }
        ]
    },
    "3": {
        "BA boundary": [
            {
                "id": 195,
                "degree": 2,
                "label": 3,
                "coords": [
                    -10.25586,
                    186.61836,
                    -136.60938
                ]
            }
        ],
        "PCA end": [
            {
                "id": 318,
                "degree": 1,
                "label": 3,
                "coords": [
                    -20.25586,
                    166.27148,
                    -134.65625
                ]
            }
        ]
    },
    "4": {
        "ICA start": [
            {
                "id": 319,
                "degree": 1,
                "label": 4,
                "coords": [
                    2.68164,
                    197.02148,
                    -146.3125
                ]
            }
        ],
        "ICA bifurcation": [
            {
                "id": 358,
                "degree": 3,
                "label": 4,
                "coords": [
                    7.82747,
                    191.85482,
                    -137.66667
                ]
            }
        ],
        "ACA boundary": [
            {
                "id": 539,
                "degree": 2,
                "label": 4,
                "coords": [
                    6.45977,
                    193.29023,
                    -136.475
                ]
            }
        ],
        "MCA boundary": [
            {
                "id": 367,
                "degree": 2,
                "label": 4,
                "coords": [
                    10.24414,
                    191.35586,
                    -136.77188
                ]
            }
        ]
    },
    "5": {
        "ICA boundary": [
            {
                "id": 367,
                "degree": 2,
                "label": 5,
                "coords": [
                    10.24414,
                    191.35586,
                    -136.77188
                ]
            }
        ],
        "MCA end": [
            {
                "id": 418,
                "degree": 1,
                "label": 5,
                "coords": [
                    21.66602,
                    193.25586,
                    -141.42188
                ]
            }
        ]
    },
    "6": {
        "ICA start": [
            {
                "id": 419,
                "degree": 1,
                "label": 6,
                "coords": [
                    -14.27148,
                    196.50586,
                    -145.82812
                ]
            }
        ],
        "ICA bifurcation": [
            {
                "id": 458,
                "degree": 3,
                "label": 6,
                "coords": [
                    -17.92253,
                    194.27148,
                    -136.33333
                ]
            }
        ],
        "ACA boundary": [
            {
                "id": 675,
                "degree": 2,
                "label": 6,
                "coords": [
                    -15.00586,
                    194.96836,
                    -135.25
                ]
            }
        ],
        "MCA boundary": [
            {
                "id": 467,
                "degree": 2,
                "label": 6,
                "coords": [
                    -20.25586,
                    194.92148,
                    -135.47188
                ]
            }
        ]
    },
    "7": {
        "ICA boundary": [
            {
                "id": 467,
                "degree": 2,
                "label": 7,
                "coords": [
                    -20.25586,
                    194.92148,
                    -135.47188
                ]
            }
        ],
        "MCA end": [
            {
                "id": 497,
                "degree": 3,
                "label": 7,
                "coords": [
                    -27.92253,
                    196.93815,
                    -135.58333
                ]
            }
        ]
    },
    "10": {
        "R-ACA boundary": [
            {
                "id": 775,
                "degree": 2,
                "label": 10,
                "coords": [
                    -4.61136,
                    199.55708,
                    -138.28194
                ]
            }
        ],
        "L-ACA boundary": [
            {
                "id": 783,
                "degree": 2,
                "label": 10,
                "coords": [
                    -6.43828,
                    199.57148,
                    -137.95762
                ]
            }
        ]
    },
    "11": {
        "ICA boundary": [
            {
                "id": 539,
                "degree": 2,
                "label": 11,
                "coords": [
                    6.45977,
                    193.29023,
                    -136.475
                ]
            }
        ],
        "Acom bifurcation": [
            {
                "id": 585,
                "degree": 3,
                "label": 11,
                "coords": [
                    -4.13097,
                    199.63265,
                    -138.70588
                ]
            }
        ],
        "Acom boundary": [
            {
                "id": 775,
                "degree": 2,
                "label": 11,
                "coords": [
                    -4.61136,
                    199.55708,
                    -138.28194
                ]
            }
        ],
        "ACA end": [
            {
                "id": 664,
                "degree": 1,
                "label": 11,
                "coords": [
                    -4.74023,
                    215.77148,
                    -127.5
                ]
            }
        ]
    },
    "12": {
        "ICA boundary": [
            {
                "id": 675,
                "degree": 2,
                "label": 12,
                "coords": [
                    -15.00586,
                    194.96836,
                    -135.25
                ]
            }
        ],
        "Acom bifurcation": [
            {
                "id": 708,
                "degree": 3,