{
    "1": {
        "BA start": [
            {
                "id": 0,
                "degree": 1,
                "label": 1,
                "coords": [
                    7.5667,
                    3.51473,
                    -45.55971
                ]
            }
        ],
        "BA bifurcation": [
            {
                "id": 30,
                "degree": 4,
                "label": 1,
                "coords": [
                    9.12669,
                    3.13754,
                    -37.83081
                ]
            }
        ],
        "R-PCA boundary": [
            {
                "id": 37,
                "degree": 2,
                "label": 1,
                "coords": [
                    11.04316,
                    2.2814,
                    -36.56595
                ]
            }
        ],
        "L-PCA boundary": [
            {
                "id": 146,
                "degree": 2,
                "label": 1,
                "coords": [
                    5.64355,
                    4.01539,
                    -38.3878
                ]
            },
            {
                "id": 181,
                "degree": 2,
                "label": 1,
                "coords": [
                    7.41081,
                    5.09716,
                    -34.88632
                ]
            }
        ]
    },
    "2": {
        "BA boundary": [
            {
                "id": 37,
                "degree": 2,
                "label": 2,
                "coords": [
                    11.04316,
                    2.2814,
                    -36.56595
                ]
            }
        ],
        "PCA end": [
            {
                "id": 133,
                "degree": 1,
                "label": 2,
                "coords": [
                    25.30626,
                    -14.2676,
                    -37.11219
                ]
            }
        ]
    },
    "3": {
        "BA boundary": [
            {
                "id": 146,
                "degree": 2,
                "label": 3,
                "coords": [
                    5.64355,
                    4.01539,
                    -38.3878
                ]
            },
            {
                "id": 181,
                "degree": 2,
                "label": 3,
                "coords": [
                    7.41081,
                    5.09716,
                    -34.88632
                ]
            }
        ],
        "Pcom bifurcation": [
            {
                "id": 169,
                "degree": 4,
                "label": 3,
                "coords": [
                    2.5408,
                    5.29161,
                    -34.8523
                ]
            }
        ],
        "Pcom boundary": [
            {
                "id": 629,
                "degree": 2,
                "label": 3,
                "coords": [
                    1.85053,
                    6.11188,
                    -34.62128
                ]
            }
        ],
        "PCA end": [
            {
                "id": 282,
                "degree": 1,
                "label": 3,
                "coords": [
                    -12.29996,
                    -7.94357,
                    -37.42811
                ]
            }
        ]
    },
    "4": {
        "ICA start": [
            {
                "id": 283,
                "degree": 1,
                "label": 4,
                "coords": [
                    21.01527,
                    22.04067,
                    -35.03253
                ]
            }
        ],
        "ICA bifurcation": [
            {
                "id": 375,
                "degree": 3,
                "label": 4,
                "coords": [
                    28.71824,
                    10.70936,
                    -24.93156
                ]
            }
        ],
        "ACA boundary": [
            {
                "id": 636,
                "degree": 2,
                "label": 4,
                "coords": [
                    28.68984,
                    11.49009,
                    -23.69868
                ]
            }
        ],
        "MCA boundary": [
            {
                "id": 385,
                "degree": 2,
                "label": 4,
                "coords": [
                    31.22975,
                    10.8254,
                    -25.57607
                ]
            }
        ]
    },
    "5": {
        "ICA boundary": [
            {
                "id": 385,
                "degree": 2,
                "label": 5,
                "coords": [
                    31.22975,
                    10.8254,
                    -25.57607
                ]
            }
        ],
        "MCA end": [
            {
                "id": 431,
                "degree": 1,
                "label": 5,
                "coords": [
                    42.65176,
                    18.30532,
                    -28.73025
                ]
            }
        ]
    },
    "6": {
        "ICA start": [
            {
                "id": 432,
                "degree": 1,
                "label": "6",
                "coords": [
                    -0.75718,
                    27.4278,
                    -34.93516
                ]
            }
        ],
        "Pcom bifurcation": [
            {
                "id": 503,
                "degree": 3,
                "label": 6,
                "coords": [
                    -1.74162,
                    15.83761,
                    -30.80702
                ]
            }
        ],
        "Pcom boundary": [
            {
                "id": 598,
                "degree": 2,
                "label": 6,
                "coords": [
                    -1.75263,
                    14.38461,
                    -33.29046
                ]
            }
        ],
        "ICA bifurcation": [
            {
                "id": 531,
                "degree": 3,
                "label": 6,
                "coords": [
                    -7.18026,
                    16.04345,
                    -25.1123
                ]
            }
        ],
        "ACA boundary": [
            {
                "id": 801,
                "degree": 2,
                "label": 6,
                "coords": [
                    -5.39232,
                    15.87048,
                    -23.98492
                ]
            }
        ],
        "MCA boundary": [
            {
                "id": 540,
                "degree": 2,
                "label": 6,
                "coords": [
                    -9.26997,
                    17.01683,
                    -23.68894
                ]
            }
        ]
    },
    "7": {
        "ICA boundary": [
            {
                "id": 540,
                "degree": 2,
                "label": 7,
                "coords": [
                    -9.26997,
                    17.01683,
                    -23.68894
                ]
            }
        ],
        "MCA end": [
            {
                "id": 590,
                "degree": 1,
                "label": 7,
                "coords": [
                    -20.935,
                    22.49782,
                    -23.81767
                ]
            }
        ]
    },
    "9": {
        "ICA boundary": [
            {
                "id": 598,
                "degree": 2,
                "label": 9,
                "coords": [
                    -1.75263,
                    14.38461,
                    -33.29046
                ]
            }
        ],
        "PCA boundary": [
            {
                "id": 629,
                "degree": 2,
                "label": 9,