{
    "1": {
        "BA start": [
            {
                "id": 0,
                "degree": 1,
                "label": 1,
                "coords": [
                    6.23535,
                    214.14941,
                    -128.70001
                ]
            }
        ],
        "BA bifurcation": [
            {
                "id": 41,
                "degree": 3,
                "label": 1,
                "coords": [
                    4.80306,
                    216.91504,
                    -118.28335
                ]
            }
        ],
        "R-PCA boundary": [
            {
                "id": 50,
                "degree": 2,
                "label": 1,
                "coords": [
                    7.21973,
                    216.84316,
                    -117.46876
                ]
            }
        ],
        "L-PCA boundary": [
            {
                "id": 163,
                "degree": 2,
                "label": 1,
                "coords": [
                    3.1666,
                    217.61504,
                    -116.45001
                ]
            }
        ]
    },
    "2": {
        "BA boundary": [
            {
                "id": 50,
                "degree": 2,
                "label": 2,
                "coords": [
                    7.21973,
                    216.84316,
                    -117.46876
                ]
            }
        ],
        "Pcom bifurcation": [
            {
                "id": 78,
                "degree": 3,
                "label": 2,
                "coords": [
                    14.10931,
                    218.60774,
                    -114.95835
                ]
            }
        ],
        "Pcom boundary": [
            {
                "id": 78,
                "degree": 3,
                "label": 2,
                "coords": [
                    14.10931,
                    218.60774,
                    -114.95835
                ]
            }
        ],
        "PCA end": [
            {
                "id": 155,
                "degree": 1,
                "label": 2,
                "coords": [
                    27.81348,
                    204.66504,
                    -115.95001
                ]
            }
        ]
    },
    "3": {
        "BA boundary": [
            {
                "id": 163,
                "degree": 2,
                "label": 3,
                "coords": [
                    3.1666,
                    217.61504,
                    -116.45001
                ]
            }
        ],
        "PCA end": [
            {
                "id": 259,
                "degree": 1,
                "label": 3,
                "coords": [
                    -12.20215,
                    205.41504,
                    -118.45001
                ]
            }
        ]
    },
    "4": {
        "ICA start": [
            {
                "id": 260,
                "degree": 1,
                "label": 4,
                "coords": [
                    16.78223,
                    233.66504,
                    -121.62189
                ]
            }
        ],
        "Pcom bifurcation": [
            {
                "id": 279,
                "degree": 3,
                "label": 4,
                "coords": [
                    19.60931,
                    230.10984,
                    -119.58647
                ]
            }
        ],
        "Pcom boundary": [
            {
                "id": 496,
                "degree": 2,
                "label": 4,
                "coords": [
                    19.84473,
                    228.66504,
                    -119.71876
                ]
            }
        ],
        "ICA bifurcation": [
            {
                "id": 302,
                "degree": 3,
                "label": 4,
                "coords": [
                    23.71973,
                    234.41504,
                    -116.95001
                ]
            }
        ],
        "ACA boundary": [
            {
                "id": 544,
                "degree": 2,
                "label": 4,
                "coords": [
                    21.96973,
                    234.39629,
                    -116.70314
                ]
            }
        ],
        "MCA boundary": [
            {
                "id": 307,
                "degree": 2,
                "label": 4,
                "coords": [
                    24.61973,
                    235.66504,
                    -116.62189
                ]
            }
        ]
    },
    "5": {
        "ICA boundary": [
            {
                "id": 307,
                "degree": 2,
                "label": 5,
                "coords": [
                    24.61973,
                    235.66504,
                    -116.62189
                ]
            }
        ],
        "MCA end": [
            {
                "id": 347,
                "degree": 3,
                "label": 5,
                "coords": [
                    34.13639,
                    241.49837,
                    -119.70001
                ]
            }
        ]
    },
    "6": {
        "ICA start": [
            {
                "id": 379,
                "degree": 1,
                "label": 6,
                "coords": [
                    -2.12402,
                    232.16504,
                    -122.20001
                ]
            }
        ],
        "ICA bifurcation": [
            {
                "id": 418,
                "degree": 3,
                "label": 6,
                "coords": [
                    -9.53027,
                    228.66504,
                    -116.20001
                ]
            }
        ],
        "ACA boundary": [
            {
                "id": 709,
                "degree": 2,
                "label": 6,
                "coords": [
                    -8.0459,
                    228.43066,
                    -113.64689
                ]
            }
        ],
        "MCA boundary": [
            {
                "id": 426,
                "degree": 2,
                "label": 6,
                "coords": [
                    -11.47715,
                    230.16816,
                    -115.08751
                ]
            }
        ]
    },
    "7": {
        "ICA boundary": [
            {
                "id": 426,
                "degree": 2,
                "label": 7,
                "coords": [
                    -11.47715,
                    230.16816,
                    -115.08751
                ]
            }
        ],
        "MCA end": [
            {
                "id": 467,
                "degree": 3,
                "label": 7,
                "coords": [
                    -21.53027,
                    235.16504,
                    -116.45001
                ]
            }
        ]
    },
    "8": {
        "ICA boundary": [
            {
                "id": 496,
                "degree": 2,
                "label": 8,
                "coords": [
                    19.84473,
                    228.66504,
                    -119.71876
                ]
            }
        ],
        "PCA boundary": [
            {
                "id": 78,
                "degree": 3,
                "label": 8,
                "coords": [
                    14.10931,
                    218.60774,
                    -114.95835
                ]
            }
        ]
    },
    "10": {
        "R-ACA boundary": [
            {
                "id": 826,
                "degree": 2,
                "label": 10,
                "coords": [
                    6.2916,
                    232.34629,
                    -114.21689
                ]
            }
        ],
        "L-ACA boundary": [
            {
                "id": 839,
                "degree": 2,