{
    "1": {
        "BA start": [
            {
                "id": 0,
                "degree": 1,
                "label": 1,
                "coords": [
                    -2.44143,
                    1.46589,
                    16.07382
                ]
            }
        ],
        "BA bifurcation": [
            {
                "id": 82,
                "degree": 3,
                "label": 1,
                "coords": [
                    -8.0884,
                    2.93517,
                    35.82802
                ]
            }
        ],
        "R-PCA boundary": [
            {
                "id": 90,
                "degree": 2,
                "label": 1,
                "coords": [
                    -5.80323,
                    2.66515,
                    36.01035
                ]
            }
        ],
        "L-PCA boundary": [
            {
                "id": 181,
                "degree": 2,
                "label": 1,
                "coords": [
                    -8.94279,
                    3.12591,
                    37.10079
                ]
            }
        ]
    },
    "2": {
        "BA boundary": [
            {
                "id": 90,
                "degree": 2,
                "label": 2,
                "coords": [
                    -5.80323,
                    2.66515,
                    36.01035
                ]
            }
        ],
        "PCA end": [
            {
                "id": 176,
                "degree": 1,
                "label": 2,
                "coords": [
                    11.62091,
                    1.47725,
                    28.50604
                ]
            }
        ]
    },
    "3": {
        "BA boundary": [
            {
                "id": 181,
                "degree": 2,
                "label": 3,
                "coords": [
                    -8.94279,
                    3.12591,
                    37.10079
                ]
            }
        ],
        "PCA end": [
            {
                "id": 285,
                "degree": 1,
                "label": 3,
                "coords": [
                    -20.61693,
                    -12.39258,
                    28.46252
                ]
            }
        ]
    },
    "4": {
        "ICA start": [
            {
                "id": 286,
                "degree": 1,
                "label": 4,
                "coords": [
                    -0.84465,
                    21.0149,
                    21.84074
                ]
            }
        ],
        "ICA bifurcation": [
            {
                "id": 378,
                "degree": 3,
                "label": 4,
                "coords": [
                    0.8401,
                    17.2205,
                    35.06237
                ]
            }
        ],
        "ACA boundary": [
            {
                "id": 647,
                "degree": 2,
                "label": 4,
                "coords": [
                    -0.14676,
                    17.69853,
                    36.01703
                ]
            }
        ],
        "MCA boundary": [
            {
                "id": 387,
                "degree": 2,
                "label": 4,
                "coords": [
                    3.28054,
                    17.29759,
                    36.21863
                ]
            }
        ]
    },
    "5": {
        "ICA boundary": [
            {
                "id": 387,
                "degree": 2,
                "label": 5,
                "coords": [
                    3.28054,
                    17.29759,
                    36.21863
                ]
            }
        ],
        "MCA end": [
            {
                "id": 478,
                "degree": 1,
                "label": 5,
                "coords": [
                    10.63977,
                    34.58349,
                    30.95679
                ]
            }
        ]
    },
    "6": {
        "ICA start": [
            {
                "id": 479,
                "degree": 1,
                "label": 6,
                "coords": [
                    -29.72012,
                    14.15947,
                    20.71239
                ]
            }
        ],
        "ICA bifurcation": [
            {
                "id": 571,
                "degree": 3,
                "label": 6,
                "coords": [
                    -24.10673,
                    3.36358,
                    31.55112
                ]
            }
        ],
        "ACA boundary": [
            {
                "id": 795,
                "degree": 2,
                "label": 6,
                "coords": [
                    -22.45032,
                    3.34286,
                    32.30234
                ]
            }
        ],
        "MCA boundary": [
            {
                "id": 576,
                "degree": 2,
                "label": 6,
                "coords": [
                    -25.3277,
                    3.13427,
                    32.83478
                ]
            }
        ]
    },
    "7": {
        "ICA boundary": [
            {
                "id": 576,
                "degree": 2,
                "label": 7,
                "coords": [
                    -25.3277,
                    3.13427,
                    32.83478
                ]
            }
        ],
        "MCA end": [
            {
                "id": 643,
                "degree": 1,
                "label": 7,
                "coords": [
                    -39.12623,
                    11.47094,
                    31.18352
                ]
            }
        ]
    },
    "10": {
        "R-ACA boundary": [
            {
                "id": 704,
                "degree": 3,
                "label": 10,
                "coords": [
                    -16.66216,
                    17.80802,
                    34.24974
                ]
            }
        ],
        "L-ACA boundary": [
            {
                "id": 850,
                "degree": 3,
                "label": 10,
                "coords": [
                    -17.82198,
                    16.95237,
                    33.48383
                ]
            }
        ]
    },
    "11": {
        "ICA boundary": [
            {
                "id": 647,
                "degree": 2,
                "label": 11,
                "coords": [
                    -0.14676,
                    17.69853,
                    36.01703
                ]
            }
        ],
        "Acom bifurcation": [
            {
                "id": 704,
                "degree": 3,
                "label": 11,
                "coords": [
                    -16.66216,
                    17.80802,
                    34.24974
                ]
            }
        ],
        "Acom boundary": [
            {
                "id": 704,
                "degree": 3,
                "label": 11,
                "coords": [
                    -16.66216,
                    17.80802,
                    34.24974
                ]
            }
        ],
        "ACA end": [
            {
                "id": 789,
                "degree": 1,
                "label": 11,
                "coords": [
                    -20.29106,
                    33.38731,
                    51.9614
                ]
            }
        ]
    },
    "12": {
        "ICA boundary": [
            {
                "id": 795,
                "degree": 2,
                "label": 12,
                "coords": [
                    -22.45032,
                    3.34286,
                    32.30234
                ]
            }
        ],
        "Acom bifurcation": [
            {
                "id": 850,
                "degree": 3,
                "label": 12,