{
    "1": {
        "BA start": [
            {
                "id": 0,
                "degree": 1,
                "label": 1,
                "coords": [
                    -4.1084,
                    192.81152,
                    -159.31877
                ]
            }
        ],
        "R-PCA boundary": [
            {
                "id": 30,
                "degree": 2,
                "label": 1,
                "coords": [
                    -2.32715,
                    195.71152,
                    -152.02502
                ]
            }
        ]
    },
    "2": {
        "BA boundary": [
            {
                "id": 30,
                "degree": 2,
                "label": 2,
                "coords": [
                    -2.32715,
                    195.71152,
                    -152.02502
                ]
            }
        ],
        "PCA end": [
            {
                "id": 115,
                "degree": 1,
                "label": 2,
                "coords": [
                    15.67285,
                    186.01465,
                    -150.92815
                ]
            }
        ]
    },
    "3": {
        "Pcom boundary": [
            {
                "id": 370,
                "degree": 2,
                "label": 3,
                "coords": [
                    -14.68027,
                    195.78027,
                    -149.6344
                ]
            }
        ],
        "PCA end": [
            {
                "id": 411,
                "degree": 1,
                "label": 3,
                "coords": [
                    -21.82715,
                    185.96777,
                    -145.03752
                ]
            }
        ]
    },
    "4": {
        "ICA start": [
            {
                "id": 116,
                "degree": 1,
                "label": 4,
                "coords": [
                    -3.07715,
                    213.28027,
                    -157.42815
                ]
            }
        ],
        "ICA bifurcation": [
            {
                "id": 155,
                "degree": 3,
                "label": 4,
                "coords": [
                    5.42285,
                    208.28027,
                    -152.85001
                ]
            }
        ],
        "ACA boundary": [
            {
                "id": 418,
                "degree": 2,
                "label": 4,
                "coords": [
                    4.93848,
                    208.79902,
                    -151.25315
                ]
            }
        ],
        "MCA boundary": [
            {
                "id": 167,
                "degree": 2,
                "label": 4,
                "coords": [
                    8.42285,
                    208.53027,
                    -153.10002
                ]
            }
        ]
    },
    "5": {
        "ICA boundary": [
            {
                "id": 167,
                "degree": 2,
                "label": 5,
                "coords": [
                    8.42285,
                    208.53027,
                    -153.10002
                ]
            }
        ],
        "MCA end": [
            {
                "id": 215,
                "degree": 1,
                "label": 5,
                "coords": [
                    20.42285,
                    210.95215,
                    -152.7719
                ]
            }
        ]
    },
    "6": {
        "ICA start": [
            {
                "id": 216,
                "degree": 1,
                "label": 6,
                "coords": [
                    -19.13965,
                    210.99902,
                    -152.42815
                ]
            }
        ],
        "Pcom bifurcation": [
            {
                "id": 234,
                "degree": 3,
                "label": 6,
                "coords": [
                    -20.5459,
                    207.03027,
                    -150.13752
                ]
            }
        ],
        "Pcom boundary": [
            {
                "id": 318,
                "degree": 2,
                "label": 6,
                "coords": [
                    -21.15527,
                    206.09902,
                    -151.60002
                ]
            }
        ],
        "ICA bifurcation": [
            {
                "id": 259,
                "degree": 3,
                "label": 6,
                "coords": [
                    -22.82715,
                    204.03027,
                    -144.35001
                ]
            }
        ],
        "ACA boundary": [
            {
                "id": 571,
                "degree": 2,
                "label": 6,
                "coords": [
                    -20.82715,
                    204.03027,
                    -144.10002
                ]
            }
        ],
        "MCA boundary": [
            {
                "id": 266,
                "degree": 2,
                "label": 6,
                "coords": [
                    -24.27715,
                    204.29902,
                    -142.95002
                ]
            }
        ]
    },
    "7": {
        "ICA boundary": [
            {
                "id": 266,
                "degree": 2,
                "label": 7,
                "coords": [
                    -24.27715,
                    204.29902,
                    -142.95002
                ]
            }
        ],
        "MCA end": [
            {
                "id": 313,
                "degree": 1,
                "label": 7,
                "coords": [
                    -33.32715,
                    199.68652,
                    -135.61565
                ]
            }
        ]
    },
    "9": {
        "ICA boundary": [
            {
                "id": 318,
                "degree": 2,
                "label": 9,
                "coords": [
                    -21.15527,
                    206.09902,
                    -151.60002
                ]
            }
        ],
        "PCA boundary": [
            {
                "id": 370,
                "degree": 2,
                "label": 9,
                "coords": [
                    -14.68027,
                    195.78027,
                    -149.6344
                ]
            }
        ]
    },
    "10": {
        "R-ACA boundary": [
            {
                "id": 684,
                "degree": 2,
                "label": 10,
                "coords": [
                    -6.09564,
                    210.94485,
                    -144.80262
                ]
            }
        ],
        "L-ACA boundary": [
            {
                "id": 615,
                "degree": 3,
                "label": 10,
                "coords": [
                    -9.9709,
                    210.7459,
                    -143.58751
                ]
            }
        ],
        "3rd-A2 bifurcation": [
            {
                "id": 692,
                "degree": 3,
                "label": 10,
                "coords": [
                    -8.07715,
                    210.48027,
                    -143.73439
                ]
            }
        ],
        "3rd-A2 boundary": [
            {
                "id": 702,
                "degree": 2,
                "label": 10,
                "coords": [
                    -7.72715,
                    209.97715,
                    -142.10002
                ]
            }
        ]
    },
    "11": {
        "ICA boundary": [
            {
                "id": 418,
                "degree": 2,
                "label": 11,
                "coords": [
                    4.93848,
                    208.79902,
                    -151.25315
                ]
            }
        ],
        "Acom bifurcation": [
            {
                "id": 460,