{
    "1": {
        "BA start": [
            {
                "id": 0,
                "degree": 1,
                "label": 1,
                "coords": [
                    6.91113,
                    182.19434,
                    1194.70447
                ]
            }
        ],
        "BA bifurcation": [
            {
                "id": 41,
                "degree": 3,
                "label": 1,
                "coords": [
                    6.99447,
                    181.45996,
                    1205.12113
                ]
            }
        ],
        "R-PCA boundary": [
            {
                "id": 48,
                "degree": 2,
                "label": 1,
                "coords": [
                    8.90801,
                    181.99434,
                    1206.55134
                ]
            }
        ],
        "L-PCA boundary": [
            {
                "id": 162,
                "degree": 2,
                "label": 1,
                "coords": [
                    4.66113,
                    181.54434,
                    1206.18884
                ]
            }
        ]
    },
    "2": {
        "BA boundary": [
            {
                "id": 48,
                "degree": 2,
                "label": 2,
                "coords": [
                    8.90801,
                    181.99434,
                    1206.55134
                ]
            }
        ],
        "PCA end": [
            {
                "id": 153,
                "degree": 1,
                "label": 2,
                "coords": [
                    22.17676,
                    167.70996,
                    1201.43884
                ]
            }
        ]
    },
    "3": {
        "BA boundary": [
            {
                "id": 162,
                "degree": 2,
                "label": 3,
                "coords": [
                    4.66113,
                    181.54434,
                    1206.18884
                ]
            }
        ],
        "PCA end": [
            {
                "id": 282,
                "degree": 1,
                "label": 3,
                "coords": [
                    -9.51074,
                    165.20996,
                    1203.76697
                ]
            }
        ]
    },
    "4": {
        "ICA start": [
            {
                "id": 283,
                "degree": 1,
                "label": 4,
                "coords": [
                    17.25488,
                    195.95996,
                    1200.43884
                ]
            }
        ],
        "ICA bifurcation": [
            {
                "id": 322,
                "degree": 3,
                "label": 4,
                "coords": [
                    21.16113,
                    190.20996,
                    1207.95447
                ]
            }
        ],
        "ACA boundary": [
            {
                "id": 622,
                "degree": 2,
                "label": 4,
                "coords": [
                    19.41113,
                    190.20996,
                    1208.95447
                ]
            }
        ],
        "MCA boundary": [
            {
                "id": 331,
                "degree": 2,
                "label": 4,
                "coords": [
                    23.41113,
                    190.85996,
                    1208.08884
                ]
            }
        ]
    },
    "5": {
        "ICA boundary": [
            {
                "id": 331,
                "degree": 2,
                "label": 5,
                "coords": [
                    23.41113,
                    190.85996,
                    1208.08884
                ]
            }
        ],
        "MCA end": [
            {
                "id": 344,
                "degree": 3,
                "label": 5,
                "coords": [
                    26.66113,
                    192.20996,
                    1207.45447
                ]
            }
        ]
    },
    "6": {
        "ICA start": [
            {
                "id": 456,
                "degree": 1,
                "label": 6,
                "coords": [
                    -0.76074,
                    196.45996,
                    1198.45447
                ]
            }
        ],
        "ICA bifurcation": [
            {
                "id": 495,
                "degree": 3,
                "label": 6,
                "coords": [
                    -6.58887,
                    190.45996,
                    1205.20447
                ]
            }
        ],
        "ACA boundary": [
            {
                "id": 746,
                "degree": 2,
                "label": 6,
                "coords": [
                    -5.08887,
                    190.37871,
                    1205.90759
                ]
            }
        ],
        "MCA boundary": [
            {
                "id": 501,
                "degree": 2,
                "label": 6,
                "coords": [
                    -8.08887,
                    190.47871,
                    1205.20447
                ]
            }
        ]
    },
    "7": {
        "ICA boundary": [
            {
                "id": 501,
                "degree": 2,
                "label": 7,
                "coords": [
                    -8.08887,
                    190.47871,
                    1205.20447
                ]
            }
        ],
        "MCA end": [
            {
                "id": 523,
                "degree": 3,
                "label": 7,
                "coords": [
                    -13.58887,
                    192.45996,
                    1205.20447
                ]
            }
        ]
    },
    "11": {
        "ICA boundary": [
            {
                "id": 622,
                "degree": 2,
                "label": 11,
                "coords": [
                    19.41113,
                    190.20996,
                    1208.95447
                ]
            }
        ],
        "ACA end": [
            {
                "id": 740,
                "degree": 1,
                "label": 11,
                "coords": [
                    6.16113,
                    194.80371,
                    1222.43884
                ]
            }
        ]
    },
    "12": {
        "ICA boundary": [
            {
                "id": 746,
                "degree": 2,
                "label": 12,
                "coords": [
                    -5.08887,
                    190.37871,
                    1205.90759
                ]
            }
        ],
        "ACA end": [
            {
                "id": 878,
                "degree": 1,
                "label": 12,
                "coords": [
                    4.64551,
                    197.22559,
                    1222.12634
                ]
            }
        ]
    }
}