{
    "1": {
        "BA start": [
            {
                "id": 0,
                "degree": 1,
                "label": 1,
                "coords": [
                    1.3623,
                    179.17676,
                    364.52814
                ]
            }
        ],
        "BA bifurcation": [
            {
                "id": 38,
                "degree": 3,
                "label": 1,
                "coords": [
                    -2.71582,
                    184.67676,
                    373.20001
                ]
            }
        ],
        "R-PCA boundary": [
            {
                "id": 46,
                "degree": 2,
                "label": 1,
                "coords": [
                    -2.4877,
                    186.02676,
                    375.20001
                ]
            }
        ],
        "L-PCA boundary": [
            {
                "id": 164,
                "degree": 2,
                "label": 1,
                "coords": [
                    -4.21582,
                    185.37676,
                    373.39689
                ]
            }
        ]
    },
    "2": {
        "BA boundary": [
            {
                "id": 46,
                "degree": 2,
                "label": 2,
                "coords": [
                    -2.4877,
                    186.02676,
                    375.20001
                ]
            }
        ],
        "Pcom bifurcation": [
            {
                "id": 70,
                "degree": 3,
                "label": 2,
                "coords": [
                    2.91543,
                    186.70176,
                    378.57816
                ]
            }
        ],
        "Pcom boundary": [
            {
                "id": 540,
                "degree": 2,
                "label": 2,
                "coords": [
                    3.5873,
                    187.42988,
                    378.36567
                ]
            }
        ],
        "PCA end": [
            {
                "id": 158,
                "degree": 1,
                "label": 2,
                "coords": [
                    15.81543,
                    171.66113,
                    383.95004
                ]
            }
        ]
    },
    "3": {
        "BA boundary": [
            {
                "id": 164,
                "degree": 2,
                "label": 3,
                "coords": [
                    -4.21582,
                    185.37676,
                    373.39689
                ]
            }
        ],
        "Pcom bifurcation": [
            {
                "id": 196,
                "degree": 3,
                "label": 3,
                "coords": [
                    -11.8627,
                    186.60801,
                    378.09691
                ]
            }
        ],
        "Pcom boundary": [
            {
                "id": 580,
                "degree": 2,
                "label": 3,
                "coords": [
                    -12.38457,
                    187.42988,
                    378.43129
                ]
            }
        ],
        "PCA end": [
            {
                "id": 272,
                "degree": 1,
                "label": 3,
                "coords": [
                    -25.10645,
                    172.39551,
                    385.37192
                ]
            }
        ]
    },
    "4": {
        "ICA start": [
            {
                "id": 273,
                "degree": 1,
                "label": 4,
                "coords": [
                    8.22168,
                    198.08301,
                    377.95004
                ]
            }
        ],
        "Pcom bifurcation": [
            {
                "id": 287,
                "degree": 3,
                "label": 4,
                "coords": [
                    11.3946,
                    195.07885,
                    379.42711
                ]
            }
        ],
        "Pcom boundary": [
            {
                "id": 508,
                "degree": 2,
                "label": 4,
                "coords": [
                    11.30605,
                    193.47988,
                    378.17817
                ]
            }
        ],
        "ICA bifurcation": [
            {
                "id": 313,
                "degree": 3,
                "label": 4,
                "coords": [
                    16.03418,
                    195.42676,
                    384.45001
                ]
            }
        ],
        "ACA boundary": [
            {
                "id": 592,
                "degree": 2,
                "label": 4,
                "coords": [
                    13.78418,
                    196.17363,
                    385.87192
                ]
            }
        ],
        "MCA boundary": [
            {
                "id": 325,
                "degree": 2,
                "label": 4,
                "coords": [
                    19.03418,
                    196.52051,
                    384.70004
                ]
            }
        ]
    },
    "5": {
        "ICA boundary": [
            {
                "id": 325,
                "degree": 2,
                "label": 5,
                "coords": [
                    19.03418,
                    196.52051,
                    384.70004
                ]
            }
        ],
        "MCA end": [
            {
                "id": 372,
                "degree": 1,
                "label": 5,
                "coords": [
                    30.78418,
                    201.19238,
                    384.66879
                ]
            }
        ]
    },
    "6": {
        "ICA start": [
            {
                "id": 373,
                "degree": 1,
                "label": 6,
                "coords": [
                    -14.54395,
                    199.67676,
                    377.95004
                ]
            }
        ],
        "Pcom bifurcation": [
            {
                "id": 390,
                "degree": 3,
                "label": 6,
                "coords": [
                    -17.46895,
                    196.14863,
                    379.73441
                ]
            }
        ],
        "Pcom boundary": [
            {
                "id": 548,
                "degree": 2,
                "label": 6,
                "coords": [
                    -17.7627,
                    194.67988,
                    378.58129
                ]
            }
        ],
        "ICA bifurcation": [
            {
                "id": 417,
                "degree": 3,
                "label": 6,
                "coords": [
                    -20.88249,
                    195.67676,
                    385.86668
                ]
            }
        ],
        "ACA boundary": [
            {
                "id": 738,
                "degree": 2,
                "label": 6,
                "coords": [
                    -18.21582,
                    195.62676,
                    386.44692
                ]
            }
        ],
        "MCA boundary": [
            {
                "id": 429,
                "degree": 2,
                "label": 6,
                "coords": [
                    -23.96582,
                    196.19238,
                    387.54379
                ]
            }
        ]
    },
    "7": {
        "ICA boundary": [
            {
                "id": 429,
                "degree": 2,
                "label": 7,
                "coords": [
                    -23.96582,
                    196.19238,
                    387.54379
                ]
            }
        ],
        "MCA end": [
            {
                "id": 469,
                "degree": 3,
                "label": 7,