{
    "1": {
        "BA start": [
            {
                "id": 0,
                "degree": 1,
                "label": 1,
                "coords": [
                    6.94141,
                    176.64453,
                    584.33234
                ]
            }
        ],
        "BA bifurcation": [
            {
                "id": 56,
                "degree": 3,
                "label": 1,
                "coords": [
                    7.54036,
                    187.73307,
                    596.17088
                ]
            }
        ],
        "R-PCA boundary": [
            {
                "id": 63,
                "degree": 2,
                "label": 1,
                "coords": [
                    9.45703,
                    188.36953,
                    596.73234
                ]
            }
        ],
        "L-PCA boundary": [
            {
                "id": 175,
                "degree": 2,
                "label": 1,
                "coords": [
                    5.95703,
                    188.79766,
                    596.75421
                ]
            }
        ]
    },
    "2": {
        "BA boundary": [
            {
                "id": 63,
                "degree": 2,
                "label": 2,
                "coords": [
                    9.45703,
                    188.36953,
                    596.73234
                ]
            }
        ],
        "Pcom bifurcation": [
            {
                "id": 80,
                "degree": 3,
                "label": 2,
                "coords": [
                    13.84661,
                    189.34557,
                    595.38752
                ]
            }
        ],
        "Pcom boundary": [
            {
                "id": 527,
                "degree": 2,
                "label": 2,
                "coords": [
                    13.89766,
                    189.62578,
                    594.26359
                ]
            }
        ],
        "PCA end": [
            {
                "id": 169,
                "degree": 1,
                "label": 2,
                "coords": [
                    19.53516,
                    175.83203,
                    611.50421
                ]
            }
        ]
    },
    "3": {
        "BA boundary": [
            {
                "id": 175,
                "degree": 2,
                "label": 3,
                "coords": [
                    5.95703,
                    188.79766,
                    596.75421
                ]
            }
        ],
        "Pcom bifurcation": [
            {
                "id": 199,
                "degree": 3,
                "label": 3,
                "coords": [
                    0.59662,
                    191.43412,
                    595.28023
                ]
            }
        ],
        "Pcom boundary": [
            {
                "id": 567,
                "degree": 2,
                "label": 3,
                "coords": [
                    0.96953,
                    191.92266,
                    594.25732
                ]
            }
        ],
        "PCA end": [
            {
                "id": 255,
                "degree": 1,
                "label": 3,
                "coords": [
                    -9.37109,
                    181.14453,
                    604.26984
                ]
            }
        ]
    },
    "4": {
        "ICA start": [
            {
                "id": 256,
                "degree": 1,
                "label": 4,
                "coords": [
                    16.20703,
                    202.14453,
                    586.00421
                ]
            }
        ],
        "Pcom bifurcation": [
            {
                "id": 274,
                "degree": 3,
                "label": 4,
                "coords": [
                    16.56641,
                    199.53516,
                    590.25421
                ]
            }
        ],
        "Pcom boundary": [
            {
                "id": 489,
                "degree": 2,
                "label": 4,
                "coords": [
                    16.43828,
                    198.06641,
                    590.05734
                ]
            }
        ],
        "ICA bifurcation": [
            {
                "id": 300,
                "degree": 3,
                "label": 4,
                "coords": [
                    18.45703,
                    202.81641,
                    596.75421
                ]
            }
        ],
        "ACA boundary": [
            {
                "id": 577,
                "degree": 2,
                "label": 4,
                "coords": [
                    16.45703,
                    204.06328,
                    597.45109
                ]
            }
        ],
        "MCA boundary": [
            {
                "id": 306,
                "degree": 2,
                "label": 4,
                "coords": [
                    19.95703,
                    203.06953,
                    597.32296
                ]
            }
        ]
    },
    "5": {
        "ICA boundary": [
            {
                "id": 306,
                "degree": 2,
                "label": 5,
                "coords": [
                    19.95703,
                    203.06953,
                    597.32296
                ]
            }
        ],
        "MCA end": [
            {
                "id": 320,
                "degree": 3,
                "label": 5,
                "coords": [
                    23.45703,
                    203.81641,
                    597.75421
                ]
            }
        ]
    },
    "6": {
        "ICA start": [
            {
                "id": 382,
                "degree": 1,
                "label": 6,
                "coords": [
                    0.20703,
                    202.73828,
                    586.11359
                ]
            }
        ],
        "Pcom bifurcation": [
            {
                "id": 401,
                "degree": 3,
                "label": 6,
                "coords": [
                    -0.07422,
                    200.54766,
                    590.75421
                ]
            }
        ],
        "Pcom boundary": [
            {
                "id": 536,
                "degree": 2,
                "label": 6,
                "coords": [
                    -0.48984,
                    198.56641,
                    591.00421
                ]
            }
        ],
        "ICA bifurcation": [
            {
                "id": 427,
                "degree": 3,
                "label": 6,
                "coords": [
                    -1.79297,
                    205.06641,
                    596.25421
                ]
            }
        ],
        "ACA boundary": [
            {
                "id": 676,
                "degree": 2,
                "label": 6,
                "coords": [
                    0.43828,
                    205.56641,
                    596.88859
                ]
            }
        ],
        "MCA boundary": [
            {
                "id": 434,
                "degree": 2,
                "label": 6,
                "coords": [
                    -3.54297,
                    205.74766,
                    597.09796
                ]
            }
        ]
    },
    "7": {
        "ICA boundary": [
            {
                "id": 434,
                "degree": 2,
                "label": 7,
                "coords": [
                    -3.54297,
                    205.74766,
                    597.09796
                ]
            }
        ],
        "MCA end": [
            {
                "id": 484,
                "degree": 1,
                "label": 7,