{
    "1": {
        "BA start": [
            {
                "id": 0,
                "degree": 1,
                "label": 1,
                "coords": [
                    14.19727,
                    203.13086,
                    -177.96814
                ]
            }
        ],
        "BA bifurcation": [
            {
                "id": 29,
                "degree": 3,
                "label": 1,
                "coords": [
                    13.02539,
                    206.64648,
                    -171.04626
                ]
            }
        ],
        "R-PCA boundary": [
            {
                "id": 37,
                "degree": 2,
                "label": 1,
                "coords": [
                    14.42852,
                    206.94961,
                    -169.26189
                ]
            }
        ],
        "L-PCA boundary": [
            {
                "id": 137,
                "degree": 2,
                "label": 1,
                "coords": [
                    11.97539,
                    208.37461,
                    -170.02439
                ]
            }
        ]
    },
    "2": {
        "BA boundary": [
            {
                "id": 37,
                "degree": 2,
                "label": 2,
                "coords": [
                    14.42852,
                    206.94961,
                    -169.26189
                ]
            }
        ],
        "PCA end": [
            {
                "id": 130,
                "degree": 1,
                "label": 2,
                "coords": [
                    30.27539,
                    195.39648,
                    -163.78064
                ]
            }
        ]
    },
    "3": {
        "BA boundary": [
            {
                "id": 137,
                "degree": 2,
                "label": 3,
                "coords": [
                    11.97539,
                    208.37461,
                    -170.02439
                ]
            }
        ],
        "Pcom bifurcation": [
            {
                "id": 175,
                "degree": 3,
                "label": 3,
                "coords": [
                    3.84414,
                    207.11523,
                    -171.54314
                ]
            }
        ],
        "Pcom boundary": [
            {
                "id": 525,
                "degree": 2,
                "label": 3,
                "coords": [
                    3.43711,
                    207.51758,
                    -172.04548
                ]
            }
        ],
        "PCA end": [
            {
                "id": 241,
                "degree": 1,
                "label": 3,
                "coords": [
                    -10.03711,
                    197.91211,
                    -163.04626
                ]
            }
        ]
    },
    "4": {
        "ICA start": [
            {
                "id": 242,
                "degree": 1,
                "label": 4,
                "coords": [
                    19.80664,
                    222.13086,
                    -174.29626
                ]
            }
        ],
        "ICA bifurcation": [
            {
                "id": 277,
                "degree": 3,
                "label": 4,
                "coords": [
                    24.77539,
                    217.64648,
                    -166.54626
                ]
            }
        ],
        "ACA boundary": [
            {
                "id": 533,
                "degree": 2,
                "label": 4,
                "coords": [
                    23.02539,
                    219.19648,
                    -164.81814
                ]
            }
        ],
        "MCA boundary": [
            {
                "id": 287,
                "degree": 2,
                "label": 4,
                "coords": [
                    27.27539,
                    217.28086,
                    -166.29939
                ]
            }
        ]
    },
    "5": {
        "ICA boundary": [
            {
                "id": 287,
                "degree": 2,
                "label": 5,
                "coords": [
                    27.27539,
                    217.28086,
                    -166.29939
                ]
            }
        ],
        "MCA end": [
            {
                "id": 327,
                "degree": 3,
                "label": 5,
                "coords": [
                    36.02539,
                    220.89648,
                    -172.04626
                ]
            }
        ]
    },
    "6": {
        "ICA start": [
            {
                "id": 379,
                "degree": 1,
                "label": 6,
                "coords": [
                    1.96289,
                    221.14648,
                    -173.28064
                ]
            }
        ],
        "Pcom bifurcation": [
            {
                "id": 398,
                "degree": 3,
                "label": 6,
                "coords": [
                    -0.02773,
                    217.23711,
                    -169.63376
                ]
            }
        ],
        "Pcom boundary": [
            {
                "id": 486,
                "degree": 2,
                "label": 6,
                "coords": [
                    -0.07773,
                    216.39648,
                    -170.35251
                ]
            }
        ],
        "ICA bifurcation": [
            {
                "id": 422,
                "degree": 3,
                "label": 6,
                "coords": [
                    -2.05794,
                    217.22982,
                    -163.8796
                ]
            }
        ],
        "ACA boundary": [
            {
                "id": 672,
                "degree": 2,
                "label": 6,
                "coords": [
                    0.02539,
                    217.62773,
                    -163.29939
                ]
            }
        ],
        "MCA boundary": [
            {
                "id": 431,
                "degree": 2,
                "label": 6,
                "coords": [
                    -4.47461,
                    218.23711,
                    -163.37751
                ]
            }
        ]
    },
    "7": {
        "ICA boundary": [
            {
                "id": 431,
                "degree": 2,
                "label": 7,
                "coords": [
                    -4.47461,
                    218.23711,
                    -163.37751
                ]
            }
        ],
        "MCA end": [
            {
                "id": 483,
                "degree": 1,
                "label": 7,
                "coords": [
                    -15.30273,
                    226.14648,
                    -169.01501
                ]
            }
        ]
    },
    "9": {
        "ICA boundary": [
            {
                "id": 486,
                "degree": 2,
                "label": 9,
                "coords": [
                    -0.07773,
                    216.39648,
                    -170.35251
                ]
            }
        ],
        "PCA boundary": [
            {
                "id": 525,
                "degree": 2,
                "label": 9,
                "coords": [
                    3.43711,
                    207.51758,
                    -172.04548
                ]
            }
        ]
    },
    "10": {
        "R-ACA boundary": [
            {
                "id": 800,
                "degree": 2,
                "label": 10,
                "coords": [
                    10.56227,
                    224.49023,
                    -169.61064
                ]
            }
        ],
        "L-ACA boundary": [
            {
                "id": 809,
                "degree": 2,