{
    "1": {
        "BA start": [
            {
                "id": 0,
                "degree": 1,
                "label": 1,
                "coords": [
                    -2.04688,
                    188.35938,
                    -114.72968
                ]
            }
        ],
        "BA bifurcation": [
            {
                "id": 55,
                "degree": 3,
                "label": 1,
                "coords": [
                    1.88021,
                    189.52604,
                    -100.82863
                ]
            }
        ],
        "R-PCA boundary": [
            {
                "id": 65,
                "degree": 2,
                "label": 1,
                "coords": [
                    4.54688,
                    189.4125,
                    -100.04843
                ]
            }
        ],
        "L-PCA boundary": [
            {
                "id": 176,
                "degree": 2,
                "label": 1,
                "coords": [
                    1.54375,
                    190.66562,
                    -98.74843
                ]
            }
        ]
    },
    "2": {
        "BA boundary": [
            {
                "id": 65,
                "degree": 2,
                "label": 2,
                "coords": [
                    4.54688,
                    189.4125,
                    -100.04843
                ]
            }
        ],
        "Pcom bifurcation": [
            {
                "id": 84,
                "degree": 3,
                "label": 2,
                "coords": [
                    9.04688,
                    191.79062,
                    -100.61405
                ]
            }
        ],
        "Pcom boundary": [
            {
                "id": 618,
                "degree": 2,
                "label": 2,
                "coords": [
                    8.8125,
                    192.13,
                    -101.22218
                ]
            }
        ],
        "PCA end": [
            {
                "id": 168,
                "degree": 1,
                "label": 2,
                "coords": [
                    21.04688,
                    177.59375,
                    -94.58905
                ]
            }
        ]
    },
    "3": {
        "BA boundary": [
            {
                "id": 176,
                "degree": 2,
                "label": 3,
                "coords": [
                    1.54375,
                    190.66562,
                    -98.74843
                ]
            }
        ],
        "PCA end": [
            {
                "id": 305,
                "degree": 1,
                "label": 3,
                "coords": [
                    -12.20312,
                    176.125,
                    -87.22968
                ]
            }
        ]
    },
    "4": {
        "ICA start": [
            {
                "id": 306,
                "degree": 1,
                "label": 4,
                "coords": [
                    15.46875,
                    207.60938,
                    -105.9953
                ]
            }
        ],
        "Pcom bifurcation": [
            {
                "id": 325,
                "degree": 3,
                "label": 4,
                "coords": [
                    15.83125,
                    202.87812,
                    -104.36093
                ]
            }
        ],
        "Pcom boundary": [
            {
                "id": 569,
                "degree": 2,
                "label": 4,
                "coords": [
                    14.99062,
                    201.35625,
                    -105.99218
                ]
            }
        ],
        "ICA bifurcation": [
            {
                "id": 354,
                "degree": 3,
                "label": 4,
                "coords": [
                    17.88021,
                    200.85938,
                    -97.32863
                ]
            }
        ],
        "ACA boundary": [
            {
                "id": 624,
                "degree": 2,
                "label": 4,
                "coords": [
                    16.56562,
                    201.35938,
                    -96.34218
                ]
            }
        ],
        "MCA boundary": [
            {
                "id": 362,
                "degree": 2,
                "label": 4,
                "coords": [
                    20.04688,
                    200.52812,
                    -96.76405
                ]
            }
        ]
    },
    "5": {
        "ICA boundary": [
            {
                "id": 362,
                "degree": 2,
                "label": 5,
                "coords": [
                    20.04688,
                    200.52812,
                    -96.76405
                ]
            }
        ],
        "MCA end": [
            {
                "id": 396,
                "degree": 3,
                "label": 5,
                "coords": [
                    28.71354,
                    203.19271,
                    -97.57863
                ]
            }
        ]
    },
    "6": {
        "ICA start": [
            {
                "id": 431,
                "degree": 1,
                "label": 6,
                "coords": [
                    -1.53125,
                    211.10938,
                    -106.91718
                ]
            }
        ],
        "ICA bifurcation": [
            {
                "id": 470,
                "degree": 3,
                "label": 6,
                "coords": [
                    -6.45312,
                    205.85938,
                    -99.4953
                ]
            }
        ],
        "ACA boundary": [
            {
                "id": 740,
                "degree": 2,
                "label": 6,
                "coords": [
                    -4.45312,
                    206.34062,
                    -99.02968
                ]
            }
        ],
        "MCA boundary": [
            {
                "id": 481,
                "degree": 2,
                "label": 6,
                "coords": [
                    -9.20312,
                    205.40938,
                    -98.54843
                ]
            }
        ]
    },
    "7": {
        "ICA boundary": [
            {
                "id": 481,
                "degree": 2,
                "label": 7,
                "coords": [
                    -9.20312,
                    205.40938,
                    -98.54843
                ]
            }
        ],
        "MCA end": [
            {
                "id": 562,
                "degree": 1,
                "label": 7,
                "coords": [
                    -27.70312,
                    215.85938,
                    -94.47968
                ]
            }
        ]
    },
    "8": {
        "ICA boundary": [
            {
                "id": 569,
                "degree": 2,
                "label": 8,
                "coords": [
                    14.99062,
                    201.35625,
                    -105.99218
                ]
            }
        ],
        "PCA boundary": [
            {
                "id": 618,
                "degree": 2,
                "label": 8,
                "coords": [
                    8.8125,
                    192.13,
                    -101.22218
                ]
            }
        ]
    },
    "10": {
        "R-ACA boundary": [
            {
                "id": 890,
                "degree": 2,
                "label": 10,
                "coords": [
                    9.31563,
                    213.94062,
                    -99.24843
                ]
            }
        ],
        "L-ACA boundary": [
            {
                "id": 906,
                "degree": 2,
                "label": 10,