{
    "1": {
        "BA start": [
            {
                "id": 0,
                "degree": 1,
                "label": 1,
                "coords": [
                    -11.14746,
                    180.24316,
                    -176.0
                ]
            }
        ],
        "L-PCA boundary": [
            {
                "id": 61,
                "degree": 2,
                "label": 1,
                "coords": [
                    -13.91621,
                    175.78066,
                    -161.9
                ]
            }
        ]
    },
    "2": {
        "Pcom boundary": [
            {
                "id": 430,
                "degree": 2,
                "label": 2,
                "coords": [
                    -5.59121,
                    176.75879,
                    -164.22188
                ]
            }
        ],
        "PCA end": [
            {
                "id": 503,
                "degree": 1,
                "label": 2,
                "coords": [
                    12.60254,
                    170.66504,
                    -167.42188
                ]
            }
        ]
    },
    "3": {
        "BA boundary": [
            {
                "id": 61,
                "degree": 2,
                "label": 3,
                "coords": [
                    -13.91621,
                    175.78066,
                    -161.9
                ]
            }
        ],
        "Pcom bifurcation": [
            {
                "id": 78,
                "degree": 3,
                "label": 3,
                "coords": [
                    -16.90475,
                    179.24525,
                    -161.95312
                ]
            }
        ],
        "Pcom boundary": [
            {
                "id": 552,
                "degree": 2,
                "label": 3,
                "coords": [
                    -16.34069,
                    179.66947,
                    -162.03125
                ]
            }
        ],
        "PCA end": [
            {
                "id": 146,
                "degree": 1,
                "label": 3,
                "coords": [
                    -27.64746,
                    169.00879,
                    -171.8125
                ]
            }
        ]
    },
    "4": {
        "ICA start": [
            {
                "id": 147,
                "degree": 1,
                "label": 4,
                "coords": [
                    -2.99121,
                    191.02441,
                    -162.67188
                ]
            }
        ],
        "Pcom bifurcation": [
            {
                "id": 166,
                "degree": 3,
                "label": 4,
                "coords": [
                    -1.28913,
                    186.4692,
                    -160.20104
                ]
            }
        ],
        "Pcom boundary": [
            {
                "id": 382,
                "degree": 2,
                "label": 4,
                "coords": [
                    -1.16621,
                    185.76191,
                    -162.5
                ]
            }
        ],
        "ICA bifurcation": [
            {
                "id": 188,
                "degree": 3,
                "label": 4,
                "coords": [
                    1.93587,
                    186.00879,
                    -155.08333
                ]
            }
        ],
        "ACA boundary": [
            {
                "id": 559,
                "degree": 2,
                "label": 4,
                "coords": [
                    0.10254,
                    185.96504,
                    -154.25
                ]
            }
        ],
        "MCA boundary": [
            {
                "id": 198,
                "degree": 2,
                "label": 4,
                "coords": [
                    4.60254,
                    186.75879,
                    -154.52812
                ]
            }
        ]
    },
    "5": {
        "ICA boundary": [
            {
                "id": 198,
                "degree": 2,
                "label": 5,
                "coords": [
                    4.60254,
                    186.75879,
                    -154.52812
                ]
            }
        ],
        "MCA end": [
            {
                "id": 266,
                "degree": 1,
                "label": 5,
                "coords": [
                    16.85254,
                    196.10254,
                    -162.98438
                ]
            }
        ]
    },
    "6": {
        "ICA start": [
            {
                "id": 267,
                "degree": 1,
                "label": 6,
                "coords": [
                    -21.64746,
                    189.75879,
                    -164.09375
                ]
            }
        ],
        "Pcom bifurcation": [
            {
                "id": 286,
                "degree": 3,
                "label": 6,
                "coords": [
                    -21.28184,
                    185.05879,
                    -162.38438
                ]
            }
        ],
        "Pcom boundary": [
            {
                "id": 509,
                "degree": 2,
                "label": 6,
                "coords": [
                    -20.53184,
                    184.50566,
                    -164.0
                ]
            }
        ],
        "ICA bifurcation": [
            {
                "id": 309,
                "degree": 3,
                "label": 6,
                "coords": [
                    -25.14746,
                    182.75879,
                    -158.0
                ]
            }
        ],
        "ACA boundary": [
            {
                "id": 731,
                "degree": 2,
                "label": 6,
                "coords": [
                    -23.60059,
                    183.77754,
                    -156.55625
                ]
            }
        ],
        "MCA boundary": [
            {
                "id": 318,
                "degree": 2,
                "label": 6,
                "coords": [
                    -27.39746,
                    182.25879,
                    -157.66875
                ]
            }
        ]
    },
    "7": {
        "ICA boundary": [
            {
                "id": 318,
                "degree": 2,
                "label": 7,
                "coords": [
                    -27.39746,
                    182.25879,
                    -157.66875
                ]
            }
        ],
        "MCA end": [
            {
                "id": 374,
                "degree": 1,
                "label": 7,
                "coords": [
                    -40.89746,
                    186.43066,
                    -163.65625
                ]
            }
        ]
    },
    "8": {
        "ICA boundary": [
            {
                "id": 382,
                "degree": 2,
                "label": 8,
                "coords": [
                    -1.16621,
                    185.76191,
                    -162.5
                ]
            }
        ],
        "PCA boundary": [
            {
                "id": 430,
                "degree": 2,
                "label": 8,
                "coords": [
                    -5.59121,
                    176.75879,
                    -164.22188
                ]
            }
        ]
    },
    "9": {
        "ICA boundary": [
            {
                "id": 509,
                "degree": 2,
                "label": 9,
                "coords": [
                    -20.53184,
                    184.50566,
                    -164.0
                ]
            }
        ],
        "PCA boundary": [
            {
                "id": 552,
                "degree": 2,
                "label": 9,