{
    "1": {
        "BA start": [
            {
                "id": 0,
                "degree": 1,
                "label": 1,
                "coords": [
                    -2.7373,
                    198.94434,
                    -139.34375
                ]
            }
        ],
        "BA bifurcation": [
            {
                "id": 72,
                "degree": 3,
                "label": 1,
                "coords": [
                    -1.4873,
                    202.28809,
                    -122.25
                ]
            }
        ],
        "R-PCA boundary": [
            {
                "id": 86,
                "degree": 2,
                "label": 1,
                "coords": [
                    0.71582,
                    201.01934,
                    -119.00312
                ]
            }
        ],
        "L-PCA boundary": [
            {
                "id": 189,
                "degree": 2,
                "label": 1,
                "coords": [
                    -4.2373,
                    202.55684,
                    -120.57188
                ]
            }
        ]
    },
    "2": {
        "BA boundary": [
            {
                "id": 86,
                "degree": 2,
                "label": 2,
                "coords": [
                    0.71582,
                    201.01934,
                    -119.00312
                ]
            }
        ],
        "PCA end": [
            {
                "id": 178,
                "degree": 1,
                "label": 2,
                "coords": [
                    13.5752,
                    185.28809,
                    -128.40625
                ]
            }
        ]
    },
    "3": {
        "BA boundary": [
            {
                "id": 189,
                "degree": 2,
                "label": 3,
                "coords": [
                    -4.2373,
                    202.55684,
                    -120.57188
                ]
            }
        ],
        "PCA end": [
            {
                "id": 296,
                "degree": 1,
                "label": 3,
                "coords": [
                    -23.06543,
                    188.28809,
                    -129.03125
                ]
            }
        ]
    },
    "4": {
        "ICA start": [
            {
                "id": 297,
                "degree": 1,
                "label": 4,
                "coords": [
                    6.66895,
                    210.78809,
                    -127.84375
                ]
            }
        ],
        "ICA bifurcation": [
            {
                "id": 336,
                "degree": 3,
                "label": 4,
                "coords": [
                    15.0127,
                    204.53809,
                    -123.5
                ]
            }
        ],
        "ACA boundary": [
            {
                "id": 526,
                "degree": 2,
                "label": 4,
                "coords": [
                    12.2627,
                    205.18809,
                    -122.08125
                ]
            }
        ],
        "MCA boundary": [
            {
                "id": 346,
                "degree": 2,
                "label": 4,
                "coords": [
                    17.3627,
                    205.13809,
                    -123.05312
                ]
            }
        ]
    },
    "5": {
        "ICA boundary": [
            {
                "id": 346,
                "degree": 2,
                "label": 5,
                "coords": [
                    17.3627,
                    205.13809,
                    -123.05312
                ]
            }
        ],
        "MCA end": [
            {
                "id": 428,
                "degree": 1,
                "label": 5,
                "coords": [
                    30.7627,
                    221.52246,
                    -119.98438
                ]
            }
        ]
    },
    "6": {
        "ICA start": [
            {
                "id": 429,
                "degree": 1,
                "label": 6,
                "coords": [
                    -15.2373,
                    211.02246,
                    -127.26562
                ]
            }
        ],
        "ICA bifurcation": [
            {
                "id": 454,
                "degree": 3,
                "label": 6,
                "coords": [
                    -20.57064,
                    211.95475,
                    -123.16667
                ]
            }
        ],
        "ACA boundary": [
            {
                "id": 717,
                "degree": 2,
                "label": 6,
                "coords": [
                    -18.8873,
                    211.78496,
                    -120.05625
                ]
            }
        ],
        "MCA boundary": [
            {
                "id": 466,
                "degree": 2,
                "label": 6,
                "coords": [
                    -23.7373,
                    213.13496,
                    -122.375
                ]
            }
        ]
    },
    "7": {
        "ICA boundary": [
            {
                "id": 466,
                "degree": 2,
                "label": 7,
                "coords": [
                    -23.7373,
                    213.13496,
                    -122.375
                ]
            }
        ],
        "MCA end": [
            {
                "id": 515,
                "degree": 1,
                "label": 7,
                "coords": [
                    -35.2373,
                    217.44434,
                    -128.84375
                ]
            }
        ]
    },
    "10": {
        "R-ACA boundary": [
            {
                "id": 911,
                "degree": 2,
                "label": 10,
                "coords": [
                    -1.74043,
                    213.53809,
                    -122.03125
                ]
            }
        ],
        "L-ACA boundary": [
            {
                "id": 921,
                "degree": 2,
                "label": 10,
                "coords": [
                    -4.19824,
                    214.68418,
                    -122.38907
                ]
            }
        ]
    },
    "11": {
        "ICA boundary": [
            {
                "id": 526,
                "degree": 2,
                "label": 11,
                "coords": [
                    12.2627,
                    205.18809,
                    -122.08125
                ]
            }
        ],
        "Acom bifurcation": [
            {
                "id": 588,
                "degree": 3,
                "label": 11,
                "coords": [
                    -0.71543,
                    212.71621,
                    -121.16875
                ]
            }
        ],
        "Acom boundary": [
            {
                "id": 911,
                "degree": 2,
                "label": 11,
                "coords": [
                    -1.74043,
                    213.53809,
                    -122.03125
                ]
            }
        ],
        "ACA end": [
            {
                "id": 704,
                "degree": 1,
                "label": 11,
                "coords": [
                    -5.2373,
                    231.52246,
                    -103.67188
                ]
            }
        ]
    },
    "12": {
        "ICA boundary": [
            {
                "id": 717,
                "degree": 2,
                "label": 12,
                "coords": [
                    -18.8873,
                    211.78496,
                    -120.05625
                ]
            }
        ],
        "Acom bifurcation": [
            {
                "id": 773,
                "degree": 3,