{
    "1": {
        "BA start": [
            {
                "id": 0,
                "degree": 1,
                "label": 1,
                "coords": [
                    -6.22177,
                    -1.75343,
                    -28.81434
                ]
            }
        ],
        "BA bifurcation": [
            {
                "id": 55,
                "degree": 3,
                "label": 1,
                "coords": [
                    -3.37304,
                    -2.90098,
                    -15.11907
                ]
            }
        ],
        "R-PCA boundary": [
            {
                "id": 63,
                "degree": 2,
                "label": 1,
                "coords": [
                    -1.36012,
                    -2.801,
                    -14.39478
                ]
            }
        ],
        "L-PCA boundary": [
            {
                "id": 210,
                "degree": 2,
                "label": 1,
                "coords": [
                    -4.09124,
                    -2.29304,
                    -12.60427
                ]
            }
        ]
    },
    "2": {
        "BA boundary": [
            {
                "id": 63,
                "degree": 2,
                "label": 2,
                "coords": [
                    -1.36012,
                    -2.801,
                    -14.39478
                ]
            }
        ],
        "Pcom bifurcation": [
            {
                "id": 84,
                "degree": 3,
                "label": 2,
                "coords": [
                    3.32015,
                    0.00054,
                    -14.76227
                ]
            }
        ],
        "Pcom boundary": [
            {
                "id": 850,
                "degree": 2,
                "label": 2,
                "coords": [
                    2.81992,
                    0.87725,
                    -15.99986
                ]
            }
        ],
        "PCA end": [
            {
                "id": 180,
                "degree": 3,
                "label": 2,
                "coords": [
                    18.61555,
                    -16.99282,
                    -9.05817
                ]
            }
        ]
    },
    "3": {
        "BA boundary": [
            {
                "id": 210,
                "degree": 2,
                "label": 3,
                "coords": [
                    -4.09124,
                    -2.29304,
                    -12.60427
                ]
            }
        ],
        "PCA end": [
            {
                "id": 308,
                "degree": 3,
                "label": 3,
                "coords": [
                    -18.19874,
                    -16.53371,
                    -9.30127
                ]
            }
        ]
    },
    "4": {
        "ICA start": [
            {
                "id": 340,
                "degree": 1,
                "label": "4",
                "coords": [
                    7.65754,
                    20.33138,
                    -27.6965
                ]
            }
        ],
        "Pcom bifurcation": [
            {
                "id": 411,
                "degree": 3,
                "label": 4,
                "coords": [
                    7.07031,
                    13.05026,
                    -16.19767
                ]
            }
        ],
        "Pcom boundary": [
            {
                "id": 803,
                "degree": 2,
                "label": 4,
                "coords": [
                    6.63074,
                    10.68293,
                    -18.35583
                ]
            }
        ],
        "ICA bifurcation": [
            {
                "id": 442,
                "degree": 3,
                "label": 4,
                "coords": [
                    10.56413,
                    9.52669,
                    -9.83188
                ]
            }
        ],
        "ACA boundary": [
            {
                "id": 860,
                "degree": 2,
                "label": 4,
                "coords": [
                    9.22226,
                    10.03135,
                    -8.39085
                ]
            }
        ],
        "MCA boundary": [
            {
                "id": 450,
                "degree": 2,
                "label": 4,
                "coords": [
                    12.72691,
                    10.00619,
                    -9.15997
                ]
            }
        ]
    },
    "5": {
        "ICA boundary": [
            {
                "id": 450,
                "degree": 2,
                "label": 5,
                "coords": [
                    12.72691,
                    10.00619,
                    -9.15997
                ]
            }
        ],
        "MCA end": [
            {
                "id": 481,
                "degree": 3,
                "label": 5,
                "coords": [
                    20.30395,
                    14.35536,
                    -9.11952
                ]
            }
        ]
    },
    "6": {
        "ICA start": [
            {
                "id": 545,
                "degree": 1,
                "label": 6,
                "coords": [
                    -16.95792,
                    19.12787,
                    -26.86079
                ]
            }
        ],
        "ICA bifurcation": [
            {
                "id": 637,
                "degree": 3,
                "label": 6,
                "coords": [
                    -14.61482,
                    10.13976,
                    -11.89819
                ]
            }
        ],
        "ACA boundary": [
            {
                "id": 964,
                "degree": 2,
                "label": 6,
                "coords": [
                    -13.13305,
                    11.20271,
                    -10.70119
                ]
            }
        ],
        "MCA boundary": [
            {
                "id": 647,
                "degree": 2,
                "label": 6,
                "coords": [
                    -17.06146,
                    9.43982,
                    -10.60011
                ]
            }
        ]
    },
    "7": {
        "ICA boundary": [
            {
                "id": 647,
                "degree": 2,
                "label": 7,
                "coords": [
                    -17.06146,
                    9.43982,
                    -10.60011
                ]
            }
        ],
        "MCA end": [
            {
                "id": 726,
                "degree": 3,
                "label": 7,
                "coords": [
                    -36.92485,
                    15.62712,
                    -6.52608
                ]
            }
        ]
    },
    "8": {
        "ICA boundary": [
            {
                "id": 803,
                "degree": 2,
                "label": 8,
                "coords": [
                    6.63074,
                    10.68293,
                    -18.35583
                ]
            }
        ],
        "PCA boundary": [
            {
                "id": 850,
                "degree": 2,
                "label": 8,
                "coords": [
                    2.81992,
                    0.87725,
                    -15.99986
                ]
            }
        ]
    },
    "10": {
        "R-ACA boundary": [
            {
                "id": 1106,
                "degree": 2,
                "label": 10,
                "coords": [
                    -0.51159,
                    21.02412,
                    -10.6973
                ]
            }
        ],
        "L-ACA boundary": [
            {
                "id": 1121,
                "degree": 2,
                "label": 10,