{
    "1": {
        "BA start": [
            {
                "id": 0,
                "degree": 1,
                "label": 1,
                "coords": [
                    2.91443,
                    -12.90644,
                    -7.89147
                ]
            }
        ],
        "BA bifurcation": [
            {
                "id": 52,
                "degree": 3,
                "label": 1,
                "coords": [
                    0.3143,
                    -19.39256,
                    4.78691
                ]
            }
        ],
        "R-PCA boundary": [
            {
                "id": 59,
                "degree": 2,
                "label": 1,
                "coords": [
                    1.70209,
                    -18.34907,
                    6.359
                ]
            }
        ],
        "L-PCA boundary": [
            {
                "id": 170,
                "degree": 2,
                "label": 1,
                "coords": [
                    -2.05968,
                    -18.86169,
                    6.04806
                ]
            }
        ]
    },
    "2": {
        "BA boundary": [
            {
                "id": 59,
                "degree": 2,
                "label": 2,
                "coords": [
                    1.70209,
                    -18.34907,
                    6.359
                ]
            }
        ],
        "Pcom bifurcation": [
            {
                "id": 80,
                "degree": 3,
                "label": 2,
                "coords": [
                    5.448,
                    -13.93972,
                    6.05188
                ]
            }
        ],
        "Pcom boundary": [
            {
                "id": 701,
                "degree": 2,
                "label": 2,
                "coords": [
                    4.95208,
                    -13.80153,
                    5.24901
                ]
            }
        ],
        "PCA end": [
            {
                "id": 161,
                "degree": 1,
                "label": 2,
                "coords": [
                    24.3906,
                    -25.75356,
                    4.0268
                ]
            }
        ]
    },
    "3": {
        "BA boundary": [
            {
                "id": 170,
                "degree": 2,
                "label": 3,
                "coords": [
                    -2.05968,
                    -18.86169,
                    6.04806
                ]
            }
        ],
        "Pcom bifurcation": [
            {
                "id": 196,
                "degree": 3,
                "label": 3,
                "coords": [
                    -8.54607,
                    -17.45829,
                    4.32275
                ]
            }
        ],
        "Pcom boundary": [
            {
                "id": 750,
                "degree": 2,
                "label": 3,
                "coords": [
                    -8.1694,
                    -17.08685,
                    4.07153
                ]
            }
        ],
        "PCA end": [
            {
                "id": 268,
                "degree": 1,
                "label": 3,
                "coords": [
                    -21.4747,
                    -29.32073,
                    0.97838
                ]
            }
        ]
    },
    "4": {
        "ICA start": [
            {
                "id": 269,
                "degree": 1,
                "label": 4,
                "coords": [
                    12.20881,
                    1.67381,
                    1.00016
                ]
            }
        ],
        "Pcom bifurcation": [
            {
                "id": 340,
                "degree": 3,
                "label": 4,
                "coords": [
                    11.19718,
                    -6.39009,
                    9.15463
                ]
            }
        ],
        "Pcom boundary": [
            {
                "id": 658,
                "degree": 2,
                "label": 4,
                "coords": [
                    10.87246,
                    -6.95203,
                    7.59246
                ]
            }
        ],
        "ICA bifurcation": [
            {
                "id": 363,
                "degree": 3,
                "label": 4,
                "coords": [
                    16.71831,
                    -7.60833,
                    12.22268
                ]
            }
        ],
        "ACA boundary": [
            {
                "id": 760,
                "degree": 2,
                "label": 4,
                "coords": [
                    16.63625,
                    -9.27433,
                    14.47936
                ]
            }
        ],
        "MCA boundary": [
            {
                "id": 372,
                "degree": 2,
                "label": 4,
                "coords": [
                    18.82959,
                    -6.33964,
                    13.0721
                ]
            }
        ]
    },
    "5": {
        "ICA boundary": [
            {
                "id": 372,
                "degree": 2,
                "label": 5,
                "coords": [
                    18.82959,
                    -6.33964,
                    13.0721
                ]
            }
        ],
        "MCA end": [
            {
                "id": 433,
                "degree": 1,
                "label": 5,
                "coords": [
                    28.92426,
                    7.97649,
                    11.82677
                ]
            }
        ]
    },
    "6": {
        "ICA start": [
            {
                "id": 434,
                "degree": 1,
                "label": 6,
                "coords": [
                    -12.03641,
                    0.65595,
                    -0.99681
                ]
            }
        ],
        "Pcom bifurcation": [
            {
                "id": 505,
                "degree": 3,
                "label": 6,
                "coords": [
                    -11.31999,
                    -7.99321,
                    5.8751
                ]
            }
        ],
        "Pcom boundary": [
            {
                "id": 709,
                "degree": 2,
                "label": 6,
                "coords": [
                    -10.25238,
                    -9.12085,
                    4.43215
                ]
            }
        ],
        "ICA bifurcation": [
            {
                "id": 534,
                "degree": 3,
                "label": 6,
                "coords": [
                    -16.84102,
                    -12.01781,
                    11.1259
                ]
            }
        ],
        "ACA boundary": [
            {
                "id": 893,
                "degree": 2,
                "label": 6,
                "coords": [
                    -15.40174,
                    -12.36664,
                    12.3927
                ]
            }
        ],
        "MCA boundary": [
            {
                "id": 542,
                "degree": 2,
                "label": 6,
                "coords": [
                    -18.85227,
                    -12.37047,
                    11.4682
                ]
            }
        ]
    },
    "7": {
        "ICA boundary": [
            {
                "id": 542,
                "degree": 2,
                "label": 7,
                "coords": [
                    -18.85227,
                    -12.37047,
                    11.4682
                ]
            }
        ],
        "MCA end": [
            {
                "id": 587,
                "degree": 3,
                "label": 7,