{
    "1": {
        "BA start": [
            {
                "id": 0,
                "degree": 1,
                "label": 1,
                "coords": [
                    2.78516,
                    218.01953,
                    193.10027
                ]
            }
        ],
        "BA bifurcation": [
            {
                "id": 56,
                "degree": 3,
                "label": 1,
                "coords": [
                    8.95182,
                    215.92057,
                    206.4336
                ]
            }
        ],
        "R-PCA boundary": [
            {
                "id": 63,
                "degree": 2,
                "label": 1,
                "coords": [
                    10.53516,
                    214.93828,
                    205.63152
                ]
            }
        ],
        "L-PCA boundary": [
            {
                "id": 141,
                "degree": 2,
                "label": 1,
                "coords": [
                    9.21016,
                    216.32578,
                    208.35027
                ]
            }
        ]
    },
    "2": {
        "BA boundary": [
            {
                "id": 63,
                "degree": 2,
                "label": 2,
                "coords": [
                    10.53516,
                    214.93828,
                    205.63152
                ]
            }
        ],
        "PCA end": [
            {
                "id": 134,
                "degree": 1,
                "label": 2,
                "coords": [
                    24.03516,
                    208.83203,
                    193.42839
                ]
            }
        ]
    },
    "3": {
        "BA boundary": [
            {
                "id": 141,
                "degree": 2,
                "label": 3,
                "coords": [
                    9.21016,
                    216.32578,
                    208.35027
                ]
            }
        ],
        "Pcom bifurcation": [
            {
                "id": 187,
                "degree": 3,
                "label": 3,
                "coords": [
                    -1.73359,
                    215.74141,
                    206.31902
                ]
            }
        ],
        "Pcom boundary": [
            {
                "id": 501,
                "degree": 2,
                "label": 3,
                "coords": [
                    -1.61859,
                    216.45453,
                    206.09714
                ]
            }
        ],
        "PCA end": [
            {
                "id": 252,
                "degree": 1,
                "label": 3,
                "coords": [
                    -15.02734,
                    208.50391,
                    196.83464
                ]
            }
        ]
    },
    "4": {
        "ICA start": [
            {
                "id": 253,
                "degree": 1,
                "label": 4,
                "coords": [
                    16.45703,
                    229.50391,
                    197.77214
                ]
            }
        ],
        "ICA bifurcation": [
            {
                "id": 292,
                "degree": 3,
                "label": 4,
                "coords": [
                    22.03516,
                    224.00391,
                    202.35027
                ]
            }
        ],
        "ACA boundary": [
            {
                "id": 507,
                "degree": 2,
                "label": 4,
                "coords": [
                    21.06953,
                    224.46953,
                    203.42839
                ]
            }
        ],
        "MCA boundary": [
            {
                "id": 303,
                "degree": 2,
                "label": 4,
                "coords": [
                    24.78516,
                    224.02266,
                    202.60339
                ]
            }
        ]
    },
    "5": {
        "ICA boundary": [
            {
                "id": 303,
                "degree": 2,
                "label": 5,
                "coords": [
                    24.78516,
                    224.02266,
                    202.60339
                ]
            }
        ],
        "MCA end": [
            {
                "id": 344,
                "degree": 1,
                "label": 5,
                "coords": [
                    33.53516,
                    228.25391,
                    196.78777
                ]
            }
        ]
    },
    "6": {
        "ICA start": [
            {
                "id": 345,
                "degree": 1,
                "label": 6,
                "coords": [
                    -0.46484,
                    232.00391,
                    198.60027
                ]
            }
        ],
        "Pcom bifurcation": [
            {
                "id": 364,
                "degree": 3,
                "label": 6,
                "coords": [
                    -4.07526,
                    228.66433,
                    200.89193
                ]
            }
        ],
        "Pcom boundary": [
            {
                "id": 455,
                "degree": 2,
                "label": 6,
                "coords": [
                    -2.98464,
                    227.50494,
                    200.12318
                ]
            }
        ],
        "ICA bifurcation": [
            {
                "id": 395,
                "degree": 3,
                "label": 6,
                "coords": [
                    -10.71484,
                    227.00391,
                    204.85027
                ]
            }
        ],
        "ACA boundary": [
            {
                "id": 638,
                "degree": 2,
                "label": 6,
                "coords": [
                    -8.21484,
                    226.31016,
                    205.55027
                ]
            }
        ],
        "MCA boundary": [
            {
                "id": 408,
                "degree": 2,
                "label": 6,
                "coords": [
                    -13.96484,
                    227.60703,
                    205.97839
                ]
            }
        ]
    },
    "7": {
        "ICA boundary": [
            {
                "id": 408,
                "degree": 2,
                "label": 7,
                "coords": [
                    -13.96484,
                    227.60703,
                    205.97839
                ]
            }
        ],
        "MCA end": [
            {
                "id": 451,
                "degree": 1,
                "label": 7,
                "coords": [
                    -21.94922,
                    234.25391,
                    208.17839
                ]
            }
        ]
    },
    "9": {
        "ICA boundary": [
            {
                "id": 455,
                "degree": 2,
                "label": 9,
                "coords": [
                    -2.98464,
                    227.50494,
                    200.12318
                ]
            }
        ],
        "PCA boundary": [
            {
                "id": 501,
                "degree": 2,
                "label": 9,
                "coords": [
                    -1.61859,
                    216.45453,
                    206.09714
                ]
            }
        ]
    },
    "10": {
        "R-ACA boundary": [
            {
                "id": 786,
                "degree": 2,
                "label": 10,
                "coords": [
                    8.21328,
                    232.54609,
                    204.29636
                ]
            }
        ],
        "L-ACA boundary": [
            {
                "id": 798,
                "degree": 2,
                "label": 10,