{
    "1": {
        "BA start": [
            {
                "id": 0,
                "degree": 1,
                "label": 1,
                "coords": [
                    9.71582,
                    188.70605,
                    -173.73438
                ]
            }
        ],
        "BA bifurcation": [
            {
                "id": 32,
                "degree": 3,
                "label": 1,
                "coords": [
                    6.29915,
                    184.27376,
                    -165.83333
                ]
            }
        ],
        "R-PCA boundary": [
            {
                "id": 38,
                "degree": 2,
                "label": 1,
                "coords": [
                    7.96582,
                    183.04355,
                    -164.75313
                ]
            }
        ],
        "L-PCA boundary": [
            {
                "id": 136,
                "degree": 2,
                "label": 1,
                "coords": [
                    3.96582,
                    183.4623,
                    -164.84688
                ]
            }
        ]
    },
    "2": {
        "BA boundary": [
            {
                "id": 38,
                "degree": 2,
                "label": 2,
                "coords": [
                    7.96582,
                    183.04355,
                    -164.75313
                ]
            }
        ],
        "PCA end": [
            {
                "id": 127,
                "degree": 1,
                "label": 2,
                "coords": [
                    24.71582,
                    172.94043,
                    -169.32812
                ]
            }
        ]
    },
    "3": {
        "BA boundary": [
            {
                "id": 136,
                "degree": 2,
                "label": 3,
                "coords": [
                    3.96582,
                    183.4623,
                    -164.84688
                ]
            }
        ],
        "Pcom bifurcation": [
            {
                "id": 163,
                "degree": 3,
                "label": 3,
                "coords": [
                    -2.58209,
                    184.93002,
                    -164.94166
                ]
            }
        ],
        "Pcom boundary": [
            {
                "id": 449,
                "degree": 2,
                "label": 3,
                "coords": [
                    -2.26881,
                    185.49642,
                    -164.80572
                ]
            }
        ],
        "PCA end": [
            {
                "id": 228,
                "degree": 1,
                "label": 3,
                "coords": [
                    -10.87793,
                    175.94043,
                    -168.42188
                ]
            }
        ]
    },
    "4": {
        "ICA start": [
            {
                "id": 229,
                "degree": 1,
                "label": 4,
                "coords": [
                    17.7002,
                    195.94043,
                    -160.98438
                ]
            }
        ],
        "ICA bifurcation": [
            {
                "id": 268,
                "degree": 3,
                "label": 4,
                "coords": [
                    22.88249,
                    195.8571,
                    -154.83333
                ]
            }
        ],
        "ACA boundary": [
            {
                "id": 457,
                "degree": 2,
                "label": 4,
                "coords": [
                    20.96582,
                    196.53105,
                    -153.53438
                ]
            }
        ],
        "MCA boundary": [
            {
                "id": 275,
                "degree": 2,
                "label": 4,
                "coords": [
                    23.96582,
                    197.69043,
                    -155.0
                ]
            }
        ]
    },
    "5": {
        "ICA boundary": [
            {
                "id": 275,
                "degree": 2,
                "label": 5,
                "coords": [
                    23.96582,
                    197.69043,
                    -155.0
                ]
            }
        ],
        "MCA end": [
            {
                "id": 292,
                "degree": 1,
                "label": 5,
                "coords": [
                    27.46582,
                    201.6123,
                    -156.07812
                ]
            }
        ]
    },
    "6": {
        "ICA start": [
            {
                "id": 293,
                "degree": 1,
                "label": 6,
                "coords": [
                    -2.53418,
                    200.26855,
                    -163.17188
                ]
            }
        ],
        "Pcom bifurcation": [
            {
                "id": 312,
                "degree": 3,
                "label": 6,
                "coords": [
                    -6.62376,
                    196.15502,
                    -162.38229
                ]
            }
        ],
        "Pcom boundary": [
            {
                "id": 408,
                "degree": 2,
                "label": 6,
                "coords": [
                    -6.83314,
                    195.18939,
                    -163.49479
                ]
            }
        ],
        "ICA bifurcation": [
            {
                "id": 337,
                "degree": 3,
                "label": 6,
                "coords": [
                    -11.45085,
                    198.77376,
                    -158.41667
                ]
            }
        ],
        "ACA boundary": [
            {
                "id": 576,
                "degree": 2,
                "label": 6,
                "coords": [
                    -10.03105,
                    198.24355,
                    -156.87187
                ]
            }
        ],
        "MCA boundary": [
            {
                "id": 344,
                "degree": 2,
                "label": 6,
                "coords": [
                    -12.68418,
                    200.69043,
                    -158.6875
                ]
            }
        ]
    },
    "7": {
        "ICA boundary": [
            {
                "id": 344,
                "degree": 2,
                "label": 7,
                "coords": [
                    -12.68418,
                    200.69043,
                    -158.6875
                ]
            }
        ],
        "MCA end": [
            {
                "id": 375,
                "degree": 3,
                "label": 7,
                "coords": [
                    -18.70085,
                    205.3571,
                    -159.16667
                ]
            }
        ]
    },
    "9": {
        "ICA boundary": [
            {
                "id": 408,
                "degree": 2,
                "label": 9,
                "coords": [
                    -6.83314,
                    195.18939,
                    -163.49479
                ]
            }
        ],
        "PCA boundary": [
            {
                "id": 449,
                "degree": 2,
                "label": 9,
                "coords": [
                    -2.26881,
                    185.49642,
                    -164.80572
                ]
            }
        ]
    },
    "10": {
        "R-ACA boundary": [
            {
                "id": 698,
                "degree": 2,
                "label": 10,
                "coords": [
                    5.98707,
                    197.86293,
                    -153.91312
                ]
            }
        ],
        "L-ACA boundary": [
            {
                "id": 632,
                "degree": 3,
                "label": 10,