{
    "1": {
        "BA start": [
            {
                "id": 0,
                "degree": 1,
                "label": 1,
                "coords": [
                    3.20773,
                    -4.76949,
                    -76.01276
                ]
            }
        ],
        "BA bifurcation": [
            {
                "id": 44,
                "degree": 3,
                "label": 1,
                "coords": [
                    0.98374,
                    -7.08038,
                    -65.45889
                ]
            }
        ],
        "R-PCA boundary": [
            {
                "id": 51,
                "degree": 2,
                "label": 1,
                "coords": [
                    2.72795,
                    -8.32267,
                    -64.43893
                ]
            }
        ],
        "L-PCA boundary": [
            {
                "id": 140,
                "degree": 2,
                "label": 1,
                "coords": [
                    -0.3671,
                    -6.63833,
                    -64.18043
                ]
            }
        ]
    },
    "2": {
        "BA boundary": [
            {
                "id": 51,
                "degree": 2,
                "label": 2,
                "coords": [
                    2.72795,
                    -8.32267,
                    -64.43893
                ]
            }
        ],
        "Pcom bifurcation": [
            {
                "id": 76,
                "degree": 3,
                "label": 2,
                "coords": [
                    7.74645,
                    -6.46509,
                    -63.83065
                ]
            }
        ],
        "Pcom boundary": [
            {
                "id": 607,
                "degree": 2,
                "label": 2,
                "coords": [
                    7.27724,
                    -6.20485,
                    -64.45737
                ]
            }
        ],
        "PCA end": [
            {
                "id": 134,
                "degree": 1,
                "label": 2,
                "coords": [
                    17.13972,
                    -19.62108,
                    -70.07533
                ]
            }
        ]
    },
    "3": {
        "BA boundary": [
            {
                "id": 140,
                "degree": 2,
                "label": 3,
                "coords": [
                    -0.3671,
                    -6.63833,
                    -64.18043
                ]
            }
        ],
        "PCA end": [
            {
                "id": 236,
                "degree": 1,
                "label": 3,
                "coords": [
                    -17.78232,
                    -15.03679,
                    -69.17383
                ]
            }
        ]
    },
    "4": {
        "ICA start": [
            {
                "id": 237,
                "degree": 1,
                "label": 4,
                "coords": [
                    16.18722,
                    7.56423,
                    -68.27496
                ]
            }
        ],
        "Pcom bifurcation": [
            {
                "id": 308,
                "degree": 3,
                "label": 4,
                "coords": [
                    14.71724,
                    0.42092,
                    -64.30197
                ]
            }
        ],
        "Pcom boundary": [
            {
                "id": 567,
                "degree": 2,
                "label": 4,
                "coords": [
                    14.43567,
                    -0.62535,
                    -64.95368
                ]
            }
        ],
        "MCA boundary": [
            {
                "id": 348,
                "degree": 2,
                "label": 4,
                "coords": [
                    22.58935,
                    -0.89744,
                    -55.53892
                ]
            }
        ]
    },
    "5": {
        "ICA boundary": [
            {
                "id": 348,
                "degree": 2,
                "label": 5,
                "coords": [
                    22.58935,
                    -0.89744,
                    -55.53892
                ]
            }
        ],
        "MCA end": [
            {
                "id": 410,
                "degree": 1,
                "label": 5,
                "coords": [
                    35.56101,
                    1.2829,
                    -55.64158
                ]
            }
        ]
    },
    "6": {
        "ICA start": [
            {
                "id": 411,
                "degree": 1,
                "label": 6,
                "coords": [
                    -4.81496,
                    13.62292,
                    -69.25446
                ]
            }
        ],
        "ICA bifurcation": [
            {
                "id": 503,
                "degree": 3,
                "label": 6,
                "coords": [
                    -10.00288,
                    2.47991,
                    -60.67039
                ]
            }
        ],
        "ACA boundary": [
            {
                "id": 617,
                "degree": 2,
                "label": 6,
                "coords": [
                    -9.34537,
                    1.60737,
                    -58.43657
                ]
            }
        ],
        "MCA boundary": [
            {
                "id": 514,
                "degree": 2,
                "label": 6,
                "coords": [
                    -11.99767,
                    4.24343,
                    -59.03103
                ]
            }
        ]
    },
    "7": {
        "ICA boundary": [
            {
                "id": 514,
                "degree": 2,
                "label": 7,
                "coords": [
                    -11.99767,
                    4.24343,
                    -59.03103
                ]
            }
        ],
        "MCA end": [
            {
                "id": 563,
                "degree": 1,
                "label": 7,
                "coords": [
                    -23.65482,
                    6.13129,
                    -57.96564
                ]
            }
        ]
    },
    "8": {
        "ICA boundary": [
            {
                "id": 567,
                "degree": 2,
                "label": 8,
                "coords": [
                    14.43567,
                    -0.62535,
                    -64.95368
                ]
            }
        ],
        "PCA boundary": [
            {
                "id": 607,
                "degree": 2,
                "label": 8,
                "coords": [
                    7.27724,
                    -6.20485,
                    -64.45737
                ]
            }
        ]
    },
    "10": {
        "R-ACA boundary": [
            {
                "id": 756,
                "degree": 2,
                "label": 10,
                "coords": [
                    6.56442,
                    4.00333,
                    -57.97309
                ]
            }
        ],
        "L-ACA boundary": [
            {
                "id": 663,
                "degree": 3,
                "label": 10,
                "coords": [
                    2.81962,
                    1.78844,
                    -55.17259
                ]
            }
        ]
    },
    "11": {
        "Acom boundary": [
            {
                "id": 756,
                "degree": 2,
                "label": 11,
                "coords": [
                    6.56442,
                    4.00333,
                    -57.97309
                ]
            }
        ],
        "ACA end": [
            {
                "id": 835,
                "degree": 1,
                "label": 11,