{
    "1": {
        "BA start": [
            {
                "id": 0,
                "degree": 1,
                "label": 1,
                "coords": [
                    -0.02148,
                    188.25977,
                    568.41037
                ]
            }
        ],
        "BA bifurcation": [
            {
                "id": 59,
                "degree": 3,
                "label": 1,
                "coords": [
                    -5.37044,
                    194.3431,
                    581.89995
                ]
            }
        ],
        "R-PCA boundary": [
            {
                "id": 70,
                "degree": 2,
                "label": 1,
                "coords": [
                    -4.28398,
                    194.15664,
                    584.81662
                ]
            }
        ],
        "L-PCA boundary": [
            {
                "id": 177,
                "degree": 2,
                "label": 1,
                "coords": [
                    -8.78711,
                    195.90977,
                    583.48537
                ]
            }
        ]
    },
    "2": {
        "BA boundary": [
            {
                "id": 70,
                "degree": 2,
                "label": 2,
                "coords": [
                    -4.28398,
                    194.15664,
                    584.81662
                ]
            }
        ],
        "PCA end": [
            {
                "id": 162,
                "degree": 1,
                "label": 2,
                "coords": [
                    14.29102,
                    184.50977,
                    579.75412
                ]
            }
        ]
    },
    "3": {
        "BA boundary": [
            {
                "id": 177,
                "degree": 2,
                "label": 3,
                "coords": [
                    -8.78711,
                    195.90977,
                    583.48537
                ]
            }
        ],
        "PCA end": [
            {
                "id": 286,
                "degree": 1,
                "label": 3,
                "coords": [
                    -20.30273,
                    184.02539,
                    582.39474
                ]
            }
        ]
    },
    "4": {
        "ICA start": [
            {
                "id": 287,
                "degree": 1,
                "label": 4,
                "coords": [
                    4.80664,
                    201.83789,
                    577.31662
                ]
            }
        ],
        "ICA bifurcation": [
            {
                "id": 326,
                "degree": 3,
                "label": 4,
                "coords": [
                    12.54622,
                    205.67643,
                    584.48329
                ]
            }
        ],
        "ACA boundary": [
            {
                "id": 511,
                "degree": 2,
                "label": 4,
                "coords": [
                    11.65664,
                    207.00977,
                    585.26349
                ]
            }
        ],
        "MCA boundary": [
            {
                "id": 335,
                "degree": 2,
                "label": 4,
                "coords": [
                    14.96289,
                    206.52852,
                    584.01349
                ]
            }
        ]
    },
    "5": {
        "ICA boundary": [
            {
                "id": 335,
                "degree": 2,
                "label": 5,
                "coords": [
                    14.96289,
                    206.52852,
                    584.01349
                ]
            }
        ],
        "MCA end": [
            {
                "id": 393,
                "degree": 1,
                "label": 5,
                "coords": [
                    24.21289,
                    209.93164,
                    572.67599
                ]
            }
        ]
    },
    "6": {
        "ICA start": [
            {
                "id": 394,
                "degree": 1,
                "label": 6,
                "coords": [
                    -11.03711,
                    204.68164,
                    578.37912
                ]
            }
        ],
        "ICA bifurcation": [
            {
                "id": 433,
                "degree": 3,
                "label": 6,
                "coords": [
                    -17.78711,
                    209.50977,
                    585.06662
                ]
            }
        ],
        "ACA boundary": [
            {
                "id": 662,
                "degree": 2,
                "label": 6,
                "coords": [
                    -16.53398,
                    209.80664,
                    586.60099
                ]
            }
        ],
        "MCA boundary": [
            {
                "id": 441,
                "degree": 2,
                "label": 6,
                "coords": [
                    -19.16836,
                    211.25977,
                    585.31662
                ]
            }
        ]
    },
    "7": {
        "ICA boundary": [
            {
                "id": 441,
                "degree": 2,
                "label": 7,
                "coords": [
                    -19.16836,
                    211.25977,
                    585.31662
                ]
            }
        ],
        "MCA end": [
            {
                "id": 506,
                "degree": 1,
                "label": 7,
                "coords": [
                    -30.44336,
                    219.27539,
                    575.16037
                ]
            }
        ]
    },
    "10": {
        "R-ACA boundary": [
            {
                "id": 569,
                "degree": 4,
                "label": 10,
                "coords": [
                    -0.90898,
                    213.04414,
                    582.30256
                ]
            }
        ],
        "L-ACA boundary": [
            {
                "id": 827,
                "degree": 2,
                "label": 10,
                "coords": [
                    -4.44961,
                    212.20117,
                    581.18771
                ]
            }
        ],
        "3rd-A2 bifurcation": [
            {
                "id": 569,
                "degree": 4,
                "label": 10,
                "coords": [
                    -0.90898,
                    213.04414,
                    582.30255
                ]
            }
        ],
        "3rd-A2 boundary": [
            {
                "id": 831,
                "degree": 2,
                "label": 10,
                "coords": [
                    -2.03711,
                    214.50352,
                    582.32365
                ]
            }
        ]
    },
    "11": {
        "ICA boundary": [
            {
                "id": 511,
                "degree": 2,
                "label": 11,
                "coords": [
                    11.65664,
                    207.00977,
                    585.26349
                ]
            }
        ],
        "Acom bifurcation": [
            {
                "id": 569,
                "degree": 4,
                "label": 11,
                "coords": [
                    -0.90898,
                    213.04414,
                    582.30256
                ]
            }
        ],
        "Acom boundary": [
            {
                "id": 569,
                "degree": 4,
                "label": 11,
                "coords": [
                    -0.90898,
                    213.04414,
                    582.30256
                ]
            }
        ],
        "ACA end": [
            {
                "id": 655,
                "degree": 1,
                "label": 11,