{
    "1": {
        "BA start": [
            {
                "id": 0,
                "degree": 1,
                "label": 1,
                "coords": [
                    2.79568,
                    -5.33588,
                    -38.82544
                ]
            }
        ],
        "BA bifurcation": [
            {
                "id": 35,
                "degree": 3,
                "label": 1,
                "coords": [
                    1.55768,
                    -10.22734,
                    -30.32909
                ]
            }
        ],
        "L-PCA boundary": [
            {
                "id": 44,
                "degree": 2,
                "label": 1,
                "coords": [
                    -0.04457,
                    -10.80684,
                    -28.63363
                ]
            }
        ]
    },
    "2": {
        "Pcom boundary": [
            {
                "id": 563,
                "degree": 2,
                "label": 2,
                "coords": [
                    7.18693,
                    -6.27634,
                    -27.67992
                ]
            }
        ],
        "PCA end": [
            {
                "id": 635,
                "degree": 1,
                "label": 2,
                "coords": [
                    24.11408,
                    -18.3378,
                    -29.85536
                ]
            }
        ]
    },
    "3": {
        "BA boundary": [
            {
                "id": 44,
                "degree": 2,
                "label": 3,
                "coords": [
                    -0.04457,
                    -10.80684,
                    -28.63363
                ]
            }
        ],
        "Pcom bifurcation": [
            {
                "id": 68,
                "degree": 3,
                "label": 3,
                "coords": [
                    -4.3625,
                    -8.0149,
                    -26.15868
                ]
            }
        ],
        "Pcom boundary": [
            {
                "id": 680,
                "degree": 2,
                "label": 3,
                "coords": [
                    -4.18236,
                    -7.46769,
                    -26.63191
                ]
            }
        ],
        "PCA end": [
            {
                "id": 136,
                "degree": 1,
                "label": 3,
                "coords": [
                    -18.28044,
                    -20.17428,
                    -30.42895
                ]
            }
        ]
    },
    "4": {
        "ICA start": [
            {
                "id": 155,
                "degree": 1,
                "label": 4,
                "coords": [
                    12.3967,
                    16.81203,
                    -30.36321
                ]
            }
        ],
        "Pcom bifurcation": [
            {
                "id": 226,
                "degree": 3,
                "label": 4,
                "coords": [
                    12.36223,
                    1.62577,
                    -25.21235
                ]
            }
        ],
        "Pcom boundary": [
            {
                "id": 520,
                "degree": 2,
                "label": 4,
                "coords": [
                    11.98011,
                    1.69451,
                    -26.76103
                ]
            }
        ],
        "ICA bifurcation": [
            {
                "id": 250,
                "degree": 3,
                "label": 4,
                "coords": [
                    15.93246,
                    -0.40982,
                    -20.35431
                ]
            }
        ],
        "ACA boundary": [
            {
                "id": 687,
                "degree": 2,
                "label": 4,
                "coords": [
                    14.89524,
                    -0.77637,
                    -19.02448
                ]
            }
        ],
        "MCA boundary": [
            {
                "id": 261,
                "degree": 2,
                "label": 4,
                "coords": [
                    18.49108,
                    1.63214,
                    -19.71487
                ]
            }
        ]
    },
    "5": {
        "ICA boundary": [
            {
                "id": 261,
                "degree": 2,
                "label": 5,
                "coords": [
                    18.49108,
                    1.63214,
                    -19.71487
                ]
            }
        ],
        "MCA end": [
            {
                "id": 294,
                "degree": 3,
                "label": 5,
                "coords": [
                    23.78905,
                    9.717,
                    -21.20372
                ]
            }
        ]
    },
    "6": {
        "ICA start": [
            {
                "id": 360,
                "degree": 1,
                "label": 6,
                "coords": [
                    -16.30805,
                    14.92461,
                    -30.81686
                ]
            }
        ],
        "Pcom bifurcation": [
            {
                "id": 431,
                "degree": 3,
                "label": 6,
                "coords": [
                    -12.19028,
                    0.26838,
                    -24.07863
                ]
            }
        ],
        "Pcom boundary": [
            {
                "id": 640,
                "degree": 2,
                "label": 6,
                "coords": [
                    -11.20106,
                    -1.05151,
                    -25.38053
                ]
            }
        ],
        "ICA bifurcation": [
            {
                "id": 452,
                "degree": 3,
                "label": 6,
                "coords": [
                    -15.82926,
                    -1.16127,
                    -19.35237
                ]
            }
        ],
        "ACA boundary": [
            {
                "id": 813,
                "degree": 2,
                "label": 6,
                "coords": [
                    -14.10292,
                    -1.18182,
                    -17.79402
                ]
            }
        ],
        "MCA boundary": [
            {
                "id": 461,
                "degree": 2,
                "label": 6,
                "coords": [
                    -18.10035,
                    -0.44835,
                    -18.75455
                ]
            }
        ]
    },
    "7": {
        "ICA boundary": [
            {
                "id": 461,
                "degree": 2,
                "label": 7,
                "coords": [
                    -18.10035,
                    -0.44835,
                    -18.75455
                ]
            }
        ],
        "MCA end": [
            {
                "id": 514,
                "degree": 1,
                "label": 7,
                "coords": [
                    -29.20568,
                    8.03692,
                    -19.69219
                ]
            }
        ]
    },
    "8": {
        "ICA boundary": [
            {
                "id": 520,
                "degree": 2,
                "label": 8,
                "coords": [
                    11.98011,
                    1.69451,
                    -26.76103
                ]
            }
        ],
        "PCA boundary": [
            {
                "id": 563,
                "degree": 2,
                "label": 8,
                "coords": [
                    7.18693,
                    -6.27634,
                    -27.67992
                ]
            }
        ]
    },
    "9": {
        "ICA boundary": [
            {
                "id": 640,
                "degree": 2,
                "label": 9,