{
    "1": {
        "BA start": [
            {
                "id": 0,
                "degree": 1,
                "label": 1,
                "coords": [
                    3.00488,
                    208.91699,
                    1258.25
                ]
            }
        ],
        "BA bifurcation": [
            {
                "id": 48,
                "degree": 3,
                "label": 1,
                "coords": [
                    0.75488,
                    205.91699,
                    1270.0
                ]
            }
        ],
        "R-PCA boundary": [
            {
                "id": 57,
                "degree": 2,
                "label": 1,
                "coords": [
                    1.45488,
                    205.26074,
                    1272.25
                ]
            }
        ],
        "L-PCA boundary": [
            {
                "id": 172,
                "degree": 2,
                "label": 1,
                "coords": [
                    -1.49512,
                    205.91699,
                    1270.0
                ]
            }
        ]
    },
    "2": {
        "BA boundary": [
            {
                "id": 57,
                "degree": 2,
                "label": 2,
                "coords": [
                    1.45488,
                    205.26074,
                    1272.25
                ]
            }
        ],
        "PCA end": [
            {
                "id": 163,
                "degree": 1,
                "label": 2,
                "coords": [
                    18.89551,
                    197.16699,
                    1272.15625
                ]
            }
        ]
    },
    "3": {
        "BA boundary": [
            {
                "id": 172,
                "degree": 2,
                "label": 3,
                "coords": [
                    -1.49512,
                    205.91699,
                    1270.0
                ]
            }
        ],
        "PCA end": [
            {
                "id": 270,
                "degree": 1,
                "label": 3,
                "coords": [
                    -20.22949,
                    197.66699,
                    1267.98438
                ]
            }
        ]
    },
    "4": {
        "ICA start": [
            {
                "id": 271,
                "degree": 1,
                "label": 4,
                "coords": [
                    9.67676,
                    224.66699,
                    1272.75
                ]
            }
        ],
        "ICA bifurcation": [
            {
                "id": 310,
                "degree": 3,
                "label": 4,
                "coords": [
                    17.75488,
                    220.66699,
                    1276.0
                ]
            }
        ],
        "ACA boundary": [
            {
                "id": 515,
                "degree": 2,
                "label": 4,
                "coords": [
                    17.00488,
                    220.66699,
                    1277.49688
                ]
            }
        ],
        "MCA boundary": [
            {
                "id": 321,
                "degree": 2,
                "label": 4,
                "coords": [
                    20.50488,
                    221.06699,
                    1275.98125
                ]
            }
        ]
    },
    "5": {
        "ICA boundary": [
            {
                "id": 321,
                "degree": 2,
                "label": 5,
                "coords": [
                    20.50488,
                    221.06699,
                    1275.98125
                ]
            }
        ],
        "MCA end": [
            {
                "id": 350,
                "degree": 3,
                "label": 5,
                "coords": [
                    27.83822,
                    224.00033,
                    1274.91667
                ]
            }
        ]
    },
    "6": {
        "ICA start": [
            {
                "id": 395,
                "degree": 1,
                "label": 6,
                "coords": [
                    -9.15137,
                    227.15137,
                    1269.73438
                ]
            }
        ],
        "ICA bifurcation": [
            {
                "id": 434,
                "degree": 3,
                "label": 6,
                "coords": [
                    -13.74512,
                    219.41699,
                    1275.25
                ]
            }
        ],
        "ACA boundary": [
            {
                "id": 625,
                "degree": 2,
                "label": 6,
                "coords": [
                    -13.05762,
                    220.42012,
                    1276.925
                ]
            }
        ],
        "MCA boundary": [
            {
                "id": 441,
                "degree": 2,
                "label": 6,
                "coords": [
                    -15.49512,
                    219.01387,
                    1274.99688
                ]
            }
        ]
    },
    "7": {
        "ICA boundary": [
            {
                "id": 441,
                "degree": 2,
                "label": 7,
                "coords": [
                    -15.49512,
                    219.01387,
                    1274.99688
                ]
            }
        ],
        "MCA end": [
            {
                "id": 469,
                "degree": 3,
                "label": 7,
                "coords": [
                    -22.66178,
                    220.83366,
                    1273.16667
                ]
            }
        ]
    },
    "10": {
        "R-ACA boundary": [
            {
                "id": 553,
                "degree": 3,
                "label": 10,
                "coords": [
                    3.33457,
                    225.35371,
                    1277.33516
                ]
            }
        ],
        "L-ACA boundary": [
            {
                "id": 681,
                "degree": 3,
                "label": 10,
                "coords": [
                    0.54551,
                    225.05137,
                    1275.24377
                ]
            }
        ],
        "3rd-A2 bifurcation": [
            {
                "id": 756,
                "degree": 3,
                "label": 10,
                "coords": [
                    1.21842,
                    225.32115,
                    1276.54578
                ]
            }
        ],
        "3rd-A2 boundary": [
            {
                "id": 764,
                "degree": 2,
                "label": 10,
                "coords": [
                    0.55801,
                    224.64824,
                    1278.25
                ]
            }
        ]
    },
    "11": {
        "ICA boundary": [
            {
                "id": 515,
                "degree": 2,
                "label": 11,
                "coords": [
                    17.00488,
                    220.66699,
                    1277.49688
                ]
            }
        ],
        "Acom bifurcation": [
            {
                "id": 553,
                "degree": 3,
                "label": 11,
                "coords": [
                    3.33457,
                    225.35371,
                    1277.33516
                ]
            }
        ],
        "Acom boundary": [
            {
                "id": 553,
                "degree": 3,
                "label": 11,
                "coords": [
                    3.33457,
                    225.35371,
                    1277.33516
                ]
            }
        ],
        "ACA end": [
            {
                "id": 618,
                "degree": 1,
                "label": 11,