{
    "1": {
        "BA start": [
            {
                "id": 0,
                "degree": 1,
                "label": 1,
                "coords": [
                    -15.15625,
                    227.53125,
                    535.95111
                ]
            }
        ],
        "BA bifurcation": [
            {
                "id": 41,
                "degree": 3,
                "label": 1,
                "coords": [
                    -17.71875,
                    232.78125,
                    545.63861
                ]
            }
        ],
        "R-PCA boundary": [
            {
                "id": 45,
                "degree": 2,
                "label": 1,
                "coords": [
                    -16.71875,
                    233.20312,
                    546.21674
                ]
            }
        ],
        "L-PCA boundary": [
            {
                "id": 159,
                "degree": 2,
                "label": 1,
                "coords": [
                    -18.96875,
                    232.8,
                    546.19486
                ]
            }
        ]
    },
    "2": {
        "BA boundary": [
            {
                "id": 45,
                "degree": 2,
                "label": 2,
                "coords": [
                    -16.71875,
                    233.20312,
                    546.21674
                ]
            }
        ],
        "PCA end": [
            {
                "id": 154,
                "degree": 1,
                "label": 2,
                "coords": [
                    2.54688,
                    218.78125,
                    545.96674
                ]
            }
        ]
    },
    "3": {
        "BA boundary": [
            {
                "id": 159,
                "degree": 2,
                "label": 3,
                "coords": [
                    -18.96875,
                    232.8,
                    546.19486
                ]
            }
        ],
        "PCA end": [
            {
                "id": 258,
                "degree": 1,
                "label": 3,
                "coords": [
                    -34.96875,
                    218.03125,
                    547.04486
                ]
            }
        ]
    },
    "4": {
        "ICA start": [
            {
                "id": 259,
                "degree": 1,
                "label": 4,
                "coords": [
                    -8.65625,
                    252.03125,
                    542.88861
                ]
            }
        ],
        "ICA bifurcation": [
            {
                "id": 298,
                "degree": 3,
                "label": 4,
                "coords": [
                    -1.63542,
                    247.28125,
                    547.47194
                ]
            }
        ],
        "ACA boundary": [
            {
                "id": 445,
                "degree": 2,
                "label": 4,
                "coords": [
                    -2.24375,
                    247.89688,
                    549.38861
                ]
            }
        ],
        "MCA boundary": [
            {
                "id": 307,
                "degree": 2,
                "label": 4,
                "coords": [
                    0.78125,
                    247.52812,
                    546.99174
                ]
            }
        ]
    },
    "5": {
        "ICA boundary": [
            {
                "id": 307,
                "degree": 2,
                "label": 5,
                "coords": [
                    0.78125,
                    247.52812,
                    546.99174
                ]
            }
        ],
        "MCA end": [
            {
                "id": 347,
                "degree": 1,
                "label": 5,
                "coords": [
                    10.20312,
                    252.53125,
                    543.98236
                ]
            }
        ]
    },
    "6": {
        "ICA start": [
            {
                "id": 348,
                "degree": 1,
                "label": 6,
                "coords": [
                    -27.54688,
                    251.53125,
                    542.88861
                ]
            }
        ],
        "ICA bifurcation": [
            {
                "id": 387,
                "degree": 3,
                "label": 6,
                "coords": [
                    -31.71875,
                    245.28125,
                    548.38861
                ]
            }
        ],
        "ACA boundary": [
            {
                "id": 599,
                "degree": 2,
                "label": 6,
                "coords": [
                    -29.825,
                    245.3375,
                    549.30736
                ]
            }
        ],
        "MCA boundary": [
            {
                "id": 394,
                "degree": 2,
                "label": 6,
                "coords": [
                    -33.46875,
                    245.33438,
                    549.13549
                ]
            }
        ]
    },
    "7": {
        "ICA boundary": [
            {
                "id": 394,
                "degree": 2,
                "label": 7,
                "coords": [
                    -33.46875,
                    245.33438,
                    549.13549
                ]
            }
        ],
        "MCA end": [
            {
                "id": 438,
                "degree": 1,
                "label": 7,
                "coords": [
                    -44.03125,
                    246.28125,
                    548.24799
                ]
            }
        ]
    },
    "10": {
        "R-ACA boundary": [
            {
                "id": 739,
                "degree": 2,
                "label": 10,
                "coords": [
                    -14.47063,
                    252.22062,
                    549.84299
                ]
            }
        ],
        "L-ACA boundary": [
            {
                "id": 748,
                "degree": 2,
                "label": 10,
                "coords": [
                    -16.71562,
                    252.10312,
                    549.55736
                ]
            }
        ]
    },
    "11": {
        "ICA boundary": [
            {
                "id": 445,
                "degree": 2,
                "label": 11,
                "coords": [
                    -2.24375,
                    247.89688,
                    549.38861
                ]
            }
        ],
        "Acom bifurcation": [
            {
                "id": 493,
                "degree": 3,
                "label": 11,
                "coords": [
                    -13.9625,
                    252.69688,
                    550.16049
                ]
            }
        ],
        "Acom boundary": [
            {
                "id": 739,
                "degree": 2,
                "label": 11,
                "coords": [
                    -14.47063,
                    252.22062,
                    549.84299
                ]
            }
        ],
        "ACA end": [
            {
                "id": 591,
                "degree": 1,
                "label": 11,
                "coords": [
                    -15.5625,
                    270.03125,
                    568.63861
                ]
            }
        ]
    },
    "12": {
        "ICA boundary": [
            {
                "id": 599,
                "degree": 2,
                "label": 12,
                "coords": [
                    -29.825,
                    245.3375,
                    549.30736
                ]
            }
        ],
        "Acom bifurcation": [
            {
                "id": 652,
                "degree": 3,