{
    "1": {
        "BA start": [
            {
                "id": 0,
                "degree": 1,
                "label": 1,
                "coords": [
                    -2.65918,
                    200.38184,
                    160.31213
                ]
            }
        ],
        "BA bifurcation": [
            {
                "id": 104,
                "degree": 3,
                "label": 1,
                "coords": [
                    9.34082,
                    210.95996,
                    178.99963
                ]
            }
        ],
        "R-PCA boundary": [
            {
                "id": 115,
                "degree": 2,
                "label": 1,
                "coords": [
                    11.2627,
                    210.35059,
                    181.24651
                ]
            }
        ],
        "L-PCA boundary": [
            {
                "id": 243,
                "degree": 2,
                "label": 1,
                "coords": [
                    5.89395,
                    211.12246,
                    180.44651
                ]
            }
        ]
    },
    "2": {
        "BA boundary": [
            {
                "id": 115,
                "degree": 2,
                "label": 2,
                "coords": [
                    11.2627,
                    210.35059,
                    181.24651
                ]
            }
        ],
        "PCA end": [
            {
                "id": 229,
                "degree": 1,
                "label": 2,
                "coords": [
                    21.09082,
                    201.95996,
                    167.93713
                ]
            }
        ]
    },
    "3": {
        "BA boundary": [
            {
                "id": 243,
                "degree": 2,
                "label": 3,
                "coords": [
                    5.89395,
                    211.12246,
                    180.44651
                ]
            }
        ],
        "PCA end": [
            {
                "id": 382,
                "degree": 1,
                "label": 3,
                "coords": [
                    -15.81543,
                    200.14746,
                    177.24963
                ]
            }
        ]
    },
    "4": {
        "ICA start": [
            {
                "id": 383,
                "degree": 1,
                "label": 4,
                "coords": [
                    13.49707,
                    218.94434,
                    166.26526
                ]
            }
        ],
        "ICA bifurcation": [
            {
                "id": 422,
                "degree": 3,
                "label": 4,
                "coords": [
                    22.00749,
                    217.79329,
                    172.83297
                ]
            }
        ],
        "ACA boundary": [
            {
                "id": 635,
                "degree": 2,
                "label": 4,
                "coords": [
                    20.2877,
                    220.25996,
                    174.53088
                ]
            }
        ],
        "MCA boundary": [
            {
                "id": 434,
                "degree": 2,
                "label": 4,
                "coords": [
                    25.09082,
                    218.39434,
                    171.50276
                ]
            }
        ]
    },
    "5": {
        "ICA boundary": [
            {
                "id": 434,
                "degree": 2,
                "label": 5,
                "coords": [
                    25.09082,
                    218.39434,
                    171.50276
                ]
            }
        ],
        "MCA end": [
            {
                "id": 498,
                "degree": 1,
                "label": 5,
                "coords": [
                    37.2002,
                    224.70996,
                    159.18713
                ]
            }
        ]
    },
    "6": {
        "ICA start": [
            {
                "id": 499,
                "degree": 1,
                "label": 6,
                "coords": [
                    -3.08105,
                    219.03809,
                    163.74963
                ]
            }
        ],
        "ICA bifurcation": [
            {
                "id": 538,
                "degree": 3,
                "label": 6,
                "coords": [
                    -8.90918,
                    215.95996,
                    173.24963
                ]
            }
        ],
        "ACA boundary": [
            {
                "id": 926,
                "degree": 2,
                "label": 6,
                "coords": [
                    -6.40918,
                    217.49434,
                    174.39963
                ]
            }
        ],
        "MCA boundary": [
            {
                "id": 553,
                "degree": 2,
                "label": 6,
                "coords": [
                    -12.50918,
                    217.21309,
                    174.09651
                ]
            }
        ]
    },
    "7": {
        "ICA boundary": [
            {
                "id": 553,
                "degree": 2,
                "label": 7,
                "coords": [
                    -12.50918,
                    217.21309,
                    174.09651
                ]
            }
        ],
        "MCA end": [
            {
                "id": 623,
                "degree": 1,
                "label": 7,
                "coords": [
                    -25.65918,
                    227.20996,
                    163.74963
                ]
            }
        ]
    },
    "10": {
        "R-ACA boundary": [
            {
                "id": 1232,
                "degree": 2,
                "label": 10,
                "coords": [
                    6.5877,
                    226.44121,
                    163.51838
                ]
            }
        ],
        "L-ACA boundary": [
            {
                "id": 1020,
                "degree": 3,
                "label": 10,
                "coords": [
                    4.18144,
                    226.67558,
                    163.48401
                ]
            }
        ]
    },
    "11": {
        "ICA boundary": [
            {
                "id": 635,
                "degree": 2,
                "label": 11,
                "coords": [
                    20.2877,
                    220.25996,
                    174.53088
                ]
            }
        ],
        "Acom bifurcation": [
            {
                "id": 724,
                "degree": 3,
                "label": 11,
                "coords": [
                    7.54395,
                    226.04434,
                    163.96838
                ]
            }
        ],
        "Acom boundary": [
            {
                "id": 1232,
                "degree": 2,
                "label": 11,
                "coords": [
                    6.5877,
                    226.44121,
                    163.51838
                ]
            }
        ],
        "ACA end": [
            {
                "id": 916,
                "degree": 1,
                "label": 11,
                "coords": [
                    7.66895,
                    251.95996,
                    188.24963
                ]
            }
        ]
    },
    "12": {
        "ICA boundary": [
            {
                "id": 926,
                "degree": 2,
                "label": 12,
                "coords": [
                    -6.40918,
                    217.49434,
                    174.39963
                ]
            }
        ],
        "Acom bifurcation": [
            {
                "id": 1020,
                "degree": 3,