{
    "1": {
        "BA start": [
            {
                "id": 0,
                "degree": 1,
                "label": 1,
                "coords": [
                    6.97113,
                    34.87835,
                    28.71789
                ]
            }
        ],
        "BA bifurcation": [
            {
                "id": 66,
                "degree": 3,
                "label": 1,
                "coords": [
                    0.62384,
                    36.25996,
                    44.6712
                ]
            }
        ],
        "R-PCA boundary": [
            {
                "id": 78,
                "degree": 2,
                "label": 1,
                "coords": [
                    2.08547,
                    35.49823,
                    47.86335
                ]
            }
        ],
        "L-PCA boundary": [
            {
                "id": 189,
                "degree": 2,
                "label": 1,
                "coords": [
                    -1.98831,
                    36.40538,
                    46.42291
                ]
            }
        ]
    },
    "2": {
        "BA boundary": [
            {
                "id": 78,
                "degree": 2,
                "label": 2,
                "coords": [
                    2.08547,
                    35.49823,
                    47.86335
                ]
            }
        ],
        "PCA end": [
            {
                "id": 180,
                "degree": 1,
                "label": 2,
                "coords": [
                    17.96251,
                    22.52874,
                    40.97136
                ]
            }
        ]
    },
    "3": {
        "BA boundary": [
            {
                "id": 189,
                "degree": 2,
                "label": 3,
                "coords": [
                    -1.98831,
                    36.40538,
                    46.42291
                ]
            }
        ],
        "PCA end": [
            {
                "id": 299,
                "degree": 1,
                "label": 3,
                "coords": [
                    -15.82927,
                    21.081,
                    37.62137
                ]
            }
        ]
    },
    "4": {
        "ICA start": [
            {
                "id": 300,
                "degree": 1,
                "label": 4,
                "coords": [
                    17.70391,
                    60.8359,
                    36.43973
                ]
            }
        ],
        "ICA bifurcation": [
            {
                "id": 392,
                "degree": 3,
                "label": 4,
                "coords": [
                    17.67372,
                    47.32729,
                    47.8504
                ]
            }
        ],
        "ACA boundary": [
            {
                "id": 588,
                "degree": 2,
                "label": 4,
                "coords": [
                    15.10597,
                    46.31701,
                    48.65701
                ]
            }
        ],
        "MCA boundary": [
            {
                "id": 399,
                "degree": 2,
                "label": 4,
                "coords": [
                    18.76614,
                    47.93967,
                    49.51771
                ]
            }
        ]
    },
    "5": {
        "ICA boundary": [
            {
                "id": 399,
                "degree": 2,
                "label": 5,
                "coords": [
                    18.76614,
                    47.93967,
                    49.51771
                ]
            }
        ],
        "MCA end": [
            {
                "id": 447,
                "degree": 1,
                "label": 5,
                "coords": [
                    30.33589,
                    52.12841,
                    53.04224
                ]
            }
        ]
    },
    "6": {
        "ICA start": [
            {
                "id": 448,
                "degree": 1,
                "label": 6,
                "coords": [
                    -12.63075,
                    53.88121,
                    30.26207
                ]
            }
        ],
        "ICA bifurcation": [
            {
                "id": 540,
                "degree": 3,
                "label": 6,
                "coords": [
                    -16.27782,
                    46.55998,
                    39.9608
                ]
            }
        ],
        "ACA boundary": [
            {
                "id": 770,
                "degree": 2,
                "label": 6,
                "coords": [
                    -14.90908,
                    45.83677,
                    42.57238
                ]
            }
        ],
        "MCA boundary": [
            {
                "id": 548,
                "degree": 2,
                "label": 6,
                "coords": [
                    -18.34172,
                    48.30697,
                    41.29076
                ]
            }
        ]
    },
    "7": {
        "ICA boundary": [
            {
                "id": 548,
                "degree": 2,
                "label": 7,
                "coords": [
                    -18.34172,
                    48.30697,
                    41.29076
                ]
            }
        ],
        "MCA end": [
            {
                "id": 578,
                "degree": 1,
                "label": 7,
                "coords": [
                    -25.33824,
                    53.6454,
                    41.42471
                ]
            }
        ]
    },
    "10": {
        "R-ACA boundary": [
            {
                "id": 650,
                "degree": 3,
                "label": 10,
                "coords": [
                    0.48404,
                    50.12764,
                    45.10841
                ]
            }
        ],
        "L-ACA boundary": [
            {
                "id": 946,
                "degree": 2,
                "label": 10,
                "coords": [
                    -1.14809,
                    50.16266,
                    44.99866
                ]
            }
        ]
    },
    "11": {
        "ICA boundary": [
            {
                "id": 588,
                "degree": 2,
                "label": 11,
                "coords": [
                    15.10597,
                    46.31701,
                    48.65701
                ]
            }
        ],
        "Acom bifurcation": [
            {
                "id": 650,
                "degree": 3,
                "label": 11,
                "coords": [
                    0.48404,
                    50.12764,
                    45.10841
                ]
            }
        ],
        "Acom boundary": [
            {
                "id": 650,
                "degree": 3,
                "label": 11,
                "coords": [
                    0.48404,
                    50.12764,
                    45.10841
                ]
            }
        ],
        "ACA end": [
            {
                "id": 760,
                "degree": 1,
                "label": 11,
                "coords": [
                    -2.61619,
                    73.14057,
                    64.81158
                ]
            }
        ]
    },
    "12": {
        "ICA boundary": [
            {
                "id": 770,
                "degree": 2,
                "label": 12,
                "coords": [
                    -14.90908,
                    45.83677,
                    42.57238
                ]
            }
        ],
        "Acom bifurcation": [
            {
                "id": 827,
                "degree": 3,
                "label": 12,