{
    "1": {
        "BA start": [
            {
                "id": 0,
                "degree": 1,
                "label": 1,
                "coords": [
                    9.60352,
                    156.65039,
                    998.60455
                ]
            }
        ],
        "BA bifurcation": [
            {
                "id": 74,
                "degree": 3,
                "label": 1,
                "coords": [
                    8.71289,
                    149.15039,
                    1017.10461
                ]
            }
        ],
        "R-PCA boundary": [
            {
                "id": 85,
                "degree": 2,
                "label": 1,
                "coords": [
                    10.98164,
                    147.22539,
                    1017.85768
                ]
            }
        ],
        "L-PCA boundary": [
            {
                "id": 244,
                "degree": 2,
                "label": 1,
                "coords": [
                    5.46289,
                    148.59727,
                    1017.85143
                ]
            }
        ]
    },
    "2": {
        "BA boundary": [
            {
                "id": 85,
                "degree": 2,
                "label": 2,
                "coords": [
                    10.98164,
                    147.22539,
                    1017.85768
                ]
            }
        ],
        "PCA end": [
            {
                "id": 231,
                "degree": 1,
                "label": 2,
                "coords": [
                    29.44727,
                    137.40039,
                    1001.83893
                ]
            }
        ]
    },
    "3": {
        "BA boundary": [
            {
                "id": 244,
                "degree": 2,
                "label": 3,
                "coords": [
                    5.46289,
                    148.59727,
                    1017.85143
                ]
            }
        ],
        "PCA end": [
            {
                "id": 360,
                "degree": 1,
                "label": 3,
                "coords": [
                    -11.70898,
                    137.40039,
                    1001.35455
                ]
            }
        ]
    },
    "4": {
        "ICA start": [
            {
                "id": 361,
                "degree": 1,
                "label": 4,
                "coords": [
                    18.71289,
                    166.08789,
                    1013.35455
                ]
            }
        ],
        "ICA bifurcation": [
            {
                "id": 400,
                "degree": 3,
                "label": 4,
                "coords": [
                    28.29622,
                    163.65039,
                    1017.52128
                ]
            }
        ],
        "ACA boundary": [
            {
                "id": 576,
                "degree": 2,
                "label": 4,
                "coords": [
                    26.21289,
                    163.60352,
                    1020.10143
                ]
            }
        ],
        "MCA boundary": [
            {
                "id": 412,
                "degree": 2,
                "label": 4,
                "coords": [
                    31.46289,
                    164.68477,
                    1018.3733
                ]
            }
        ]
    },
    "5": {
        "ICA boundary": [
            {
                "id": 412,
                "degree": 2,
                "label": 5,
                "coords": [
                    31.46289,
                    164.68477,
                    1018.3733
                ]
            }
        ],
        "MCA end": [
            {
                "id": 466,
                "degree": 1,
                "label": 5,
                "coords": [
                    43.69727,
                    175.46289,
                    1019.6983
                ]
            }
        ]
    },
    "6": {
        "ICA start": [
            {
                "id": 467,
                "degree": 1,
                "label": 6,
                "coords": [
                    -2.52148,
                    164.40039,
                    1012.68268
                ]
            }
        ],
        "ICA bifurcation": [
            {
                "id": 506,
                "degree": 3,
                "label": 6,
                "coords": [
                    -8.12044,
                    155.56706,
                    1017.27128
                ]
            }
        ],
        "ACA boundary": [
            {
                "id": 713,
                "degree": 2,
                "label": 6,
                "coords": [
                    -6.28398,
                    154.81914,
                    1019.10143
                ]
            }
        ],
        "MCA boundary": [
            {
                "id": 515,
                "degree": 2,
                "label": 6,
                "coords": [
                    -10.53711,
                    155.40039,
                    1017.35455
                ]
            }
        ]
    },
    "7": {
        "ICA boundary": [
            {
                "id": 515,
                "degree": 2,
                "label": 7,
                "coords": [
                    -10.53711,
                    155.40039,
                    1017.35455
                ]
            }
        ],
        "MCA end": [
            {
                "id": 566,
                "degree": 1,
                "label": 7,
                "coords": [
                    -22.80273,
                    157.90039,
                    1019.60455
                ]
            }
        ]
    },
    "10": {
        "R-ACA boundary": [
            {
                "id": 825,
                "degree": 2,
                "label": 10,
                "coords": [
                    9.20977,
                    160.26914,
                    1021.36393
                ]
            }
        ],
        "L-ACA boundary": [
            {
                "id": 832,
                "degree": 2,
                "label": 10,
                "coords": [
                    7.69727,
                    160.36289,
                    1022.35143
                ]
            }
        ]
    },
    "11": {
        "ICA boundary": [
            {
                "id": 576,
                "degree": 2,
                "label": 11,
                "coords": [
                    26.21289,
                    163.60352,
                    1020.10143
                ]
            }
        ],
        "Acom bifurcation": [
            {
                "id": 635,
                "degree": 3,
                "label": 11,
                "coords": [
                    10.20352,
                    161.00039,
                    1021.67644
                ]
            }
        ],
        "Acom boundary": [
            {
                "id": 825,
                "degree": 2,
                "label": 11,
                "coords": [
                    9.20977,
                    160.26914,
                    1021.36393
                ]
            }
        ],
        "ACA end": [
            {
                "id": 705,
                "degree": 1,
                "label": 11,
                "coords": [
                    9.38477,
                    174.74414,
                    1034.85455
                ]
            }
        ]
    },
    "12": {
        "ICA boundary": [
            {
                "id": 713,
                "degree": 2,
                "label": 12,
                "coords": [
                    -6.28398,
                    154.81914,
                    1019.10143
                ]
            }
        ],
        "Acom bifurcation": [
            {
                "id": 763,
                "degree": 3,