{
    "1": {
        "BA start": [
            {
                "id": 0,
                "degree": 1,
                "label": 1,
                "coords": [
                    10.64355,
                    196.17871,
                    -40.39581
                ]
            }
        ],
        "BA bifurcation": [
            {
                "id": 59,
                "degree": 3,
                "label": 1,
                "coords": [
                    11.7373,
                    208.00684,
                    -27.89581
                ]
            }
        ],
        "R-PCA boundary": [
            {
                "id": 65,
                "degree": 2,
                "label": 1,
                "coords": [
                    12.64043,
                    209.10684,
                    -26.39894
                ]
            }
        ],
        "L-PCA boundary": [
            {
                "id": 162,
                "degree": 2,
                "label": 1,
                "coords": [
                    10.2373,
                    209.48496,
                    -28.19581
                ]
            }
        ]
    },
    "2": {
        "BA boundary": [
            {
                "id": 65,
                "degree": 2,
                "label": 2,
                "coords": [
                    12.64043,
                    209.10684,
                    -26.39894
                ]
            }
        ],
        "Pcom bifurcation": [
            {
                "id": 92,
                "degree": 3,
                "label": 2,
                "coords": [
                    19.2373,
                    210.31934,
                    -26.69581
                ]
            }
        ],
        "Pcom boundary": [
            {
                "id": 501,
                "degree": 2,
                "label": 2,
                "coords": [
                    18.68418,
                    209.85684,
                    -27.64894
                ]
            }
        ],
        "PCA end": [
            {
                "id": 156,
                "degree": 1,
                "label": 2,
                "coords": [
                    29.2373,
                    197.02246,
                    -20.89581
                ]
            }
        ]
    },
    "3": {
        "BA boundary": [
            {
                "id": 162,
                "degree": 2,
                "label": 3,
                "coords": [
                    10.2373,
                    209.48496,
                    -28.19581
                ]
            }
        ],
        "Pcom bifurcation": [
            {
                "id": 199,
                "degree": 3,
                "label": 3,
                "coords": [
                    6.05918,
                    208.93184,
                    -22.37706
                ]
            }
        ],
        "Pcom boundary": [
            {
                "id": 557,
                "degree": 2,
                "label": 3,
                "coords": [
                    5.6373,
                    210.25684,
                    -22.64581
                ]
            }
        ],
        "PCA end": [
            {
                "id": 275,
                "degree": 1,
                "label": 3,
                "coords": [
                    -9.59082,
                    198.06934,
                    -21.89581
                ]
            }
        ]
    },
    "4": {
        "ICA start": [
            {
                "id": 276,
                "degree": 1,
                "label": 4,
                "coords": [
                    20.7373,
                    218.75684,
                    -33.64581
                ]
            }
        ],
        "Pcom bifurcation": [
            {
                "id": 295,
                "degree": 3,
                "label": 4,
                "coords": [
                    25.2373,
                    216.01934,
                    -31.36769
                ]
            }
        ],
        "Pcom boundary": [
            {
                "id": 461,
                "degree": 2,
                "label": 4,
                "coords": [
                    25.08418,
                    214.02559,
                    -32.60206
                ]
            }
        ],
        "ICA bifurcation": [
            {
                "id": 320,
                "degree": 3,
                "label": 4,
                "coords": [
                    30.7373,
                    216.25684,
                    -26.64581
                ]
            }
        ],
        "ACA boundary": [
            {
                "id": 570,
                "degree": 2,
                "label": 4,
                "coords": [
                    29.43418,
                    216.37559,
                    -24.39581
                ]
            }
        ],
        "MCA boundary": [
            {
                "id": 328,
                "degree": 2,
                "label": 4,
                "coords": [
                    32.7373,
                    217.33496,
                    -26.62706
                ]
            }
        ]
    },
    "5": {
        "ICA boundary": [
            {
                "id": 328,
                "degree": 2,
                "label": 5,
                "coords": [
                    32.7373,
                    217.33496,
                    -26.62706
                ]
            }
        ],
        "MCA end": [
            {
                "id": 375,
                "degree": 1,
                "label": 5,
                "coords": [
                    43.4873,
                    222.75684,
                    -32.47394
                ]
            }
        ]
    },
    "6": {
        "ICA start": [
            {
                "id": 376,
                "degree": 1,
                "label": 6,
                "coords": [
                    1.7373,
                    219.77246,
                    -34.89581
                ]
            }
        ],
        "Pcom bifurcation": [
            {
                "id": 395,
                "degree": 3,
                "label": 6,
                "coords": [
                    -2.28145,
                    216.60996,
                    -31.59894
                ]
            }
        ],
        "Pcom boundary": [
            {
                "id": 507,
                "degree": 2,
                "label": 6,
                "coords": [
                    -1.31582,
                    215.50684,
                    -31.33956
                ]
            }
        ],
        "MCA boundary": [
            {
                "id": 419,
                "degree": 2,
                "label": 6,
                "coords": [
                    -8.2627,
                    217.02246,
                    -30.72394
                ]
            }
        ]
    },
    "7": {
        "ICA boundary": [
            {
                "id": 419,
                "degree": 2,
                "label": 7,
                "coords": [
                    -8.2627,
                    217.02246,
                    -30.72394
                ]
            }
        ],
        "MCA end": [
            {
                "id": 453,
                "degree": 1,
                "label": 7,
                "coords": [
                    -16.7627,
                    217.91309,
                    -30.89581
                ]
            }
        ]
    },
    "8": {
        "ICA boundary": [
            {
                "id": 461,
                "degree": 2,
                "label": 8,
                "coords": [
                    25.08418,
                    214.02559,
                    -32.60206
                ]
            }
        ],
        "PCA boundary": [
            {
                "id": 501,
                "degree": 2,
                "label": 8,