{
    "1": {
        "BA start": [
            {
                "id": 0,
                "degree": 1,
                "label": 1,
                "coords": [
                    2.29114,
                    -3.0541,
                    -50.81912
                ]
            }
        ],
        "L-PCA boundary": [
            {
                "id": 52,
                "degree": 2,
                "label": 1,
                "coords": [
                    3.13709,
                    -5.9416,
                    -38.87614
                ]
            }
        ]
    },
    "2": {
        "Pcom boundary": [
            {
                "id": 570,
                "degree": 2,
                "label": 2,
                "coords": [
                    11.12727,
                    -6.10518,
                    -39.20795
                ]
            }
        ],
        "PCA end": [
            {
                "id": 680,
                "degree": 1,
                "label": 2,
                "coords": [
                    17.41568,
                    -31.45234,
                    -40.58715
                ]
            }
        ]
    },
    "3": {
        "BA boundary": [
            {
                "id": 52,
                "degree": 2,
                "label": 3,
                "coords": [
                    3.13709,
                    -5.9416,
                    -38.87614
                ]
            }
        ],
        "Pcom bifurcation": [
            {
                "id": 92,
                "degree": 3,
                "label": 3,
                "coords": [
                    -5.72612,
                    -2.94487,
                    -38.20574
                ]
            }
        ],
        "Pcom boundary": [
            {
                "id": 712,
                "degree": 2,
                "label": 3,
                "coords": [
                    -6.04828,
                    -2.12069,
                    -37.18865
                ]
            }
        ],
        "PCA end": [
            {
                "id": 169,
                "degree": 1,
                "label": 3,
                "coords": [
                    -19.64719,
                    -14.5468,
                    -33.31018
                ]
            }
        ]
    },
    "4": {
        "ICA start": [
            {
                "id": 170,
                "degree": 1,
                "label": 4,
                "coords": [
                    14.06196,
                    10.24728,
                    -39.19152
                ]
            }
        ],
        "Pcom bifurcation": [
            {
                "id": 241,
                "degree": 3,
                "label": 4,
                "coords": [
                    17.07522,
                    1.51711,
                    -33.02403
                ]
            }
        ],
        "Pcom boundary": [
            {
                "id": 534,
                "degree": 2,
                "label": 4,
                "coords": [
                    15.72414,
                    0.70626,
                    -34.73246
                ]
            }
        ],
        "ICA bifurcation": [
            {
                "id": 258,
                "degree": 3,
                "label": 4,
                "coords": [
                    21.16922,
                    -0.29247,
                    -31.54554
                ]
            }
        ],
        "ACA boundary": [
            {
                "id": 724,
                "degree": 2,
                "label": 4,
                "coords": [
                    20.99422,
                    1.28616,
                    -28.89795
                ]
            }
        ],
        "MCA boundary": [
            {
                "id": 270,
                "degree": 2,
                "label": 4,
                "coords": [
                    24.3513,
                    -0.38597,
                    -31.65618
                ]
            }
        ]
    },
    "5": {
        "ICA boundary": [
            {
                "id": 270,
                "degree": 2,
                "label": 5,
                "coords": [
                    24.3513,
                    -0.38597,
                    -31.65618
                ]
            }
        ],
        "MCA end": [
            {
                "id": 337,
                "degree": 1,
                "label": 5,
                "coords": [
                    39.79025,
                    6.93004,
                    -33.48197
                ]
            }
        ]
    },
    "6": {
        "ICA start": [
            {
                "id": 338,
                "degree": 1,
                "label": 6,
                "coords": [
                    -7.29253,
                    9.53602,
                    -37.99116
                ]
            }
        ],
        "Pcom bifurcation": [
            {
                "id": 409,
                "degree": 3,
                "label": 6,
                "coords": [
                    -8.71524,
                    3.65606,
                    -29.34795
                ]
            }
        ],
        "Pcom boundary": [
            {
                "id": 686,
                "degree": 2,
                "label": 6,
                "coords": [
                    -8.51258,
                    2.29588,
                    -30.83725
                ]
            }
        ],
        "ICA bifurcation": [
            {
                "id": 432,
                "degree": 3,
                "label": 6,
                "coords": [
                    -12.63205,
                    3.25055,
                    -24.0281
                ]
            }
        ],
        "ACA boundary": [
            {
                "id": 864,
                "degree": 2,
                "label": 6,
                "coords": [
                    -9.85248,
                    3.4307,
                    -22.9158
                ]
            }
        ],
        "MCA boundary": [
            {
                "id": 442,
                "degree": 2,
                "label": 6,
                "coords": [
                    -14.93826,
                    4.62372,
                    -21.82397
                ]
            }
        ]
    },
    "7": {
        "ICA boundary": [
            {
                "id": 442,
                "degree": 2,
                "label": 7,
                "coords": [
                    -14.93826,
                    4.62372,
                    -21.82397
                ]
            }
        ],
        "MCA end": [
            {
                "id": 478,
                "degree": 4,
                "label": 7,
                "coords": [
                    -23.04555,
                    10.72249,
                    -19.14191
                ]
            }
        ]
    },
    "8": {
        "ICA boundary": [
            {
                "id": 534,
                "degree": 2,
                "label": 8,
                "coords": [
                    15.72414,
                    0.70626,
                    -34.73246
                ]
            }
        ],
        "PCA boundary": [
            {
                "id": 570,
                "degree": 2,
                "label": 8,
                "coords": [
                    11.12727,
                    -6.10518,
                    -39.20795
                ]
            }
        ]
    },
    "9": {
        "ICA boundary": [
            {
                "id": 686,
                "degree": 2,
                "label": 9,
                "coords": [
                    -8.51258,
                    2.29588,
                    -30.83725
                ]
            }
        ],
        "PCA boundary": [
            {
                "id": 712,
                "degree": 2,
                "label": 9,