{
    "1": {
        "BA start": [
            {
                "id": 0,
                "degree": 1,
                "label": 1,
                "coords": [
                    -7.35294,
                    -11.1286,
                    -1.88682
                ]
            }
        ],
        "BA bifurcation": [
            {
                "id": 47,
                "degree": 3,
                "label": 1,
                "coords": [
                    -2.46701,
                    -9.93712,
                    8.9903
                ]
            }
        ],
        "R-PCA boundary": [
            {
                "id": 57,
                "degree": 2,
                "label": 1,
                "coords": [
                    -0.27091,
                    -9.34905,
                    10.69985
                ]
            }
        ],
        "L-PCA boundary": [
            {
                "id": 186,
                "degree": 2,
                "label": 1,
                "coords": [
                    -5.07291,
                    -9.26545,
                    10.53992
                ]
            }
        ]
    },
    "2": {
        "BA boundary": [
            {
                "id": 57,
                "degree": 2,
                "label": 2,
                "coords": [
                    -0.27091,
                    -9.34905,
                    10.69985
                ]
            }
        ],
        "Pcom bifurcation": [
            {
                "id": 85,
                "degree": 3,
                "label": 2,
                "coords": [
                    5.05244,
                    -4.46844,
                    12.19183
                ]
            }
        ],
        "Pcom boundary": [
            {
                "id": 822,
                "degree": 2,
                "label": 2,
                "coords": [
                    4.31459,
                    -4.63506,
                    11.16949
                ]
            }
        ],
        "PCA end": [
            {
                "id": 176,
                "degree": 1,
                "label": 2,
                "coords": [
                    22.58953,
                    -19.41442,
                    7.28924
                ]
            }
        ]
    },
    "3": {
        "BA boundary": [
            {
                "id": 186,
                "degree": 2,
                "label": 3,
                "coords": [
                    -5.07291,
                    -9.26545,
                    10.53992
                ]
            }
        ],
        "Pcom bifurcation": [
            {
                "id": 218,
                "degree": 3,
                "label": 3,
                "coords": [
                    -11.47931,
                    -5.3611,
                    11.23448
                ]
            }
        ],
        "Pcom boundary": [
            {
                "id": 855,
                "degree": 2,
                "label": 3,
                "coords": [
                    -10.50684,
                    -4.88346,
                    10.51389
                ]
            }
        ],
        "PCA end": [
            {
                "id": 293,
                "degree": 1,
                "label": 3,
                "coords": [
                    -18.86964,
                    -25.27995,
                    7.88469
                ]
            }
        ]
    },
    "4": {
        "ICA start": [
            {
                "id": 294,
                "degree": 1,
                "label": 4,
                "coords": [
                    8.473,
                    11.74147,
                    3.2769
                ]
            }
        ],
        "Pcom bifurcation": [
            {
                "id": 365,
                "degree": 3,
                "label": 4,
                "coords": [
                    7.79548,
                    -0.21959,
                    9.69048
                ]
            }
        ],
        "Pcom boundary": [
            {
                "id": 787,
                "degree": 2,
                "label": 4,
                "coords": [
                    7.83055,
                    -0.61133,
                    8.24104
                ]
            }
        ],
        "ICA bifurcation": [
            {
                "id": 394,
                "degree": 3,
                "label": 4,
                "coords": [
                    11.61039,
                    3.52295,
                    14.97181
                ]
            }
        ],
        "ACA boundary": [
            {
                "id": 864,
                "degree": 2,
                "label": 4,
                "coords": [
                    9.91229,
                    2.99125,
                    16.57758
                ]
            }
        ],
        "MCA boundary": [
            {
                "id": 402,
                "degree": 2,
                "label": 4,
                "coords": [
                    12.67155,
                    5.87694,
                    15.25778
                ]
            }
        ]
    },
    "5": {
        "ICA boundary": [
            {
                "id": 402,
                "degree": 2,
                "label": 5,
                "coords": [
                    12.67155,
                    5.87694,
                    15.25778
                ]
            }
        ],
        "MCA end": [
            {
                "id": 446,
                "degree": 4,
                "label": 5,
                "coords": [
                    22.14004,
                    13.33455,
                    15.04092
                ]
            }
        ]
    },
    "6": {
        "ICA start": [
            {
                "id": 561,
                "degree": 1,
                "label": 6,
                "coords": [
                    -19.32405,
                    2.11738,
                    3.93663
                ]
            }
        ],
        "Pcom bifurcation": [
            {
                "id": 632,
                "degree": 3,
                "label": 6,
                "coords": [
                    -13.85941,
                    -2.12843,
                    9.76536
                ]
            }
        ],
        "Pcom boundary": [
            {
                "id": 831,
                "degree": 2,
                "label": 6,
                "coords": [
                    -13.83089,
                    -2.40595,
                    8.10046
                ]
            }
        ],
        "ICA bifurcation": [
            {
                "id": 660,
                "degree": 3,
                "label": 6,
                "coords": [
                    -18.60596,
                    -2.57496,
                    15.84743
                ]
            }
        ],
        "ACA boundary": [
            {
                "id": 994,
                "degree": 2,
                "label": 6,
                "coords": [
                    -17.16035,
                    -1.94586,
                    16.71797
                ]
            }
        ],
        "MCA boundary": [
            {
                "id": 667,
                "degree": 2,
                "label": 6,
                "coords": [
                    -20.51498,
                    -1.8411,
                    16.17309
                ]
            }
        ]
    },
    "7": {
        "ICA boundary": [
            {
                "id": 667,
                "degree": 2,
                "label": 7,
                "coords": [
                    -20.51498,
                    -1.8411,
                    16.17309
                ]
            }
        ],
        "MCA end": [
            {
                "id": 693,
                "degree": 3,
                "label": 7,