{
    "1": {
        "BA start": [
            {
                "id": 0,
                "degree": 1,
                "label": 1,
                "coords": [
                    4.01822,
                    -1.40044,
                    -57.00089
                ]
            }
        ],
        "BA bifurcation": [
            {
                "id": 60,
                "degree": 3,
                "label": 1,
                "coords": [
                    -2.49723,
                    -3.19409,
                    -42.25149
                ]
            }
        ],
        "R-PCA boundary": [
            {
                "id": 71,
                "degree": 2,
                "label": 1,
                "coords": [
                    0.14489,
                    -3.99918,
                    -41.19044
                ]
            }
        ],
        "L-PCA boundary": [
            {
                "id": 221,
                "degree": 2,
                "label": 1,
                "coords": [
                    -4.27173,
                    -3.63877,
                    -41.66981
                ]
            }
        ]
    },
    "2": {
        "BA boundary": [
            {
                "id": 71,
                "degree": 2,
                "label": 2,
                "coords": [
                    0.14489,
                    -3.99918,
                    -41.19044
                ]
            }
        ],
        "PCA end": [
            {
                "id": 121,
                "degree": 3,
                "label": 2,
                "coords": [
                    12.41632,
                    -3.39937,
                    -44.63245
                ]
            }
        ]
    },
    "3": {
        "BA boundary": [
            {
                "id": 221,
                "degree": 2,
                "label": 3,
                "coords": [
                    -4.27173,
                    -3.63877,
                    -41.66981
                ]
            }
        ],
        "PCA end": [
            {
                "id": 361,
                "degree": 1,
                "label": 3,
                "coords": [
                    -18.24512,
                    -15.71914,
                    -49.68877
                ]
            }
        ]
    },
    "4": {
        "ICA start": [
            {
                "id": 362,
                "degree": 1,
                "label": 4,
                "coords": [
                    11.32344,
                    16.55167,
                    -50.26616
                ]
            }
        ],
        "ICA bifurcation": [
            {
                "id": 454,
                "degree": 3,
                "label": 4,
                "coords": [
                    16.00823,
                    10.31581,
                    -44.29005
                ]
            }
        ],
        "ACA boundary": [
            {
                "id": 735,
                "degree": 2,
                "label": 4,
                "coords": [
                    16.35103,
                    10.23222,
                    -42.02346
                ]
            }
        ],
        "MCA boundary": [
            {
                "id": 466,
                "degree": 2,
                "label": 4,
                "coords": [
                    18.59717,
                    13.07641,
                    -45.54188
                ]
            }
        ]
    },
    "5": {
        "ICA boundary": [
            {
                "id": 466,
                "degree": 2,
                "label": 5,
                "coords": [
                    18.59717,
                    13.07641,
                    -45.54188
                ]
            }
        ],
        "MCA end": [
            {
                "id": 503,
                "degree": 3,
                "label": 5,
                "coords": [
                    28.10319,
                    17.42021,
                    -46.31846
                ]
            }
        ]
    },
    "6": {
        "ICA start": [
            {
                "id": 561,
                "degree": 1,
                "label": "6",
                "coords": [
                    -10.76778,
                    18.21337,
                    -50.92685
                ]
            }
        ],
        "ICA bifurcation": [
            {
                "id": 653,
                "degree": 3,
                "label": 6,
                "coords": [
                    -17.98093,
                    9.12447,
                    -39.94492
                ]
            }
        ],
        "ACA boundary": [
            {
                "id": 893,
                "degree": 2,
                "label": 6,
                "coords": [
                    -16.95622,
                    8.79502,
                    -38.39957
                ]
            }
        ],
        "MCA boundary": [
            {
                "id": 659,
                "degree": 2,
                "label": 6,
                "coords": [
                    -19.46574,
                    9.23222,
                    -40.25739
                ]
            }
        ]
    },
    "7": {
        "ICA boundary": [
            {
                "id": 659,
                "degree": 2,
                "label": 7,
                "coords": [
                    -19.46574,
                    9.23222,
                    -40.25739
                ]
            }
        ],
        "MCA end": [
            {
                "id": 686,
                "degree": 3,
                "label": 7,
                "coords": [
                    -25.9482,
                    11.16065,
                    -43.03749
                ]
            }
        ]
    },
    "10": {
        "R-ACA boundary": [
            {
                "id": 1058,
                "degree": 2,
                "label": 10,
                "coords": [
                    2.12908,
                    9.92406,
                    -37.77872
                ]
            }
        ],
        "L-ACA boundary": [
            {
                "id": 948,
                "degree": 3,
                "label": 10,
                "coords": [
                    -2.40953,
                    12.29536,
                    -39.84065
                ]
            }
        ],
        "3rd-A2 bifurcation": [
            {
                "id": 1062,
                "degree": 3,
                "label": 10,
                "coords": [
                    1.23727,
                    10.15895,
                    -38.2203
                ]
            }
        ],
        "3rd-A2 boundary": [
            {
                "id": 1079,
                "degree": 2,
                "label": 10,
                "coords": [
                    0.50281,
                    9.77255,
                    -37.42354
                ]
            }
        ]
    },
    "11": {
        "ICA boundary": [
            {
                "id": 735,
                "degree": 2,
                "label": 11,
                "coords": [
                    16.35103,
                    10.23222,
                    -42.02346
                ]
            }
        ],
        "Acom bifurcation": [
            {
                "id": 799,
                "degree": 3,
                "label": 11,
                "coords": [
                    3.24254,
                    9.91973,
                    -36.93895
                ]
            }
        ],
        "Acom boundary": [
            {
                "id": 1058,
                "degree": 2,
                "label": 11,
                "coords": [
                    2.12908,
                    9.92406,
                    -37.77872
                ]
            }
        ],
        "ACA end": [
            {
                "id": 887,
                "degree": 1,
                "label": 11,