{
    "1": {
        "BA start": [
            {
                "id": 0,
                "degree": 1,
                "label": 1,
                "coords": [
                    2.97347,
                    -2.70553,
                    -73.55741
                ]
            }
        ],
        "BA bifurcation": [
            {
                "id": 40,
                "degree": 3,
                "label": 1,
                "coords": [
                    1.71386,
                    -4.55205,
                    -63.60997
                ]
            }
        ],
        "R-PCA boundary": [
            {
                "id": 48,
                "degree": 2,
                "label": 1,
                "coords": [
                    3.16173,
                    -4.6587,
                    -61.88443
                ]
            }
        ],
        "L-PCA boundary": [
            {
                "id": 150,
                "degree": 2,
                "label": 1,
                "coords": [
                    -1.02434,
                    -4.54935,
                    -62.46281
                ]
            }
        ]
    },
    "2": {
        "BA boundary": [
            {
                "id": 48,
                "degree": 2,
                "label": 2,
                "coords": [
                    3.16173,
                    -4.6587,
                    -61.88443
                ]
            }
        ],
        "PCA end": [
            {
                "id": 139,
                "degree": 1,
                "label": 2,
                "coords": [
                    19.73015,
                    -16.01347,
                    -62.63824
                ]
            }
        ]
    },
    "3": {
        "BA boundary": [
            {
                "id": 150,
                "degree": 2,
                "label": 3,
                "coords": [
                    -1.02434,
                    -4.54935,
                    -62.46281
                ]
            }
        ],
        "PCA end": [
            {
                "id": 238,
                "degree": 1,
                "label": 3,
                "coords": [
                    -13.63591,
                    -19.38773,
                    -62.81104
                ]
            }
        ]
    },
    "4": {
        "ICA start": [
            {
                "id": 239,
                "degree": 1,
                "label": 4,
                "coords": [
                    9.72611,
                    11.82846,
                    -66.25404
                ]
            }
        ],
        "ICA bifurcation": [
            {
                "id": 331,
                "degree": 3,
                "label": 4,
                "coords": [
                    14.69548,
                    9.60381,
                    -55.01701
                ]
            }
        ],
        "ACA boundary": [
            {
                "id": 574,
                "degree": 2,
                "label": 4,
                "coords": [
                    12.1543,
                    9.07782,
                    -54.38718
                ]
            }
        ],
        "MCA boundary": [
            {
                "id": 338,
                "degree": 2,
                "label": 4,
                "coords": [
                    16.5457,
                    10.57838,
                    -55.03653
                ]
            }
        ]
    },
    "5": {
        "ICA boundary": [
            {
                "id": 338,
                "degree": 2,
                "label": 5,
                "coords": [
                    16.5457,
                    10.57838,
                    -55.03653
                ]
            }
        ],
        "MCA end": [
            {
                "id": 376,
                "degree": 3,
                "label": 5,
                "coords": [
                    25.09658,
                    17.21929,
                    -54.2889
                ]
            }
        ]
    },
    "6": {
        "ICA start": [
            {
                "id": 383,
                "degree": 1,
                "label": 6,
                "coords": [
                    -5.9036,
                    9.17695,
                    -64.34132
                ]
            }
        ],
        "ICA bifurcation": [
            {
                "id": 470,
                "degree": 3,
                "label": 6,
                "coords": [
                    -11.2368,
                    4.85863,
                    -57.31591
                ]
            }
        ],
        "ACA boundary": [
            {
                "id": 702,
                "degree": 2,
                "label": 6,
                "coords": [
                    -9.30135,
                    4.05251,
                    -55.13107
                ]
            }
        ],
        "MCA boundary": [
            {
                "id": 482,
                "degree": 2,
                "label": 6,
                "coords": [
                    -14.48164,
                    5.89989,
                    -56.89486
                ]
            }
        ]
    },
    "7": {
        "ICA boundary": [
            {
                "id": 482,
                "degree": 2,
                "label": 7,
                "coords": [
                    -14.48164,
                    5.89989,
                    -56.89486
                ]
            }
        ],
        "MCA end": [
            {
                "id": 506,
                "degree": 3,
                "label": 7,
                "coords": [
                    -20.59794,
                    7.34654,
                    -56.49174
                ]
            }
        ]
    },
    "10": {
        "R-ACA boundary": [
            {
                "id": 616,
                "degree": 3,
                "label": 10,
                "coords": [
                    1.47544,
                    10.31796,
                    -53.7523
                ]
            }
        ],
        "L-ACA boundary": [
            {
                "id": 787,
                "degree": 2,
                "label": 10,
                "coords": [
                    -0.18932,
                    10.17697,
                    -53.12032
                ]
            }
        ]
    },
    "11": {
        "ICA boundary": [
            {
                "id": 574,
                "degree": 2,
                "label": 11,
                "coords": [
                    12.1543,
                    9.07782,
                    -54.38718
                ]
            }
        ],
        "Acom bifurcation": [
            {
                "id": 616,
                "degree": 3,
                "label": 11,
                "coords": [
                    1.47544,
                    10.31796,
                    -53.7523
                ]
            }
        ],
        "Acom boundary": [
            {
                "id": 616,
                "degree": 3,
                "label": 11,
                "coords": [
                    1.47544,
                    10.31796,
                    -53.7523
                ]
            }
        ],
        "ACA end": [
            {
                "id": 692,
                "degree": 1,
                "label": 11,
                "coords": [
                    0.4064,
                    18.66611,
                    -40.59934
                ]
            }
        ]
    },
    "12": {
        "ICA boundary": [
            {
                "id": 702,
                "degree": 2,
                "label": 12,
                "coords": [
                    -9.30135,
                    4.05251,
                    -55.13107
                ]
            }
        ],
        "Acom bifurcation": [
            {
                "id": 737,
                "degree": 3,
                "label": 12,