{
    "1": {
        "BA start": [
            {
                "id": 0,
                "degree": 1,
                "label": 1,
                "coords": [
                    1.90137,
                    209.96582,
                    -13.63544
                ]
            }
        ],
        "R-PCA boundary": [
            {
                "id": 54,
                "degree": 2,
                "label": 1,
                "coords": [
                    3.36074,
                    217.39082,
                    -1.38231
                ]
            }
        ]
    },
    "2": {
        "BA boundary": [
            {
                "id": 54,
                "degree": 2,
                "label": 2,
                "coords": [
                    3.36074,
                    217.39082,
                    -1.38231
                ]
            }
        ],
        "Pcom bifurcation": [
            {
                "id": 94,
                "degree": 3,
                "label": 2,
                "coords": [
                    9.88158,
                    224.63352,
                    2.88852
                ]
            }
        ],
        "Pcom boundary": [
            {
                "id": 418,
                "degree": 2,
                "label": 2,
                "coords": [
                    9.85366,
                    225.39623,
                    3.33185
                ]
            }
        ],
        "PCA end": [
            {
                "id": 158,
                "degree": 3,
                "label": 2,
                "coords": [
                    20.72949,
                    211.46582,
                    9.34894
                ]
            }
        ]
    },
    "3": {
        "Pcom boundary": [
            {
                "id": 460,
                "degree": 2,
                "label": 3,
                "coords": [
                    -4.28926,
                    218.71582,
                    0.25206
                ]
            }
        ],
        "PCA end": [
            {
                "id": 515,
                "degree": 1,
                "label": 3,
                "coords": [
                    -12.03613,
                    206.55957,
                    8.34894
                ]
            }
        ]
    },
    "4": {
        "ICA start": [
            {
                "id": 178,
                "degree": 1,
                "label": 4,
                "coords": [
                    9.94824,
                    235.66895,
                    0.36456
                ]
            }
        ],
        "Pcom bifurcation": [
            {
                "id": 197,
                "degree": 3,
                "label": 4,
                "coords": [
                    10.84199,
                    233.49707,
                    5.09894
                ]
            }
        ],
        "Pcom boundary": [
            {
                "id": 397,
                "degree": 2,
                "label": 4,
                "coords": [
                    10.38262,
                    231.46582,
                    4.68019
                ]
            }
        ],
        "ICA bifurcation": [
            {
                "id": 214,
                "degree": 3,
                "label": 4,
                "coords": [
                    13.47949,
                    234.21582,
                    9.09894
                ]
            }
        ],
        "ACA boundary": [
            {
                "id": 527,
                "degree": 2,
                "label": 4,
                "coords": [
                    10.97949,
                    236.36582,
                    10.24894
                ]
            }
        ],
        "MCA boundary": [
            {
                "id": 222,
                "degree": 2,
                "label": 4,
                "coords": [
                    15.47949,
                    234.51895,
                    9.61769
                ]
            }
        ]
    },
    "5": {
        "ICA boundary": [
            {
                "id": 222,
                "degree": 2,
                "label": 5,
                "coords": [
                    15.47949,
                    234.51895,
                    9.61769
                ]
            }
        ],
        "MCA end": [
            {
                "id": 260,
                "degree": 3,
                "label": 5,
                "coords": [
                    24.89616,
                    235.54915,
                    8.7656
                ]
            }
        ]
    },
    "6": {
        "ICA start": [
            {
                "id": 299,
                "degree": 1,
                "label": 6,
                "coords": [
                    -5.50488,
                    233.21582,
                    -3.32294
                ]
            }
        ],
        "Pcom bifurcation": [
            {
                "id": 318,
                "degree": 3,
                "label": 6,
                "coords": [
                    -7.78926,
                    229.41582,
                    0.76769
                ]
            }
        ],
        "Pcom boundary": [
            {
                "id": 426,
                "degree": 2,
                "label": 6,
                "coords": [
                    -6.78926,
                    227.46582,
                    0.59581
                ]
            }
        ],
        "ICA bifurcation": [
            {
                "id": 336,
                "degree": 3,
                "label": 6,
                "coords": [
                    -12.27051,
                    229.96582,
                    3.34894
                ]
            }
        ],
        "ACA boundary": [
            {
                "id": 630,
                "degree": 2,
                "label": 6,
                "coords": [
                    -10.27051,
                    232.04082,
                    4.32706
                ]
            }
        ],
        "MCA boundary": [
            {
                "id": 345,
                "degree": 2,
                "label": 6,
                "coords": [
                    -14.52051,
                    229.83457,
                    3.21769
                ]
            }
        ]
    },
    "7": {
        "ICA boundary": [
            {
                "id": 345,
                "degree": 2,
                "label": 7,
                "coords": [
                    -14.52051,
                    229.83457,
                    3.21769
                ]
            }
        ],
        "MCA end": [
            {
                "id": 390,
                "degree": 1,
                "label": 7,
                "coords": [
                    -25.28613,
                    229.96582,
                    0.84894
                ]
            }
        ]
    },
    "8": {
        "ICA boundary": [
            {
                "id": 397,
                "degree": 2,
                "label": 8,
                "coords": [
                    10.38262,
                    231.46582,
                    4.68019
                ]
            }
        ],
        "PCA boundary": [
            {
                "id": 418,
                "degree": 2,
                "label": 8,
                "coords": [
                    9.85366,
                    225.39623,
                    3.33185
                ]
            }
        ]
    },
    "9": {
        "ICA boundary": [
            {
                "id": 426,
                "degree": 2,
                "label": 9,
                "coords": [
                    -6.78926,
                    227.46582,
                    0.59581
                ]
            }
        ],
        "PCA boundary": [
            {
                "id": 460,
                "degree": 2,
                "label": 9,