{
    "1": {
        "BA start": [
            {
                "id": 0,
                "degree": 1,
                "label": 1,
                "coords": [
                    -5.40787,
                    9.3938,
                    -49.81762
                ]
            }
        ],
        "BA bifurcation": [
            {
                "id": 51,
                "degree": 3,
                "label": 1,
                "coords": [
                    -2.89653,
                    12.20699,
                    -37.11067
                ]
            }
        ],
        "R-PCA boundary": [
            {
                "id": 59,
                "degree": 2,
                "label": 1,
                "coords": [
                    -1.56472,
                    12.11669,
                    -35.72609
                ]
            }
        ],
        "L-PCA boundary": [
            {
                "id": 148,
                "degree": 2,
                "label": 1,
                "coords": [
                    -4.79817,
                    12.95288,
                    -35.36175
                ]
            }
        ]
    },
    "2": {
        "BA boundary": [
            {
                "id": 59,
                "degree": 2,
                "label": 2,
                "coords": [
                    -1.56472,
                    12.11669,
                    -35.72609
                ]
            }
        ],
        "PCA end": [
            {
                "id": 140,
                "degree": 1,
                "label": 2,
                "coords": [
                    16.86423,
                    5.53261,
                    -34.3512
                ]
            }
        ]
    },
    "3": {
        "BA boundary": [
            {
                "id": 148,
                "degree": 2,
                "label": 3,
                "coords": [
                    -4.79817,
                    12.95288,
                    -35.36175
                ]
            }
        ],
        "PCA end": [
            {
                "id": 229,
                "degree": 1,
                "label": 3,
                "coords": [
                    -18.64536,
                    4.24148,
                    -38.23992
                ]
            }
        ]
    },
    "4": {
        "ICA start": [
            {
                "id": 230,
                "degree": 1,
                "label": 4,
                "coords": [
                    12.62715,
                    37.17978,
                    -42.99082
                ]
            }
        ],
        "ACA boundary": [
            {
                "id": 322,
                "degree": 2,
                "label": 4,
                "coords": [
                    11.23465,
                    26.9719,
                    -32.93883
                ]
            }
        ]
    },
    "6": {
        "ICA start": [
            {
                "id": 443,
                "degree": 1,
                "label": 6,
                "coords": [
                    -16.62334,
                    38.51088,
                    -46.37923
                ]
            }
        ],
        "ICA bifurcation": [
            {
                "id": 535,
                "degree": 3,
                "label": 6,
                "coords": [
                    -17.11723,
                    27.04057,
                    -32.12455
                ]
            }
        ],
        "ACA boundary": [
            {
                "id": 616,
                "degree": 2,
                "label": 6,
                "coords": [
                    -15.46733,
                    26.58799,
                    -31.15331
                ]
            }
        ],
        "MCA boundary": [
            {
                "id": 542,
                "degree": 2,
                "label": 6,
                "coords": [
                    -18.39001,
                    28.40565,
                    -30.8279
                ]
            }
        ]
    },
    "7": {
        "ICA boundary": [
            {
                "id": 542,
                "degree": 2,
                "label": 7,
                "coords": [
                    -18.39001,
                    28.40565,
                    -30.8279
                ]
            }
        ],
        "MCA end": [
            {
                "id": 609,
                "degree": 1,
                "label": 7,
                "coords": [
                    -34.29479,
                    30.04075,
                    -36.41759
                ]
            }
        ]
    },
    "10": {
        "R-ACA boundary": [
            {
                "id": 749,
                "degree": 2,
                "label": 10,
                "coords": [
                    0.66378,
                    33.38321,
                    -32.49777
                ]
            }
        ],
        "L-ACA boundary": [
            {
                "id": 766,
                "degree": 2,
                "label": 10,
                "coords": [
                    -3.67554,
                    33.83887,
                    -32.21649
                ]
            }
        ],
        "3rd-A2 bifurcation": [
            {
                "id": 762,
                "degree": 3,
                "label": 10,
                "coords": [
                    -2.69123,
                    33.70195,
                    -32.02289
                ]
            }
        ],
        "3rd-A2 boundary": [
            {
                "id": 771,
                "degree": 2,
                "label": 10,
                "coords": [
                    -2.27426,
                    33.5508,
                    -31.11996
                ]
            }
        ]
    },
    "11": {
        "ICA boundary": [
            {
                "id": 322,
                "degree": 2,
                "label": 11,
                "coords": [
                    11.23465,
                    26.9719,
                    -32.93883
                ]
            }
        ],
        "Acom bifurcation": [
            {
                "id": 356,
                "degree": 3,
                "label": 11,
                "coords": [
                    1.92028,
                    33.77635,
                    -32.26215
                ]
            }
        ],
        "Acom boundary": [
            {
                "id": 749,
                "degree": 2,
                "label": 11,
                "coords": [
                    0.66378,
                    33.38321,
                    -32.49777
                ]
            }
        ],
        "ACA end": [
            {
                "id": 442,
                "degree": 1,
                "label": 11,
                "coords": [
                    -4.15852,
                    51.16833,
                    -17.41694
                ]
            }
        ]
    },
    "12": {
        "ICA boundary": [
            {
                "id": 616,
                "degree": 2,
                "label": 12,
                "coords": [
                    -15.46733,
                    26.58799,
                    -31.15331
                ]
            }
        ],
        "Acom bifurcation": [
            {
                "id": 667,
                "degree": 3,
                "label": 12,
                "coords": [
                    -4.58898,
                    33.91226,
                    -32.45455
                ]
            }
        ],
        "Acom boundary": [
            {
                "id": 766,
                "degree": 2,
                "label": 12,
                "coords": [
                    -3.67554,
                    33.83887,
                    -32.21649
                ]
            }
        ],
        "ACA end": [
            {
                "id": 745,
                "degree": 1,
                "label": 12,