{
    "1": {
        "BA start": [
            {
                "id": 0,
                "degree": 1,
                "label": 1,
                "coords": [
                    3.52148,
                    177.5332,
                    -239.71875
                ]
            }
        ],
        "BA bifurcation": [
            {
                "id": 49,
                "degree": 3,
                "label": 1,
                "coords": [
                    -1.38997,
                    180.38216,
                    -228.08333
                ]
            }
        ],
        "R-PCA boundary": [
            {
                "id": 59,
                "degree": 2,
                "label": 1,
                "coords": [
                    0.94648,
                    179.41445,
                    -226.32188
                ]
            }
        ],
        "L-PCA boundary": [
            {
                "id": 142,
                "degree": 2,
                "label": 1,
                "coords": [
                    -2.80664,
                    180.74258,
                    -225.75
                ]
            }
        ]
    },
    "2": {
        "BA boundary": [
            {
                "id": 59,
                "degree": 2,
                "label": 2,
                "coords": [
                    0.94648,
                    179.41445,
                    -226.32188
                ]
            }
        ],
        "PCA end": [
            {
                "id": 133,
                "degree": 1,
                "label": 2,
                "coords": [
                    12.95898,
                    169.2832,
                    -227.75
                ]
            }
        ]
    },
    "3": {
        "BA boundary": [
            {
                "id": 142,
                "degree": 2,
                "label": 3,
                "coords": [
                    -2.80664,
                    180.74258,
                    -225.75
                ]
            }
        ],
        "Pcom bifurcation": [
            {
                "id": 162,
                "degree": 3,
                "label": 3,
                "coords": [
                    -7.41706,
                    181.57486,
                    -223.77917
                ]
            }
        ],
        "Pcom boundary": [
            {
                "id": 490,
                "degree": 2,
                "label": 3,
                "coords": [
                    -7.33497,
                    182.24466,
                    -224.01521
                ]
            }
        ],
        "PCA end": [
            {
                "id": 239,
                "degree": 1,
                "label": 3,
                "coords": [
                    -18.04102,
                    168.87695,
                    -221.0
                ]
            }
        ]
    },
    "4": {
        "ICA start": [
            {
                "id": 240,
                "degree": 1,
                "label": 4,
                "coords": [
                    6.27148,
                    193.86133,
                    -233.0
                ]
            }
        ],
        "ICA bifurcation": [
            {
                "id": 279,
                "degree": 3,
                "label": 4,
                "coords": [
                    14.44336,
                    191.29883,
                    -226.75
                ]
            }
        ],
        "ACA boundary": [
            {
                "id": 497,
                "degree": 2,
                "label": 4,
                "coords": [
                    13.82148,
                    192.0832,
                    -225.37188
                ]
            }
        ],
        "MCA boundary": [
            {
                "id": 287,
                "degree": 2,
                "label": 4,
                "coords": [
                    16.44336,
                    191.80195,
                    -226.75
                ]
            }
        ]
    },
    "5": {
        "ICA boundary": [
            {
                "id": 287,
                "degree": 2,
                "label": 5,
                "coords": [
                    16.44336,
                    191.80195,
                    -226.75
                ]
            }
        ],
        "MCA end": [
            {
                "id": 306,
                "degree": 3,
                "label": 5,
                "coords": [
                    20.94336,
                    193.29883,
                    -228.5
                ]
            }
        ]
    },
    "6": {
        "ICA start": [
            {
                "id": 357,
                "degree": 1,
                "label": 6,
                "coords": [
                    -6.79102,
                    194.29883,
                    -232.84375
                ]
            }
        ],
        "Pcom bifurcation": [
            {
                "id": 376,
                "degree": 3,
                "label": 6,
                "coords": [
                    -10.30664,
                    191.0207,
                    -231.31875
                ]
            }
        ],
        "Pcom boundary": [
            {
                "id": 442,
                "degree": 2,
                "label": 6,
                "coords": [
                    -10.05664,
                    190.04883,
                    -232.20938
                ]
            }
        ],
        "ICA bifurcation": [
            {
                "id": 394,
                "degree": 3,
                "label": 6,
                "coords": [
                    -13.05664,
                    192.04883,
                    -227.0
                ]
            }
        ],
        "ACA boundary": [
            {
                "id": 623,
                "degree": 2,
                "label": 6,
                "coords": [
                    -11.80664,
                    191.80195,
                    -226.35
                ]
            }
        ],
        "MCA boundary": [
            {
                "id": 402,
                "degree": 2,
                "label": 6,
                "coords": [
                    -15.05664,
                    193.33008,
                    -226.73125
                ]
            }
        ]
    },
    "7": {
        "ICA boundary": [
            {
                "id": 402,
                "degree": 2,
                "label": 7,
                "coords": [
                    -15.05664,
                    193.33008,
                    -226.73125
                ]
            }
        ],
        "MCA end": [
            {
                "id": 438,
                "degree": 1,
                "label": 7,
                "coords": [
                    -23.88477,
                    197.54883,
                    -225.4375
                ]
            }
        ]
    },
    "9": {
        "ICA boundary": [
            {
                "id": 442,
                "degree": 2,
                "label": 9,
                "coords": [
                    -10.05664,
                    190.04883,
                    -232.20938
                ]
            }
        ],
        "PCA boundary": [
            {
                "id": 490,
                "degree": 2,
                "label": 9,
                "coords": [
                    -7.33497,
                    182.24466,
                    -224.01521
                ]
            }
        ]
    },
    "10": {
        "R-ACA boundary": [
            {
                "id": 723,
                "degree": 2,
                "label": 10,
                "coords": [
                    0.69336,
                    199.33633,
                    -226.83125
                ]
            }
        ],
        "L-ACA boundary": [
            {
                "id": 730,
                "degree": 2,
                "label": 10,