{
    "1": {
        "BA start": [
            {
                "id": 0,
                "degree": 1,
                "label": 1,
                "coords": [
                    6.14062,
                    195.45312,
                    -172.25
                ]
            }
        ],
        "BA bifurcation": [
            {
                "id": 34,
                "degree": 3,
                "label": 1,
                "coords": [
                    4.55729,
                    195.68229,
                    -163.58333
                ]
            }
        ],
        "R-PCA boundary": [
            {
                "id": 43,
                "degree": 2,
                "label": 1,
                "coords": [
                    5.6125,
                    194.9625,
                    -161.25
                ]
            }
        ],
        "L-PCA boundary": [
            {
                "id": 180,
                "degree": 2,
                "label": 1,
                "coords": [
                    2.14062,
                    195.59375,
                    -162.50313
                ]
            }
        ]
    },
    "2": {
        "BA boundary": [
            {
                "id": 43,
                "degree": 2,
                "label": 2,
                "coords": [
                    5.6125,
                    194.9625,
                    -161.25
                ]
            }
        ],
        "Pcom bifurcation": [
            {
                "id": 65,
                "degree": 3,
                "label": 2,
                "coords": [
                    9.39062,
                    195.88125,
                    -157.1625
                ]
            }
        ],
        "Pcom boundary": [
            {
                "id": 589,
                "degree": 2,
                "label": 2,
                "coords": [
                    9.65625,
                    197.01562,
                    -156.30625
                ]
            }
        ],
        "PCA end": [
            {
                "id": 171,
                "degree": 1,
                "label": 2,
                "coords": [
                    21.39062,
                    175.26562,
                    -154.48438
                ]
            }
        ]
    },
    "3": {
        "BA boundary": [
            {
                "id": 180,
                "degree": 2,
                "label": 3,
                "coords": [
                    2.14062,
                    195.59375,
                    -162.50313
                ]
            }
        ],
        "Pcom bifurcation": [
            {
                "id": 202,
                "degree": 3,
                "label": 3,
                "coords": [
                    -3.35938,
                    195.35312,
                    -159.65
                ]
            }
        ],
        "Pcom boundary": [
            {
                "id": 658,
                "degree": 2,
                "label": 3,
                "coords": [
                    -3.27812,
                    195.98625,
                    -159.43
                ]
            }
        ],
        "PCA end": [
            {
                "id": 278,
                "degree": 1,
                "label": 3,
                "coords": [
                    -15.9375,
                    183.26562,
                    -159.25
                ]
            }
        ]
    },
    "4": {
        "ICA start": [
            {
                "id": 279,
                "degree": 1,
                "label": 4,
                "coords": [
                    9.07812,
                    212.01562,
                    -165.73438
                ]
            }
        ],
        "Pcom bifurcation": [
            {
                "id": 298,
                "degree": 3,
                "label": 4,
                "coords": [
                    9.55417,
                    207.42604,
                    -162.16562
                ]
            }
        ],
        "Pcom boundary": [
            {
                "id": 531,
                "degree": 2,
                "label": 4,
                "coords": [
                    8.74375,
                    206.52187,
                    -162.65
                ]
            }
        ],
        "ICA bifurcation": [
            {
                "id": 319,
                "degree": 3,
                "label": 4,
                "coords": [
                    14.47396,
                    205.76562,
                    -157.66667
                ]
            }
        ],
        "ACA boundary": [
            {
                "id": 668,
                "degree": 2,
                "label": 4,
                "coords": [
                    13.73438,
                    206.11875,
                    -155.25
                ]
            }
        ],
        "MCA boundary": [
            {
                "id": 328,
                "degree": 2,
                "label": 4,
                "coords": [
                    16.89062,
                    206.3625,
                    -157.93125
                ]
            }
        ]
    },
    "5": {
        "ICA boundary": [
            {
                "id": 328,
                "degree": 2,
                "label": 5,
                "coords": [
                    16.89062,
                    206.3625,
                    -157.93125
                ]
            }
        ],
        "MCA end": [
            {
                "id": 366,
                "degree": 3,
                "label": 5,
                "coords": [
                    25.64062,
                    211.51562,
                    -163.25
                ]
            }
        ]
    },
    "6": {
        "ICA start": [
            {
                "id": 406,
                "degree": 1,
                "label": 6,
                "coords": [
                    -5.1875,
                    213.01562,
                    -164.5
                ]
            }
        ],
        "Pcom bifurcation": [
            {
                "id": 425,
                "degree": 3,
                "label": 6,
                "coords": [
                    -6.48542,
                    208.64479,
                    -161.58959
                ]
            }
        ],
        "Pcom boundary": [
            {
                "id": 597,
                "degree": 2,
                "label": 6,
                "coords": [
                    -5.60729,
                    207.58854,
                    -162.47708
                ]
            }
        ],
        "ICA bifurcation": [
            {
                "id": 451,
                "degree": 3,
                "label": 6,
                "coords": [
                    -11.94271,
                    205.76562,
                    -157.16667
                ]
            }
        ],
        "ACA boundary": [
            {
                "id": 803,
                "degree": 2,
                "label": 6,
                "coords": [
                    -10.85938,
                    206.01875,
                    -155.25
                ]
            }
        ],
        "MCA boundary": [
            {
                "id": 459,
                "degree": 2,
                "label": 6,
                "coords": [
                    -14.10938,
                    206.16875,
                    -157.7875
                ]
            }
        ]
    },
    "7": {
        "ICA boundary": [
            {
                "id": 459,
                "degree": 2,
                "label": 7,
                "coords": [
                    -14.10938,
                    206.16875,
                    -157.7875
                ]
            }
        ],
        "MCA end": [
            {
                "id": 528,
                "degree": 1,
                "label": 7,