{
    "1": {
        "BA start": [
            {
                "id": 0,
                "degree": 1,
                "label": 1,
                "coords": [
                    9.18848,
                    194.80762,
                    -268.81421
                ]
            }
        ],
        "BA bifurcation": [
            {
                "id": 45,
                "degree": 3,
                "label": 1,
                "coords": [
                    3.60514,
                    194.88574,
                    -257.42879
                ]
            }
        ],
        "R-PCA boundary": [
            {
                "id": 58,
                "degree": 2,
                "label": 1,
                "coords": [
                    6.93848,
                    194.09199,
                    -255.66733
                ]
            }
        ],
        "L-PCA boundary": [
            {
                "id": 208,
                "degree": 2,
                "label": 1,
                "coords": [
                    1.68848,
                    194.13887,
                    -256.28921
                ]
            }
        ]
    },
    "2": {
        "BA boundary": [
            {
                "id": 58,
                "degree": 2,
                "label": 2,
                "coords": [
                    6.93848,
                    194.09199,
                    -255.66733
                ]
            }
        ],
        "PCA end": [
            {
                "id": 105,
                "degree": 3,
                "label": 2,
                "coords": [
                    17.93848,
                    195.63574,
                    -259.84546
                ]
            }
        ]
    },
    "3": {
        "BA boundary": [
            {
                "id": 208,
                "degree": 2,
                "label": 3,
                "coords": [
                    1.68848,
                    194.13887,
                    -256.28921
                ]
            }
        ],
        "PCA end": [
            {
                "id": 307,
                "degree": 1,
                "label": 3,
                "coords": [
                    -17.88965,
                    185.88574,
                    -262.43921
                ]
            }
        ]
    },
    "4": {
        "ICA start": [
            {
                "id": 308,
                "degree": 1,
                "label": 4,
                "coords": [
                    11.68848,
                    207.97949,
                    -259.76733
                ]
            }
        ],
        "ICA bifurcation": [
            {
                "id": 347,
                "degree": 3,
                "label": 4,
                "coords": [
                    21.60514,
                    209.30241,
                    -261.26213
                ]
            }
        ],
        "ACA boundary": [
            {
                "id": 598,
                "degree": 2,
                "label": 4,
                "coords": [
                    22.01035,
                    209.30137,
                    -260.35483
                ]
            }
        ],
        "MCA boundary": [
            {
                "id": 360,
                "degree": 2,
                "label": 4,
                "coords": [
                    24.33848,
                    212.13262,
                    -263.49546
                ]
            }
        ]
    },
    "5": {
        "ICA boundary": [
            {
                "id": 360,
                "degree": 2,
                "label": 5,
                "coords": [
                    24.33848,
                    212.13262,
                    -263.49546
                ]
            }
        ],
        "MCA end": [
            {
                "id": 395,
                "degree": 3,
                "label": 5,
                "coords": [
                    33.10514,
                    216.55241,
                    -265.01213
                ]
            }
        ]
    },
    "6": {
        "ICA start": [
            {
                "id": 471,
                "degree": 1,
                "label": 6,
                "coords": [
                    -4.06152,
                    206.90137,
                    -259.68921
                ]
            }
        ],
        "ICA bifurcation": [
            {
                "id": 510,
                "degree": 3,
                "label": 6,
                "coords": [
                    -13.06152,
                    205.38574,
                    -255.09546
                ]
            }
        ],
        "ACA boundary": [
            {
                "id": 753,
                "degree": 2,
                "label": 6,
                "coords": [
                    -11.5584,
                    206.07324,
                    -252.59858
                ]
            }
        ],
        "MCA boundary": [
            {
                "id": 519,
                "degree": 2,
                "label": 6,
                "coords": [
                    -15.31152,
                    205.53574,
                    -255.39858
                ]
            }
        ]
    },
    "7": {
        "ICA boundary": [
            {
                "id": 519,
                "degree": 2,
                "label": 7,
                "coords": [
                    -15.31152,
                    205.53574,
                    -255.39858
                ]
            }
        ],
        "MCA end": [
            {
                "id": 542,
                "degree": 3,
                "label": 7,
                "coords": [
                    -21.22819,
                    206.30241,
                    -257.92879
                ]
            }
        ]
    },
    "10": {
        "R-ACA boundary": [
            {
                "id": 913,
                "degree": 2,
                "label": 10,
                "coords": [
                    7.68535,
                    208.23262,
                    -253.62983
                ]
            }
        ],
        "L-ACA boundary": [
            {
                "id": 934,
                "degree": 2,
                "label": 10,
                "coords": [
                    2.97285,
                    209.69355,
                    -255.9814
                ]
            }
        ],
        "3rd-A2 bifurcation": [
            {
                "id": 917,
                "degree": 3,
                "label": 10,
                "coords": [
                    6.73848,
                    208.27011,
                    -253.97983
                ]
            }
        ],
        "3rd-A2 boundary": [
            {
                "id": 941,
                "degree": 2,
                "label": 10,
                "coords": [
                    5.6916,
                    207.65449,
                    -252.59546
                ]
            }
        ]
    },
    "11": {
        "ICA boundary": [
            {
                "id": 598,
                "degree": 2,
                "label": 11,
                "coords": [
                    22.01035,
                    209.30137,
                    -260.35483
                ]
            }
        ],
        "Acom bifurcation": [
            {
                "id": 669,
                "degree": 3,
                "label": 11,
                "coords": [
                    8.60098,
                    208.13574,
                    -253.13296
                ]
            }
        ],
        "Acom boundary": [
            {
                "id": 913,
                "degree": 2,
                "label": 11,
                "coords": [
                    7.68535,
                    208.23262,
                    -253.62983
                ]
            }
        ],
        "ACA end": [
            {
                "id": 742,
                "degree": 1,