{
    "1": {
        "BA start": [
            {
                "id": 0,
                "degree": 1,
                "label": 1,
                "coords": [
                    -10.11033,
                    -4.83578,
                    -32.51937
                ]
            }
        ],
        "R-PCA boundary": [
            {
                "id": 56,
                "degree": 2,
                "label": 1,
                "coords": [
                    -4.80886,
                    -5.88707,
                    -20.05219
                ]
            }
        ]
    },
    "2": {
        "BA boundary": [
            {
                "id": 56,
                "degree": 2,
                "label": 2,
                "coords": [
                    -4.80886,
                    -5.88707,
                    -20.05219
                ]
            }
        ],
        "Pcom bifurcation": [
            {
                "id": 81,
                "degree": 3,
                "label": 2,
                "coords": [
                    1.4495,
                    -5.99739,
                    -19.31353
                ]
            }
        ],
        "Pcom boundary": [
            {
                "id": 531,
                "degree": 2,
                "label": 2,
                "coords": [
                    1.36529,
                    -5.7673,
                    -18.34415
                ]
            }
        ],
        "PCA end": [
            {
                "id": 154,
                "degree": 1,
                "label": 2,
                "coords": [
                    19.21449,
                    -15.37193,
                    -19.97032
                ]
            }
        ]
    },
    "3": {
        "Pcom boundary": [
            {
                "id": 586,
                "degree": 2,
                "label": 3,
                "coords": [
                    -11.88004,
                    -2.99992,
                    -17.46918
                ]
            }
        ],
        "PCA end": [
            {
                "id": 660,
                "degree": 1,
                "label": 3,
                "coords": [
                    -25.65899,
                    -14.35106,
                    -24.94618
                ]
            }
        ]
    },
    "4": {
        "ICA start": [
            {
                "id": 155,
                "degree": 1,
                "label": 4,
                "coords": [
                    11.56046,
                    17.02487,
                    -29.74133
                ]
            }
        ],
        "Pcom bifurcation": [
            {
                "id": 226,
                "degree": 3,
                "label": 4,
                "coords": [
                    7.37916,
                    9.95554,
                    -18.11689
                ]
            }
        ],
        "Pcom boundary": [
            {
                "id": 465,
                "degree": 2,
                "label": 4,
                "coords": [
                    7.05259,
                    8.49293,
                    -18.13365
                ]
            }
        ],
        "ICA bifurcation": [
            {
                "id": 250,
                "degree": 3,
                "label": 4,
                "coords": [
                    12.74841,
                    12.44151,
                    -14.17168
                ]
            }
        ],
        "ACA boundary": [
            {
                "id": 665,
                "degree": 2,
                "label": 4,
                "coords": [
                    12.01838,
                    13.73301,
                    -13.53524
                ]
            }
        ],
        "MCA boundary": [
            {
                "id": 257,
                "degree": 2,
                "label": 4,
                "coords": [
                    14.52191,
                    12.79305,
                    -13.89931
                ]
            }
        ]
    },
    "5": {
        "ICA boundary": [
            {
                "id": 257,
                "degree": 2,
                "label": 5,
                "coords": [
                    14.52191,
                    12.79305,
                    -13.89931
                ]
            }
        ],
        "MCA end": [
            {
                "id": 301,
                "degree": 1,
                "label": 5,
                "coords": [
                    24.79685,
                    15.02718,
                    -18.75334
                ]
            }
        ]
    },
    "6": {
        "ICA start": [
            {
                "id": 302,
                "degree": 1,
                "label": 6,
                "coords": [
                    -19.84621,
                    19.38287,
                    -30.19914
                ]
            }
        ],
        "Pcom bifurcation": [
            {
                "id": 373,
                "degree": 3,
                "label": 6,
                "coords": [
                    -15.96063,
                    10.25499,
                    -21.2456
                ]
            }
        ],
        "Pcom boundary": [
            {
                "id": 538,
                "degree": 2,
                "label": 6,
                "coords": [
                    -16.25082,
                    8.99981,
                    -22.62511
                ]
            }
        ],
        "ICA bifurcation": [
            {
                "id": 404,
                "degree": 3,
                "label": 6,
                "coords": [
                    -19.62063,
                    16.19672,
                    -17.70089
                ]
            }
        ],
        "ACA boundary": [
            {
                "id": 796,
                "degree": 2,
                "label": 6,
                "coords": [
                    -17.87355,
                    15.94899,
                    -16.54092
                ]
            }
        ],
        "MCA boundary": [
            {
                "id": 410,
                "degree": 2,
                "label": 6,
                "coords": [
                    -20.86664,
                    17.14384,
                    -16.56098
                ]
            }
        ]
    },
    "7": {
        "ICA boundary": [
            {
                "id": 410,
                "degree": 2,
                "label": 7,
                "coords": [
                    -20.86664,
                    17.14384,
                    -16.56098
                ]
            }
        ],
        "MCA end": [
            {
                "id": 460,
                "degree": 1,
                "label": 7,
                "coords": [
                    -31.43469,
                    15.84987,
                    -21.77691
                ]
            }
        ]
    },
    "8": {
        "ICA boundary": [
            {
                "id": 465,
                "degree": 2,
                "label": 8,
                "coords": [
                    7.05259,
                    8.49293,
                    -18.13365
                ]
            }
        ],
        "PCA boundary": [
            {
                "id": 531,
                "degree": 2,
                "label": 8,
                "coords": [
                    1.36529,
                    -5.7673,
                    -18.34415
                ]
            }
        ]
    },
    "9": {
        "ICA boundary": [
            {
                "id": 538,
                "degree": 2,
                "label": 9,
                "coords": [
                    -16.25082,
                    8.99981,
                    -22.62511
                ]
            }
        ],
        "PCA boundary": [
            {
                "id": 586,
                "degree": 2,
                "label": 9,