{
    "1": {
        "BA start": [
            {
                "id": 0,
                "degree": 1,
                "label": 1,
                "coords": [
                    -3.80884,
                    -15.27815,
                    -15.33154
                ]
            }
        ],
        "BA bifurcation": [
            {
                "id": 54,
                "degree": 3,
                "label": 1,
                "coords": [
                    -5.16409,
                    -15.43482,
                    -1.92079
                ]
            }
        ],
        "R-PCA boundary": [
            {
                "id": 61,
                "degree": 2,
                "label": 1,
                "coords": [
                    -3.60464,
                    -15.7419,
                    -0.72982
                ]
            }
        ],
        "L-PCA boundary": [
            {
                "id": 185,
                "degree": 2,
                "label": 1,
                "coords": [
                    -6.31102,
                    -14.95616,
                    -0.48298
                ]
            }
        ]
    },
    "2": {
        "BA boundary": [
            {
                "id": 61,
                "degree": 2,
                "label": 2,
                "coords": [
                    -3.60464,
                    -15.7419,
                    -0.72982
                ]
            }
        ],
        "Pcom bifurcation": [
            {
                "id": 88,
                "degree": 3,
                "label": 2,
                "coords": [
                    1.71756,
                    -12.1623,
                    -0.42454
                ]
            }
        ],
        "Pcom boundary": [
            {
                "id": 673,
                "degree": 2,
                "label": 2,
                "coords": [
                    1.65592,
                    -12.03456,
                    -1.36245
                ]
            }
        ],
        "PCA end": [
            {
                "id": 179,
                "degree": 1,
                "label": 2,
                "coords": [
                    18.14152,
                    -24.74425,
                    5.28088
                ]
            }
        ]
    },
    "3": {
        "BA boundary": [
            {
                "id": 185,
                "degree": 2,
                "label": 3,
                "coords": [
                    -6.31102,
                    -14.95616,
                    -0.48298
                ]
            }
        ],
        "Pcom bifurcation": [
            {
                "id": 216,
                "degree": 3,
                "label": 3,
                "coords": [
                    -10.16648,
                    -11.47014,
                    -1.27608
                ]
            }
        ],
        "Pcom boundary": [
            {
                "id": 720,
                "degree": 2,
                "label": 3,
                "coords": [
                    -9.62232,
                    -11.5376,
                    -1.56845
                ]
            }
        ],
        "PCA end": [
            {
                "id": 288,
                "degree": 1,
                "label": 3,
                "coords": [
                    -21.34168,
                    -29.32209,
                    0.92683
                ]
            }
        ]
    },
    "4": {
        "ICA start": [
            {
                "id": 289,
                "degree": 1,
                "label": 4,
                "coords": [
                    4.87004,
                    -0.37,
                    -12.80352
                ]
            }
        ],
        "Pcom bifurcation": [
            {
                "id": 360,
                "degree": 3,
                "label": 4,
                "coords": [
                    6.08068,
                    -2.16239,
                    -3.54714
                ]
            }
        ],
        "Pcom boundary": [
            {
                "id": 632,
                "degree": 2,
                "label": 4,
                "coords": [
                    6.68661,
                    -3.85806,
                    -4.65757
                ]
            }
        ],
        "ICA bifurcation": [
            {
                "id": 387,
                "degree": 3,
                "label": 4,
                "coords": [
                    11.27624,
                    -0.25508,
                    2.48556
                ]
            }
        ],
        "ACA boundary": [
            {
                "id": 727,
                "degree": 2,
                "label": 4,
                "coords": [
                    9.77923,
                    -0.62386,
                    3.96944
                ]
            }
        ],
        "MCA boundary": [
            {
                "id": 392,
                "degree": 2,
                "label": 4,
                "coords": [
                    12.47519,
                    0.2208,
                    2.5931
                ]
            }
        ]
    },
    "5": {
        "ICA boundary": [
            {
                "id": 392,
                "degree": 2,
                "label": 5,
                "coords": [
                    12.47519,
                    0.2208,
                    2.5931
                ]
            }
        ],
        "MCA end": [
            {
                "id": 460,
                "degree": 1,
                "label": 5,
                "coords": [
                    24.7252,
                    13.33497,
                    -2.86988
                ]
            }
        ]
    },
    "6": {
        "ICA start": [
            {
                "id": 461,
                "degree": 1,
                "label": 6,
                "coords": [
                    -14.26823,
                    -4.48857,
                    -12.46967
                ]
            }
        ],
        "Pcom bifurcation": [
            {
                "id": 532,
                "degree": 3,
                "label": 6,
                "coords": [
                    -13.9258,
                    -5.41414,
                    -3.87588
                ]
            }
        ],
        "Pcom boundary": [
            {
                "id": 683,
                "degree": 2,
                "label": 6,
                "coords": [
                    -12.44339,
                    -7.41167,
                    -5.52929
                ]
            }
        ],
        "ICA bifurcation": [
            {
                "id": 559,
                "degree": 3,
                "label": 6,
                "coords": [
                    -19.34656,
                    -5.13135,
                    1.47163
                ]
            }
        ],
        "ACA boundary": [
            {
                "id": 839,
                "degree": 2,
                "label": 6,
                "coords": [
                    -17.18786,
                    -4.33588,
                    2.49392
                ]
            }
        ],
        "MCA boundary": [
            {
                "id": 562,
                "degree": 2,
                "label": 6,
                "coords": [
                    -20.09831,
                    -5.20744,
                    1.73084
                ]
            }
        ]
    },
    "7": {
        "ICA boundary": [
            {
                "id": 562,
                "degree": 2,
                "label": 7,
                "coords": [
                    -20.09831,
                    -5.20744,
                    1.73084
                ]
            }
        ],
        "MCA end": [
            {
                "id": 626,
                "degree": 1,
                "label": 7,