{
    "1": {
        "BA start": [
            {
                "id": 0,
                "degree": 1,
                "label": 1,
                "coords": [
                    10.75329,
                    -14.88779,
                    61.96492
                ]
            }
        ],
        "BA bifurcation": [
            {
                "id": 33,
                "degree": 3,
                "label": 1,
                "coords": [
                    9.70053,
                    -15.88873,
                    70.26423
                ]
            }
        ],
        "R-PCA boundary": [
            {
                "id": 41,
                "degree": 2,
                "label": 1,
                "coords": [
                    11.24,
                    -15.98526,
                    71.94649
                ]
            }
        ],
        "L-PCA boundary": [
            {
                "id": 126,
                "degree": 2,
                "label": 1,
                "coords": [
                    7.82118,
                    -15.74436,
                    71.74959
                ]
            }
        ]
    },
    "2": {
        "BA boundary": [
            {
                "id": 41,
                "degree": 2,
                "label": 2,
                "coords": [
                    11.24,
                    -15.98526,
                    71.94649
                ]
            }
        ],
        "Pcom bifurcation": [
            {
                "id": 52,
                "degree": 3,
                "label": 2,
                "coords": [
                    14.10211,
                    -14.40429,
                    74.00523
                ]
            }
        ],
        "Pcom boundary": [
            {
                "id": 613,
                "degree": 2,
                "label": 2,
                "coords": [
                    13.65953,
                    -13.18554,
                    74.0095
                ]
            }
        ],
        "PCA end": [
            {
                "id": 118,
                "degree": 1,
                "label": 2,
                "coords": [
                    23.94924,
                    -26.26178,
                    75.81257
                ]
            }
        ]
    },
    "3": {
        "BA boundary": [
            {
                "id": 126,
                "degree": 2,
                "label": 3,
                "coords": [
                    7.82118,
                    -15.74436,
                    71.74959
                ]
            }
        ],
        "Pcom bifurcation": [
            {
                "id": 140,
                "degree": 3,
                "label": 3,
                "coords": [
                    4.71132,
                    -14.23294,
                    73.83648
                ]
            }
        ],
        "Pcom boundary": [
            {
                "id": 674,
                "degree": 2,
                "label": 3,
                "coords": [
                    4.80054,
                    -13.00808,
                    74.15894
                ]
            }
        ],
        "PCA end": [
            {
                "id": 206,
                "degree": 1,
                "label": 3,
                "coords": [
                    -9.02776,
                    -22.97457,
                    77.45436
                ]
            }
        ]
    },
    "4": {
        "ICA start": [
            {
                "id": 207,
                "degree": 1,
                "label": 4,
                "coords": [
                    21.5971,
                    -0.50521,
                    68.46163
                ]
            }
        ],
        "Pcom bifurcation": [
            {
                "id": 278,
                "degree": 3,
                "label": 4,
                "coords": [
                    19.40724,
                    -3.86339,
                    76.05413
                ]
            }
        ],
        "Pcom boundary": [
            {
                "id": 567,
                "degree": 2,
                "label": 4,
                "coords": [
                    19.68328,
                    -4.37345,
                    74.63306
                ]
            }
        ],
        "ICA bifurcation": [
            {
                "id": 294,
                "degree": 3,
                "label": 4,
                "coords": [
                    23.11841,
                    -5.63757,
                    77.98184
                ]
            }
        ],
        "ACA boundary": [
            {
                "id": 685,
                "degree": 2,
                "label": 4,
                "coords": [
                    21.68778,
                    -5.67817,
                    79.87276
                ]
            }
        ],
        "MCA boundary": [
            {
                "id": 303,
                "degree": 2,
                "label": 4,
                "coords": [
                    25.22991,
                    -4.83462,
                    78.95763
                ]
            }
        ]
    },
    "5": {
        "ICA boundary": [
            {
                "id": 303,
                "degree": 2,
                "label": 5,
                "coords": [
                    25.22991,
                    -4.83462,
                    78.95763
                ]
            }
        ],
        "MCA end": [
            {
                "id": 340,
                "degree": 3,
                "label": 5,
                "coords": [
                    34.3911,
                    1.01802,
                    77.27138
                ]
            }
        ]
    },
    "6": {
        "ICA start": [
            {
                "id": 365,
                "degree": 1,
                "label": 6,
                "coords": [
                    -5.30428,
                    0.55989,
                    68.36574
                ]
            }
        ],
        "Pcom bifurcation": [
            {
                "id": 436,
                "degree": 3,
                "label": 6,
                "coords": [
                    -1.11502,
                    -3.84554,
                    76.01422
                ]
            }
        ],
        "Pcom boundary": [
            {
                "id": 623,
                "degree": 2,
                "label": 6,
                "coords": [
                    -1.34998,
                    -5.76225,
                    74.87825
                ]
            }
        ],
        "ICA bifurcation": [
            {
                "id": 455,
                "degree": 3,
                "label": 6,
                "coords": [
                    -4.0389,
                    -4.55299,
                    80.64951
                ]
            }
        ],
        "ACA boundary": [
            {
                "id": 803,
                "degree": 2,
                "label": 6,
                "coords": [
                    -2.50466,
                    -4.63338,
                    81.45311
                ]
            }
        ],
        "MCA boundary": [
            {
                "id": 463,
                "degree": 2,
                "label": 6,
                "coords": [
                    -5.92535,
                    -3.4709,
                    81.53465
                ]
            }
        ]
    },
    "7": {
        "ICA boundary": [
            {
                "id": 463,
                "degree": 2,
                "label": 7,
                "coords": [
                    -5.92535,
                    -3.4709,
                    81.53465
                ]
            }
        ],
        "MCA end": [
            {
                "id": 500,
                "degree": 3,
                "label": 7,