{
    "1": {
        "BA start": [
            {
                "id": 0,
                "degree": 1,
                "label": 1,
                "coords": [
                    2.35002,
                    -12.62439,
                    -27.2221
                ]
            }
        ],
        "BA bifurcation": [
            {
                "id": 43,
                "degree": 3,
                "label": 1,
                "coords": [
                    -0.95522,
                    -9.69057,
                    -16.14634
                ]
            }
        ],
        "R-PCA boundary": [
            {
                "id": 52,
                "degree": 2,
                "label": 1,
                "coords": [
                    0.01579,
                    -8.90019,
                    -13.96758
                ]
            }
        ],
        "L-PCA boundary": [
            {
                "id": 164,
                "degree": 2,
                "label": 1,
                "coords": [
                    -2.88019,
                    -8.57162,
                    -15.42939
                ]
            }
        ]
    },
    "2": {
        "BA boundary": [
            {
                "id": 52,
                "degree": 2,
                "label": 2,
                "coords": [
                    0.01579,
                    -8.90019,
                    -13.96758
                ]
            }
        ],
        "Pcom bifurcation": [
            {
                "id": 74,
                "degree": 3,
                "label": 2,
                "coords": [
                    5.21956,
                    -9.85623,
                    -11.40783
                ]
            }
        ],
        "Pcom boundary": [
            {
                "id": 688,
                "degree": 2,
                "label": 2,
                "coords": [
                    5.92146,
                    -9.40576,
                    -11.41374
                ]
            }
        ],
        "PCA end": [
            {
                "id": 156,
                "degree": 1,
                "label": 2,
                "coords": [
                    15.89891,
                    -26.81437,
                    -11.3608
                ]
            }
        ]
    },
    "3": {
        "BA boundary": [
            {
                "id": 164,
                "degree": 2,
                "label": 3,
                "coords": [
                    -2.88019,
                    -8.57162,
                    -15.42939
                ]
            }
        ],
        "Pcom bifurcation": [
            {
                "id": 198,
                "degree": 3,
                "label": 3,
                "coords": [
                    -10.21636,
                    -8.76784,
                    -10.67954
                ]
            }
        ],
        "Pcom boundary": [
            {
                "id": 723,
                "degree": 2,
                "label": 3,
                "coords": [
                    -11.00926,
                    -7.50301,
                    -10.15243
                ]
            }
        ],
        "PCA end": [
            {
                "id": 272,
                "degree": 1,
                "label": 3,
                "coords": [
                    -24.25618,
                    -22.91186,
                    -7.52293
                ]
            }
        ]
    },
    "4": {
        "ICA start": [
            {
                "id": 273,
                "degree": 1,
                "label": 4,
                "coords": [
                    18.11957,
                    7.49702,
                    -17.12423
                ]
            }
        ],
        "Pcom bifurcation": [
            {
                "id": 344,
                "degree": 3,
                "label": 4,
                "coords": [
                    14.18578,
                    -3.24222,
                    -8.30367
                ]
            }
        ],
        "Pcom boundary": [
            {
                "id": 654,
                "degree": 2,
                "label": 4,
                "coords": [
                    14.0809,
                    -4.29184,
                    -10.08291
                ]
            }
        ],
        "ICA bifurcation": [
            {
                "id": 368,
                "degree": 3,
                "label": 4,
                "coords": [
                    18.53165,
                    -3.89432,
                    -3.42419
                ]
            }
        ],
        "ACA boundary": [
            {
                "id": 736,
                "degree": 2,
                "label": 4,
                "coords": [
                    16.41619,
                    -3.62516,
                    -1.76491
                ]
            }
        ],
        "MCA boundary": [
            {
                "id": 378,
                "degree": 2,
                "label": 4,
                "coords": [
                    21.08758,
                    -3.20213,
                    -3.0293
                ]
            }
        ]
    },
    "5": {
        "ICA boundary": [
            {
                "id": 378,
                "degree": 2,
                "label": 5,
                "coords": [
                    21.08758,
                    -3.20213,
                    -3.0293
                ]
            }
        ],
        "MCA end": [
            {
                "id": 433,
                "degree": 1,
                "label": 5,
                "coords": [
                    35.05086,
                    1.24162,
                    -2.1568
                ]
            }
        ]
    },
    "6": {
        "ICA start": [
            {
                "id": 434,
                "degree": 1,
                "label": 6,
                "coords": [
                    -19.13356,
                    4.18794,
                    -15.08654
                ]
            }
        ],
        "Pcom bifurcation": [
            {
                "id": 505,
                "degree": 3,
                "label": 6,
                "coords": [
                    -14.79977,
                    0.33479,
                    -7.03999
                ]
            }
        ],
        "Pcom boundary": [
            {
                "id": 693,
                "degree": 2,
                "label": 6,
                "coords": [
                    -15.15153,
                    -0.47278,
                    -8.09723
                ]
            }
        ],
        "ICA bifurcation": [
            {
                "id": 532,
                "degree": 3,
                "label": 6,
                "coords": [
                    -18.10571,
                    -1.13771,
                    -1.13729
                ]
            }
        ],
        "ACA boundary": [
            {
                "id": 894,
                "degree": 2,
                "label": 6,
                "coords": [
                    -16.06676,
                    -1.53219,
                    -0.65556
                ]
            }
        ],
        "MCA boundary": [
            {
                "id": 543,
                "degree": 2,
                "label": 6,
                "coords": [
                    -20.46834,
                    -0.72676,
                    0.75954
                ]
            }
        ]
    },
    "7": {
        "ICA boundary": [
            {
                "id": 543,
                "degree": 2,
                "label": 7,
                "coords": [
                    -20.46834,
                    -0.72676,
                    0.75954
                ]
            }
        ],
        "MCA end": [
            {
                "id": 584,
                "degree": 3,
                "label": 7,