{
    "1": {
        "BA start": [
            {
                "id": 0,
                "degree": 1,
                "label": 1,
                "coords": [
                    -2.77201,
                    -8.76527,
                    -13.94882
                ]
            }
        ],
        "BA bifurcation": [
            {
                "id": 36,
                "degree": 3,
                "label": 1,
                "coords": [
                    -5.18728,
                    -9.29916,
                    -5.02145
                ]
            }
        ],
        "R-PCA boundary": [
            {
                "id": 48,
                "degree": 2,
                "label": 1,
                "coords": [
                    -4.66764,
                    -10.44621,
                    -2.05153
                ]
            }
        ],
        "L-PCA boundary": [
            {
                "id": 161,
                "degree": 2,
                "label": 1,
                "coords": [
                    -7.58344,
                    -7.35355,
                    -3.45368
                ]
            }
        ]
    },
    "2": {
        "BA boundary": [
            {
                "id": 48,
                "degree": 2,
                "label": 2,
                "coords": [
                    -4.66764,
                    -10.44621,
                    -2.05153
                ]
            }
        ],
        "Pcom bifurcation": [
            {
                "id": 67,
                "degree": 3,
                "label": 2,
                "coords": [
                    -2.12881,
                    -10.73003,
                    2.58882
                ]
            }
        ],
        "Pcom boundary": [
            {
                "id": 620,
                "degree": 2,
                "label": 2,
                "coords": [
                    -1.88305,
                    -9.33028,
                    2.8418
                ]
            }
        ],
        "PCA end": [
            {
                "id": 150,
                "degree": 1,
                "label": 2,
                "coords": [
                    13.59878,
                    -22.15168,
                    0.32025
                ]
            }
        ]
    },
    "3": {
        "BA boundary": [
            {
                "id": 161,
                "degree": 2,
                "label": 3,
                "coords": [
                    -7.58344,
                    -7.35355,
                    -3.45368
                ]
            }
        ],
        "Pcom bifurcation": [
            {
                "id": 193,
                "degree": 3,
                "label": 3,
                "coords": [
                    -10.21598,
                    -7.44614,
                    4.10788
                ]
            }
        ],
        "Pcom boundary": [
            {
                "id": 193,
                "degree": 3,
                "label": 3,
                "coords": [
                    -10.21598,
                    -7.44614,
                    4.10788
                ]
            }
        ],
        "PCA end": [
            {
                "id": 272,
                "degree": 1,
                "label": 3,
                "coords": [
                    -25.30737,
                    -20.33454,
                    -0.48394
                ]
            }
        ]
    },
    "4": {
        "ICA start": [
            {
                "id": 273,
                "degree": 1,
                "label": 4,
                "coords": [
                    12.83765,
                    3.68447,
                    0.04187
                ]
            }
        ],
        "Pcom bifurcation": [
            {
                "id": 344,
                "degree": 3,
                "label": 4,
                "coords": [
                    7.54216,
                    -1.61789,
                    7.54149
                ]
            }
        ],
        "Pcom boundary": [
            {
                "id": 574,
                "degree": 2,
                "label": 4,
                "coords": [
                    7.54306,
                    -1.90758,
                    6.37634
                ]
            }
        ],
        "ICA bifurcation": [
            {
                "id": 373,
                "degree": 3,
                "label": 4,
                "coords": [
                    11.25933,
                    -4.69836,
                    13.34635
                ]
            }
        ],
        "ACA boundary": [
            {
                "id": 685,
                "degree": 2,
                "label": 4,
                "coords": [
                    9.40378,
                    -4.53536,
                    14.20177
                ]
            }
        ],
        "MCA boundary": [
            {
                "id": 379,
                "degree": 2,
                "label": 4,
                "coords": [
                    12.97458,
                    -3.94426,
                    14.08584
                ]
            }
        ]
    },
    "5": {
        "ICA boundary": [
            {
                "id": 379,
                "degree": 2,
                "label": 5,
                "coords": [
                    12.97458,
                    -3.94426,
                    14.08584
                ]
            }
        ],
        "MCA end": [
            {
                "id": 399,
                "degree": 3,
                "label": 5,
                "coords": [
                    18.33394,
                    -1.71868,
                    14.81898
                ]
            }
        ]
    },
    "6": {
        "ICA start": [
            {
                "id": 476,
                "degree": 1,
                "label": 6,
                "coords": [
                    -13.90055,
                    4.5223,
                    6.39603
                ]
            }
        ],
        "Pcom bifurcation": [
            {
                "id": 486,
                "degree": 3,
                "label": 6,
                "coords": [
                    -16.08333,
                    2.78718,
                    6.50258
                ]
            }
        ],
        "Pcom boundary": [
            {
                "id": 628,
                "degree": 2,
                "label": 6,
                "coords": [
                    -16.26028,
                    2.72007,
                    5.32448
                ]
            }
        ],
        "ICA bifurcation": [
            {
                "id": 508,
                "degree": 3,
                "label": 6,
                "coords": [
                    -18.66696,
                    0.67709,
                    11.25614
                ]
            }
        ],
        "ACA boundary": [
            {
                "id": 801,
                "degree": 2,
                "label": 6,
                "coords": [
                    -17.14849,
                    0.7575,
                    11.10889
                ]
            }
        ],
        "MCA boundary": [
            {
                "id": 515,
                "degree": 2,
                "label": 6,
                "coords": [
                    -20.06328,
                    0.86341,
                    12.9604
                ]
            }
        ]
    },
    "7": {
        "ICA boundary": [
            {
                "id": 515,
                "degree": 2,
                "label": 7,
                "coords": [
                    -20.06328,
                    0.86341,
                    12.9604
                ]
            }
        ],
        "MCA end": [
            {
                "id": 570,
                "degree": 1,
                "label": 7,