{
    "1": {
        "BA start": [
            {
                "id": 0,
                "degree": 1,
                "label": 1,
                "coords": [
                    -11.14124,
                    -0.99713,
                    -6.64185
                ]
            }
        ],
        "BA bifurcation": [
            {
                "id": 71,
                "degree": 3,
                "label": 1,
                "coords": [
                    -14.06342,
                    -7.88211,
                    10.11431
                ]
            }
        ],
        "R-PCA boundary": [
            {
                "id": 80,
                "degree": 2,
                "label": 1,
                "coords": [
                    -11.92084,
                    -9.96067,
                    11.30248
                ]
            }
        ],
        "L-PCA boundary": [
            {
                "id": 205,
                "degree": 2,
                "label": 1,
                "coords": [
                    -17.33645,
                    -6.87056,
                    10.67454
                ]
            }
        ]
    },
    "2": {
        "BA boundary": [
            {
                "id": 80,
                "degree": 2,
                "label": 2,
                "coords": [
                    -11.92084,
                    -9.96067,
                    11.30248
                ]
            }
        ],
        "PCA end": [
            {
                "id": 192,
                "degree": 1,
                "label": 2,
                "coords": [
                    8.49676,
                    -14.28924,
                    -4.08059
                ]
            }
        ]
    },
    "3": {
        "BA boundary": [
            {
                "id": 205,
                "degree": 2,
                "label": 3,
                "coords": [
                    -17.33645,
                    -6.87056,
                    10.67454
                ]
            }
        ],
        "PCA end": [
            {
                "id": 314,
                "degree": 1,
                "label": 3,
                "coords": [
                    -34.01445,
                    -16.20179,
                    -7.41324
                ]
            }
        ]
    },
    "4": {
        "ICA start": [
            {
                "id": 315,
                "degree": 1,
                "label": 4,
                "coords": [
                    -0.46259,
                    18.19567,
                    0.55341
                ]
            }
        ],
        "ICA bifurcation": [
            {
                "id": 407,
                "degree": 3,
                "label": 4,
                "coords": [
                    6.88407,
                    5.0431,
                    11.46661
                ]
            }
        ],
        "ACA boundary": [
            {
                "id": 609,
                "degree": 2,
                "label": 4,
                "coords": [
                    5.19596,
                    5.12645,
                    13.55985
                ]
            }
        ],
        "MCA boundary": [
            {
                "id": 419,
                "degree": 2,
                "label": 4,
                "coords": [
                    9.84555,
                    5.82323,
                    12.41869
                ]
            }
        ]
    },
    "5": {
        "ICA boundary": [
            {
                "id": 419,
                "degree": 2,
                "label": 5,
                "coords": [
                    9.84555,
                    5.82323,
                    12.41869
                ]
            }
        ],
        "MCA end": [
            {
                "id": 461,
                "degree": 1,
                "label": 5,
                "coords": [
                    19.90784,
                    13.18132,
                    13.93372
                ]
            }
        ]
    },
    "6": {
        "ICA start": [
            {
                "id": 462,
                "degree": 1,
                "label": 6,
                "coords": [
                    -25.95162,
                    15.59921,
                    -2.26083
                ]
            }
        ],
        "ICA bifurcation": [
            {
                "id": 554,
                "degree": 3,
                "label": 6,
                "coords": [
                    -29.67602,
                    0.50756,
                    8.51381
                ]
            }
        ],
        "ACA boundary": [
            {
                "id": 790,
                "degree": 2,
                "label": 6,
                "coords": [
                    -28.74919,
                    -0.05601,
                    10.34682
                ]
            }
        ],
        "MCA boundary": [
            {
                "id": 563,
                "degree": 2,
                "label": 6,
                "coords": [
                    -32.10504,
                    0.9798,
                    8.77086
                ]
            }
        ]
    },
    "7": {
        "ICA boundary": [
            {
                "id": 563,
                "degree": 2,
                "label": 7,
                "coords": [
                    -32.10504,
                    0.9798,
                    8.77086
                ]
            }
        ],
        "MCA end": [
            {
                "id": 600,
                "degree": 1,
                "label": 7,
                "coords": [
                    -41.37968,
                    2.91577,
                    9.42813
                ]
            }
        ]
    },
    "10": {
        "R-ACA boundary": [
            {
                "id": 950,
                "degree": 2,
                "label": 10,
                "coords": [
                    -12.85031,
                    3.81606,
                    14.21463
                ]
            }
        ],
        "L-ACA boundary": [
            {
                "id": 955,
                "degree": 2,
                "label": 10,
                "coords": [
                    -14.15351,
                    3.94242,
                    15.06557
                ]
            }
        ]
    },
    "11": {
        "ICA boundary": [
            {
                "id": 609,
                "degree": 2,
                "label": 11,
                "coords": [
                    5.19596,
                    5.12645,
                    13.55985
                ]
            }
        ],
        "Acom bifurcation": [
            {
                "id": 675,
                "degree": 3,
                "label": 11,
                "coords": [
                    -11.42231,
                    4.50135,
                    14.31672
                ]
            }
        ],
        "Acom boundary": [
            {
                "id": 950,
                "degree": 2,
                "label": 11,
                "coords": [
                    -12.85031,
                    3.81606,
                    14.21463
                ]
            }
        ],
        "ACA end": [
            {
                "id": 783,
                "degree": 1,
                "label": 11,
                "coords": [
                    -15.16362,
                    27.00093,
                    35.37228
                ]
            }
        ]
    },
    "12": {
        "ICA boundary": [
            {
                "id": 790,
                "degree": 2,
                "label": 12,
                "coords": [
                    -28.74919,
                    -0.05601,
                    10.34682
                ]
            }
        ],
        "Acom bifurcation": [
            {
                "id": 841,
                "degree": 3,
                "label": 12,