{
    "1": {
        "BA start": [
            {
                "id": 0,
                "degree": 1,
                "label": 1,
                "coords": [
                    12.42188,
                    219.64062,
                    -393.04553
                ]
            }
        ],
        "BA bifurcation": [
            {
                "id": 61,
                "degree": 3,
                "label": 1,
                "coords": [
                    14.09896,
                    217.79688,
                    -377.62887
                ]
            }
        ],
        "R-PCA boundary": [
            {
                "id": 71,
                "degree": 2,
                "label": 1,
                "coords": [
                    16.76562,
                    216.7625,
                    -376.79553
                ]
            }
        ],
        "L-PCA boundary": [
            {
                "id": 185,
                "degree": 2,
                "label": 1,
                "coords": [
                    12.26562,
                    218.15,
                    -375.89866
                ]
            }
        ]
    },
    "2": {
        "BA boundary": [
            {
                "id": 71,
                "degree": 2,
                "label": 2,
                "coords": [
                    16.76562,
                    216.7625,
                    -376.79553
                ]
            }
        ],
        "PCA end": [
            {
                "id": 176,
                "degree": 1,
                "label": 2,
                "coords": [
                    32.42188,
                    201.54688,
                    -381.82678
                ]
            }
        ]
    },
    "3": {
        "BA boundary": [
            {
                "id": 185,
                "degree": 2,
                "label": 3,
                "coords": [
                    12.26562,
                    218.15,
                    -375.89866
                ]
            }
        ],
        "PCA end": [
            {
                "id": 304,
                "degree": 1,
                "label": 3,
                "coords": [
                    -6.375,
                    205.29688,
                    -380.21741
                ]
            }
        ]
    },
    "4": {
        "ICA start": [
            {
                "id": 305,
                "degree": 1,
                "label": 4,
                "coords": [
                    22.76562,
                    231.0625,
                    -385.88928
                ]
            }
        ],
        "ICA bifurcation": [
            {
                "id": 344,
                "degree": 3,
                "label": 4,
                "coords": [
                    31.34896,
                    230.54688,
                    -381.12887
                ]
            }
        ],
        "ACA boundary": [
            {
                "id": 613,
                "degree": 2,
                "label": 4,
                "coords": [
                    29.74688,
                    231.09062,
                    -378.94866
                ]
            }
        ],
        "MCA boundary": [
            {
                "id": 355,
                "degree": 2,
                "label": 4,
                "coords": [
                    34.26562,
                    231.825,
                    -380.44553
                ]
            }
        ]
    },
    "5": {
        "ICA boundary": [
            {
                "id": 355,
                "degree": 2,
                "label": 5,
                "coords": [
                    34.26562,
                    231.825,
                    -380.44553
                ]
            }
        ],
        "MCA end": [
            {
                "id": 398,
                "degree": 3,
                "label": 5,
                "coords": [
                    44.59896,
                    234.38021,
                    -384.87887
                ]
            }
        ]
    },
    "6": {
        "ICA start": [
            {
                "id": 444,
                "degree": 1,
                "label": 6,
                "coords": [
                    6.26562,
                    235.875,
                    -383.88928
                ]
            }
        ],
        "ICA bifurcation": [
            {
                "id": 483,
                "degree": 3,
                "label": 6,
                "coords": [
                    -0.56771,
                    232.54688,
                    -377.87887
                ]
            }
        ],
        "ACA boundary": [
            {
                "id": 730,
                "degree": 2,
                "label": 6,
                "coords": [
                    2.26562,
                    232.06875,
                    -375.94553
                ]
            }
        ],
        "MCA boundary": [
            {
                "id": 493,
                "degree": 2,
                "label": 6,
                "coords": [
                    -2.7375,
                    234.2125,
                    -376.41428
                ]
            }
        ]
    },
    "7": {
        "ICA boundary": [
            {
                "id": 493,
                "degree": 2,
                "label": 7,
                "coords": [
                    -2.7375,
                    234.2125,
                    -376.41428
                ]
            }
        ],
        "MCA end": [
            {
                "id": 534,
                "degree": 3,
                "label": 7,
                "coords": [
                    -12.23438,
                    239.79688,
                    -375.29553
                ]
            }
        ]
    },
    "10": {
        "R-ACA boundary": [
            {
                "id": 664,
                "degree": 3,
                "label": 10,
                "coords": [
                    17.75,
                    236.06562,
                    -373.30803
                ]
            }
        ],
        "L-ACA boundary": [
            {
                "id": 781,
                "degree": 3,
                "label": 10,
                "coords": [
                    15.37083,
                    237.37397,
                    -375.78199
                ]
            }
        ],
        "3rd-A2 bifurcation": [
            {
                "id": 863,
                "degree": 3,
                "label": 10,
                "coords": [
                    16.72292,
                    236.91769,
                    -374.15909
                ]
            }
        ],
        "3rd-A2 boundary": [
            {
                "id": 875,
                "degree": 2,
                "label": 10,
                "coords": [
                    15.82188,
                    237.89062,
                    -372.04553
                ]
            }
        ]
    },
    "11": {
        "ICA boundary": [
            {
                "id": 613,
                "degree": 2,
                "label": 11,
                "coords": [
                    29.74688,
                    231.09062,
                    -378.94866
                ]
            }
        ],
        "Acom bifurcation": [
            {
                "id": 664,
                "degree": 3,
                "label": 11,
                "coords": [
                    17.75,
                    236.06562,
                    -373.30803
                ]
            }
        ],
        "Acom boundary": [
            {
                "id": 664,
                "degree": 3,
                "label": 11,
                "coords": [
                    17.75,
                    236.06562,
                    -373.30803
                ]
            }
        ],
        "ACA end": [
            {
                "id": 718,
                "degree": 1,
                "label": 11,