{
    "1": {
        "BA start": [
            {
                "id": 0,
                "degree": 1,
                "label": 1,
                "coords": [
                    4.66895,
                    169.5498,
                    -433.59509
                ]
            }
        ],
        "BA bifurcation": [
            {
                "id": 49,
                "degree": 3,
                "label": 1,
                "coords": [
                    1.00228,
                    168.2998,
                    -421.17843
                ]
            }
        ],
        "R-PCA boundary": [
            {
                "id": 59,
                "degree": 2,
                "label": 1,
                "coords": [
                    3.56895,
                    168.16855,
                    -419.79509
                ]
            }
        ],
        "L-PCA boundary": [
            {
                "id": 177,
                "degree": 2,
                "label": 1,
                "coords": [
                    -0.21543,
                    168.54668,
                    -419.59509
                ]
            }
        ]
    },
    "2": {
        "BA boundary": [
            {
                "id": 59,
                "degree": 2,
                "label": 2,
                "coords": [
                    3.56895,
                    168.16855,
                    -419.79509
                ]
            }
        ],
        "Pcom bifurcation": [
            {
                "id": 80,
                "degree": 3,
                "label": 2,
                "coords": [
                    8.17207,
                    170.52793,
                    -418.40134
                ]
            }
        ],
        "Pcom boundary": [
            {
                "id": 528,
                "degree": 2,
                "label": 2,
                "coords": [
                    7.6377,
                    171.5498,
                    -418.89509
                ]
            }
        ],
        "PCA end": [
            {
                "id": 171,
                "degree": 1,
                "label": 2,
                "coords": [
                    19.90332,
                    154.7998,
                    -422.43884
                ]
            }
        ]
    },
    "3": {
        "BA boundary": [
            {
                "id": 177,
                "degree": 2,
                "label": 3,
                "coords": [
                    -0.21543,
                    168.54668,
                    -419.59509
                ]
            }
        ],
        "Pcom bifurcation": [
            {
                "id": 204,
                "degree": 3,
                "label": 3,
                "coords": [
                    -5.72272,
                    171.16647,
                    -418.79302
                ]
            }
        ],
        "Pcom boundary": [
            {
                "id": 576,
                "degree": 2,
                "label": 3,
                "coords": [
                    -5.31569,
                    171.79381,
                    -419.2188
                ]
            }
        ],
        "PCA end": [
            {
                "id": 278,
                "degree": 1,
                "label": 3,
                "coords": [
                    -15.4873,
                    155.5498,
                    -421.50134
                ]
            }
        ]
    },
    "4": {
        "ICA start": [
            {
                "id": 279,
                "degree": 1,
                "label": 4,
                "coords": [
                    11.66895,
                    186.2998,
                    -420.84509
                ]
            }
        ],
        "Pcom bifurcation": [
            {
                "id": 298,
                "degree": 3,
                "label": 4,
                "coords": [
                    14.41895,
                    182.2998,
                    -419.86384
                ]
            }
        ],
        "Pcom boundary": [
            {
                "id": 486,
                "degree": 2,
                "label": 4,
                "coords": [
                    14.24395,
                    181.35293,
                    -421.34197
                ]
            }
        ],
        "ICA bifurcation": [
            {
                "id": 318,
                "degree": 3,
                "label": 4,
                "coords": [
                    18.66895,
                    181.0498,
                    -416.09509
                ]
            }
        ],
        "ACA boundary": [
            {
                "id": 586,
                "degree": 2,
                "label": 4,
                "coords": [
                    17.41582,
                    180.49355,
                    -413.67009
                ]
            }
        ],
        "MCA boundary": [
            {
                "id": 330,
                "degree": 2,
                "label": 4,
                "coords": [
                    21.66895,
                    182.1998,
                    -415.42947
                ]
            }
        ]
    },
    "5": {
        "ICA boundary": [
            {
                "id": 330,
                "degree": 2,
                "label": 5,
                "coords": [
                    21.66895,
                    182.1998,
                    -415.42947
                ]
            }
        ],
        "MCA end": [
            {
                "id": 373,
                "degree": 3,
                "label": 5,
                "coords": [
                    30.41895,
                    192.2998,
                    -415.34509
                ]
            }
        ]
    },
    "6": {
        "ICA start": [
            {
                "id": 397,
                "degree": 1,
                "label": 6,
                "coords": [
                    -9.09668,
                    181.5498,
                    -421.09509
                ]
            }
        ],
        "Pcom bifurcation": [
            {
                "id": 404,
                "degree": 3,
                "label": 6,
                "coords": [
                    -10.47064,
                    179.8373,
                    -421.22427
                ]
            }
        ],
        "Pcom boundary": [
            {
                "id": 538,
                "degree": 2,
                "label": 6,
                "coords": [
                    -10.0248,
                    179.01543,
                    -423.34197
                ]
            }
        ],
        "ICA bifurcation": [
            {
                "id": 425,
                "degree": 3,
                "label": 6,
                "coords": [
                    -14.91439,
                    178.0498,
                    -417.51176
                ]
            }
        ],
        "ACA boundary": [
            {
                "id": 711,
                "degree": 2,
                "label": 6,
                "coords": [
                    -13.08105,
                    177.28105,
                    -416.05134
                ]
            }
        ],
        "MCA boundary": [
            {
                "id": 435,
                "degree": 2,
                "label": 6,
                "coords": [
                    -17.58105,
                    178.86855,
                    -417.01697
                ]
            }
        ]
    },
    "7": {
        "ICA boundary": [
            {
                "id": 435,
                "degree": 2,
                "label": 7,
                "coords": [
                    -17.58105,
                    178.86855,
                    -417.01697
                ]
            }
        ],
        "MCA end": [
            {
                "id": 451,
                "degree": 3,
                "label": 7,