{
    "1": {
        "BA start": [
            {
                "id": 0,
                "degree": 1,
                "label": 1,
                "coords": [
                    2.33916,
                    -7.17465,
                    -39.74233
                ]
            }
        ],
        "BA bifurcation": [
            {
                "id": 58,
                "degree": 3,
                "label": 1,
                "coords": [
                    -2.06421,
                    -8.29889,
                    -25.5297
                ]
            }
        ],
        "R-PCA boundary": [
            {
                "id": 66,
                "degree": 2,
                "label": 1,
                "coords": [
                    -0.08302,
                    -8.16944,
                    -25.12755
                ]
            }
        ],
        "L-PCA boundary": [
            {
                "id": 209,
                "degree": 2,
                "label": 1,
                "coords": [
                    -3.60481,
                    -7.79604,
                    -24.90475
                ]
            }
        ]
    },
    "2": {
        "BA boundary": [
            {
                "id": 66,
                "degree": 2,
                "label": 2,
                "coords": [
                    -0.08302,
                    -8.16944,
                    -25.12755
                ]
            }
        ],
        "Pcom bifurcation": [
            {
                "id": 119,
                "degree": 3,
                "label": 2,
                "coords": [
                    11.94055,
                    -6.49142,
                    -31.45212
                ]
            }
        ],
        "Pcom boundary": [
            {
                "id": 722,
                "degree": 2,
                "label": 2,
                "coords": [
                    12.41614,
                    -4.70044,
                    -32.20141
                ]
            }
        ],
        "PCA end": [
            {
                "id": 203,
                "degree": 1,
                "label": 2,
                "coords": [
                    15.76212,
                    -27.67511,
                    -28.43194
                ]
            }
        ]
    },
    "3": {
        "BA boundary": [
            {
                "id": 209,
                "degree": 2,
                "label": 3,
                "coords": [
                    -3.60481,
                    -7.79604,
                    -24.90475
                ]
            }
        ],
        "Pcom bifurcation": [
            {
                "id": 221,
                "degree": 3,
                "label": 3,
                "coords": [
                    -6.5983,
                    -7.5081,
                    -25.08785
                ]
            }
        ],
        "Pcom boundary": [
            {
                "id": 778,
                "degree": 2,
                "label": 3,
                "coords": [
                    -6.94107,
                    -7.04273,
                    -25.73821
                ]
            }
        ],
        "PCA end": [
            {
                "id": 354,
                "degree": 1,
                "label": 3,
                "coords": [
                    -16.72146,
                    -35.09801,
                    -28.60337
                ]
            }
        ]
    },
    "4": {
        "ICA start": [
            {
                "id": 355,
                "degree": 1,
                "label": 4,
                "coords": [
                    13.61477,
                    10.75284,
                    -30.89614
                ]
            }
        ],
        "Pcom bifurcation": [
            {
                "id": 426,
                "degree": 3,
                "label": 4,
                "coords": [
                    10.33032,
                    2.467,
                    -23.41719
                ]
            }
        ],
        "Pcom boundary": [
            {
                "id": 685,
                "degree": 2,
                "label": 4,
                "coords": [
                    10.77633,
                    1.55074,
                    -24.96536
                ]
            }
        ],
        "ICA bifurcation": [
            {
                "id": 447,
                "degree": 3,
                "label": 4,
                "coords": [
                    12.82612,
                    -1.12807,
                    -18.95458
                ]
            }
        ],
        "ACA boundary": [
            {
                "id": 787,
                "degree": 2,
                "label": 4,
                "coords": [
                    10.74041,
                    -1.74117,
                    -17.68472
                ]
            }
        ],
        "MCA boundary": [
            {
                "id": 456,
                "degree": 2,
                "label": 4,
                "coords": [
                    15.00067,
                    0.00802,
                    -17.62402
                ]
            }
        ]
    },
    "5": {
        "ICA boundary": [
            {
                "id": 456,
                "degree": 2,
                "label": 5,
                "coords": [
                    15.00067,
                    0.00802,
                    -17.62402
                ]
            }
        ],
        "MCA end": [
            {
                "id": 519,
                "degree": 1,
                "label": 5,
                "coords": [
                    29.10674,
                    12.32436,
                    -17.98773
                ]
            }
        ]
    },
    "6": {
        "ICA start": [
            {
                "id": 520,
                "degree": 1,
                "label": 6,
                "coords": [
                    -18.56243,
                    13.1562,
                    -28.95808
                ]
            }
        ],
        "Pcom bifurcation": [
            {
                "id": 591,
                "degree": 3,
                "label": 6,
                "coords": [
                    -16.73638,
                    3.13363,
                    -22.95454
                ]
            }
        ],
        "Pcom boundary": [
            {
                "id": 734,
                "degree": 2,
                "label": 6,
                "coords": [
                    -16.71408,
                    2.30415,
                    -24.64824
                ]
            }
        ],
        "ICA bifurcation": [
            {
                "id": 611,
                "degree": 3,
                "label": 6,
                "coords": [
                    -19.82896,
                    -1.05087,
                    -18.83356
                ]
            }
        ],
        "ACA boundary": [
            {
                "id": 946,
                "degree": 2,
                "label": 6,
                "coords": [
                    -17.30931,
                    -2.0393,
                    -17.78942
                ]
            }
        ],
        "MCA boundary": [
            {
                "id": 622,
                "degree": 2,
                "label": 6,
                "coords": [
                    -22.81141,
                    -0.1284,
                    -17.83047
                ]
            }
        ]
    },
    "7": {
        "ICA boundary": [
            {
                "id": 622,
                "degree": 2,
                "label": 7,
                "coords": [
                    -22.81141,
                    -0.1284,
                    -17.83047
                ]
            }
        ],
        "MCA end": [
            {
                "id": 680,
                "degree": 1,
                "label": 7,