{
    "1": {
        "BA start": [
            {
                "id": 0,
                "degree": 1,
                "label": 1,
                "coords": [
                    -0.94967,
                    -7.41466,
                    -26.76538
                ]
            }
        ],
        "BA bifurcation": [
            {
                "id": 36,
                "degree": 3,
                "label": 1,
                "coords": [
                    -1.63979,
                    -8.85773,
                    -17.23591
                ]
            }
        ],
        "R-PCA boundary": [
            {
                "id": 44,
                "degree": 2,
                "label": 1,
                "coords": [
                    0.1589,
                    -10.07976,
                    -16.75983
                ]
            }
        ],
        "L-PCA boundary": [
            {
                "id": 145,
                "degree": 2,
                "label": 1,
                "coords": [
                    -2.57606,
                    -7.74265,
                    -15.66215
                ]
            }
        ]
    },
    "2": {
        "BA boundary": [
            {
                "id": 44,
                "degree": 2,
                "label": 2,
                "coords": [
                    0.1589,
                    -10.07976,
                    -16.75983
                ]
            }
        ],
        "Pcom bifurcation": [
            {
                "id": 79,
                "degree": 3,
                "label": 2,
                "coords": [
                    8.14694,
                    -7.7772,
                    -17.73315
                ]
            }
        ],
        "Pcom boundary": [
            {
                "id": 612,
                "degree": 2,
                "label": 2,
                "coords": [
                    8.59874,
                    -5.51866,
                    -16.86727
                ]
            }
        ],
        "PCA end": [
            {
                "id": 138,
                "degree": 1,
                "label": 2,
                "coords": [
                    20.77471,
                    -19.37927,
                    -24.6258
                ]
            }
        ]
    },
    "3": {
        "BA boundary": [
            {
                "id": 145,
                "degree": 2,
                "label": 3,
                "coords": [
                    -2.57606,
                    -7.74265,
                    -15.66215
                ]
            }
        ],
        "PCA end": [
            {
                "id": 270,
                "degree": 1,
                "label": 3,
                "coords": [
                    -15.37211,
                    -30.8868,
                    -10.79515
                ]
            }
        ]
    },
    "4": {
        "ICA start": [
            {
                "id": 271,
                "degree": 1,
                "label": 4,
                "coords": [
                    11.31127,
                    11.25469,
                    -21.81986
                ]
            }
        ],
        "Pcom bifurcation": [
            {
                "id": 342,
                "degree": 3,
                "label": 4,
                "coords": [
                    14.45636,
                    4.5883,
                    -15.29509
                ]
            }
        ],
        "Pcom boundary": [
            {
                "id": 577,
                "degree": 2,
                "label": 4,
                "coords": [
                    13.90268,
                    3.54254,
                    -16.19137
                ]
            }
        ],
        "MCA boundary": [
            {
                "id": 364,
                "degree": 2,
                "label": 4,
                "coords": [
                    20.44303,
                    5.35048,
                    -14.75961
                ]
            }
        ]
    },
    "5": {
        "ICA boundary": [
            {
                "id": 364,
                "degree": 2,
                "label": 5,
                "coords": [
                    20.44303,
                    5.35048,
                    -14.75961
                ]
            }
        ],
        "MCA end": [
            {
                "id": 412,
                "degree": 1,
                "label": 5,
                "coords": [
                    30.95174,
                    12.7258,
                    -18.814
                ]
            }
        ]
    },
    "6": {
        "ICA start": [
            {
                "id": 413,
                "degree": 1,
                "label": 6,
                "coords": [
                    -16.42755,
                    11.7554,
                    -15.6869
                ]
            }
        ],
        "ICA bifurcation": [
            {
                "id": 505,
                "degree": 3,
                "label": 6,
                "coords": [
                    -11.29261,
                    -1.05369,
                    -3.78914
                ]
            }
        ],
        "ACA boundary": [
            {
                "id": 625,
                "degree": 2,
                "label": 6,
                "coords": [
                    -9.16674,
                    -2.13349,
                    -3.64652
                ]
            }
        ],
        "MCA boundary": [
            {
                "id": 517,
                "degree": 2,
                "label": 6,
                "coords": [
                    -13.73332,
                    -0.14228,
                    -0.8708
                ]
            }
        ]
    },
    "7": {
        "ICA boundary": [
            {
                "id": 517,
                "degree": 2,
                "label": 7,
                "coords": [
                    -13.73332,
                    -0.14228,
                    -0.8708
                ]
            }
        ],
        "MCA end": [
            {
                "id": 574,
                "degree": 1,
                "label": 7,
                "coords": [
                    -27.28447,
                    9.96729,
                    -1.09341
                ]
            }
        ]
    },
    "8": {
        "ICA boundary": [
            {
                "id": 577,
                "degree": 2,
                "label": 8,
                "coords": [
                    13.90268,
                    3.54254,
                    -16.19137
                ]
            }
        ],
        "PCA boundary": [
            {
                "id": 612,
                "degree": 2,
                "label": 8,
                "coords": [
                    8.59874,
                    -5.51866,
                    -16.86727
                ]
            }
        ]
    },
    "10": {
        "R-ACA boundary": [
            {
                "id": 741,
                "degree": 2,
                "label": 10,
                "coords": [
                    3.08117,
                    6.50071,
                    -9.52321
                ]
            }
        ],
        "L-ACA boundary": [
            {
                "id": 720,
                "degree": 2,
                "label": 10,
                "coords": [
                    1.58777,
                    3.16916,
                    -5.74249
                ]
            }
        ]
    },
    "11": {
        "Acom boundary": [
            {
                "id": 741,
                "degree": 2,
                "label": 11,
                "coords": [
                    3.08117,
                    6.50071,
                    -9.52321
                ]
            }
        ],
        "ACA end": [
            {
                "id": 807,
                "degree": 1,
                "label": 11,