{
    "1": {
        "BA start": [
            {
                "id": 0,
                "degree": 1,
                "label": 1,
                "coords": [
                    14.79688,
                    209.64062,
                    1564.13428
                ]
            }
        ],
        "BA bifurcation": [
            {
                "id": 50,
                "degree": 3,
                "label": 1,
                "coords": [
                    11.3125,
                    213.0625,
                    1576.63428
                ]
            }
        ],
        "R-PCA boundary": [
            {
                "id": 61,
                "degree": 2,
                "label": 1,
                "coords": [
                    13.3125,
                    212.71562,
                    1578.53428
                ]
            }
        ],
        "L-PCA boundary": [
            {
                "id": 179,
                "degree": 2,
                "label": 1,
                "coords": [
                    9.6,
                    214.83125,
                    1578.40928
                ]
            }
        ]
    },
    "2": {
        "BA boundary": [
            {
                "id": 61,
                "degree": 2,
                "label": 2,
                "coords": [
                    13.3125,
                    212.71562,
                    1578.53428
                ]
            }
        ],
        "PCA end": [
            {
                "id": 170,
                "degree": 1,
                "label": 2,
                "coords": [
                    29.21875,
                    198.5625,
                    1570.8999
                ]
            }
        ]
    },
    "3": {
        "BA boundary": [
            {
                "id": 179,
                "degree": 2,
                "label": 3,
                "coords": [
                    9.6,
                    214.83125,
                    1578.40928
                ]
            }
        ],
        "Pcom bifurcation": [
            {
                "id": 207,
                "degree": 3,
                "label": 3,
                "coords": [
                    5.2625,
                    220.79062,
                    1575.46865
                ]
            }
        ],
        "Pcom boundary": [
            {
                "id": 207,
                "degree": 3,
                "label": 3,
                "coords": [
                    5.2625,
                    220.79062,
                    1575.46865
                ]
            }
        ],
        "PCA end": [
            {
                "id": 297,
                "degree": 1,
                "label": 3,
                "coords": [
                    -9.1875,
                    203.3125,
                    1568.61865
                ]
            }
        ]
    },
    "4": {
        "ICA start": [
            {
                "id": 298,
                "degree": 1,
                "label": 4,
                "coords": [
                    21.5625,
                    226.8125,
                    1568.4624
                ]
            }
        ],
        "ICA bifurcation": [
            {
                "id": 337,
                "degree": 3,
                "label": 4,
                "coords": [
                    28.64583,
                    219.8125,
                    1574.30094
                ]
            }
        ],
        "ACA boundary": [
            {
                "id": 664,
                "degree": 2,
                "label": 4,
                "coords": [
                    27.10938,
                    219.63125,
                    1575.63428
                ]
            }
        ],
        "MCA boundary": [
            {
                "id": 344,
                "degree": 2,
                "label": 4,
                "coords": [
                    30.5625,
                    219.79688,
                    1574.61865
                ]
            }
        ]
    },
    "5": {
        "ICA boundary": [
            {
                "id": 344,
                "degree": 2,
                "label": 5,
                "coords": [
                    30.5625,
                    219.79688,
                    1574.61865
                ]
            }
        ],
        "MCA end": [
            {
                "id": 376,
                "degree": 3,
                "label": 5,
                "coords": [
                    38.5625,
                    221.5625,
                    1575.13428
                ]
            }
        ]
    },
    "6": {
        "ICA start": [
            {
                "id": 435,
                "degree": 1,
                "label": 6,
                "coords": [
                    5.04688,
                    230.54688,
                    1568.66553
                ]
            }
        ],
        "Pcom bifurcation": [
            {
                "id": 442,
                "degree": 3,
                "label": 6,
                "coords": [
                    3.17291,
                    229.01454,
                    1569.07593
                ]
            }
        ],
        "Pcom boundary": [
            {
                "id": 617,
                "degree": 2,
                "label": 6,
                "coords": [
                    3.66667,
                    227.56771,
                    1568.06033
                ]
            }
        ],
        "ICA bifurcation": [
            {
                "id": 477,
                "degree": 3,
                "label": 6,
                "coords": [
                    -3.6875,
                    231.3125,
                    1575.13428
                ]
            }
        ],
        "ACA boundary": [
            {
                "id": 799,
                "degree": 2,
                "label": 6,
                "coords": [
                    -2.3375,
                    231.27188,
                    1576.83115
                ]
            }
        ],
        "MCA boundary": [
            {
                "id": 486,
                "degree": 2,
                "label": 6,
                "coords": [
                    -5.9375,
                    232.81562,
                    1576.09678
                ]
            }
        ]
    },
    "7": {
        "ICA boundary": [
            {
                "id": 486,
                "degree": 2,
                "label": 7,
                "coords": [
                    -5.9375,
                    232.81562,
                    1576.09678
                ]
            }
        ],
        "MCA end": [
            {
                "id": 497,
                "degree": 3,
                "label": 7,
                "coords": [
                    -8.4375,
                    234.3125,
                    1576.88428
                ]
            }
        ]
    },
    "9": {
        "ICA boundary": [
            {
                "id": 617,
                "degree": 2,
                "label": 9,
                "coords": [
                    3.66667,
                    227.56771,
                    1568.06033
                ]
            }
        ],
        "PCA boundary": [
            {
                "id": 207,
                "degree": 3,
                "label": 9,
                "coords": [
                    5.2625,
                    220.79062,
                    1575.46865
                ]
            }
        ]
    },
    "10": {
        "R-ACA boundary": [
            {
                "id": 946,
                "degree": 2,
                "label": 10,
                "coords": [
                    13.79062,
                    224.89688,
                    1576.8874
                ]
            }
        ],
        "L-ACA boundary": [
            {
                "id": 955,
                "degree": 2,
                "label": 10,