{
    "1": {
        "BA start": [
            {
                "id": 0,
                "degree": 1,
                "label": 1,
                "coords": [
                    -18.49219,
                    187.50781,
                    -301.80212
                ]
            }
        ],
        "BA bifurcation": [
            {
                "id": 37,
                "degree": 3,
                "label": 1,
                "coords": [
                    -19.74219,
                    190.27344,
                    -292.64587
                ]
            }
        ],
        "R-PCA boundary": [
            {
                "id": 43,
                "degree": 2,
                "label": 1,
                "coords": [
                    -18.59219,
                    190.47969,
                    -291.16462
                ]
            }
        ],
        "L-PCA boundary": [
            {
                "id": 64,
                "degree": 2,
                "label": 1,
                "coords": [
                    -21.49219,
                    191.29219,
                    -291.84275
                ]
            }
        ]
    },
    "2": {
        "BA boundary": [
            {
                "id": 43,
                "degree": 2,
                "label": 2,
                "coords": [
                    -18.59219,
                    190.47969,
                    -291.16462
                ]
            }
        ],
        "PCA end": [
            {
                "id": 57,
                "degree": 1,
                "label": 2,
                "coords": [
                    -15.24219,
                    191.35156,
                    -290.14587
                ]
            }
        ]
    },
    "3": {
        "BA boundary": [
            {
                "id": 64,
                "degree": 2,
                "label": 3,
                "coords": [
                    -21.49219,
                    191.29219,
                    -291.84275
                ]
            }
        ],
        "PCA end": [
            {
                "id": 145,
                "degree": 1,
                "label": 3,
                "coords": [
                    -36.97656,
                    181.77344,
                    -292.56775
                ]
            }
        ]
    },
    "4": {
        "ICA start": [
            {
                "id": 146,
                "degree": 1,
                "label": 4,
                "coords": [
                    -10.49219,
                    204.10156,
                    -294.9115
                ]
            }
        ],
        "ICA bifurcation": [
            {
                "id": 173,
                "degree": 3,
                "label": 4,
                "coords": [
                    -7.74219,
                    201.52344,
                    -289.64587
                ]
            }
        ],
        "ACA boundary": [
            {
                "id": 361,
                "degree": 2,
                "label": 4,
                "coords": [
                    -8.99219,
                    202.40469,
                    -288.51775
                ]
            }
        ],
        "MCA boundary": [
            {
                "id": 181,
                "degree": 2,
                "label": 4,
                "coords": [
                    -5.74219,
                    201.87344,
                    -288.49275
                ]
            }
        ]
    },
    "5": {
        "ICA boundary": [
            {
                "id": 181,
                "degree": 2,
                "label": 5,
                "coords": [
                    -5.74219,
                    201.87344,
                    -288.49275
                ]
            }
        ],
        "MCA end": [
            {
                "id": 222,
                "degree": 1,
                "label": 5,
                "coords": [
                    4.50781,
                    203.53906,
                    -287.48962
                ]
            }
        ]
    },
    "6": {
        "ICA start": [
            {
                "id": 223,
                "degree": 1,
                "label": 6,
                "coords": [
                    -30.24219,
                    205.42969,
                    -295.89587
                ]
            }
        ],
        "ICA bifurcation": [
            {
                "id": 257,
                "degree": 3,
                "label": 6,
                "coords": [
                    -34.74219,
                    200.77344,
                    -288.64587
                ]
            }
        ],
        "ACA boundary": [
            {
                "id": 470,
                "degree": 2,
                "label": 6,
                "coords": [
                    -32.74219,
                    200.97656,
                    -287.874
                ]
            }
        ],
        "MCA boundary": [
            {
                "id": 267,
                "degree": 2,
                "label": 6,
                "coords": [
                    -37.24219,
                    200.52344,
                    -287.89275
                ]
            }
        ]
    },
    "7": {
        "ICA boundary": [
            {
                "id": 267,
                "degree": 2,
                "label": 7,
                "coords": [
                    -37.24219,
                    200.52344,
                    -287.89275
                ]
            }
        ],
        "MCA end": [
            {
                "id": 312,
                "degree": 3,
                "label": 7,
                "coords": [
                    -47.49219,
                    205.77344,
                    -287.64587
                ]
            }
        ]
    },
    "10": {
        "R-ACA boundary": [
            {
                "id": 573,
                "degree": 2,
                "label": 10,
                "coords": [
                    -21.81198,
                    205.69427,
                    -288.56879
                ]
            }
        ],
        "L-ACA boundary": [
            {
                "id": 582,
                "degree": 2,
                "label": 10,
                "coords": [
                    -23.925,
                    206.91406,
                    -289.27244
                ]
            }
        ]
    },
    "11": {
        "ICA boundary": [
            {
                "id": 361,
                "degree": 2,
                "label": 11,
                "coords": [
                    -8.99219,
                    202.40469,
                    -288.51775
                ]
            }
        ],
        "Acom bifurcation": [
            {
                "id": 417,
                "degree": 3,
                "label": 11,
                "coords": [
                    -21.01823,
                    205.43178,
                    -287.1219
                ]
            }
        ],
        "Acom boundary": [
            {
                "id": 573,
                "degree": 2,
                "label": 11,
                "coords": [
                    -21.81198,
                    205.69427,
                    -288.56879
                ]
            }
        ],
        "ACA end": [
            {
                "id": 462,
                "degree": 1,
                "label": 11,
                "coords": [
                    -21.49219,
                    212.19531,
                    -277.39587
                ]
            }
        ]
    },
    "12": {
        "ICA boundary": [
            {
                "id": 470,
                "degree": 2,
                "label": 12,
                "coords": [
                    -32.74219,
                    200.97656,
                    -287.874
                ]
            }
        ],
        "Acom bifurcation": [
            {
                "id": 505,