{
    "1": {
        "BA start": [
            {
                "id": 0,
                "degree": 1,
                "label": 1,
                "coords": [
                    -6.98047,
                    184.59766,
                    -123.0
                ]
            }
        ],
        "BA bifurcation": [
            {
                "id": 28,
                "degree": 3,
                "label": 1,
                "coords": [
                    -7.73047,
                    186.58203,
                    -116.0
                ]
            }
        ],
        "R-PCA boundary": [
            {
                "id": 33,
                "degree": 2,
                "label": 1,
                "coords": [
                    -6.48047,
                    186.48203,
                    -115.2125
                ]
            }
        ],
        "L-PCA boundary": [
            {
                "id": 122,
                "degree": 2,
                "label": 1,
                "coords": [
                    -8.99609,
                    187.04766,
                    -114.90312
                ]
            }
        ]
    },
    "2": {
        "BA boundary": [
            {
                "id": 33,
                "degree": 2,
                "label": 2,
                "coords": [
                    -6.48047,
                    186.48203,
                    -115.2125
                ]
            }
        ],
        "Pcom bifurcation": [
            {
                "id": 52,
                "degree": 3,
                "label": 2,
                "coords": [
                    -1.73047,
                    187.37891,
                    -113.40625
                ]
            }
        ],
        "Pcom boundary": [
            {
                "id": 449,
                "degree": 2,
                "label": 2,
                "coords": [
                    -1.59922,
                    188.33516,
                    -113.80312
                ]
            }
        ],
        "PCA end": [
            {
                "id": 116,
                "degree": 1,
                "label": 2,
                "coords": [
                    9.94141,
                    178.08203,
                    -114.48438
                ]
            }
        ]
    },
    "3": {
        "BA boundary": [
            {
                "id": 122,
                "degree": 2,
                "label": 3,
                "coords": [
                    -8.99609,
                    187.04766,
                    -114.90312
                ]
            }
        ],
        "PCA end": [
            {
                "id": 199,
                "degree": 1,
                "label": 3,
                "coords": [
                    -23.55859,
                    178.33203,
                    -111.76562
                ]
            }
        ]
    },
    "4": {
        "ICA start": [
            {
                "id": 200,
                "degree": 1,
                "label": 4,
                "coords": [
                    2.01953,
                    204.39453,
                    -119.5
                ]
            }
        ],
        "Pcom bifurcation": [
            {
                "id": 219,
                "degree": 3,
                "label": 4,
                "coords": [
                    4.03828,
                    200.83203,
                    -115.5875
                ]
            }
        ],
        "Pcom boundary": [
            {
                "id": 403,
                "degree": 2,
                "label": 4,
                "coords": [
                    3.21953,
                    199.08203,
                    -116.22812
                ]
            }
        ],
        "ICA bifurcation": [
            {
                "id": 244,
                "degree": 3,
                "label": 4,
                "coords": [
                    9.51953,
                    200.58203,
                    -111.75
                ]
            }
        ],
        "ACA boundary": [
            {
                "id": 459,
                "degree": 2,
                "label": 4,
                "coords": [
                    7.88516,
                    201.98828,
                    -110.81875
                ]
            }
        ],
        "MCA boundary": [
            {
                "id": 258,
                "degree": 2,
                "label": 4,
                "coords": [
                    13.01953,
                    199.83203,
                    -111.13125
                ]
            }
        ]
    },
    "5": {
        "ICA boundary": [
            {
                "id": 258,
                "degree": 2,
                "label": 5,
                "coords": [
                    13.01953,
                    199.83203,
                    -111.13125
                ]
            }
        ],
        "MCA end": [
            {
                "id": 301,
                "degree": 1,
                "label": 5,
                "coords": [
                    21.28516,
                    203.59766,
                    -118.0
                ]
            }
        ]
    },
    "6": {
        "ICA start": [
            {
                "id": 302,
                "degree": 1,
                "label": 6,
                "coords": [
                    -13.46484,
                    203.56641,
                    -118.5
                ]
            }
        ],
        "ICA bifurcation": [
            {
                "id": 341,
                "degree": 3,
                "label": 6,
                "coords": [
                    -18.23047,
                    198.83203,
                    -111.0
                ]
            }
        ],
        "ACA boundary": [
            {
                "id": 569,
                "degree": 2,
                "label": 6,
                "coords": [
                    -16.73047,
                    199.02891,
                    -110.49688
                ]
            }
        ],
        "MCA boundary": [
            {
                "id": 353,
                "degree": 2,
                "label": 6,
                "coords": [
                    -20.98359,
                    199.76328,
                    -110.40625
                ]
            }
        ]
    },
    "7": {
        "ICA boundary": [
            {
                "id": 353,
                "degree": 2,
                "label": 7,
                "coords": [
                    -20.98359,
                    199.76328,
                    -110.40625
                ]
            }
        ],
        "MCA end": [
            {
                "id": 396,
                "degree": 1,
                "label": 7,
                "coords": [
                    -31.62109,
                    202.86328,
                    -111.48438
                ]
            }
        ]
    },
    "8": {
        "ICA boundary": [
            {
                "id": 403,
                "degree": 2,
                "label": 8,
                "coords": [
                    3.21953,
                    199.08203,
                    -116.22812
                ]
            }
        ],
        "PCA boundary": [
            {
                "id": 449,
                "degree": 2,
                "label": 8,
                "coords": [
                    -1.59922,
                    188.33516,
                    -113.80312
                ]
            }
        ]
    },
    "10": {
        "R-ACA boundary": [
            {
                "id": 683,
                "degree": 2,
                "label": 10,
                "coords": [
                    -3.53984,
                    204.75703,
                    -113.07812
                ]
            }
        ],
        "L-ACA boundary": [
            {
                "id": 688,
                "degree": 2,
                "label": 10,