{
    "1": {
        "BA start": [
            {
                "id": 0,
                "degree": 1,
                "label": 1,
                "coords": [
                    -6.63904,
                    -13.4791,
                    -43.01275
                ]
            }
        ],
        "BA bifurcation": [
            {
                "id": 24,
                "degree": 3,
                "label": 1,
                "coords": [
                    -8.85174,
                    -14.86374,
                    -37.16907
                ]
            }
        ],
        "R-PCA boundary": [
            {
                "id": 31,
                "degree": 2,
                "label": 1,
                "coords": [
                    -7.18365,
                    -14.77518,
                    -35.9186
                ]
            }
        ],
        "L-PCA boundary": [
            {
                "id": 121,
                "degree": 2,
                "label": 1,
                "coords": [
                    -9.89823,
                    -14.22868,
                    -36.67478
                ]
            }
        ]
    },
    "2": {
        "BA boundary": [
            {
                "id": 31,
                "degree": 2,
                "label": 2,
                "coords": [
                    -7.18365,
                    -14.77518,
                    -35.9186
                ]
            }
        ],
        "Pcom bifurcation": [
            {
                "id": 61,
                "degree": 3,
                "label": 2,
                "coords": [
                    -0.02359,
                    -11.99273,
                    -32.70288
                ]
            }
        ],
        "Pcom boundary": [
            {
                "id": 61,
                "degree": 3,
                "label": 2,
                "coords": [
                    -0.02359,
                    -11.99273,
                    -32.70288
                ]
            }
        ],
        "PCA end": [
            {
                "id": 117,
                "degree": 1,
                "label": 2,
                "coords": [
                    12.35002,
                    -21.49188,
                    -29.82119
                ]
            }
        ]
    },
    "3": {
        "BA boundary": [
            {
                "id": 121,
                "degree": 2,
                "label": 3,
                "coords": [
                    -9.89823,
                    -14.22868,
                    -36.67478
                ]
            }
        ],
        "Pcom bifurcation": [
            {
                "id": 153,
                "degree": 3,
                "label": 3,
                "coords": [
                    -16.37205,
                    -9.59403,
                    -34.38251
                ]
            }
        ],
        "Pcom boundary": [
            {
                "id": 153,
                "degree": 3,
                "label": 3,
                "coords": [
                    -16.37205,
                    -9.59403,
                    -34.38251
                ]
            }
        ],
        "PCA end": [
            {
                "id": 231,
                "degree": 1,
                "label": 3,
                "coords": [
                    -28.37445,
                    -27.9185,
                    -29.65037
                ]
            }
        ]
    },
    "4": {
        "ICA start": [
            {
                "id": 232,
                "degree": 1,
                "label": 4,
                "coords": [
                    4.33001,
                    3.2029,
                    -37.98577
                ]
            }
        ],
        "Pcom bifurcation": [
            {
                "id": 303,
                "degree": 3,
                "label": 4,
                "coords": [
                    4.81062,
                    0.12975,
                    -32.0038
                ]
            }
        ],
        "Pcom boundary": [
            {
                "id": 529,
                "degree": 2,
                "label": 4,
                "coords": [
                    4.3355,
                    -0.38451,
                    -33.29371
                ]
            }
        ],
        "ICA bifurcation": [
            {
                "id": 327,
                "degree": 3,
                "label": 4,
                "coords": [
                    8.47794,
                    -1.86264,
                    -27.02799
                ]
            }
        ],
        "ACA boundary": [
            {
                "id": 621,
                "degree": 2,
                "label": 4,
                "coords": [
                    6.80093,
                    -1.18152,
                    -26.16495
                ]
            }
        ],
        "MCA boundary": [
            {
                "id": 332,
                "degree": 2,
                "label": 4,
                "coords": [
                    9.69929,
                    -2.09292,
                    -26.48293
                ]
            }
        ]
    },
    "5": {
        "ICA boundary": [
            {
                "id": 332,
                "degree": 2,
                "label": 5,
                "coords": [
                    9.69929,
                    -2.09292,
                    -26.48293
                ]
            }
        ],
        "MCA end": [
            {
                "id": 380,
                "degree": 1,
                "label": 5,
                "coords": [
                    21.37205,
                    1.72111,
                    -26.59086
                ]
            }
        ]
    },
    "6": {
        "ICA start": [
            {
                "id": 381,
                "degree": 1,
                "label": 6,
                "coords": [
                    -19.17909,
                    4.9333,
                    -38.81608
                ]
            }
        ],
        "Pcom bifurcation": [
            {
                "id": 443,
                "degree": 3,
                "label": 6,
                "coords": [
                    -18.89615,
                    1.06475,
                    -34.57034
                ]
            }
        ],
        "Pcom boundary": [
            {
                "id": 577,
                "degree": 2,
                "label": 6,
                "coords": [
                    -18.37413,
                    -0.09492,
                    -35.71274
                ]
            }
        ],
        "ICA bifurcation": [
            {
                "id": 471,
                "degree": 3,
                "label": 6,
                "coords": [
                    -23.73144,
                    0.6969,
                    -29.65086
                ]
            }
        ],
        "ACA boundary": [
            {
                "id": 765,
                "degree": 2,
                "label": 6,
                "coords": [
                    -22.29267,
                    0.46131,
                    -28.61202
                ]
            }
        ],
        "MCA boundary": [
            {
                "id": 476,
                "degree": 2,
                "label": 6,
                "coords": [
                    -25.02286,
                    0.78808,
                    -29.11275
                ]
            }
        ]
    },
    "7": {
        "ICA boundary": [
            {
                "id": 476,
                "degree": 2,
                "label": 7,
                "coords": [
                    -25.02286,
                    0.78808,
                    -29.11275
                ]
            }
        ],
        "MCA end": [
            {
                "id": 525,
                "degree": 1,
                "label": 7,