{
    "1": {
        "BA start": [
            {
                "id": 0,
                "degree": 1,
                "label": 1,
                "coords": [
                    1.74427,
                    -1.46546,
                    -6.69816
                ]
            }
        ],
        "BA bifurcation": [
            {
                "id": 18,
                "degree": 3,
                "label": 1,
                "coords": [
                    3.47749,
                    -1.40832,
                    -2.03724
                ]
            }
        ],
        "R-PCA boundary": [
            {
                "id": 25,
                "degree": 2,
                "label": 1,
                "coords": [
                    5.15425,
                    -1.49149,
                    -1.27221
                ]
            }
        ],
        "L-PCA boundary": [
            {
                "id": 140,
                "degree": 2,
                "label": 1,
                "coords": [
                    2.39426,
                    -1.04228,
                    -0.62441
                ]
            }
        ]
    },
    "2": {
        "BA boundary": [
            {
                "id": 25,
                "degree": 2,
                "label": 2,
                "coords": [
                    5.15425,
                    -1.49149,
                    -1.27221
                ]
            }
        ],
        "Pcom bifurcation": [
            {
                "id": 53,
                "degree": 3,
                "label": 2,
                "coords": [
                    7.3429,
                    -4.28344,
                    5.93678
                ]
            }
        ],
        "Pcom boundary": [
            {
                "id": 610,
                "degree": 2,
                "label": 2,
                "coords": [
                    7.66773,
                    -3.59211,
                    5.87546
                ]
            }
        ],
        "PCA end": [
            {
                "id": 134,
                "degree": 1,
                "label": 2,
                "coords": [
                    18.88043,
                    -20.61698,
                    4.34113
                ]
            }
        ]
    },
    "3": {
        "BA boundary": [
            {
                "id": 140,
                "degree": 2,
                "label": 3,
                "coords": [
                    2.39426,
                    -1.04228,
                    -0.62441
                ]
            }
        ],
        "Pcom bifurcation": [
            {
                "id": 172,
                "degree": 3,
                "label": 3,
                "coords": [
                    -3.85647,
                    -1.15064,
                    4.90755
                ]
            }
        ],
        "Pcom boundary": [
            {
                "id": 172,
                "degree": 3,
                "label": 3,
                "coords": [
                    -3.85647,
                    -1.15064,
                    4.90755
                ]
            }
        ],
        "PCA end": [
            {
                "id": 248,
                "degree": 1,
                "label": 3,
                "coords": [
                    -17.11618,
                    -16.63788,
                    2.32438
                ]
            }
        ]
    },
    "4": {
        "ICA start": [
            {
                "id": 249,
                "degree": 1,
                "label": 4,
                "coords": [
                    19.77337,
                    15.09056,
                    1.34171
                ]
            }
        ],
        "Pcom bifurcation": [
            {
                "id": 320,
                "degree": 3,
                "label": 4,
                "coords": [
                    16.71797,
                    6.24432,
                    10.21482
                ]
            }
        ],
        "Pcom boundary": [
            {
                "id": 565,
                "degree": 2,
                "label": 4,
                "coords": [
                    16.5461,
                    5.91866,
                    8.2084
                ]
            }
        ],
        "ICA bifurcation": [
            {
                "id": 344,
                "degree": 3,
                "label": 4,
                "coords": [
                    20.27327,
                    2.32998,
                    14.65825
                ]
            }
        ],
        "ACA boundary": [
            {
                "id": 665,
                "degree": 2,
                "label": 4,
                "coords": [
                    18.36538,
                    1.92138,
                    15.63845
                ]
            }
        ],
        "MCA boundary": [
            {
                "id": 349,
                "degree": 2,
                "label": 4,
                "coords": [
                    21.48776,
                    2.17148,
                    15.01167
                ]
            }
        ]
    },
    "5": {
        "ICA boundary": [
            {
                "id": 349,
                "degree": 2,
                "label": 5,
                "coords": [
                    21.48776,
                    2.17148,
                    15.01167
                ]
            }
        ],
        "MCA end": [
            {
                "id": 405,
                "degree": 1,
                "label": 5,
                "coords": [
                    35.80695,
                    9.32894,
                    18.42295
                ]
            }
        ]
    },
    "6": {
        "ICA start": [
            {
                "id": 406,
                "degree": 1,
                "label": 6,
                "coords": [
                    -11.87632,
                    16.74573,
                    -2.40139
                ]
            }
        ],
        "Pcom bifurcation": [
            {
                "id": 477,
                "degree": 3,
                "label": 6,
                "coords": [
                    -8.99724,
                    9.15337,
                    4.63688
                ]
            }
        ],
        "Pcom boundary": [
            {
                "id": 618,
                "degree": 2,
                "label": 6,
                "coords": [
                    -9.98268,
                    8.29822,
                    2.56144
                ]
            }
        ],
        "ICA bifurcation": [
            {
                "id": 501,
                "degree": 3,
                "label": 6,
                "coords": [
                    -12.08342,
                    5.51765,
                    9.25496
                ]
            }
        ],
        "ACA boundary": [
            {
                "id": 807,
                "degree": 2,
                "label": 6,
                "coords": [
                    -10.51799,
                    5.84396,
                    10.20432
                ]
            }
        ],
        "MCA boundary": [
            {
                "id": 507,
                "degree": 2,
                "label": 6,
                "coords": [
                    -13.51089,
                    4.82603,
                    10.45963
                ]
            }
        ]
    },
    "7": {
        "ICA boundary": [
            {
                "id": 507,
                "degree": 2,
                "label": 7,
                "coords": [
                    -13.51089,
                    4.82603,
                    10.45963
                ]
            }
        ],
        "MCA end": [
            {
                "id": 559,
                "degree": 1,
                "label": 7,