{
    "1": {
        "BA start": [
            {
                "id": 0,
                "degree": 1,
                "label": 1,
                "coords": [
                    8.88867,
                    154.33398,
                    -161.09631
                ]
            }
        ],
        "BA bifurcation": [
            {
                "id": 52,
                "degree": 3,
                "label": 1,
                "coords": [
                    6.03971,
                    159.91732,
                    -148.17965
                ]
            }
        ],
        "R-PCA boundary": [
            {
                "id": 62,
                "degree": 2,
                "label": 1,
                "coords": [
                    5.19805,
                    158.50898,
                    -145.94944
                ]
            }
        ],
        "L-PCA boundary": [
            {
                "id": 173,
                "degree": 2,
                "label": 1,
                "coords": [
                    4.72617,
                    161.33398,
                    -148.11819
                ]
            }
        ]
    },
    "2": {
        "BA boundary": [
            {
                "id": 62,
                "degree": 2,
                "label": 2,
                "coords": [
                    5.19805,
                    158.50898,
                    -145.94944
                ]
            }
        ],
        "Pcom bifurcation": [
            {
                "id": 96,
                "degree": 3,
                "label": 2,
                "coords": [
                    12.23346,
                    155.46836,
                    -145.68278
                ]
            }
        ],
        "Pcom boundary": [
            {
                "id": 618,
                "degree": 2,
                "label": 2,
                "coords": [
                    11.96701,
                    156.06398,
                    -145.12298
                ]
            }
        ],
        "PCA end": [
            {
                "id": 167,
                "degree": 1,
                "label": 2,
                "coords": [
                    25.70638,
                    145.25065,
                    -146.51298
                ]
            }
        ]
    },
    "3": {
        "BA boundary": [
            {
                "id": 173,
                "degree": 2,
                "label": 3,
                "coords": [
                    4.72617,
                    161.33398,
                    -148.11819
                ]
            }
        ],
        "Pcom bifurcation": [
            {
                "id": 194,
                "degree": 3,
                "label": 3,
                "coords": [
                    0.37305,
                    162.33398,
                    -150.88381
                ]
            }
        ],
        "Pcom boundary": [
            {
                "id": 659,
                "degree": 2,
                "label": 3,
                "coords": [
                    0.69805,
                    162.76523,
                    -151.55694
                ]
            }
        ],
        "PCA end": [
            {
                "id": 264,
                "degree": 3,
                "label": 3,
                "coords": [
                    -12.37695,
                    146.33398,
                    -148.09631
                ]
            }
        ]
    },
    "4": {
        "ICA start": [
            {
                "id": 313,
                "degree": 1,
                "label": 4,
                "coords": [
                    14.2168,
                    171.08398,
                    -147.34631
                ]
            }
        ],
        "Pcom bifurcation": [
            {
                "id": 332,
                "degree": 3,
                "label": 4,
                "coords": [
                    14.56367,
                    166.83398,
                    -145.41506
                ]
            }
        ],
        "Pcom boundary": [
            {
                "id": 574,
                "degree": 2,
                "label": 4,
                "coords": [
                    14.0668,
                    165.48711,
                    -146.44631
                ]
            }
        ],
        "ICA bifurcation": [
            {
                "id": 358,
                "degree": 3,
                "label": 4,
                "coords": [
                    18.12305,
                    163.83398,
                    -140.09631
                ]
            }
        ],
        "ACA boundary": [
            {
                "id": 666,
                "degree": 2,
                "label": 4,
                "coords": [
                    16.8543,
                    164.58398,
                    -139.21194
                ]
            }
        ],
        "MCA boundary": [
            {
                "id": 368,
                "degree": 2,
                "label": 4,
                "coords": [
                    20.62305,
                    163.63398,
                    -139.29944
                ]
            }
        ]
    },
    "5": {
        "ICA boundary": [
            {
                "id": 368,
                "degree": 2,
                "label": 5,
                "coords": [
                    20.62305,
                    163.63398,
                    -139.29944
                ]
            }
        ],
        "MCA end": [
            {
                "id": 407,
                "degree": 3,
                "label": 5,
                "coords": [
                    29.62305,
                    169.41732,
                    -141.17965
                ]
            }
        ]
    },
    "6": {
        "ICA start": [
            {
                "id": 440,
                "degree": 1,
                "label": 6,
                "coords": [
                    -0.95508,
                    173.58398,
                    -148.83069
                ]
            }
        ],
        "Pcom bifurcation": [
            {
                "id": 457,
                "degree": 3,
                "label": 6,
                "coords": [
                    -2.64883,
                    169.21314,
                    -149.55047
                ]
            }
        ],
        "Pcom boundary": [
            {
                "id": 631,
                "degree": 2,
                "label": 6,
                "coords": [
                    -2.60508,
                    168.21523,
                    -152.67131
                ]
            }
        ],
        "ICA bifurcation": [
            {
                "id": 491,
                "degree": 3,
                "label": 6,
                "coords": [
                    -8.37695,
                    167.08398,
                    -143.59631
                ]
            }
        ],
        "ACA boundary": [
            {
                "id": 796,
                "degree": 2,
                "label": 6,
                "coords": [
                    -6.37695,
                    166.78086,
                    -143.29319
                ]
            }
        ],
        "MCA boundary": [
            {
                "id": 498,
                "degree": 2,
                "label": 6,
                "coords": [
                    -10.12695,
                    167.52461,
                    -142.89944
                ]
            }
        ]
    },
    "7": {
        "ICA boundary": [
            {
                "id": 498,
                "degree": 2,
                "label": 7,
                "coords": [
                    -10.12695,
                    167.52461,
                    -142.89944
                ]
            }
        ],
        "MCA end": [
            {
                "id": 568,
                "degree": 1,
                "label": 7,