{
    "1": {
        "BA start": [
            {
                "id": 0,
                "degree": 1,
                "label": 1,
                "coords": [
                    -0.64062,
                    -4.4532,
                    -12.4472
                ]
            }
        ],
        "BA bifurcation": [
            {
                "id": 56,
                "degree": 3,
                "label": 1,
                "coords": [
                    -1.625,
                    -0.34032,
                    2.95796
                ]
            }
        ],
        "R-PCA boundary": [
            {
                "id": 60,
                "degree": 2,
                "label": 1,
                "coords": [
                    -0.67812,
                    -0.18894,
                    3.65253
                ]
            }
        ],
        "L-PCA boundary": [
            {
                "id": 128,
                "degree": 2,
                "label": 1,
                "coords": [
                    -2.81875,
                    -0.06555,
                    3.64493
                ]
            }
        ]
    },
    "2": {
        "BA boundary": [
            {
                "id": 60,
                "degree": 2,
                "label": 2,
                "coords": [
                    -0.67812,
                    -0.18894,
                    3.65253
                ]
            }
        ],
        "PCA end": [
            {
                "id": 123,
                "degree": 1,
                "label": 2,
                "coords": [
                    11.60938,
                    -3.66791,
                    6.0988
                ]
            }
        ]
    },
    "3": {
        "BA boundary": [
            {
                "id": 128,
                "degree": 2,
                "label": 3,
                "coords": [
                    -2.81875,
                    -0.06555,
                    3.64493
                ]
            }
        ],
        "PCA end": [
            {
                "id": 238,
                "degree": 1,
                "label": 3,
                "coords": [
                    -17.375,
                    -17.36033,
                    5.52414
                ]
            }
        ]
    },
    "4": {
        "ICA start": [
            {
                "id": 239,
                "degree": 1,
                "label": 4,
                "coords": [
                    10.64063,
                    16.58092,
                    -0.98004
                ]
            }
        ],
        "ICA bifurcation": [
            {
                "id": 331,
                "degree": 3,
                "label": 4,
                "coords": [
                    11.625,
                    13.85227,
                    12.06196
                ]
            }
        ],
        "ACA boundary": [
            {
                "id": 745,
                "degree": 2,
                "label": 4,
                "coords": [
                    11.26875,
                    14.21056,
                    12.54253
                ]
            }
        ],
        "MCA boundary": [
            {
                "id": 338,
                "degree": 2,
                "label": 4,
                "coords": [
                    13.375,
                    13.55721,
                    12.49731
                ]
            }
        ]
    },
    "5": {
        "ICA boundary": [
            {
                "id": 338,
                "degree": 2,
                "label": 5,
                "coords": [
                    13.375,
                    13.55721,
                    12.49731
                ]
            }
        ],
        "MCA end": [
            {
                "id": 417,
                "degree": 3,
                "label": 5,
                "coords": [
                    30.875,
                    22.48385,
                    16.30411
                ]
            }
        ]
    },
    "6": {
        "ICA start": [
            {
                "id": 458,
                "degree": 1,
                "label": 6,
                "coords": [
                    -14.45312,
                    14.40918,
                    -2.68276
                ]
            }
        ],
        "ICA bifurcation": [
            {
                "id": 550,
                "degree": 3,
                "label": 6,
                "coords": [
                    -15.95833,
                    11.04515,
                    12.67601
                ]
            }
        ],
        "ACA boundary": [
            {
                "id": 874,
                "degree": 2,
                "label": 6,
                "coords": [
                    -14.85312,
                    11.276,
                    14.24463
                ]
            }
        ],
        "MCA boundary": [
            {
                "id": 558,
                "degree": 2,
                "label": 6,
                "coords": [
                    -18.125,
                    10.59041,
                    13.29963
                ]
            }
        ]
    },
    "7": {
        "ICA boundary": [
            {
                "id": 558,
                "degree": 2,
                "label": 7,
                "coords": [
                    -18.125,
                    10.59041,
                    13.29963
                ]
            }
        ],
        "MCA end": [
            {
                "id": 613,
                "degree": 4,
                "label": 7,
                "coords": [
                    -31.375,
                    12.01564,
                    11.23173
                ]
            }
        ]
    },
    "10": {
        "R-ACA boundary": [
            {
                "id": 1002,
                "degree": 2,
                "label": 10,
                "coords": [
                    -1.29354,
                    16.46473,
                    16.38774
                ]
            }
        ],
        "L-ACA boundary": [
            {
                "id": 918,
                "degree": 3,
                "label": 10,
                "coords": [
                    -3.26979,
                    17.02124,
                    16.23571
                ]
            }
        ]
    },
    "11": {
        "ICA boundary": [
            {
                "id": 745,
                "degree": 2,
                "label": 11,
                "coords": [
                    11.26875,
                    14.21056,
                    12.54253
                ]
            }
        ],
        "Acom bifurcation": [
            {
                "id": 794,
                "degree": 3,
                "label": 11,
                "coords": [
                    -0.51458,
                    15.94414,
                    16.55546
                ]
            }
        ],
        "Acom boundary": [
            {
                "id": 1002,
                "degree": 2,
                "label": 11,
                "coords": [
                    -1.29354,
                    16.46473,
                    16.38774
                ]
            }
        ],
        "ACA end": [
            {
                "id": 868,
                "degree": 1,
                "label": 11,
                "coords": [
                    -3.9375,
                    22.5448,
                    37.24292
                ]
            }
        ]
    },
    "12": {
        "ICA boundary": [
            {
                "id": 874,
                "degree": 2,
                "label": 12,
                "coords": [
                    -14.85312,
                    11.276,
                    14.24463
                ]
            }
        ],
        "Acom bifurcation": [
            {
                "id": 918,
                "degree": 3,
                "label": 12,