{
    "1": {
        "BA start": [
            {
                "id": 0,
                "degree": 1,
                "label": 1,
                "coords": [
                    3.33224,
                    -14.01514,
                    -54.00798
                ]
            }
        ],
        "L-PCA boundary": [
            {
                "id": 41,
                "degree": 2,
                "label": 1,
                "coords": [
                    1.19578,
                    -10.22593,
                    -44.953
                ]
            }
        ]
    },
    "2": {
        "Pcom boundary": [
            {
                "id": 589,
                "degree": 2,
                "label": 2,
                "coords": [
                    8.90963,
                    -8.25093,
                    -44.92472
                ]
            }
        ],
        "PCA end": [
            {
                "id": 682,
                "degree": 1,
                "label": 2,
                "coords": [
                    20.27474,
                    -27.90266,
                    -37.49747
                ]
            }
        ]
    },
    "3": {
        "BA boundary": [
            {
                "id": 41,
                "degree": 2,
                "label": 3,
                "coords": [
                    1.19578,
                    -10.22593,
                    -44.953
                ]
            }
        ],
        "PCA end": [
            {
                "id": 169,
                "degree": 1,
                "label": 3,
                "coords": [
                    -15.61275,
                    -27.98031,
                    -34.97838
                ]
            }
        ]
    },
    "4": {
        "ICA start": [
            {
                "id": 170,
                "degree": 1,
                "label": 4,
                "coords": [
                    17.29314,
                    7.25191,
                    -46.47506
                ]
            }
        ],
        "Pcom bifurcation": [
            {
                "id": 241,
                "degree": 3,
                "label": 4,
                "coords": [
                    12.74001,
                    0.85371,
                    -36.85606
                ]
            }
        ],
        "Pcom boundary": [
            {
                "id": 549,
                "degree": 2,
                "label": 4,
                "coords": [
                    12.30368,
                    -0.56521,
                    -37.79611
                ]
            }
        ],
        "ICA bifurcation": [
            {
                "id": 263,
                "degree": 3,
                "label": 4,
                "coords": [
                    16.34364,
                    0.00464,
                    -31.95744
                ]
            }
        ],
        "ACA boundary": [
            {
                "id": 688,
                "degree": 2,
                "label": 4,
                "coords": [
                    14.86417,
                    0.37989,
                    -30.60655
                ]
            }
        ],
        "MCA boundary": [
            {
                "id": 272,
                "degree": 2,
                "label": 4,
                "coords": [
                    18.60104,
                    0.5766,
                    -31.49209
                ]
            }
        ]
    },
    "5": {
        "ICA boundary": [
            {
                "id": 272,
                "degree": 2,
                "label": 5,
                "coords": [
                    18.60104,
                    0.5766,
                    -31.49209
                ]
            }
        ],
        "MCA end": [
            {
                "id": 339,
                "degree": 3,
                "label": 5,
                "coords": [
                    35.04928,
                    7.50406,
                    -34.9959
                ]
            }
        ]
    },
    "6": {
        "ICA start": [
            {
                "id": 361,
                "degree": 1,
                "label": "6",
                "coords": [
                    -10.57948,
                    5.75255,
                    -43.04718
                ]
            }
        ],
        "MCA boundary": [
            {
                "id": 450,
                "degree": 2,
                "label": 6,
                "coords": [
                    -15.9064,
                    0.92656,
                    -31.71329
                ]
            }
        ]
    },
    "7": {
        "ICA boundary": [
            {
                "id": 450,
                "degree": 2,
                "label": 7,
                "coords": [
                    -15.9064,
                    0.92656,
                    -31.71329
                ]
            }
        ],
        "MCA end": [
            {
                "id": 488,
                "degree": 3,
                "label": 7,
                "coords": [
                    -25.20896,
                    4.25405,
                    -35.07174
                ]
            }
        ]
    },
    "8": {
        "ICA boundary": [
            {
                "id": 549,
                "degree": 2,
                "label": 8,
                "coords": [
                    12.30368,
                    -0.56521,
                    -37.79611
                ]
            }
        ],
        "PCA boundary": [
            {
                "id": 589,
                "degree": 2,
                "label": 8,
                "coords": [
                    8.90963,
                    -8.25093,
                    -44.92472
                ]
            }
        ]
    },
    "10": {
        "R-ACA boundary": [
            {
                "id": 837,
                "degree": 2,
                "label": 10,
                "coords": [
                    1.72085,
                    3.6323,
                    -29.97544
                ]
            }
        ],
        "L-ACA boundary": [
            {
                "id": 854,
                "degree": 2,
                "label": 10,
                "coords": [
                    -1.26963,
                    6.75469,
                    -31.66997
                ]
            }
        ]
    },
    "11": {
        "ICA boundary": [
            {
                "id": 688,
                "degree": 2,
                "label": 11,
                "coords": [
                    14.86417,
                    0.37989,
                    -30.60655
                ]
            }
        ],
        "Acom bifurcation": [
            {
                "id": 735,
                "degree": 3,
                "label": 11,
                "coords": [
                    2.57574,
                    3.34468,
                    -29.48634
                ]
            }
        ],
        "Acom boundary": [
            {
                "id": 837,
                "degree": 2,
                "label": 11,
                "coords": [
                    1.72085,
                    3.6323,
                    -29.97544
                ]
            }
        ],
        "ACA end": [
            {
                "id": 835,
                "degree": 1,
                "label": 11,
                "coords": [
                    1.53934,
                    23.00802,
                    -13.98275
                ]
            }
        ]
    },
    "12": {
        "Acom boundary": [
            {
                "id": 854,
                "degree": 2,
                "label": 12,
                "coords": [
                    -1.26963,
                    6.75469,
                    -31.66997
                ]
            }
        ],
        "ACA end": [
            {
                "id": 943,
                "degree": 1,
                "label": 12,