{
    "1": {
        "BA start": [
            {
                "id": 0,
                "degree": 1,
                "label": 1,
                "coords": [
                    9.71598,
                    -7.71094,
                    -34.66683
                ]
            }
        ],
        "L-PCA boundary": [
            {
                "id": 79,
                "degree": 2,
                "label": 1,
                "coords": [
                    -0.10882,
                    -13.6508,
                    -15.15329
                ]
            }
        ]
    },
    "2": {
        "Pcom boundary": [
            {
                "id": 509,
                "degree": 2,
                "label": 2,
                "coords": [
                    9.51714,
                    -12.44422,
                    -23.1444
                ]
            }
        ],
        "PCA end": [
            {
                "id": 595,
                "degree": 1,
                "label": 2,
                "coords": [
                    27.99295,
                    -24.83538,
                    -30.93218
                ]
            }
        ]
    },
    "3": {
        "BA boundary": [
            {
                "id": 79,
                "degree": 2,
                "label": 3,
                "coords": [
                    -0.10882,
                    -13.6508,
                    -15.15329
                ]
            }
        ],
        "PCA end": [
            {
                "id": 146,
                "degree": 1,
                "label": 3,
                "coords": [
                    -13.69198,
                    -8.76845,
                    -19.0066
                ]
            }
        ]
    },
    "4": {
        "ICA start": [
            {
                "id": 147,
                "degree": 1,
                "label": 4,
                "coords": [
                    15.78193,
                    8.38864,
                    -28.13199
                ]
            }
        ],
        "Pcom bifurcation": [
            {
                "id": 188,
                "degree": 3,
                "label": 4,
                "coords": [
                    18.0509,
                    -1.03156,
                    -21.37227
                ]
            }
        ],
        "Pcom boundary": [
            {
                "id": 462,
                "degree": 2,
                "label": 4,
                "coords": [
                    16.5662,
                    -2.07959,
                    -21.34487
                ]
            }
        ],
        "ICA bifurcation": [
            {
                "id": 216,
                "degree": 3,
                "label": 4,
                "coords": [
                    24.06371,
                    -7.00683,
                    -19.18841
                ]
            }
        ],
        "ACA boundary": [
            {
                "id": 600,
                "degree": 2,
                "label": 4,
                "coords": [
                    24.6161,
                    -6.29236,
                    -17.99164
                ]
            }
        ],
        "MCA boundary": [
            {
                "id": 228,
                "degree": 2,
                "label": 4,
                "coords": [
                    26.47137,
                    -8.83281,
                    -21.05871
                ]
            }
        ]
    },
    "5": {
        "ICA boundary": [
            {
                "id": 228,
                "degree": 2,
                "label": 5,
                "coords": [
                    26.47137,
                    -8.83281,
                    -21.05871
                ]
            }
        ],
        "MCA end": [
            {
                "id": 274,
                "degree": 3,
                "label": 5,
                "coords": [
                    37.66673,
                    -3.567,
                    -26.09257
                ]
            }
        ]
    },
    "6": {
        "ICA start": [
            {
                "id": 310,
                "degree": 1,
                "label": 6,
                "coords": [
                    -3.36676,
                    8.27851,
                    -25.03799
                ]
            }
        ],
        "ICA bifurcation": [
            {
                "id": 368,
                "degree": 3,
                "label": 6,
                "coords": [
                    -9.32125,
                    -2.82204,
                    -13.89745
                ]
            }
        ],
        "ACA boundary": [
            {
                "id": 793,
                "degree": 2,
                "label": 6,
                "coords": [
                    -7.83171,
                    -3.89932,
                    -12.18172
                ]
            }
        ],
        "MCA boundary": [
            {
                "id": 377,
                "degree": 2,
                "label": 6,
                "coords": [
                    -11.41548,
                    -1.72037,
                    -13.11668
                ]
            }
        ]
    },
    "7": {
        "ICA boundary": [
            {
                "id": 377,
                "degree": 2,
                "label": 7,
                "coords": [
                    -11.41548,
                    -1.72037,
                    -13.11668
                ]
            }
        ],
        "MCA end": [
            {
                "id": 393,
                "degree": 3,
                "label": 7,
                "coords": [
                    -15.25526,
                    0.61782,
                    -12.85828
                ]
            }
        ]
    },
    "8": {
        "ICA boundary": [
            {
                "id": 462,
                "degree": 2,
                "label": 8,
                "coords": [
                    16.5662,
                    -2.07959,
                    -21.34487
                ]
            }
        ],
        "PCA boundary": [
            {
                "id": 509,
                "degree": 2,
                "label": 8,
                "coords": [
                    9.51714,
                    -12.44422,
                    -23.1444
                ]
            }
        ]
    },
    "10": {
        "R-ACA boundary": [
            {
                "id": 992,
                "degree": 2,
                "label": 10,
                "coords": [
                    8.65547,
                    3.38004,
                    -17.22504
                ]
            }
        ],
        "L-ACA boundary": [
            {
                "id": 998,
                "degree": 2,
                "label": 10,
                "coords": [
                    7.26029,
                    4.0802,
                    -17.41274
                ]
            }
        ]
    },
    "11": {
        "ICA boundary": [
            {
                "id": 600,
                "degree": 2,
                "label": 11,
                "coords": [
                    24.6161,
                    -6.29236,
                    -17.99164
                ]
            }
        ],
        "Acom bifurcation": [
            {
                "id": 670,
                "degree": 3,
                "label": 11,
                "coords": [
                    9.83547,
                    2.81257,
                    -17.12633
                ]
            }
        ],
        "Acom boundary": [
            {
                "id": 992,
                "degree": 2,
                "label": 11,
                "coords": [
                    8.65547,
                    3.38004,
                    -17.22504
                ]
            }
        ],
        "ACA end": [
            {
                "id": 785,
                "degree": 1,
                "label": 11,