{
    "1": {
        "BA start": [
            {
                "id": 0,
                "degree": 1,
                "label": 1,
                "coords": [
                    -5.93716,
                    0.09688,
                    -14.57839
                ]
            }
        ],
        "BA bifurcation": [
            {
                "id": 31,
                "degree": 3,
                "label": 1,
                "coords": [
                    -6.64957,
                    -2.89714,
                    -6.75809
                ]
            }
        ],
        "R-PCA boundary": [
            {
                "id": 41,
                "degree": 2,
                "label": 1,
                "coords": [
                    -4.65212,
                    -4.22717,
                    -4.80521
                ]
            }
        ],
        "L-PCA boundary": [
            {
                "id": 181,
                "degree": 2,
                "label": 1,
                "coords": [
                    -9.71373,
                    -2.81584,
                    -5.00113
                ]
            }
        ]
    },
    "2": {
        "BA boundary": [
            {
                "id": 41,
                "degree": 2,
                "label": 2,
                "coords": [
                    -4.65212,
                    -4.22717,
                    -4.80521
                ]
            }
        ],
        "PCA end": [
            {
                "id": 167,
                "degree": 1,
                "label": 2,
                "coords": [
                    9.61534,
                    -24.85744,
                    -7.63099
                ]
            }
        ]
    },
    "3": {
        "BA boundary": [
            {
                "id": 181,
                "degree": 2,
                "label": 3,
                "coords": [
                    -9.71373,
                    -2.81584,
                    -5.00113
                ]
            }
        ],
        "Pcom bifurcation": [
            {
                "id": 201,
                "degree": 3,
                "label": 3,
                "coords": [
                    -14.08126,
                    -3.60638,
                    -2.21247
                ]
            }
        ],
        "Pcom boundary": [
            {
                "id": 741,
                "degree": 2,
                "label": 3,
                "coords": [
                    -13.99545,
                    -2.50476,
                    -1.23602
                ]
            }
        ],
        "PCA end": [
            {
                "id": 282,
                "degree": 1,
                "label": 3,
                "coords": [
                    -27.99895,
                    -16.87662,
                    -3.56553
                ]
            }
        ]
    },
    "4": {
        "ICA start": [
            {
                "id": 283,
                "degree": 1,
                "label": 4,
                "coords": [
                    5.34486,
                    19.63016,
                    -12.4138
                ]
            }
        ],
        "ICA bifurcation": [
            {
                "id": 375,
                "degree": 3,
                "label": 4,
                "coords": [
                    5.20776,
                    4.8119,
                    -0.03317
                ]
            }
        ],
        "ACA boundary": [
            {
                "id": 756,
                "degree": 2,
                "label": 4,
                "coords": [
                    4.49874,
                    4.52361,
                    2.8279
                ]
            }
        ],
        "MCA boundary": [
            {
                "id": 384,
                "degree": 2,
                "label": 4,
                "coords": [
                    7.3486,
                    5.69491,
                    -0.47526
                ]
            }
        ]
    },
    "5": {
        "ICA boundary": [
            {
                "id": 384,
                "degree": 2,
                "label": 5,
                "coords": [
                    7.3486,
                    5.69491,
                    -0.47526
                ]
            }
        ],
        "MCA end": [
            {
                "id": 420,
                "degree": 3,
                "label": 5,
                "coords": [
                    15.11994,
                    12.06138,
                    -5.00873
                ]
            }
        ]
    },
    "6": {
        "ICA start": [
            {
                "id": 475,
                "degree": 1,
                "label": 6,
                "coords": [
                    -20.22277,
                    17.41069,
                    -8.75665
                ]
            }
        ],
        "Pcom bifurcation": [
            {
                "id": 546,
                "degree": 3,
                "label": 6,
                "coords": [
                    -15.61633,
                    10.12776,
                    -0.43368
                ]
            }
        ],
        "Pcom boundary": [
            {
                "id": 687,
                "degree": 2,
                "label": 6,
                "coords": [
                    -15.29303,
                    9.19714,
                    -1.38442
                ]
            }
        ],
        "ICA bifurcation": [
            {
                "id": 576,
                "degree": 3,
                "label": 6,
                "coords": [
                    -21.0692,
                    5.42378,
                    4.59253
                ]
            }
        ],
        "ACA boundary": [
            {
                "id": 894,
                "degree": 2,
                "label": 6,
                "coords": [
                    -19.61753,
                    4.75011,
                    6.64286
                ]
            }
        ],
        "MCA boundary": [
            {
                "id": 587,
                "degree": 2,
                "label": 6,
                "coords": [
                    -23.98121,
                    6.59514,
                    4.42876
                ]
            }
        ]
    },
    "7": {
        "ICA boundary": [
            {
                "id": 587,
                "degree": 2,
                "label": 7,
                "coords": [
                    -23.98121,
                    6.59514,
                    4.42876
                ]
            }
        ],
        "MCA end": [
            {
                "id": 619,
                "degree": 3,
                "label": 7,
                "coords": [
                    -32.16512,
                    12.12418,
                    6.25887
                ]
            }
        ]
    },
    "9": {
        "ICA boundary": [
            {
                "id": 687,
                "degree": 2,
                "label": 9,
                "coords": [
                    -15.29303,
                    9.19714,
                    -1.38442
                ]
            }
        ],
        "PCA boundary": [
            {
                "id": 741,
                "degree": 2,
                "label": 9,
                "coords": [
                    -13.99545,
                    -2.50476,
                    -1.23602
                ]
            }
        ]
    },
    "10": {
        "R-ACA boundary": [
            {
                "id": 810,
                "degree": 3,
                "label": 10,
                "coords": [
                    -6.9704,
                    15.17123,
                    3.67079
                ]
            }
        ],
        "L-ACA boundary": [
            {
                "id": 944,
                "degree": 3,
                "label": 10,