{
    "1": {
        "BA start": [
            {
                "id": 0,
                "degree": 1,
                "label": 1,
                "coords": [
                    -1.51774,
                    -16.89771,
                    -27.06608
                ]
            }
        ],
        "BA bifurcation": [
            {
                "id": 52,
                "degree": 3,
                "label": 1,
                "coords": [
                    -4.15429,
                    -10.53121,
                    -14.35016
                ]
            }
        ],
        "R-PCA boundary": [
            {
                "id": 61,
                "degree": 2,
                "label": 1,
                "coords": [
                    -4.67248,
                    -11.89569,
                    -12.00401
                ]
            }
        ],
        "L-PCA boundary": [
            {
                "id": 198,
                "degree": 2,
                "label": 1,
                "coords": [
                    -5.14361,
                    -8.8646,
                    -14.38831
                ]
            }
        ]
    },
    "2": {
        "BA boundary": [
            {
                "id": 61,
                "degree": 2,
                "label": 2,
                "coords": [
                    -4.67248,
                    -11.89569,
                    -12.00401
                ]
            }
        ],
        "Pcom bifurcation": [
            {
                "id": 97,
                "degree": 3,
                "label": 2,
                "coords": [
                    2.89646,
                    -13.74531,
                    -11.72412
                ]
            }
        ],
        "Pcom boundary": [
            {
                "id": 651,
                "degree": 2,
                "label": 2,
                "coords": [
                    2.60447,
                    -13.13381,
                    -11.09584
                ]
            }
        ],
        "PCA end": [
            {
                "id": 164,
                "degree": 3,
                "label": 2,
                "coords": [
                    16.50136,
                    -23.27981,
                    -13.3237
                ]
            }
        ]
    },
    "3": {
        "BA boundary": [
            {
                "id": 198,
                "degree": 2,
                "label": 3,
                "coords": [
                    -5.14361,
                    -8.8646,
                    -14.38831
                ]
            }
        ],
        "Pcom bifurcation": [
            {
                "id": 219,
                "degree": 3,
                "label": 3,
                "coords": [
                    -9.76391,
                    -8.13932,
                    -16.45724
                ]
            }
        ],
        "Pcom boundary": [
            {
                "id": 683,
                "degree": 2,
                "label": 3,
                "coords": [
                    -9.75646,
                    -7.61287,
                    -17.6691
                ]
            }
        ],
        "PCA end": [
            {
                "id": 295,
                "degree": 1,
                "label": 3,
                "coords": [
                    -22.29031,
                    -24.93639,
                    -9.78714
                ]
            }
        ]
    },
    "4": {
        "ICA start": [
            {
                "id": 296,
                "degree": 1,
                "label": 4,
                "coords": [
                    9.12029,
                    0.62376,
                    -22.84638
                ]
            }
        ],
        "Pcom bifurcation": [
            {
                "id": 367,
                "degree": 3,
                "label": 4,
                "coords": [
                    4.17708,
                    -2.60931,
                    -12.82412
                ]
            }
        ],
        "Pcom boundary": [
            {
                "id": 615,
                "degree": 2,
                "label": 4,
                "coords": [
                    3.0627,
                    -4.61335,
                    -13.48422
                ]
            }
        ],
        "ICA bifurcation": [
            {
                "id": 391,
                "degree": 3,
                "label": 4,
                "coords": [
                    8.5291,
                    -4.52159,
                    -7.37635
                ]
            }
        ],
        "ACA boundary": [
            {
                "id": 692,
                "degree": 2,
                "label": 4,
                "coords": [
                    6.90364,
                    -3.22244,
                    -6.48131
                ]
            }
        ],
        "MCA boundary": [
            {
                "id": 397,
                "degree": 2,
                "label": 4,
                "coords": [
                    10.13968,
                    -4.4542,
                    -6.84799
                ]
            }
        ]
    },
    "5": {
        "ICA boundary": [
            {
                "id": 397,
                "degree": 2,
                "label": 5,
                "coords": [
                    10.13968,
                    -4.4542,
                    -6.84799
                ]
            }
        ],
        "MCA end": [
            {
                "id": 438,
                "degree": 3,
                "label": 5,
                "coords": [
                    19.42032,
                    1.72492,
                    -9.91109
                ]
            }
        ]
    },
    "6": {
        "ICA start": [
            {
                "id": 461,
                "degree": 1,
                "label": 6,
                "coords": [
                    -19.0671,
                    1.37424,
                    -22.4929
                ]
            }
        ],
        "Pcom bifurcation": [
            {
                "id": 532,
                "degree": 3,
                "label": 6,
                "coords": [
                    -13.78956,
                    -2.36572,
                    -15.21099
                ]
            }
        ],
        "Pcom boundary": [
            {
                "id": 661,
                "degree": 2,
                "label": 6,
                "coords": [
                    -13.64587,
                    -2.67512,
                    -17.49197
                ]
            }
        ],
        "ICA bifurcation": [
            {
                "id": 561,
                "degree": 3,
                "label": 6,
                "coords": [
                    -18.34614,
                    -3.35763,
                    -9.33915
                ]
            }
        ],
        "ACA boundary": [
            {
                "id": 801,
                "degree": 2,
                "label": 6,
                "coords": [
                    -16.73436,
                    -3.43812,
                    -8.78562
                ]
            }
        ],
        "MCA boundary": [
            {
                "id": 571,
                "degree": 2,
                "label": 6,
                "coords": [
                    -20.69116,
                    -2.43362,
                    -7.79265
                ]
            }
        ]
    },
    "7": {
        "ICA boundary": [
            {
                "id": 571,
                "degree": 2,
                "label": 7,
                "coords": [
                    -20.69116,
                    -2.43362,
                    -7.79265
                ]
            }
        ],
        "MCA end": [
            {
                "id": 607,
                "degree": 1,
                "label": 7,