{
    "1": {
        "BA start": [
            {
                "id": 0,
                "degree": 1,
                "label": 1,
                "coords": [
                    -8.25374,
                    -2.61715,
                    24.67429
                ]
            }
        ],
        "BA bifurcation": [
            {
                "id": 36,
                "degree": 3,
                "label": 1,
                "coords": [
                    -9.59181,
                    -5.40879,
                    33.64094
                ]
            }
        ],
        "R-PCA boundary": [
            {
                "id": 44,
                "degree": 2,
                "label": 1,
                "coords": [
                    -7.4416,
                    -5.35329,
                    34.59763
                ]
            }
        ],
        "L-PCA boundary": [
            {
                "id": 130,
                "degree": 2,
                "label": 1,
                "coords": [
                    -10.96611,
                    -5.48458,
                    35.35174
                ]
            }
        ]
    },
    "2": {
        "BA boundary": [
            {
                "id": 44,
                "degree": 2,
                "label": 2,
                "coords": [
                    -7.4416,
                    -5.35329,
                    34.59763
                ]
            }
        ],
        "Pcom bifurcation": [
            {
                "id": 63,
                "degree": 3,
                "label": 2,
                "coords": [
                    -2.68869,
                    -3.16891,
                    35.9061
                ]
            }
        ],
        "Pcom boundary": [
            {
                "id": 603,
                "degree": 2,
                "label": 2,
                "coords": [
                    -3.37083,
                    -2.00421,
                    35.59229
                ]
            }
        ],
        "PCA end": [
            {
                "id": 123,
                "degree": 1,
                "label": 2,
                "coords": [
                    8.06682,
                    -11.61317,
                    29.91191
                ]
            }
        ]
    },
    "3": {
        "BA boundary": [
            {
                "id": 130,
                "degree": 2,
                "label": 3,
                "coords": [
                    -10.96611,
                    -5.48458,
                    35.35174
                ]
            }
        ],
        "Pcom bifurcation": [
            {
                "id": 154,
                "degree": 3,
                "label": 3,
                "coords": [
                    -16.32654,
                    -3.13108,
                    36.04696
                ]
            }
        ],
        "Pcom boundary": [
            {
                "id": 647,
                "degree": 2,
                "label": 3,
                "coords": [
                    -16.00923,
                    -2.67426,
                    35.58109
                ]
            }
        ],
        "PCA end": [
            {
                "id": 203,
                "degree": 1,
                "label": 3,
                "coords": [
                    -24.39001,
                    -13.09048,
                    30.95624
                ]
            }
        ]
    },
    "4": {
        "ICA start": [
            {
                "id": 204,
                "degree": 1,
                "label": 4,
                "coords": [
                    3.59308,
                    11.60087,
                    29.09261
                ]
            }
        ],
        "Pcom bifurcation": [
            {
                "id": 275,
                "degree": 3,
                "label": 4,
                "coords": [
                    2.57852,
                    8.4215,
                    36.06078
                ]
            }
        ],
        "Pcom boundary": [
            {
                "id": 563,
                "degree": 2,
                "label": 4,
                "coords": [
                    2.35256,
                    7.82045,
                    34.64175
                ]
            }
        ],
        "ICA bifurcation": [
            {
                "id": 295,
                "degree": 3,
                "label": 4,
                "coords": [
                    6.89629,
                    6.38209,
                    39.32408
                ]
            }
        ],
        "ACA boundary": [
            {
                "id": 659,
                "degree": 2,
                "label": 4,
                "coords": [
                    5.30733,
                    5.16329,
                    42.10855
                ]
            }
        ],
        "MCA boundary": [
            {
                "id": 307,
                "degree": 2,
                "label": 4,
                "coords": [
                    9.95521,
                    8.49838,
                    40.12665
                ]
            }
        ]
    },
    "5": {
        "ICA boundary": [
            {
                "id": 307,
                "degree": 2,
                "label": 5,
                "coords": [
                    9.95521,
                    8.49838,
                    40.12665
                ]
            }
        ],
        "MCA end": [
            {
                "id": 343,
                "degree": 3,
                "label": 5,
                "coords": [
                    17.54378,
                    16.9245,
                    40.76105
                ]
            }
        ]
    },
    "6": {
        "ICA start": [
            {
                "id": 390,
                "degree": 1,
                "label": 6,
                "coords": [
                    -21.58318,
                    10.76309,
                    29.54424
                ]
            }
        ],
        "Pcom bifurcation": [
            {
                "id": 461,
                "degree": 3,
                "label": 6,
                "coords": [
                    -21.18513,
                    5.55899,
                    35.08155
                ]
            }
        ],
        "Pcom boundary": [
            {
                "id": 612,
                "degree": 2,
                "label": 6,
                "coords": [
                    -21.2818,
                    5.1558,
                    33.35113
                ]
            }
        ],
        "ICA bifurcation": [
            {
                "id": 482,
                "degree": 3,
                "label": 6,
                "coords": [
                    -25.52411,
                    3.30456,
                    38.38763
                ]
            }
        ],
        "ACA boundary": [
            {
                "id": 769,
                "degree": 2,
                "label": 6,
                "coords": [
                    -23.92319,
                    2.29392,
                    39.92092
                ]
            }
        ],
        "MCA boundary": [
            {
                "id": 490,
                "degree": 2,
                "label": 6,
                "coords": [
                    -27.63496,
                    4.32267,
                    39.24031
                ]
            }
        ]
    },
    "7": {
        "ICA boundary": [
            {
                "id": 490,
                "degree": 2,
                "label": 7,
                "coords": [
                    -27.63496,
                    4.32267,
                    39.24031
                ]
            }
        ],
        "MCA end": [
            {
                "id": 558,
                "degree": 1,
                "label": 7,