{
    "1": {
        "BA start": [
            {
                "id": 0,
                "degree": 1,
                "label": 1,
                "coords": [
                    -10.58789,
                    168.48242,
                    -192.18437
                ]
            }
        ],
        "BA bifurcation": [
            {
                "id": 40,
                "degree": 3,
                "label": 1,
                "coords": [
                    -10.24414,
                    170.73242,
                    -182.20001
                ]
            }
        ],
        "R-PCA boundary": [
            {
                "id": 47,
                "degree": 2,
                "label": 1,
                "coords": [
                    -8.49414,
                    170.89492,
                    -181.07187
                ]
            }
        ],
        "L-PCA boundary": [
            {
                "id": 172,
                "degree": 2,
                "label": 1,
                "coords": [
                    -11.70664,
                    171.83555,
                    -180.42812
                ]
            }
        ]
    },
    "2": {
        "BA boundary": [
            {
                "id": 47,
                "degree": 2,
                "label": 2,
                "coords": [
                    -8.49414,
                    170.89492,
                    -181.07187
                ]
            }
        ],
        "Pcom bifurcation": [
            {
                "id": 72,
                "degree": 3,
                "label": 2,
                "coords": [
                    -3.44414,
                    174.39492,
                    -182.05
                ]
            }
        ],
        "Pcom boundary": [
            {
                "id": 72,
                "degree": 3,
                "label": 2,
                "coords": [
                    -3.44414,
                    174.39492,
                    -182.05
                ]
            }
        ],
        "PCA end": [
            {
                "id": 163,
                "degree": 1,
                "label": 2,
                "coords": [
                    12.58398,
                    163.63867,
                    -174.45
                ]
            }
        ]
    },
    "3": {
        "BA boundary": [
            {
                "id": 172,
                "degree": 2,
                "label": 3,
                "coords": [
                    -11.70664,
                    171.83555,
                    -180.42812
                ]
            }
        ],
        "Pcom bifurcation": [
            {
                "id": 199,
                "degree": 3,
                "label": 3,
                "coords": [
                    -14.87539,
                    175.71055,
                    -182.31562
                ]
            }
        ],
        "Pcom boundary": [
            {
                "id": 591,
                "degree": 2,
                "label": 3,
                "coords": [
                    -14.26727,
                    175.59992,
                    -182.77625
                ]
            }
        ],
        "PCA end": [
            {
                "id": 273,
                "degree": 1,
                "label": 3,
                "coords": [
                    -27.58789,
                    160.2168,
                    -175.52812
                ]
            }
        ]
    },
    "4": {
        "ICA start": [
            {
                "id": 274,
                "degree": 1,
                "label": 4,
                "coords": [
                    -1.49414,
                    185.7168,
                    -190.54375
                ]
            }
        ],
        "Pcom bifurcation": [
            {
                "id": 293,
                "degree": 3,
                "label": 4,
                "coords": [
                    1.89544,
                    182.88451,
                    -187.52396
                ]
            }
        ],
        "Pcom boundary": [
            {
                "id": 496,
                "degree": 2,
                "label": 4,
                "coords": [
                    2.23398,
                    180.98242,
                    -188.79687
                ]
            }
        ],
        "ICA bifurcation": [
            {
                "id": 318,
                "degree": 3,
                "label": 4,
                "coords": [
                    6.67253,
                    185.81576,
                    -182.53335
                ]
            }
        ],
        "ACA boundary": [
            {
                "id": 599,
                "degree": 2,
                "label": 4,
                "coords": [
                    5.29023,
                    186.36992,
                    -181.10312
                ]
            }
        ],
        "MCA boundary": [
            {
                "id": 329,
                "degree": 2,
                "label": 4,
                "coords": [
                    9.50586,
                    187.1043,
                    -182.2
                ]
            }
        ]
    },
    "5": {
        "ICA boundary": [
            {
                "id": 329,
                "degree": 2,
                "label": 5,
                "coords": [
                    9.50586,
                    187.1043,
                    -182.2
                ]
            }
        ],
        "MCA end": [
            {
                "id": 382,
                "degree": 1,
                "label": 5,
                "coords": [
                    19.00586,
                    195.9043,
                    -190.46562
                ]
            }
        ]
    },
    "6": {
        "ICA start": [
            {
                "id": 383,
                "degree": 1,
                "label": 6,
                "coords": [
                    -19.49414,
                    183.38867,
                    -189.7
                ]
            }
        ],
        "Pcom bifurcation": [
            {
                "id": 399,
                "degree": 3,
                "label": 6,
                "coords": [
                    -19.18685,
                    181.00639,
                    -186.33959
                ]
            }
        ],
        "Pcom boundary": [
            {
                "id": 550,
                "degree": 2,
                "label": 6,
                "coords": [
                    -18.61914,
                    179.23242,
                    -187.18125
                ]
            }
        ],
        "ICA bifurcation": [
            {
                "id": 421,
                "degree": 3,
                "label": 6,
                "coords": [
                    -23.24414,
                    182.73242,
                    -181.70001
                ]
            }
        ],
        "ACA boundary": [
            {
                "id": 711,
                "degree": 2,
                "label": 6,
                "coords": [
                    -21.94102,
                    183.68242,
                    -180.875
                ]
            }
        ],
        "MCA boundary": [
            {
                "id": 430,
                "degree": 2,
                "label": 6,
                "coords": [
                    -25.49414,
                    183.1793,
                    -181.13437
                ]
            }
        ]
    },
    "7": {
        "ICA boundary": [
            {
                "id": 430,
                "degree": 2,
                "label": 7,
                "coords": [
                    -25.49414,
                    183.1793,
                    -181.13437
                ]
            }
        ],
        "MCA end": [
            {
                "id": 490,
                "degree": 1,
                "label": 7,