{
    "1": {
        "BA start": [
            {
                "id": 0,
                "degree": 1,
                "label": 1,
                "coords": [
                    5.15918,
                    166.53027,
                    -430.25
                ]
            }
        ],
        "BA bifurcation": [
            {
                "id": 29,
                "degree": 3,
                "label": 1,
                "coords": [
                    4.65918,
                    166.37402,
                    -423.0
                ]
            }
        ],
        "R-PCA boundary": [
            {
                "id": 37,
                "degree": 2,
                "label": 1,
                "coords": [
                    5.85918,
                    166.39902,
                    -421.00312
                ]
            }
        ],
        "L-PCA boundary": [
            {
                "id": 130,
                "degree": 2,
                "label": 1,
                "coords": [
                    2.9123,
                    166.62715,
                    -421.32188
                ]
            }
        ]
    },
    "2": {
        "BA boundary": [
            {
                "id": 37,
                "degree": 2,
                "label": 2,
                "coords": [
                    5.85918,
                    166.39902,
                    -421.00312
                ]
            }
        ],
        "Pcom bifurcation": [
            {
                "id": 49,
                "degree": 3,
                "label": 2,
                "coords": [
                    8.7696,
                    168.01049,
                    -418.91145
                ]
            }
        ],
        "Pcom boundary": [
            {
                "id": 542,
                "degree": 2,
                "label": 2,
                "coords": [
                    8.5735,
                    168.46674,
                    -419.2552
                ]
            }
        ],
        "PCA end": [
            {
                "id": 123,
                "degree": 1,
                "label": 2,
                "coords": [
                    19.50293,
                    156.62402,
                    -415.51562
                ]
            }
        ]
    },
    "3": {
        "BA boundary": [
            {
                "id": 130,
                "degree": 2,
                "label": 3,
                "coords": [
                    2.9123,
                    166.62715,
                    -421.32188
                ]
            }
        ],
        "Pcom bifurcation": [
            {
                "id": 145,
                "degree": 3,
                "label": 3,
                "coords": [
                    -0.39082,
                    168.78965,
                    -418.92812
                ]
            }
        ],
        "Pcom boundary": [
            {
                "id": 604,
                "degree": 2,
                "label": 3,
                "coords": [
                    -0.1877,
                    170.12402,
                    -419.08125
                ]
            }
        ],
        "PCA end": [
            {
                "id": 229,
                "degree": 1,
                "label": 3,
                "coords": [
                    -15.10645,
                    158.12402,
                    -410.48438
                ]
            }
        ]
    },
    "4": {
        "ICA start": [
            {
                "id": 230,
                "degree": 1,
                "label": 4,
                "coords": [
                    12.4873,
                    185.12402,
                    -419.51562
                ]
            }
        ],
        "Pcom bifurcation": [
            {
                "id": 249,
                "degree": 3,
                "label": 4,
                "coords": [
                    16.34876,
                    180.83756,
                    -418.67605
                ]
            }
        ],
        "Pcom boundary": [
            {
                "id": 484,
                "degree": 2,
                "label": 4,
                "coords": [
                    16.0498,
                    180.32402,
                    -419.72188
                ]
            }
        ],
        "ICA bifurcation": [
            {
                "id": 263,
                "degree": 3,
                "label": 4,
                "coords": [
                    19.40918,
                    179.12402,
                    -416.25
                ]
            }
        ],
        "ACA boundary": [
            {
                "id": 614,
                "degree": 2,
                "label": 4,
                "coords": [
                    18.4873,
                    179.0959,
                    -414.75
                ]
            }
        ],
        "MCA boundary": [
            {
                "id": 273,
                "degree": 2,
                "label": 4,
                "coords": [
                    21.90918,
                    179.37715,
                    -415.85
                ]
            }
        ]
    },
    "5": {
        "ICA boundary": [
            {
                "id": 273,
                "degree": 2,
                "label": 5,
                "coords": [
                    21.90918,
                    179.37715,
                    -415.85
                ]
            }
        ],
        "MCA end": [
            {
                "id": 313,
                "degree": 3,
                "label": 5,
                "coords": [
                    31.65918,
                    184.87402,
                    -419.0
                ]
            }
        ]
    },
    "6": {
        "ICA start": [
            {
                "id": 342,
                "degree": 1,
                "label": 6,
                "coords": [
                    -3.18457,
                    186.6084,
                    -419.59375
                ]
            }
        ],
        "Pcom bifurcation": [
            {
                "id": 361,
                "degree": 3,
                "label": 6,
                "coords": [
                    -6.0877,
                    182.37402,
                    -416.49688
                ]
            }
        ],
        "Pcom boundary": [
            {
                "id": 547,
                "degree": 2,
                "label": 6,
                "coords": [
                    -5.7502,
                    181.0209,
                    -417.8
                ]
            }
        ],
        "ICA bifurcation": [
            {
                "id": 378,
                "degree": 3,
                "label": 6,
                "coords": [
                    -8.09082,
                    181.87402,
                    -412.25
                ]
            }
        ],
        "ACA boundary": [
            {
                "id": 753,
                "degree": 2,
                "label": 6,
                "coords": [
                    -6.09082,
                    181.9709,
                    -411.21562
                ]
            }
        ],
        "MCA boundary": [
            {
                "id": 385,
                "degree": 2,
                "label": 6,
                "coords": [
                    -9.84082,
                    182.7584,
                    -411.27188
                ]
            }
        ]
    },
    "7": {
        "ICA boundary": [
            {
                "id": 385,
                "degree": 2,
                "label": 7,
                "coords": [
                    -9.84082,
                    182.7584,
                    -411.27188
                ]
            }
        ],
        "MCA end": [
            {
                "id": 426,
                "degree": 3,
                "label": 7,