{
    "1": {
        "BA start": [
            {
                "id": 0,
                "degree": 1,
                "label": 1,
                "coords": [
                    2.79492,
                    193.18164,
                    -150.5
                ]
            }
        ],
        "BA bifurcation": [
            {
                "id": 33,
                "degree": 3,
                "label": 1,
                "coords": [
                    -0.14779,
                    196.91602,
                    -142.58333
                ]
            }
        ],
        "R-PCA boundary": [
            {
                "id": 41,
                "degree": 2,
                "label": 1,
                "coords": [
                    1.4543,
                    197.84102,
                    -140.94688
                ]
            }
        ],
        "L-PCA boundary": [
            {
                "id": 137,
                "degree": 2,
                "label": 1,
                "coords": [
                    -2.06445,
                    196.91602,
                    -141.60312
                ]
            }
        ]
    },
    "2": {
        "BA boundary": [
            {
                "id": 41,
                "degree": 2,
                "label": 2,
                "coords": [
                    1.4543,
                    197.84102,
                    -140.94688
                ]
            }
        ],
        "PCA end": [
            {
                "id": 130,
                "degree": 1,
                "label": 2,
                "coords": [
                    17.41992,
                    191.10352,
                    -132.75
                ]
            }
        ]
    },
    "3": {
        "BA boundary": [
            {
                "id": 137,
                "degree": 2,
                "label": 3,
                "coords": [
                    -2.06445,
                    196.91602,
                    -141.60312
                ]
            }
        ],
        "PCA end": [
            {
                "id": 243,
                "degree": 1,
                "label": 3,
                "coords": [
                    -14.4707,
                    185.15039,
                    -132.5
                ]
            }
        ]
    },
    "4": {
        "ICA start": [
            {
                "id": 244,
                "degree": 1,
                "label": 4,
                "coords": [
                    7.18555,
                    211.47852,
                    -152.48438
                ]
            }
        ],
        "ICA bifurcation": [
            {
                "id": 279,
                "degree": 3,
                "label": 4,
                "coords": [
                    13.18555,
                    211.91602,
                    -145.5
                ]
            }
        ],
        "ACA boundary": [
            {
                "id": 492,
                "degree": 2,
                "label": 4,
                "coords": [
                    12.18555,
                    212.56914,
                    -145.1
                ]
            }
        ],
        "MCA boundary": [
            {
                "id": 287,
                "degree": 2,
                "label": 4,
                "coords": [
                    15.18555,
                    212.93164,
                    -144.15625
                ]
            }
        ]
    },
    "5": {
        "ICA boundary": [
            {
                "id": 287,
                "degree": 2,
                "label": 5,
                "coords": [
                    15.18555,
                    212.93164,
                    -144.15625
                ]
            }
        ],
        "MCA end": [
            {
                "id": 325,
                "degree": 3,
                "label": 5,
                "coords": [
                    24.68555,
                    216.91602,
                    -146.5
                ]
            }
        ]
    },
    "6": {
        "ICA start": [
            {
                "id": 364,
                "degree": 1,
                "label": 6,
                "coords": [
                    -9.83008,
                    208.99414,
                    -152.15625
                ]
            }
        ],
        "ICA bifurcation": [
            {
                "id": 395,
                "degree": 3,
                "label": 6,
                "coords": [
                    -13.89779,
                    207.58268,
                    -145.08333
                ]
            }
        ],
        "ACA boundary": [
            {
                "id": 620,
                "degree": 2,
                "label": 6,
                "coords": [
                    -12.56445,
                    208.66602,
                    -143.75313
                ]
            }
        ],
        "MCA boundary": [
            {
                "id": 406,
                "degree": 2,
                "label": 6,
                "coords": [
                    -16.81445,
                    207.33789,
                    -144.44688
                ]
            }
        ]
    },
    "7": {
        "ICA boundary": [
            {
                "id": 406,
                "degree": 2,
                "label": 7,
                "coords": [
                    -16.81445,
                    207.33789,
                    -144.44688
                ]
            }
        ],
        "MCA end": [
            {
                "id": 446,
                "degree": 3,
                "label": 7,
                "coords": [
                    -26.31445,
                    207.66602,
                    -145.5
                ]
            }
        ]
    },
    "10": {
        "R-ACA boundary": [
            {
                "id": 722,
                "degree": 2,
                "label": 10,
                "coords": [
                    -1.3207,
                    216.43164,
                    -143.12375
                ]
            }
        ],
        "L-ACA boundary": [
            {
                "id": 732,
                "degree": 2,
                "label": 10,
                "coords": [
                    -3.74336,
                    215.31445,
                    -144.45469
                ]
            }
        ]
    },
    "11": {
        "ICA boundary": [
            {
                "id": 492,
                "degree": 2,
                "label": 11,
                "coords": [
                    12.18555,
                    212.56914,
                    -145.1
                ]
            }
        ],
        "Acom bifurcation": [
            {
                "id": 551,
                "degree": 3,
                "label": 11,
                "coords": [
                    -0.83008,
                    216.91602,
                    -142.60312
                ]
            }
        ],
        "Acom boundary": [
            {
                "id": 722,
                "degree": 2,
                "label": 11,
                "coords": [
                    -1.3207,
                    216.43164,
                    -143.12375
                ]
            }
        ],
        "ACA end": [
            {
                "id": 615,
                "degree": 1,
                "label": 11,
                "coords": [
                    -5.31445,
                    232.41602,
                    -141.40625
                ]
            }
        ]
    },
    "12": {
        "ICA boundary": [
            {
                "id": 620,
                "degree": 2,
                "label": 12,
                "coords": [
                    -12.56445,
                    208.66602,
                    -143.75313
                ]
            }
        ],
        "Acom bifurcation": [
            {
                "id": 655,
                "degree": 3,
                "label": 12,