{
    "1": {
        "BA start": [
            {
                "id": 0,
                "degree": 1,
                "label": 1,
                "coords": [
                    -4.32012,
                    -11.26585,
                    -45.27585
                ]
            }
        ],
        "BA bifurcation": [
            {
                "id": 22,
                "degree": 3,
                "label": 1,
                "coords": [
                    -4.40311,
                    -11.2734,
                    -39.69252
                ]
            }
        ],
        "R-PCA boundary": [
            {
                "id": 27,
                "degree": 2,
                "label": 1,
                "coords": [
                    -3.05346,
                    -11.39219,
                    -38.56647
                ]
            }
        ],
        "L-PCA boundary": [
            {
                "id": 42,
                "degree": 2,
                "label": 1,
                "coords": [
                    -6.39743,
                    -10.50725,
                    -38.67897
                ]
            }
        ]
    },
    "2": {
        "BA boundary": [
            {
                "id": 27,
                "degree": 2,
                "label": 2,
                "coords": [
                    -3.05346,
                    -11.39219,
                    -38.56647
                ]
            }
        ],
        "PCA end": [
            {
                "id": 35,
                "degree": 1,
                "label": 2,
                "coords": [
                    -1.25467,
                    -10.98687,
                    -37.52585
                ]
            }
        ]
    },
    "3": {
        "BA boundary": [
            {
                "id": 42,
                "degree": 2,
                "label": 3,
                "coords": [
                    -6.39743,
                    -10.50725,
                    -38.67897
                ]
            }
        ],
        "PCA end": [
            {
                "id": 76,
                "degree": 1,
                "label": 3,
                "coords": [
                    -14.85198,
                    -11.22019,
                    -41.85397
                ]
            }
        ]
    },
    "4": {
        "ICA start": [
            {
                "id": 77,
                "degree": 1,
                "label": 4,
                "coords": [
                    1.97079,
                    2.36039,
                    -46.54147
                ]
            }
        ],
        "ICA bifurcation": [
            {
                "id": 169,
                "degree": 3,
                "label": 4,
                "coords": [
                    6.45262,
                    -0.91355,
                    -34.85919
                ]
            }
        ],
        "ACA boundary": [
            {
                "id": 357,
                "degree": 2,
                "label": 4,
                "coords": [
                    4.95533,
                    -0.2988,
                    -33.07897
                ]
            }
        ],
        "MCA boundary": [
            {
                "id": 175,
                "degree": 2,
                "label": 4,
                "coords": [
                    8.05172,
                    -1.01487,
                    -34.02585
                ]
            }
        ]
    },
    "5": {
        "ICA boundary": [
            {
                "id": 175,
                "degree": 2,
                "label": 5,
                "coords": [
                    8.05172,
                    -1.01487,
                    -34.02585
                ]
            }
        ],
        "MCA end": [
            {
                "id": 214,
                "degree": 1,
                "label": 5,
                "coords": [
                    17.60525,
                    1.58671,
                    -33.27585
                ]
            }
        ]
    },
    "6": {
        "ICA start": [
            {
                "id": 215,
                "degree": 1,
                "label": 6,
                "coords": [
                    -17.47162,
                    0.84203,
                    -45.77585
                ]
            }
        ],
        "ICA bifurcation": [
            {
                "id": 307,
                "degree": 3,
                "label": 6,
                "coords": [
                    -19.54584,
                    -4.86947,
                    -33.19252
                ]
            }
        ],
        "ACA boundary": [
            {
                "id": 454,
                "degree": 2,
                "label": 6,
                "coords": [
                    -17.48468,
                    -4.53127,
                    -32.02585
                ]
            }
        ],
        "MCA boundary": [
            {
                "id": 314,
                "degree": 2,
                "label": 6,
                "coords": [
                    -21.16203,
                    -5.49979,
                    -32.37272
                ]
            }
        ]
    },
    "7": {
        "ICA boundary": [
            {
                "id": 314,
                "degree": 2,
                "label": 7,
                "coords": [
                    -21.16203,
                    -5.49979,
                    -32.37272
                ]
            }
        ],
        "MCA end": [
            {
                "id": 350,
                "degree": 1,
                "label": 7,
                "coords": [
                    -30.40937,
                    -3.01831,
                    -30.33835
                ]
            }
        ]
    },
    "10": {
        "R-ACA boundary": [
            {
                "id": 548,
                "degree": 2,
                "label": 10,
                "coords": [
                    -7.71501,
                    1.17768,
                    -31.87272
                ]
            }
        ],
        "L-ACA boundary": [
            {
                "id": 554,
                "degree": 2,
                "label": 10,
                "coords": [
                    -9.30627,
                    2.18134,
                    -32.33522
                ]
            }
        ]
    },
    "11": {
        "ICA boundary": [
            {
                "id": 357,
                "degree": 2,
                "label": 11,
                "coords": [
                    4.95533,
                    -0.2988,
                    -33.07897
                ]
            }
        ],
        "Acom bifurcation": [
            {
                "id": 409,
                "degree": 3,
                "label": 11,
                "coords": [
                    -6.66643,
                    0.55139,
                    -30.6446
                ]
            }
        ],
        "Acom boundary": [
            {
                "id": 548,
                "degree": 2,
                "label": 11,
                "coords": [
                    -7.71501,
                    1.17768,
                    -31.87272
                ]
            }
        ],
        "ACA end": [
            {
                "id": 446,
                "degree": 1,
                "label": 11,
                "coords": [
                    -6.89198,
                    4.06415,
                    -22.02585
                ]
            }
        ]
    },
    "12": {
        "ICA boundary": [
            {
                "id": 454,
                "degree": 2,
                "label": 12,
                "coords": [
                    -17.48468,
                    -4.53127,
                    -32.02585
                ]
            }
        ],
        "Acom bifurcation": [
            {
                "id": 494,
                "degree": 3,
                "label": 12,