{
    "1": {
        "BA start": [
            {
                "id": 0,
                "degree": 1,
                "label": 1,
                "coords": [
                    -10.79395,
                    179.17676,
                    -189.25
                ]
            }
        ],
        "BA bifurcation": [
            {
                "id": 22,
                "degree": 3,
                "label": 1,
                "coords": [
                    -11.14811,
                    179.67676,
                    -183.58333
                ]
            }
        ],
        "R-PCA boundary": [
            {
                "id": 31,
                "degree": 2,
                "label": 1,
                "coords": [
                    -9.6002,
                    178.98301,
                    -181.75
                ]
            }
        ],
        "L-PCA boundary": [
            {
                "id": 127,
                "degree": 2,
                "label": 1,
                "coords": [
                    -12.98145,
                    180.42676,
                    -183.23438
                ]
            }
        ]
    },
    "2": {
        "BA boundary": [
            {
                "id": 31,
                "degree": 2,
                "label": 2,
                "coords": [
                    -9.6002,
                    178.98301,
                    -181.75
                ]
            }
        ],
        "PCA end": [
            {
                "id": 120,
                "degree": 1,
                "label": 2,
                "coords": [
                    5.03418,
                    168.92676,
                    -186.0
                ]
            }
        ]
    },
    "3": {
        "BA boundary": [
            {
                "id": 127,
                "degree": 2,
                "label": 3,
                "coords": [
                    -12.98145,
                    180.42676,
                    -183.23438
                ]
            }
        ],
        "Pcom bifurcation": [
            {
                "id": 171,
                "degree": 3,
                "label": 3,
                "coords": [
                    -21.87103,
                    178.05279,
                    -180.02916
                ]
            }
        ],
        "Pcom boundary": [
            {
                "id": 457,
                "degree": 2,
                "label": 3,
                "coords": [
                    -22.13436,
                    178.84259,
                    -180.24645
                ]
            }
        ],
        "PCA end": [
            {
                "id": 217,
                "degree": 1,
                "label": 3,
                "coords": [
                    -30.65332,
                    168.41113,
                    -184.3125
                ]
            }
        ]
    },
    "4": {
        "ICA start": [
            {
                "id": 218,
                "degree": 1,
                "label": 4,
                "coords": [
                    -6.4502,
                    193.17676,
                    -178.25
                ]
            }
        ],
        "ICA bifurcation": [
            {
                "id": 255,
                "degree": 3,
                "label": 4,
                "coords": [
                    0.60189,
                    186.67676,
                    -174.83333
                ]
            }
        ],
        "ACA boundary": [
            {
                "id": 467,
                "degree": 2,
                "label": 4,
                "coords": [
                    -1.13457,
                    186.94551,
                    -173.00312
                ]
            }
        ],
        "MCA boundary": [
            {
                "id": 264,
                "degree": 2,
                "label": 4,
                "coords": [
                    2.77168,
                    185.94551,
                    -174.5
                ]
            }
        ]
    },
    "5": {
        "ICA boundary": [
            {
                "id": 264,
                "degree": 2,
                "label": 5,
                "coords": [
                    2.77168,
                    185.94551,
                    -174.5
                ]
            }
        ],
        "MCA end": [
            {
                "id": 326,
                "degree": 1,
                "label": 5,
                "coords": [
                    18.26855,
                    190.17676,
                    -175.01562
                ]
            }
        ]
    },
    "6": {
        "ICA start": [
            {
                "id": 327,
                "degree": 1,
                "label": 6,
                "coords": [
                    -22.98145,
                    193.09863,
                    -177.25
                ]
            }
        ],
        "Pcom bifurcation": [
            {
                "id": 343,
                "degree": 3,
                "label": 6,
                "coords": [
                    -25.70228,
                    189.39029,
                    -179.11666
                ]
            }
        ],
        "Pcom boundary": [
            {
                "id": 420,
                "degree": 2,
                "label": 6,
                "coords": [
                    -24.7127,
                    188.22988,
                    -180.75312
                ]
            }
        ],
        "ICA bifurcation": [
            {
                "id": 365,
                "degree": 3,
                "label": 6,
                "coords": [
                    -30.31478,
                    186.17676,
                    -176.41667
                ]
            }
        ],
        "ACA boundary": [
            {
                "id": 563,
                "degree": 2,
                "label": 6,
                "coords": [
                    -28.23145,
                    185.97988,
                    -174.83438
                ]
            }
        ],
        "MCA boundary": [
            {
                "id": 371,
                "degree": 2,
                "label": 6,
                "coords": [
                    -31.98145,
                    185.87988,
                    -175.64375
                ]
            }
        ]
    },
    "7": {
        "ICA boundary": [
            {
                "id": 371,
                "degree": 2,
                "label": 7,
                "coords": [
                    -31.98145,
                    185.87988,
                    -175.64375
                ]
            }
        ],
        "MCA end": [
            {
                "id": 414,
                "degree": 1,
                "label": 7,
                "coords": [
                    -42.6377,
                    185.66113,
                    -175.82812
                ]
            }
        ]
    },
    "9": {
        "ICA boundary": [
            {
                "id": 420,
                "degree": 2,
                "label": 9,
                "coords": [
                    -24.7127,
                    188.22988,
                    -180.75312
                ]
            }
        ],
        "PCA boundary": [
            {
                "id": 457,
                "degree": 2,
                "label": 9,
                "coords": [
                    -22.13436,
                    178.84259,
                    -180.24645
                ]
            }
        ]
    },
    "10": {
        "R-ACA boundary": [
            {
                "id": 658,
                "degree": 2,
                "label": 10,
                "coords": [
                    -12.73145,
                    190.39551,
                    -173.34688
                ]
            }
        ],
        "L-ACA boundary": [
            {
                "id": 668,
                "degree": 2,
                "label": 10,