{
    "1": {
        "BA start": [
            {
                "id": 0,
                "degree": 1,
                "label": 1,
                "coords": [
                    1.78637,
                    0.91095,
                    -62.57071
                ]
            }
        ],
        "BA bifurcation": [
            {
                "id": 40,
                "degree": 3,
                "label": 1,
                "coords": [
                    -3.42222,
                    -0.47911,
                    -52.67836
                ]
            }
        ],
        "R-PCA boundary": [
            {
                "id": 48,
                "degree": 2,
                "label": 1,
                "coords": [
                    -2.3736,
                    -2.21659,
                    -50.67651
                ]
            }
        ],
        "L-PCA boundary": [
            {
                "id": 146,
                "degree": 2,
                "label": 1,
                "coords": [
                    -5.22439,
                    1.14775,
                    -51.01397
                ]
            }
        ]
    },
    "2": {
        "BA boundary": [
            {
                "id": 48,
                "degree": 2,
                "label": 2,
                "coords": [
                    -2.3736,
                    -2.21659,
                    -50.67651
                ]
            }
        ],
        "PCA end": [
            {
                "id": 137,
                "degree": 1,
                "label": 2,
                "coords": [
                    14.98862,
                    -9.19079,
                    -55.78839
                ]
            }
        ]
    },
    "3": {
        "BA boundary": [
            {
                "id": 146,
                "degree": 2,
                "label": 3,
                "coords": [
                    -5.22439,
                    1.14775,
                    -51.01397
                ]
            }
        ],
        "Pcom bifurcation": [
            {
                "id": 174,
                "degree": 3,
                "label": 3,
                "coords": [
                    -12.19513,
                    3.02356,
                    -52.05026
                ]
            }
        ],
        "Pcom boundary": [
            {
                "id": 548,
                "degree": 2,
                "label": 3,
                "coords": [
                    -11.68069,
                    4.17917,
                    -52.26661
                ]
            }
        ],
        "PCA end": [
            {
                "id": 241,
                "degree": 1,
                "label": 3,
                "coords": [
                    -20.28212,
                    -8.65175,
                    -58.52293
                ]
            }
        ]
    },
    "4": {
        "ICA start": [
            {
                "id": 242,
                "degree": 1,
                "label": 4,
                "coords": [
                    2.20315,
                    17.33846,
                    -63.06202
                ]
            }
        ],
        "ICA bifurcation": [
            {
                "id": 334,
                "degree": 3,
                "label": 4,
                "coords": [
                    7.06766,
                    5.46316,
                    -51.0372
                ]
            }
        ],
        "ACA boundary": [
            {
                "id": 557,
                "degree": 2,
                "label": 4,
                "coords": [
                    5.93012,
                    5.71677,
                    -49.47698
                ]
            }
        ],
        "MCA boundary": [
            {
                "id": 343,
                "degree": 2,
                "label": 4,
                "coords": [
                    9.4591,
                    5.87286,
                    -50.00033
                ]
            }
        ]
    },
    "5": {
        "ICA boundary": [
            {
                "id": 343,
                "degree": 2,
                "label": 5,
                "coords": [
                    9.4591,
                    5.87286,
                    -50.00033
                ]
            }
        ],
        "MCA end": [
            {
                "id": 368,
                "degree": 1,
                "label": 5,
                "coords": [
                    15.43284,
                    8.71632,
                    -49.33869
                ]
            }
        ]
    },
    "6": {
        "ICA start": [
            {
                "id": 369,
                "degree": 1,
                "label": 6,
                "coords": [
                    -16.85692,
                    13.88937,
                    -63.94679
                ]
            }
        ],
        "Pcom bifurcation": [
            {
                "id": 440,
                "degree": 3,
                "label": 6,
                "coords": [
                    -16.96854,
                    6.99282,
                    -56.63018
                ]
            }
        ],
        "Pcom boundary": [
            {
                "id": 512,
                "degree": 2,
                "label": 6,
                "coords": [
                    -16.13294,
                    5.96801,
                    -57.81402
                ]
            }
        ],
        "ICA bifurcation": [
            {
                "id": 464,
                "degree": 3,
                "label": 6,
                "coords": [
                    -19.00415,
                    3.60673,
                    -50.99855
                ]
            }
        ],
        "ACA boundary": [
            {
                "id": 671,
                "degree": 2,
                "label": 6,
                "coords": [
                    -17.02308,
                    3.5924,
                    -50.05711
                ]
            }
        ],
        "MCA boundary": [
            {
                "id": 477,
                "degree": 2,
                "label": 6,
                "coords": [
                    -22.28936,
                    2.58631,
                    -48.83934
                ]
            }
        ]
    },
    "7": {
        "ICA boundary": [
            {
                "id": 477,
                "degree": 2,
                "label": 7,
                "coords": [
                    -22.28936,
                    2.58631,
                    -48.83934
                ]
            }
        ],
        "MCA end": [
            {
                "id": 508,
                "degree": 1,
                "label": 7,
                "coords": [
                    -30.06579,
                    4.22347,
                    -48.49338
                ]
            }
        ]
    },
    "9": {
        "ICA boundary": [
            {
                "id": 512,
                "degree": 2,
                "label": 9,
                "coords": [
                    -16.13294,
                    5.96801,
                    -57.81402
                ]
            }
        ],
        "PCA boundary": [
            {
                "id": 548,
                "degree": 2,
                "label": 9,
                "coords": [
                    -11.68069,
                    4.17917,
                    -52.26661
                ]
            }
        ]
    },
    "10": {
        "R-ACA boundary": [
            {
                "id": 774,
                "degree": 2,
                "label": 10,
                "coords": [
                    -5.3382,
                    13.5229,
                    -51.91092
                ]
            }
        ],
        "L-ACA boundary": [
            {
                "id": 785,
                "degree": 2,
                "label": 10,