{
    "1": {
        "BA start": [
            {
                "id": 0,
                "degree": 1,
                "label": 1,
                "coords": [
                    0.41913,
                    -8.27193,
                    0.11471
                ]
            }
        ],
        "BA bifurcation": [
            {
                "id": 65,
                "degree": 3,
                "label": 1,
                "coords": [
                    -4.50444,
                    -2.68767,
                    15.77684
                ]
            }
        ],
        "R-PCA boundary": [
            {
                "id": 73,
                "degree": 2,
                "label": 1,
                "coords": [
                    -3.66034,
                    -3.42087,
                    17.95133
                ]
            }
        ],
        "L-PCA boundary": [
            {
                "id": 192,
                "degree": 2,
                "label": 1,
                "coords": [
                    -6.48676,
                    -1.50222,
                    16.34164
                ]
            }
        ]
    },
    "2": {
        "BA boundary": [
            {
                "id": 73,
                "degree": 2,
                "label": 2,
                "coords": [
                    -3.66034,
                    -3.42087,
                    17.95133
                ]
            }
        ],
        "PCA end": [
            {
                "id": 185,
                "degree": 1,
                "label": 2,
                "coords": [
                    18.45385,
                    -17.0209,
                    17.54861
                ]
            }
        ]
    },
    "3": {
        "BA boundary": [
            {
                "id": 192,
                "degree": 2,
                "label": 3,
                "coords": [
                    -6.48676,
                    -1.50222,
                    16.34164
                ]
            }
        ],
        "PCA end": [
            {
                "id": 304,
                "degree": 1,
                "label": 3,
                "coords": [
                    -21.65511,
                    -16.44309,
                    12.23961
                ]
            }
        ]
    },
    "4": {
        "ICA start": [
            {
                "id": 305,
                "degree": 1,
                "label": 4,
                "coords": [
                    13.4024,
                    17.72856,
                    8.34506
                ]
            }
        ],
        "ICA bifurcation": [
            {
                "id": 397,
                "degree": 3,
                "label": 4,
                "coords": [
                    15.62308,
                    7.22933,
                    21.37953
                ]
            }
        ],
        "ACA boundary": [
            {
                "id": 600,
                "degree": 2,
                "label": 4,
                "coords": [
                    14.03703,
                    7.67312,
                    22.17013
                ]
            }
        ],
        "MCA boundary": [
            {
                "id": 403,
                "degree": 2,
                "label": 4,
                "coords": [
                    17.1086,
                    8.12934,
                    21.59948
                ]
            }
        ]
    },
    "5": {
        "ICA boundary": [
            {
                "id": 403,
                "degree": 2,
                "label": 5,
                "coords": [
                    17.1086,
                    8.12934,
                    21.59948
                ]
            }
        ],
        "MCA end": [
            {
                "id": 457,
                "degree": 1,
                "label": 5,
                "coords": [
                    26.22025,
                    20.22915,
                    18.39751
                ]
            }
        ]
    },
    "6": {
        "ICA start": [
            {
                "id": 458,
                "degree": 1,
                "label": 6,
                "coords": [
                    -17.01479,
                    18.22819,
                    2.05313
                ]
            }
        ],
        "ICA bifurcation": [
            {
                "id": 550,
                "degree": 3,
                "label": 6,
                "coords": [
                    -20.13497,
                    5.64565,
                    15.47761
                ]
            }
        ],
        "ACA boundary": [
            {
                "id": 776,
                "degree": 2,
                "label": 6,
                "coords": [
                    -18.96509,
                    3.95095,
                    17.0502
                ]
            }
        ],
        "MCA boundary": [
            {
                "id": 561,
                "degree": 2,
                "label": 6,
                "coords": [
                    -23.08143,
                    6.61342,
                    16.47411
                ]
            }
        ]
    },
    "7": {
        "ICA boundary": [
            {
                "id": 561,
                "degree": 2,
                "label": 7,
                "coords": [
                    -23.08143,
                    6.61342,
                    16.47411
                ]
            }
        ],
        "MCA end": [
            {
                "id": 594,
                "degree": 1,
                "label": 7,
                "coords": [
                    -30.77731,
                    13.72909,
                    17.28146
                ]
            }
        ]
    },
    "10": {
        "R-ACA boundary": [
            {
                "id": 938,
                "degree": 2,
                "label": 10,
                "coords": [
                    -0.80695,
                    11.55687,
                    18.53975
                ]
            }
        ],
        "L-ACA boundary": [
            {
                "id": 949,
                "degree": 2,
                "label": 10,
                "coords": [
                    -3.39689,
                    11.00413,
                    18.08032
                ]
            }
        ]
    },
    "11": {
        "ICA boundary": [
            {
                "id": 600,
                "degree": 2,
                "label": 11,
                "coords": [
                    14.03703,
                    7.67312,
                    22.17013
                ]
            }
        ],
        "Acom bifurcation": [
            {
                "id": 659,
                "degree": 3,
                "label": 11,
                "coords": [
                    -0.5174,
                    12.24272,
                    18.88277
                ]
            }
        ],
        "Acom boundary": [
            {
                "id": 938,
                "degree": 2,
                "label": 11,
                "coords": [
                    -0.80695,
                    11.55687,
                    18.53975
                ]
            }
        ],
        "ACA end": [
            {
                "id": 768,
                "degree": 1,
                "label": 11,
                "coords": [
                    -5.14861,
                    30.98019,
                    35.87752
                ]
            }
        ]
    },
    "12": {
        "ICA boundary": [
            {
                "id": 776,
                "degree": 2,
                "label": 12,
                "coords": [
                    -18.96509,
                    3.95095,
                    17.0502
                ]
            }
        ],
        "Acom bifurcation": [
            {
                "id": 836,
                "degree": 3,
                "label": 12,