{
    "1": {
        "BA start": [
            {
                "id": 0,
                "degree": 1,
                "label": 1,
                "coords": [
                    9.25293,
                    203.16699,
                    637.13867
                ]
            }
        ],
        "BA bifurcation": [
            {
                "id": 57,
                "degree": 3,
                "label": 1,
                "coords": [
                    7.40397,
                    209.00033,
                    650.1179
                ]
            }
        ],
        "R-PCA boundary": [
            {
                "id": 63,
                "degree": 2,
                "label": 1,
                "coords": [
                    8.54043,
                    208.19512,
                    651.57305
                ]
            }
        ],
        "L-PCA boundary": [
            {
                "id": 169,
                "degree": 2,
                "label": 1,
                "coords": [
                    6.51543,
                    209.90761,
                    650.42931
                ]
            }
        ]
    },
    "2": {
        "BA boundary": [
            {
                "id": 63,
                "degree": 2,
                "label": 2,
                "coords": [
                    8.54043,
                    208.19512,
                    651.57305
                ]
            }
        ],
        "Pcom bifurcation": [
            {
                "id": 99,
                "degree": 3,
                "label": 2,
                "coords": [
                    16.7373,
                    208.91074,
                    650.66681
                ]
            }
        ],
        "Pcom boundary": [
            {
                "id": 544,
                "degree": 2,
                "label": 2,
                "coords": [
                    17.3373,
                    211.41699,
                    650.5793
                ]
            }
        ],
        "PCA end": [
            {
                "id": 166,
                "degree": 1,
                "label": 2,
                "coords": [
                    28.0498,
                    193.41699,
                    651.9668
                ]
            }
        ]
    },
    "3": {
        "BA boundary": [
            {
                "id": 169,
                "degree": 2,
                "label": 3,
                "coords": [
                    6.51543,
                    209.90761,
                    650.42931
                ]
            }
        ],
        "PCA end": [
            {
                "id": 310,
                "degree": 1,
                "label": 3,
                "coords": [
                    -9.74707,
                    191.66699,
                    662.62305
                ]
            }
        ]
    },
    "4": {
        "ICA start": [
            {
                "id": 311,
                "degree": 1,
                "label": 4,
                "coords": [
                    22.75293,
                    223.93262,
                    646.04492
                ]
            }
        ],
        "Pcom bifurcation": [
            {
                "id": 330,
                "degree": 3,
                "label": 4,
                "coords": [
                    25.34772,
                    220.22742,
                    648.76681
                ]
            }
        ],
        "Pcom boundary": [
            {
                "id": 511,
                "degree": 2,
                "label": 4,
                "coords": [
                    23.88418,
                    218.41699,
                    648.55117
                ]
            }
        ],
        "MCA boundary": [
            {
                "id": 357,
                "degree": 2,
                "label": 4,
                "coords": [
                    32.2373,
                    220.57324,
                    650.10742
                ]
            }
        ]
    },
    "5": {
        "ICA boundary": [
            {
                "id": 357,
                "degree": 2,
                "label": 5,
                "coords": [
                    32.2373,
                    220.57324,
                    650.10742
                ]
            }
        ],
        "MCA end": [
            {
                "id": 400,
                "degree": 1,
                "label": 5,
                "coords": [
                    42.97168,
                    223.43262,
                    645.43555
                ]
            }
        ]
    },
    "6": {
        "ICA start": [
            {
                "id": 401,
                "degree": 1,
                "label": 6,
                "coords": [
                    2.2373,
                    225.24512,
                    648.79492
                ]
            }
        ],
        "ICA bifurcation": [
            {
                "id": 437,
                "degree": 3,
                "label": 6,
                "coords": [
                    -3.0127,
                    223.66699,
                    656.45123
                ]
            }
        ],
        "ACA boundary": [
            {
                "id": 564,
                "degree": 2,
                "label": 6,
                "coords": [
                    -0.7627,
                    222.16699,
                    657.55117
                ]
            }
        ],
        "MCA boundary": [
            {
                "id": 448,
                "degree": 2,
                "label": 6,
                "coords": [
                    -5.56582,
                    225.22012,
                    658.5293
                ]
            }
        ]
    },
    "7": {
        "ICA boundary": [
            {
                "id": 448,
                "degree": 2,
                "label": 7,
                "coords": [
                    -5.56582,
                    225.22012,
                    658.5293
                ]
            }
        ],
        "MCA end": [
            {
                "id": 504,
                "degree": 1,
                "label": 7,
                "coords": [
                    -16.7627,
                    234.49512,
                    651.2793
                ]
            }
        ]
    },
    "8": {
        "ICA boundary": [
            {
                "id": 511,
                "degree": 2,
                "label": 8,
                "coords": [
                    23.88418,
                    218.41699,
                    648.55117
                ]
            }
        ],
        "PCA boundary": [
            {
                "id": 544,
                "degree": 2,
                "label": 8,
                "coords": [
                    17.3373,
                    211.41699,
                    650.5793
                ]
            }
        ]
    },
    "10": {
        "R-ACA boundary": [
            {
                "id": 696,
                "degree": 2,
                "label": 10,
                "coords": [
                    13.32168,
                    226.16699,
                    650.77305
                ]
            }
        ],
        "L-ACA boundary": [
            {
                "id": 673,
                "degree": 2,
                "label": 10,
                "coords": [
                    11.38418,
                    224.36074,
                    655.12617
                ]
            }
        ]
    },
    "11": {
        "Acom boundary": [
            {
                "id": 696,
                "degree": 2,
                "label": 11,
                "coords": [
                    13.32168,
                    226.16699,
                    650.77305
                ]
            }
        ],
        "ACA end": [
            {
                "id": 769,
                "degree": 1,
                "label": 11,