{
    "1": {
        "BA start": [
            {
                "id": 0,
                "degree": 1,
                "label": 1,
                "coords": [
                    -12.26776,
                    17.13583,
                    -42.97117
                ]
            }
        ],
        "BA bifurcation": [
            {
                "id": 33,
                "degree": 3,
                "label": 1,
                "coords": [
                    -13.04821,
                    19.6752,
                    -34.84475
                ]
            }
        ],
        "R-PCA boundary": [
            {
                "id": 41,
                "degree": 2,
                "label": 1,
                "coords": [
                    -11.23628,
                    19.35168,
                    -33.5369
                ]
            }
        ],
        "L-PCA boundary": [
            {
                "id": 136,
                "degree": 2,
                "label": 1,
                "coords": [
                    -14.20968,
                    21.09467,
                    -34.04906
                ]
            }
        ]
    },
    "2": {
        "BA boundary": [
            {
                "id": 41,
                "degree": 2,
                "label": 2,
                "coords": [
                    -11.23628,
                    19.35168,
                    -33.5369
                ]
            }
        ],
        "PCA end": [
            {
                "id": 129,
                "degree": 1,
                "label": 2,
                "coords": [
                    4.34946,
                    6.90602,
                    -31.11062
                ]
            }
        ]
    },
    "3": {
        "BA boundary": [
            {
                "id": 136,
                "degree": 2,
                "label": 3,
                "coords": [
                    -14.20968,
                    21.09467,
                    -34.04906
                ]
            }
        ],
        "Pcom bifurcation": [
            {
                "id": 174,
                "degree": 3,
                "label": 3,
                "coords": [
                    -22.44143,
                    20.75218,
                    -36.03989
                ]
            }
        ],
        "Pcom boundary": [
            {
                "id": 174,
                "degree": 3,
                "label": 3,
                "coords": [
                    -22.44143,
                    20.75218,
                    -36.03989
                ]
            }
        ],
        "PCA end": [
            {
                "id": 291,
                "degree": 1,
                "label": 3,
                "coords": [
                    -26.01024,
                    3.8732,
                    -25.852
                ]
            }
        ]
    },
    "4": {
        "ICA start": [
            {
                "id": 292,
                "degree": 1,
                "label": 4,
                "coords": [
                    -3.6285,
                    30.51572,
                    -44.39585
                ]
            }
        ],
        "ICA bifurcation": [
            {
                "id": 384,
                "degree": 3,
                "label": 4,
                "coords": [
                    0.26249,
                    28.30783,
                    -29.83945
                ]
            }
        ],
        "ACA boundary": [
            {
                "id": 673,
                "degree": 2,
                "label": 4,
                "coords": [
                    -1.1895,
                    30.10341,
                    -27.79718
                ]
            }
        ],
        "MCA boundary": [
            {
                "id": 390,
                "degree": 2,
                "label": 4,
                "coords": [
                    1.91522,
                    27.94828,
                    -30.02662
                ]
            }
        ]
    },
    "5": {
        "ICA boundary": [
            {
                "id": 390,
                "degree": 2,
                "label": 5,
                "coords": [
                    1.91522,
                    27.94828,
                    -30.02662
                ]
            }
        ],
        "MCA end": [
            {
                "id": 430,
                "degree": 3,
                "label": 5,
                "coords": [
                    10.82764,
                    32.13497,
                    -35.43097
                ]
            }
        ]
    },
    "6": {
        "ICA start": [
            {
                "id": 471,
                "degree": 1,
                "label": 6,
                "coords": [
                    -27.08297,
                    32.88632,
                    -42.48508
                ]
            }
        ],
        "Pcom bifurcation": [
            {
                "id": 542,
                "degree": 3,
                "label": 6,
                "coords": [
                    -24.97957,
                    30.41782,
                    -31.76051
                ]
            }
        ],
        "Pcom boundary": [
            {
                "id": 624,
                "degree": 2,
                "label": 6,
                "coords": [
                    -25.65475,
                    29.49525,
                    -33.05474
                ]
            }
        ],
        "ICA bifurcation": [
            {
                "id": 560,
                "degree": 3,
                "label": 6,
                "coords": [
                    -26.44292,
                    29.64687,
                    -27.24395
                ]
            }
        ],
        "ACA boundary": [
            {
                "id": 810,
                "degree": 2,
                "label": 6,
                "coords": [
                    -24.61032,
                    29.67299,
                    -25.9939
                ]
            }
        ],
        "MCA boundary": [
            {
                "id": 570,
                "degree": 2,
                "label": 6,
                "coords": [
                    -28.84815,
                    30.99898,
                    -25.99123
                ]
            }
        ]
    },
    "7": {
        "ICA boundary": [
            {
                "id": 570,
                "degree": 2,
                "label": 7,
                "coords": [
                    -28.84815,
                    30.99898,
                    -25.99123
                ]
            }
        ],
        "MCA end": [
            {
                "id": 619,
                "degree": 1,
                "label": 7,
                "coords": [
                    -39.44469,
                    40.00486,
                    -29.68769
                ]
            }
        ]
    },
    "9": {
        "ICA boundary": [
            {
                "id": 624,
                "degree": 2,
                "label": 9,
                "coords": [
                    -25.65475,
                    29.49525,
                    -33.05474
                ]
            }
        ],
        "PCA boundary": [
            {
                "id": 174,
                "degree": 3,
                "label": 9,
                "coords": [
                    -22.44143,
                    20.75218,
                    -36.03989
                ]
            }
        ]
    },
    "10": {
        "R-ACA boundary": [
            {
                "id": 948,
                "degree": 2,
                "label": 10,
                "coords": [
                    -13.65795,
                    36.22074,
                    -31.7538
                ]
            }
        ],
        "L-ACA boundary": [
            {
                "id": 958,
                "degree": 2,
                "label": 10,