{
    "1": {
        "BA start": [
            {
                "id": 0,
                "degree": 1,
                "label": 1,
                "coords": [
                    7.70031,
                    -10.91812,
                    -40.00675
                ]
            }
        ],
        "BA bifurcation": [
            {
                "id": 52,
                "degree": 3,
                "label": 1,
                "coords": [
                    4.04934,
                    -11.5981,
                    -26.85086
                ]
            }
        ],
        "R-PCA boundary": [
            {
                "id": 60,
                "degree": 2,
                "label": 1,
                "coords": [
                    6.12007,
                    -12.30438,
                    -25.50527
                ]
            }
        ],
        "L-PCA boundary": [
            {
                "id": 178,
                "degree": 2,
                "label": 1,
                "coords": [
                    2.49248,
                    -10.48058,
                    -25.14536
                ]
            }
        ]
    },
    "2": {
        "BA boundary": [
            {
                "id": 60,
                "degree": 2,
                "label": 2,
                "coords": [
                    6.12007,
                    -12.30438,
                    -25.50527
                ]
            }
        ],
        "PCA end": [
            {
                "id": 170,
                "degree": 1,
                "label": 2,
                "coords": [
                    23.16547,
                    -22.93177,
                    -36.63587
                ]
            }
        ]
    },
    "3": {
        "BA boundary": [
            {
                "id": 178,
                "degree": 2,
                "label": 3,
                "coords": [
                    2.49248,
                    -10.48058,
                    -25.14536
                ]
            }
        ],
        "Pcom bifurcation": [
            {
                "id": 206,
                "degree": 3,
                "label": 3,
                "coords": [
                    -2.40148,
                    -4.83238,
                    -26.4382
                ]
            }
        ],
        "Pcom boundary": [
            {
                "id": 206,
                "degree": 3,
                "label": 3,
                "coords": [
                    -2.40148,
                    -4.83238,
                    -26.4382
                ]
            }
        ],
        "PCA end": [
            {
                "id": 300,
                "degree": 1,
                "label": 3,
                "coords": [
                    -15.6555,
                    -23.24237,
                    -37.58365
                ]
            }
        ]
    },
    "4": {
        "ICA start": [
            {
                "id": 301,
                "degree": 1,
                "label": 4,
                "coords": [
                    16.80322,
                    14.20884,
                    -36.59098
                ]
            }
        ],
        "ICA bifurcation": [
            {
                "id": 393,
                "degree": 3,
                "label": 4,
                "coords": [
                    20.58484,
                    -3.24754,
                    -28.25454
                ]
            }
        ],
        "ACA boundary": [
            {
                "id": 789,
                "degree": 2,
                "label": 4,
                "coords": [
                    19.29168,
                    -3.80583,
                    -26.70216
                ]
            }
        ],
        "MCA boundary": [
            {
                "id": 401,
                "degree": 2,
                "label": 4,
                "coords": [
                    22.60715,
                    -2.96579,
                    -27.60025
                ]
            }
        ]
    },
    "5": {
        "ICA boundary": [
            {
                "id": 401,
                "degree": 2,
                "label": 5,
                "coords": [
                    22.60715,
                    -2.96579,
                    -27.60025
                ]
            }
        ],
        "MCA end": [
            {
                "id": 431,
                "degree": 3,
                "label": 5,
                "coords": [
                    30.24858,
                    0.28585,
                    -26.71948
                ]
            }
        ]
    },
    "6": {
        "ICA start": [
            {
                "id": 485,
                "degree": 1,
                "label": 6,
                "coords": [
                    -9.20718,
                    10.65097,
                    -38.05529
                ]
            }
        ],
        "Pcom bifurcation": [
            {
                "id": 556,
                "degree": 3,
                "label": 6,
                "coords": [
                    -5.21729,
                    4.07315,
                    -31.31041
                ]
            }
        ],
        "Pcom boundary": [
            {
                "id": 742,
                "degree": 2,
                "label": 6,
                "coords": [
                    -4.48199,
                    2.85617,
                    -32.49209
                ]
            }
        ],
        "ICA bifurcation": [
            {
                "id": 595,
                "degree": 3,
                "label": 6,
                "coords": [
                    -12.69385,
                    4.29988,
                    -24.16153
                ]
            }
        ],
        "ACA boundary": [
            {
                "id": 932,
                "degree": 2,
                "label": 6,
                "coords": [
                    -11.24717,
                    3.47637,
                    -22.29068
                ]
            }
        ],
        "MCA boundary": [
            {
                "id": 604,
                "degree": 2,
                "label": 6,
                "coords": [
                    -14.92898,
                    5.59813,
                    -23.05104
                ]
            }
        ]
    },
    "7": {
        "ICA boundary": [
            {
                "id": 604,
                "degree": 2,
                "label": 7,
                "coords": [
                    -14.92898,
                    5.59813,
                    -23.05104
                ]
            }
        ],
        "MCA end": [
            {
                "id": 613,
                "degree": 3,
                "label": 7,
                "coords": [
                    -17.24798,
                    6.53452,
                    -22.14193
                ]
            }
        ]
    },
    "9": {
        "ICA boundary": [
            {
                "id": 742,
                "degree": 2,
                "label": 9,
                "coords": [
                    -4.48199,
                    2.85617,
                    -32.49209
                ]
            }
        ],
        "PCA boundary": [
            {
                "id": 206,
                "degree": 3,
                "label": 9,
                "coords": [
                    -2.40148,
                    -4.83238,
                    -26.4382
                ]
            }
        ]
    },
    "10": {
        "R-ACA boundary": [
            {
                "id": 1083,
                "degree": 2,
                "label": 10,
                "coords": [
                    5.8457,
                    -0.83406,
                    -23.65641
                ]
            }
        ],
        "L-ACA boundary": [
            {
                "id": 1095,
                "degree": 2,
                "label": 10,