{
    "1": {
        "BA start": [
            {
                "id": 0,
                "degree": 1,
                "label": 1,
                "coords": [
                    -23.00014,
                    7.31126,
                    -145.06989
                ]
            }
        ],
        "BA bifurcation": [
            {
                "id": 53,
                "degree": 3,
                "label": 1,
                "coords": [
                    -24.23451,
                    2.32689,
                    -132.39801
                ]
            }
        ],
        "R-PCA boundary": [
            {
                "id": 62,
                "degree": 2,
                "label": 1,
                "coords": [
                    -22.33139,
                    0.33001,
                    -131.72926
                ]
            }
        ],
        "L-PCA boundary": [
            {
                "id": 171,
                "degree": 2,
                "label": 1,
                "coords": [
                    -25.98451,
                    2.77689,
                    -130.99489
                ]
            }
        ]
    },
    "2": {
        "BA boundary": [
            {
                "id": 62,
                "degree": 2,
                "label": 2,
                "coords": [
                    -22.33139,
                    0.33001,
                    -131.72926
                ]
            }
        ],
        "Pcom bifurcation": [
            {
                "id": 83,
                "degree": 3,
                "label": 2,
                "coords": [
                    -17.23451,
                    -0.72311,
                    -131.56051
                ]
            }
        ],
        "Pcom boundary": [
            {
                "id": 493,
                "degree": 2,
                "label": 2,
                "coords": [
                    -17.45639,
                    0.08001,
                    -130.64489
                ]
            }
        ],
        "PCA end": [
            {
                "id": 163,
                "degree": 1,
                "label": 2,
                "coords": [
                    -1.75014,
                    -10.67311,
                    -138.72614
                ]
            }
        ]
    },
    "3": {
        "BA boundary": [
            {
                "id": 171,
                "degree": 2,
                "label": 3,
                "coords": [
                    -25.98451,
                    2.77689,
                    -130.99489
                ]
            }
        ],
        "PCA end": [
            {
                "id": 301,
                "degree": 1,
                "label": 3,
                "coords": [
                    -44.32826,
                    -11.42311,
                    -137.89801
                ]
            }
        ]
    },
    "4": {
        "ICA start": [
            {
                "id": 302,
                "degree": 1,
                "label": 4,
                "coords": [
                    -12.73451,
                    19.32688,
                    -134.41364
                ]
            }
        ],
        "Pcom bifurcation": [
            {
                "id": 321,
                "degree": 3,
                "label": 4,
                "coords": [
                    -11.23972,
                    14.4373,
                    -133.05739
                ]
            }
        ],
        "Pcom boundary": [
            {
                "id": 434,
                "degree": 2,
                "label": 4,
                "coords": [
                    -13.10326,
                    12.59251,
                    -133.74801
                ]
            }
        ],
        "ICA bifurcation": [
            {
                "id": 349,
                "degree": 3,
                "label": 4,
                "coords": [
                    -4.65118,
                    11.07689,
                    -130.31468
                ]
            }
        ],
        "ACA boundary": [
            {
                "id": 503,
                "degree": 2,
                "label": 4,
                "coords": [
                    -5.38764,
                    10.92689,
                    -128.15114
                ]
            }
        ],
        "MCA boundary": [
            {
                "id": 358,
                "degree": 2,
                "label": 4,
                "coords": [
                    -2.23451,
                    12.17689,
                    -130.67301
                ]
            }
        ]
    },
    "5": {
        "ICA boundary": [
            {
                "id": 358,
                "degree": 2,
                "label": 5,
                "coords": [
                    -2.23451,
                    12.17689,
                    -130.67301
                ]
            }
        ],
        "MCA end": [
            {
                "id": 427,
                "degree": 1,
                "label": 5,
                "coords": [
                    14.53111,
                    21.84251,
                    -131.64801
                ]
            }
        ]
    },
    "8": {
        "ICA boundary": [
            {
                "id": 434,
                "degree": 2,
                "label": 8,
                "coords": [
                    -13.10326,
                    12.59251,
                    -133.74801
                ]
            }
        ],
        "PCA boundary": [
            {
                "id": 493,
                "degree": 2,
                "label": 8,
                "coords": [
                    -17.45639,
                    0.08001,
                    -130.64489
                ]
            }
        ]
    },
    "11": {
        "ICA boundary": [
            {
                "id": 503,
                "degree": 2,
                "label": 11,
                "coords": [
                    -5.38764,
                    10.92689,
                    -128.15114
                ]
            }
        ],
        "ACA end": [
            {
                "id": 679,
                "degree": 1,
                "label": 11,
                "coords": [
                    -17.92201,
                    30.32689,
                    -108.88239
                ]
            }
        ]
    },
    "12": {
        "ICA boundary": [
            {
                "id": 680,
                "degree": 1,
                "label": 11,
                "coords": [
                    -33.23451,
                    14.07689,
                    -129.89801
                ]
            }
        ],
        "ACA end": [
            {
                "id": 848,
                "degree": 1,
                "label": 12,
                "coords": [
                    -20.82826,
                    30.74876,
                    -109.38239
                ]
            }
        ]
    }
}