{
    "1": {
        "BA start": [
            {
                "id": 0,
                "degree": 1,
                "label": 1,
                "coords": [
                    0.09871,
                    0.44415,
                    -66.05263
                ]
            }
        ],
        "R-PCA boundary": [
            {
                "id": 42,
                "degree": 2,
                "label": 1,
                "coords": [
                    -1.7464,
                    -2.16952,
                    -55.55262
                ]
            }
        ]
    },
    "2": {
        "BA boundary": [
            {
                "id": 42,
                "degree": 2,
                "label": 2,
                "coords": [
                    -1.7464,
                    -2.16952,
                    -55.55262
                ]
            }
        ],
        "Pcom bifurcation": [
            {
                "id": 76,
                "degree": 3,
                "label": 2,
                "coords": [
                    1.21921,
                    -2.69894,
                    -49.21512
                ]
            }
        ],
        "Pcom boundary": [
            {
                "id": 76,
                "degree": 3,
                "label": 2,
                "coords": [
                    1.21921,
                    -2.69894,
                    -49.21512
                ]
            }
        ],
        "PCA end": [
            {
                "id": 134,
                "degree": 1,
                "label": 2,
                "coords": [
                    13.73847,
                    -9.1985,
                    -55.80262
                ]
            }
        ]
    },
    "3": {
        "Pcom boundary": [
            {
                "id": 515,
                "degree": 2,
                "label": 3,
                "coords": [
                    -3.28088,
                    -1.23093,
                    -50.32137
                ]
            }
        ],
        "PCA end": [
            {
                "id": 564,
                "degree": 1,
                "label": 3,
                "coords": [
                    -15.50518,
                    -6.58234,
                    -54.74012
                ]
            }
        ]
    },
    "4": {
        "ICA start": [
            {
                "id": 135,
                "degree": 1,
                "label": 4,
                "coords": [
                    13.71896,
                    17.82299,
                    -59.78699
                ]
            }
        ],
        "Pcom bifurcation": [
            {
                "id": 206,
                "degree": 3,
                "label": 4,
                "coords": [
                    10.95482,
                    6.92509,
                    -52.6245
                ]
            }
        ],
        "Pcom boundary": [
            {
                "id": 429,
                "degree": 2,
                "label": 4,
                "coords": [
                    9.85097,
                    6.10703,
                    -53.87762
                ]
            }
        ],
        "ICA bifurcation": [
            {
                "id": 234,
                "degree": 3,
                "label": 4,
                "coords": [
                    17.76775,
                    7.23675,
                    -50.30263
                ]
            }
        ],
        "ACA boundary": [
            {
                "id": 573,
                "degree": 2,
                "label": 4,
                "coords": [
                    16.28125,
                    7.47984,
                    -48.20887
                ]
            }
        ],
        "MCA boundary": [
            {
                "id": 239,
                "degree": 2,
                "label": 4,
                "coords": [
                    19.08186,
                    7.8615,
                    -50.78074
                ]
            }
        ]
    },
    "5": {
        "ICA boundary": [
            {
                "id": 239,
                "degree": 2,
                "label": 5,
                "coords": [
                    19.08186,
                    7.8615,
                    -50.78074
                ]
            }
        ],
        "MCA end": [
            {
                "id": 281,
                "degree": 1,
                "label": 5,
                "coords": [
                    27.13257,
                    16.60197,
                    -51.80262
                ]
            }
        ]
    },
    "6": {
        "ICA start": [
            {
                "id": 282,
                "degree": 1,
                "label": 6,
                "coords": [
                    -10.762,
                    18.57488,
                    -60.28699
                ]
            }
        ],
        "Pcom bifurcation": [
            {
                "id": 353,
                "degree": 3,
                "label": 6,
                "coords": [
                    -9.0796,
                    8.71573,
                    -53.12242
                ]
            }
        ],
        "Pcom boundary": [
            {
                "id": 475,
                "degree": 2,
                "label": 6,
                "coords": [
                    -8.33039,
                    7.51816,
                    -53.85054
                ]
            }
        ],
        "ICA bifurcation": [
            {
                "id": 381,
                "degree": 3,
                "label": 6,
                "coords": [
                    -15.14794,
                    9.71056,
                    -48.30263
                ]
            }
        ],
        "ACA boundary": [
            {
                "id": 687,
                "degree": 2,
                "label": 6,
                "coords": [
                    -12.89587,
                    9.62163,
                    -47.22449
                ]
            }
        ],
        "MCA boundary": [
            {
                "id": 387,
                "degree": 2,
                "label": 6,
                "coords": [
                    -16.59809,
                    10.29235,
                    -48.13074
                ]
            }
        ]
    },
    "7": {
        "ICA boundary": [
            {
                "id": 387,
                "degree": 2,
                "label": 7,
                "coords": [
                    -16.59809,
                    10.29235,
                    -48.13074
                ]
            }
        ],
        "MCA end": [
            {
                "id": 424,
                "degree": 1,
                "label": 7,
                "coords": [
                    -25.4807,
                    14.49168,
                    -47.81824
                ]
            }
        ]
    },
    "8": {
        "ICA boundary": [
            {
                "id": 429,
                "degree": 2,
                "label": 8,
                "coords": [
                    9.85097,
                    6.10703,
                    -53.87762
                ]
            }
        ],
        "PCA boundary": [
            {
                "id": 76,
                "degree": 3,
                "label": 8,
                "coords": [
                    1.21921,
                    -2.69894,
                    -49.21512
                ]
            }
        ]
    },
    "9": {
        "ICA boundary": [
            {
                "id": 475,
                "degree": 2,
                "label": 9,
                "coords": [
                    -8.33039,
                    7.51816,
                    -53.85054
                ]
            }
        ],
        "PCA boundary": [
            {
                "id": 515,
                "degree": 2,
                "label": 9,