{
    "1": {
        "BA start": [
            {
                "id": 0,
                "degree": 1,
                "label": 1,
                "coords": [
                    3.50454,
                    -4.82109,
                    -25.67898
                ]
            }
        ],
        "BA bifurcation": [
            {
                "id": 30,
                "degree": 3,
                "label": 1,
                "coords": [
                    1.73451,
                    -5.47704,
                    -18.13294
                ]
            }
        ],
        "R-PCA boundary": [
            {
                "id": 38,
                "degree": 2,
                "label": 1,
                "coords": [
                    2.93685,
                    -4.72486,
                    -16.16116
                ]
            }
        ],
        "L-PCA boundary": [
            {
                "id": 133,
                "degree": 2,
                "label": 1,
                "coords": [
                    -0.17635,
                    -4.5513,
                    -16.58152
                ]
            }
        ]
    },
    "2": {
        "BA boundary": [
            {
                "id": 38,
                "degree": 2,
                "label": 2,
                "coords": [
                    2.93685,
                    -4.72486,
                    -16.16116
                ]
            }
        ],
        "Pcom bifurcation": [
            {
                "id": 57,
                "degree": 3,
                "label": 2,
                "coords": [
                    7.79153,
                    -2.02323,
                    -14.36546
                ]
            }
        ],
        "Pcom boundary": [
            {
                "id": 597,
                "degree": 2,
                "label": 2,
                "coords": [
                    7.81473,
                    -1.35993,
                    -14.82901
                ]
            }
        ],
        "PCA end": [
            {
                "id": 125,
                "degree": 1,
                "label": 2,
                "coords": [
                    17.13562,
                    -17.3877,
                    -12.91136
                ]
            }
        ]
    },
    "3": {
        "BA boundary": [
            {
                "id": 133,
                "degree": 2,
                "label": 3,
                "coords": [
                    -0.17635,
                    -4.5513,
                    -16.58152
                ]
            }
        ],
        "Pcom bifurcation": [
            {
                "id": 154,
                "degree": 3,
                "label": 3,
                "coords": [
                    -5.42964,
                    -3.15943,
                    -13.97575
                ]
            }
        ],
        "Pcom boundary": [
            {
                "id": 646,
                "degree": 2,
                "label": 3,
                "coords": [
                    -5.29997,
                    -2.39254,
                    -14.3953
                ]
            }
        ],
        "PCA end": [
            {
                "id": 207,
                "degree": 1,
                "label": 3,
                "coords": [
                    -16.63014,
                    -13.4374,
                    -13.6821
                ]
            }
        ]
    },
    "4": {
        "ICA start": [
            {
                "id": 208,
                "degree": 1,
                "label": 4,
                "coords": [
                    13.17559,
                    6.39073,
                    -25.39896
                ]
            }
        ],
        "Pcom bifurcation": [
            {
                "id": 279,
                "degree": 3,
                "label": 4,
                "coords": [
                    9.39265,
                    10.35498,
                    -14.17385
                ]
            }
        ],
        "Pcom boundary": [
            {
                "id": 552,
                "degree": 2,
                "label": 4,
                "coords": [
                    7.93613,
                    9.63556,
                    -15.38569
                ]
            }
        ],
        "ICA bifurcation": [
            {
                "id": 302,
                "degree": 3,
                "label": 4,
                "coords": [
                    12.46141,
                    5.83336,
                    -9.46018
                ]
            }
        ],
        "ACA boundary": [
            {
                "id": 655,
                "degree": 2,
                "label": 4,
                "coords": [
                    11.23247,
                    7.119,
                    -7.44182
                ]
            }
        ],
        "MCA boundary": [
            {
                "id": 308,
                "degree": 2,
                "label": 4,
                "coords": [
                    14.1031,
                    5.32447,
                    -9.41989
                ]
            }
        ]
    },
    "5": {
        "ICA boundary": [
            {
                "id": 308,
                "degree": 2,
                "label": 5,
                "coords": [
                    14.1031,
                    5.32447,
                    -9.41989
                ]
            }
        ],
        "MCA end": [
            {
                "id": 348,
                "degree": 3,
                "label": 5,
                "coords": [
                    23.95997,
                    7.50908,
                    -10.9165
                ]
            }
        ]
    },
    "6": {
        "ICA start": [
            {
                "id": 395,
                "degree": 1,
                "label": 6,
                "coords": [
                    -9.89236,
                    9.22279,
                    -25.30415
                ]
            }
        ],
        "Pcom bifurcation": [
            {
                "id": 466,
                "degree": 3,
                "label": 6,
                "coords": [
                    -9.08939,
                    9.73715,
                    -15.17009
                ]
            }
        ],
        "Pcom boundary": [
            {
                "id": 603,
                "degree": 2,
                "label": 6,
                "coords": [
                    -8.97025,
                    8.65751,
                    -16.15725
                ]
            }
        ],
        "ICA bifurcation": [
            {
                "id": 491,
                "degree": 3,
                "label": 6,
                "coords": [
                    -13.51685,
                    8.66654,
                    -9.70796
                ]
            }
        ],
        "ACA boundary": [
            {
                "id": 760,
                "degree": 2,
                "label": 6,
                "coords": [
                    -11.19333,
                    9.4301,
                    -8.73069
                ]
            }
        ],
        "MCA boundary": [
            {
                "id": 496,
                "degree": 2,
                "label": 6,
                "coords": [
                    -14.76602,
                    8.61939,
                    -9.47301
                ]
            }
        ]
    },
    "7": {
        "ICA boundary": [
            {
                "id": 496,
                "degree": 2,
                "label": 7,
                "coords": [
                    -14.76602,
                    8.61939,
                    -9.47301
                ]
            }
        ],
        "MCA end": [
            {
                "id": 547,
                "degree": 1,
                "label": 7,