{
    "1": {
        "BA start": [
            {
                "id": 0,
                "degree": 1,
                "label": 1,
                "coords": [
                    0.28223,
                    205.83301,
                    -135.60002
                ]
            }
        ],
        "BA bifurcation": [
            {
                "id": 42,
                "degree": 3,
                "label": 1,
                "coords": [
                    1.03223,
                    201.25488,
                    -125.85001
                ]
            }
        ],
        "R-PCA boundary": [
            {
                "id": 53,
                "degree": 2,
                "label": 1,
                "coords": [
                    3.78223,
                    199.63613,
                    -125.21877
                ]
            }
        ],
        "L-PCA boundary": [
            {
                "id": 134,
                "degree": 2,
                "label": 1,
                "coords": [
                    -1.21777,
                    200.04551,
                    -124.71877
                ]
            }
        ]
    },
    "2": {
        "BA boundary": [
            {
                "id": 53,
                "degree": 2,
                "label": 2,
                "coords": [
                    3.78223,
                    199.63613,
                    -125.21877
                ]
            }
        ],
        "PCA end": [
            {
                "id": 125,
                "degree": 1,
                "label": 2,
                "coords": [
                    19.59473,
                    192.25488,
                    -132.3344
                ]
            }
        ]
    },
    "3": {
        "BA boundary": [
            {
                "id": 134,
                "degree": 2,
                "label": 3,
                "coords": [
                    -1.21777,
                    200.04551,
                    -124.71877
                ]
            }
        ],
        "PCA end": [
            {
                "id": 218,
                "degree": 1,
                "label": 3,
                "coords": [
                    -20.38965,
                    193.50488,
                    -132.3344
                ]
            }
        ]
    },
    "4": {
        "ICA start": [
            {
                "id": 219,
                "degree": 1,
                "label": 4,
                "coords": [
                    11.12598,
                    215.00488,
                    -124.78752
                ]
            }
        ],
        "ICA bifurcation": [
            {
                "id": 258,
                "degree": 3,
                "label": 4,
                "coords": [
                    18.53223,
                    209.25488,
                    -120.35001
                ]
            }
        ],
        "ACA boundary": [
            {
                "id": 481,
                "degree": 2,
                "label": 4,
                "coords": [
                    17.2791,
                    210.73613,
                    -117.95315
                ]
            }
        ],
        "MCA boundary": [
            {
                "id": 266,
                "degree": 2,
                "label": 4,
                "coords": [
                    20.53223,
                    209.00488,
                    -120.35002
                ]
            }
        ]
    },
    "5": {
        "ICA boundary": [
            {
                "id": 266,
                "degree": 2,
                "label": 5,
                "coords": [
                    20.53223,
                    209.00488,
                    -120.35002
                ]
            }
        ],
        "MCA end": [
            {
                "id": 289,
                "degree": 3,
                "label": 5,
                "coords": [
                    26.44889,
                    208.67155,
                    -120.43334
                ]
            }
        ]
    },
    "6": {
        "ICA start": [
            {
                "id": 350,
                "degree": 1,
                "label": 6,
                "coords": [
                    -4.13965,
                    217.75488,
                    -125.10002
                ]
            }
        ],
        "ICA bifurcation": [
            {
                "id": 389,
                "degree": 3,
                "label": 6,
                "coords": [
                    -9.05111,
                    209.17155,
                    -119.93334
                ]
            }
        ],
        "ACA boundary": [
            {
                "id": 609,
                "degree": 2,
                "label": 6,
                "coords": [
                    -6.7709,
                    209.67363,
                    -117.90627
                ]
            }
        ],
        "MCA boundary": [
            {
                "id": 400,
                "degree": 2,
                "label": 6,
                "coords": [
                    -11.96777,
                    209.05176,
                    -119.10315
                ]
            }
        ]
    },
    "7": {
        "ICA boundary": [
            {
                "id": 400,
                "degree": 2,
                "label": 7,
                "coords": [
                    -11.96777,
                    209.05176,
                    -119.10315
                ]
            }
        ],
        "MCA end": [
            {
                "id": 435,
                "degree": 3,
                "label": 7,
                "coords": [
                    -20.71777,
                    211.25488,
                    -118.10001
                ]
            }
        ]
    },
    "10": {
        "R-ACA boundary": [
            {
                "id": 729,
                "degree": 2,
                "label": 10,
                "coords": [
                    6.76035,
                    216.25488,
                    -114.1719
                ]
            }
        ],
        "L-ACA boundary": [
            {
                "id": 743,
                "degree": 2,
                "label": 10,
                "coords": [
                    3.33613,
                    216.24316,
                    -114.73361
                ]
            }
        ],
        "3rd-A2 bifurcation": [
            {
                "id": 736,
                "degree": 3,
                "label": 10,
                "coords": [
                    5.03223,
                    216.16113,
                    -113.8344
                ]
            }
        ],
        "3rd-A2 boundary": [
            {
                "id": 747,
                "degree": 2,
                "label": 10,
                "coords": [
                    4.95098,
                    216.02363,
                    -112.60001
                ]
            }
        ]
    },
    "11": {
        "ICA boundary": [
            {
                "id": 481,
                "degree": 2,
                "label": 11,
                "coords": [
                    17.2791,
                    210.73613,
                    -117.95315
                ]
            }
        ],
        "Acom bifurcation": [
            {
                "id": 521,
                "degree": 3,
                "label": 11,
                "coords": [
                    7.66035,
                    216.15801,
                    -114.74689
                ]
            }
        ],
        "Acom boundary": [
            {
                "id": 729,
                "degree": 2,
                "label": 11,
                "coords": [
                    6.76035,
                    216.25488,
                    -114.1719
                ]
            }
        ],
        "ACA end": [
            {
                "id": 599,
                "degree": 1,