{
    "1": {
        "BA start": [
            {
                "id": 0,
                "degree": 1,
                "label": 1,
                "coords": [
                    -2.16406,
                    184.61719,
                    -174.75
                ]
            }
        ],
        "R-PCA boundary": [
            {
                "id": 47,
                "degree": 2,
                "label": 1,
                "coords": [
                    -2.42344,
                    193.34844,
                    -163.92812
                ]
            }
        ]
    },
    "2": {
        "BA boundary": [
            {
                "id": 47,
                "degree": 2,
                "label": 2,
                "coords": [
                    -2.42344,
                    193.34844,
                    -163.92812
                ]
            }
        ],
        "Pcom bifurcation": [
            {
                "id": 70,
                "degree": 3,
                "label": 2,
                "coords": [
                    2.99219,
                    195.79844,
                    -161.7
                ]
            }
        ],
        "Pcom boundary": [
            {
                "id": 446,
                "degree": 2,
                "label": 2,
                "coords": [
                    3.12656,
                    196.21719,
                    -162.50313
                ]
            }
        ],
        "PCA end": [
            {
                "id": 168,
                "degree": 1,
                "label": 2,
                "coords": [
                    12.32031,
                    176.11719,
                    -157.76562
                ]
            }
        ]
    },
    "3": {
        "Pcom boundary": [
            {
                "id": 508,
                "degree": 2,
                "label": 3,
                "coords": [
                    -12.68906,
                    193.36719,
                    -166.10312
                ]
            }
        ],
        "PCA end": [
            {
                "id": 563,
                "degree": 1,
                "label": 3,
                "coords": [
                    -20.42969,
                    180.11719,
                    -160.75
                ]
            }
        ]
    },
    "4": {
        "ICA start": [
            {
                "id": 169,
                "degree": 1,
                "label": 4,
                "coords": [
                    6.72656,
                    208.86719,
                    -170.25
                ]
            }
        ],
        "Pcom bifurcation": [
            {
                "id": 188,
                "degree": 3,
                "label": 4,
                "coords": [
                    9.25781,
                    204.49844,
                    -169.1625
                ]
            }
        ],
        "Pcom boundary": [
            {
                "id": 400,
                "degree": 2,
                "label": 4,
                "coords": [
                    8.87031,
                    203.61719,
                    -169.94688
                ]
            }
        ],
        "ICA bifurcation": [
            {
                "id": 210,
                "degree": 3,
                "label": 4,
                "coords": [
                    14.49219,
                    202.86719,
                    -166.0
                ]
            }
        ],
        "ACA boundary": [
            {
                "id": 570,
                "degree": 2,
                "label": 4,
                "coords": [
                    13.14219,
                    202.80156,
                    -164.48125
                ]
            }
        ],
        "MCA boundary": [
            {
                "id": 219,
                "degree": 2,
                "label": 4,
                "coords": [
                    16.74219,
                    203.09844,
                    -165.94688
                ]
            }
        ]
    },
    "5": {
        "ICA boundary": [
            {
                "id": 219,
                "degree": 2,
                "label": 5,
                "coords": [
                    16.74219,
                    203.09844,
                    -165.94688
                ]
            }
        ],
        "MCA end": [
            {
                "id": 261,
                "degree": 3,
                "label": 5,
                "coords": [
                    26.49219,
                    207.86719,
                    -170.5
                ]
            }
        ]
    },
    "6": {
        "ICA start": [
            {
                "id": 294,
                "degree": 1,
                "label": 6,
                "coords": [
                    -10.86719,
                    209.61719,
                    -172.73438
                ]
            }
        ],
        "Pcom bifurcation": [
            {
                "id": 313,
                "degree": 3,
                "label": 6,
                "coords": [
                    -14.47656,
                    205.69844,
                    -169.70312
                ]
            }
        ],
        "Pcom boundary": [
            {
                "id": 454,
                "degree": 2,
                "label": 6,
                "coords": [
                    -14.89219,
                    204.90156,
                    -171.25
                ]
            }
        ],
        "ICA bifurcation": [
            {
                "id": 331,
                "degree": 3,
                "label": 6,
                "coords": [
                    -17.34115,
                    202.95052,
                    -165.83333
                ]
            }
        ],
        "ACA boundary": [
            {
                "id": 691,
                "degree": 2,
                "label": 6,
                "coords": [
                    -16.00781,
                    202.39531,
                    -165.15312
                ]
            }
        ],
        "MCA boundary": [
            {
                "id": 339,
                "degree": 2,
                "label": 6,
                "coords": [
                    -19.50781,
                    202.99844,
                    -164.96562
                ]
            }
        ]
    },
    "7": {
        "ICA boundary": [
            {
                "id": 339,
                "degree": 2,
                "label": 7,
                "coords": [
                    -19.50781,
                    202.99844,
                    -164.96562
                ]
            }
        ],
        "MCA end": [
            {
                "id": 397,
                "degree": 1,
                "label": 7,
                "coords": [
                    -33.50781,
                    207.11719,
                    -160.75
                ]
            }
        ]
    },
    "8": {
        "ICA boundary": [
            {
                "id": 400,
                "degree": 2,
                "label": 8,
                "coords": [
                    8.87031,
                    203.61719,
                    -169.94688
                ]
            }
        ],
        "PCA boundary": [
            {
                "id": 446,
                "degree": 2,
                "label": 8,
                "coords": [
                    3.12656,
                    196.21719,
                    -162.50313
                ]
            }
        ]
    },
    "9": {
        "ICA boundary": [
            {
                "id": 454,
                "degree": 2,
                "label": 9,
                "coords": [
                    -14.89219,
                    204.90156,
                    -171.25
                ]
            }
        ],
        "PCA boundary": [
            {
                "id": 508,
                "degree": 2,
                "label": 9,