{
    "1": {
        "BA start": [
            {
                "id": 0,
                "degree": 1,
                "label": 1,
                "coords": [
                    -0.57562,
                    -2.285,
                    -50.00479
                ]
            }
        ],
        "BA bifurcation": [
            {
                "id": 50,
                "degree": 3,
                "label": 1,
                "coords": [
                    -3.98211,
                    -5.01631,
                    -37.62928
                ]
            }
        ],
        "R-PCA boundary": [
            {
                "id": 61,
                "degree": 2,
                "label": 1,
                "coords": [
                    -2.8556,
                    -5.45916,
                    -34.98368
                ]
            }
        ],
        "L-PCA boundary": [
            {
                "id": 184,
                "degree": 2,
                "label": 1,
                "coords": [
                    -6.79935,
                    -3.82223,
                    -36.93837
                ]
            }
        ]
    },
    "2": {
        "BA boundary": [
            {
                "id": 61,
                "degree": 2,
                "label": 2,
                "coords": [
                    -2.8556,
                    -5.45916,
                    -34.98368
                ]
            }
        ],
        "PCA end": [
            {
                "id": 173,
                "degree": 1,
                "label": 2,
                "coords": [
                    16.47676,
                    -18.89248,
                    -42.43567
                ]
            }
        ]
    },
    "3": {
        "BA boundary": [
            {
                "id": 184,
                "degree": 2,
                "label": 3,
                "coords": [
                    -6.79935,
                    -3.82223,
                    -36.93837
                ]
            }
        ],
        "PCA end": [
            {
                "id": 279,
                "degree": 1,
                "label": 3,
                "coords": [
                    -21.16635,
                    -19.7245,
                    -48.3834
                ]
            }
        ]
    },
    "4": {
        "ICA start": [
            {
                "id": 280,
                "degree": 1,
                "label": 4,
                "coords": [
                    9.19589,
                    12.25429,
                    -44.17584
                ]
            }
        ],
        "ICA bifurcation": [
            {
                "id": 372,
                "degree": 3,
                "label": 4,
                "coords": [
                    11.66562,
                    0.10171,
                    -32.46836
                ]
            }
        ],
        "ACA boundary": [
            {
                "id": 725,
                "degree": 2,
                "label": 4,
                "coords": [
                    8.82969,
                    -0.99429,
                    -31.14479
                ]
            }
        ],
        "MCA boundary": [
            {
                "id": 382,
                "degree": 2,
                "label": 4,
                "coords": [
                    14.07568,
                    -0.17955,
                    -31.22782
                ]
            }
        ]
    },
    "5": {
        "ICA boundary": [
            {
                "id": 382,
                "degree": 2,
                "label": 5,
                "coords": [
                    14.07568,
                    -0.17955,
                    -31.22782
                ]
            }
        ],
        "MCA end": [
            {
                "id": 488,
                "degree": 1,
                "label": 5,
                "coords": [
                    22.96857,
                    20.47905,
                    -23.26122
                ]
            }
        ]
    },
    "6": {
        "ICA start": [
            {
                "id": 489,
                "degree": 1,
                "label": 6,
                "coords": [
                    -14.19853,
                    16.61853,
                    -44.74245
                ]
            }
        ],
        "ICA bifurcation": [
            {
                "id": 581,
                "degree": 3,
                "label": 6,
                "coords": [
                    -20.31436,
                    4.09386,
                    -39.57248
                ]
            }
        ],
        "ACA boundary": [
            {
                "id": 829,
                "degree": 2,
                "label": 6,
                "coords": [
                    -19.45865,
                    2.68775,
                    -37.00939
                ]
            }
        ],
        "MCA boundary": [
            {
                "id": 589,
                "degree": 2,
                "label": 6,
                "coords": [
                    -22.41886,
                    5.97974,
                    -39.50946
                ]
            }
        ]
    },
    "7": {
        "ICA boundary": [
            {
                "id": 589,
                "degree": 2,
                "label": 7,
                "coords": [
                    -22.41886,
                    5.97974,
                    -39.50946
                ]
            }
        ],
        "MCA end": [
            {
                "id": 598,
                "degree": 3,
                "label": 7,
                "coords": [
                    -24.26312,
                    7.88097,
                    -39.92964
                ]
            }
        ]
    },
    "10": {
        "R-ACA boundary": [
            {
                "id": 959,
                "degree": 2,
                "label": 10,
                "coords": [
                    -4.42546,
                    1.95654,
                    -28.47364
                ]
            }
        ],
        "L-ACA boundary": [
            {
                "id": 969,
                "degree": 2,
                "label": 10,
                "coords": [
                    -5.78471,
                    4.13491,
                    -29.34802
                ]
            }
        ]
    },
    "11": {
        "ICA boundary": [
            {
                "id": 725,
                "degree": 2,
                "label": 11,
                "coords": [
                    8.82969,
                    -0.99429,
                    -31.14479
                ]
            }
        ],
        "Acom bifurcation": [
            {
                "id": 774,
                "degree": 3,
                "label": 11,
                "coords": [
                    -3.57562,
                    1.41703,
                    -27.62865
                ]
            }
        ],
        "Acom boundary": [
            {
                "id": 959,
                "degree": 2,
                "label": 11,
                "coords": [
                    -4.42546,
                    1.95654,
                    -28.47364
                ]
            }
        ],
        "ACA end": [
            {
                "id": 817,
                "degree": 1,
                "label": 11,
                "coords": [
                    -8.86143,
                    7.17988,
                    -17.58636
                ]
            }
        ]
    },
    "12": {
        "ICA boundary": [
            {
                "id": 829,
                "degree": 2,
                "label": 12,
                "coords": [
                    -19.45865,
                    2.68775,
                    -37.00939
                ]
            }
        ],
        "Acom bifurcation": [
            {
                "id": 893,
                "degree": 3,
                "label": 12,