{
    "1": {
        "BA start": [
            {
                "id": 0,
                "degree": 1,
                "label": 1,
                "coords": [
                    -5.63184,
                    154.45605,
                    628.35443
                ]
            }
        ],
        "BA bifurcation": [
            {
                "id": 67,
                "degree": 3,
                "label": 1,
                "coords": [
                    -5.31413,
                    151.05501,
                    645.2711
                ]
            }
        ],
        "R-PCA boundary": [
            {
                "id": 74,
                "degree": 2,
                "label": 1,
                "coords": [
                    -3.86309,
                    151.55293,
                    646.85756
                ]
            }
        ],
        "L-PCA boundary": [
            {
                "id": 229,
                "degree": 2,
                "label": 1,
                "coords": [
                    -7.74434,
                    152.70605,
                    646.60756
                ]
            }
        ]
    },
    "2": {
        "BA boundary": [
            {
                "id": 74,
                "degree": 2,
                "label": 2,
                "coords": [
                    -3.86309,
                    151.55293,
                    646.85756
                ]
            }
        ],
        "Pcom bifurcation": [
            {
                "id": 96,
                "degree": 3,
                "label": 2,
                "coords": [
                    1.46296,
                    153.81022,
                    647.89091
                ]
            }
        ],
        "Pcom boundary": [
            {
                "id": 679,
                "degree": 2,
                "label": 2,
                "coords": [
                    0.65254,
                    155.22168,
                    647.35131
                ]
            }
        ],
        "PCA end": [
            {
                "id": 219,
                "degree": 1,
                "label": 2,
                "coords": [
                    10.27441,
                    128.97168,
                    644.85443
                ]
            }
        ]
    },
    "3": {
        "BA boundary": [
            {
                "id": 229,
                "degree": 2,
                "label": 3,
                "coords": [
                    -7.74434,
                    152.70605,
                    646.60756
                ]
            }
        ],
        "Pcom bifurcation": [
            {
                "id": 244,
                "degree": 3,
                "label": 3,
                "coords": [
                    -11.14746,
                    155.29043,
                    646.48568
                ]
            }
        ],
        "Pcom boundary": [
            {
                "id": 732,
                "degree": 2,
                "label": 3,
                "coords": [
                    -10.66621,
                    156.47168,
                    646.33256
                ]
            }
        ],
        "PCA end": [
            {
                "id": 342,
                "degree": 3,
                "label": 3,
                "coords": [
                    -22.64746,
                    133.47168,
                    644.35443
                ]
            }
        ]
    },
    "4": {
        "ICA start": [
            {
                "id": 368,
                "degree": 1,
                "label": 4,
                "coords": [
                    3.94629,
                    172.97168,
                    647.37006
                ]
            }
        ],
        "Pcom bifurcation": [
            {
                "id": 387,
                "degree": 3,
                "label": 4,
                "coords": [
                    6.33691,
                    168.30293,
                    648.70443
                ]
            }
        ],
        "Pcom boundary": [
            {
                "id": 630,
                "degree": 2,
                "label": 4,
                "coords": [
                    5.85254,
                    167.12168,
                    647.10756
                ]
            }
        ],
        "ICA bifurcation": [
            {
                "id": 408,
                "degree": 3,
                "label": 4,
                "coords": [
                    10.35254,
                    165.97168,
                    652.85443
                ]
            }
        ],
        "ACA boundary": [
            {
                "id": 748,
                "degree": 2,
                "label": 4,
                "coords": [
                    7.60254,
                    165.64043,
                    654.77631
                ]
            }
        ],
        "MCA boundary": [
            {
                "id": 415,
                "degree": 2,
                "label": 4,
                "coords": [
                    12.10254,
                    166.7248,
                    652.97006
                ]
            }
        ]
    },
    "5": {
        "ICA boundary": [
            {
                "id": 415,
                "degree": 2,
                "label": 5,
                "coords": [
                    12.10254,
                    166.7248,
                    652.97006
                ]
            }
        ],
        "MCA end": [
            {
                "id": 476,
                "degree": 1,
                "label": 5,
                "coords": [
                    26.85254,
                    174.62793,
                    654.35443
                ]
            }
        ]
    },
    "6": {
        "ICA start": [
            {
                "id": 477,
                "degree": 1,
                "label": 6,
                "coords": [
                    -13.41309,
                    172.97168,
                    645.62006
                ]
            }
        ],
        "Pcom bifurcation": [
            {
                "id": 496,
                "degree": 3,
                "label": 6,
                "coords": [
                    -15.77871,
                    168.27168,
                    645.73881
                ]
            }
        ],
        "Pcom boundary": [
            {
                "id": 689,
                "degree": 2,
                "label": 6,
                "coords": [
                    -14.05059,
                    167.20918,
                    644.62631
                ]
            }
        ],
        "ICA bifurcation": [
            {
                "id": 522,
                "degree": 3,
                "label": 6,
                "coords": [
                    -19.14746,
                    164.22168,
                    650.35443
                ]
            }
        ],
        "ACA boundary": [
            {
                "id": 869,
                "degree": 2,
                "label": 6,
                "coords": [
                    -17.14746,
                    164.76855,
                    652.37943
                ]
            }
        ],
        "MCA boundary": [
            {
                "id": 536,
                "degree": 2,
                "label": 6,
                "coords": [
                    -22.45059,
                    163.37168,
                    651.43256
                ]
            }
        ]
    },
    "7": {
        "ICA boundary": [
            {
                "id": 536,
                "degree": 2,
                "label": 7,
                "coords": [
                    -22.45059,
                    163.37168,
                    651.43256
                ]
            }
        ],
        "MCA end": [
            {
                "id": 580,
                "degree": 3,
                "label": 7,