{
    "1": {
        "BA start": [
            {
                "id": 0,
                "degree": 1,
                "label": 1,
                "coords": [
                    0.64355,
                    192.2002,
                    -358.93442
                ]
            }
        ],
        "BA bifurcation": [
            {
                "id": 31,
                "degree": 3,
                "label": 1,
                "coords": [
                    0.39355,
                    194.96582,
                    -351.20001
                ]
            }
        ],
        "R-PCA boundary": [
            {
                "id": 38,
                "degree": 2,
                "label": 1,
                "coords": [
                    1.89355,
                    194.9502,
                    -349.80004
                ]
            }
        ],
        "L-PCA boundary": [
            {
                "id": 114,
                "degree": 2,
                "label": 1,
                "coords": [
                    -0.85957,
                    196.4127,
                    -350.34692
                ]
            }
        ]
    },
    "2": {
        "BA boundary": [
            {
                "id": 38,
                "degree": 2,
                "label": 2,
                "coords": [
                    1.89355,
                    194.9502,
                    -349.80004
                ]
            }
        ],
        "PCA end": [
            {
                "id": 108,
                "degree": 1,
                "label": 2,
                "coords": [
                    16.39355,
                    187.21582,
                    -348.93442
                ]
            }
        ]
    },
    "3": {
        "BA boundary": [
            {
                "id": 114,
                "degree": 2,
                "label": 3,
                "coords": [
                    -0.85957,
                    196.4127,
                    -350.34692
                ]
            }
        ],
        "Pcom bifurcation": [
            {
                "id": 150,
                "degree": 3,
                "label": 3,
                "coords": [
                    -9.28457,
                    196.23457,
                    -351.82816
                ]
            }
        ],
        "Pcom boundary": [
            {
                "id": 150,
                "degree": 3,
                "label": 3,
                "coords": [
                    -9.28457,
                    196.23457,
                    -351.82816
                ]
            }
        ],
        "PCA end": [
            {
                "id": 216,
                "degree": 1,
                "label": 3,
                "coords": [
                    -23.7627,
                    186.73145,
                    -343.45004
                ]
            }
        ]
    },
    "4": {
        "ICA start": [
            {
                "id": 217,
                "degree": 1,
                "label": 4,
                "coords": [
                    7.4873,
                    210.8877,
                    -353.46567
                ]
            }
        ],
        "ICA bifurcation": [
            {
                "id": 253,
                "degree": 3,
                "label": 4,
                "coords": [
                    12.47689,
                    204.38249,
                    -346.28335
                ]
            }
        ],
        "ACA boundary": [
            {
                "id": 456,
                "degree": 2,
                "label": 4,
                "coords": [
                    11.15918,
                    205.4377,
                    -344.57504
                ]
            }
        ],
        "MCA boundary": [
            {
                "id": 263,
                "degree": 2,
                "label": 4,
                "coords": [
                    14.89355,
                    203.9627,
                    -346.50004
                ]
            }
        ]
    },
    "5": {
        "ICA boundary": [
            {
                "id": 263,
                "degree": 2,
                "label": 5,
                "coords": [
                    14.89355,
                    203.9627,
                    -346.50004
                ]
            }
        ],
        "MCA end": [
            {
                "id": 309,
                "degree": 1,
                "label": 5,
                "coords": [
                    24.90918,
                    208.71582,
                    -352.54379
                ]
            }
        ]
    },
    "6": {
        "ICA start": [
            {
                "id": 310,
                "degree": 1,
                "label": 6,
                "coords": [
                    -10.12207,
                    209.9502,
                    -351.04379
                ]
            }
        ],
        "Pcom bifurcation": [
            {
                "id": 329,
                "degree": 3,
                "label": 6,
                "coords": [
                    -12.3252,
                    206.00541,
                    -348.22086
                ]
            }
        ],
        "Pcom boundary": [
            {
                "id": 406,
                "degree": 2,
                "label": 6,
                "coords": [
                    -12.4002,
                    205.40812,
                    -349.00107
                ]
            }
        ],
        "ICA bifurcation": [
            {
                "id": 349,
                "degree": 3,
                "label": 6,
                "coords": [
                    -14.10645,
                    205.71582,
                    -343.20001
                ]
            }
        ],
        "ACA boundary": [
            {
                "id": 604,
                "degree": 2,
                "label": 6,
                "coords": [
                    -11.35645,
                    205.6627,
                    -342.39692
                ]
            }
        ],
        "MCA boundary": [
            {
                "id": 360,
                "degree": 2,
                "label": 6,
                "coords": [
                    -16.70645,
                    206.71582,
                    -341.71879
                ]
            }
        ]
    },
    "7": {
        "ICA boundary": [
            {
                "id": 360,
                "degree": 2,
                "label": 7,
                "coords": [
                    -16.70645,
                    206.71582,
                    -341.71879
                ]
            }
        ],
        "MCA end": [
            {
                "id": 404,
                "degree": 1,
                "label": 7,
                "coords": [
                    -25.9502,
                    214.21582,
                    -345.02817
                ]
            }
        ]
    },
    "9": {
        "ICA boundary": [
            {
                "id": 406,
                "degree": 2,
                "label": 9,
                "coords": [
                    -12.4002,
                    205.40812,
                    -349.00107
                ]
            }
        ],
        "PCA boundary": [
            {
                "id": 150,
                "degree": 3,
                "label": 9,
                "coords": [
                    -9.28457,
                    196.23457,
                    -351.82816
                ]
            }
        ]
    },
    "10": {
        "R-ACA boundary": [
            {
                "id": 505,
                "degree": 3,
                "label": 10,
                "coords": [
                    -0.47936,
                    212.20436,
                    -348.19899
                ]
            }
        ],
        "L-ACA boundary": [
            {
                "id": 646,
                "degree": 3,