{
    "1": {
        "BA start": [
            {
                "id": 0,
                "degree": 1,
                "label": 1,
                "coords": [
                    11.53906,
                    192.14844,
                    720.19342
                ]
            }
        ],
        "BA bifurcation": [
            {
                "id": 65,
                "degree": 3,
                "label": 1,
                "coords": [
                    -1.13281,
                    194.89844,
                    732.94336
                ]
            }
        ],
        "R-PCA boundary": [
            {
                "id": 74,
                "degree": 2,
                "label": 1,
                "coords": [
                    -0.11406,
                    193.58594,
                    735.09342
                ]
            }
        ],
        "L-PCA boundary": [
            {
                "id": 192,
                "degree": 2,
                "label": 1,
                "coords": [
                    -2.63281,
                    195.62969,
                    732.69342
                ]
            }
        ]
    },
    "2": {
        "BA boundary": [
            {
                "id": 74,
                "degree": 2,
                "label": 2,
                "coords": [
                    -0.11406,
                    193.58594,
                    735.09342
                ]
            }
        ],
        "Pcom bifurcation": [
            {
                "id": 111,
                "degree": 3,
                "label": 2,
                "coords": [
                    9.25677,
                    194.5901,
                    733.73297
                ]
            }
        ],
        "Pcom boundary": [
            {
                "id": 573,
                "degree": 2,
                "label": 2,
                "coords": [
                    9.30833,
                    195.18463,
                    734.04704
                ]
            }
        ],
        "PCA end": [
            {
                "id": 186,
                "degree": 1,
                "label": 2,
                "coords": [
                    18.36719,
                    181.39844,
                    728.59967
                ]
            }
        ]
    },
    "3": {
        "BA boundary": [
            {
                "id": 192,
                "degree": 2,
                "label": 3,
                "coords": [
                    -2.63281,
                    195.62969,
                    732.69342
                ]
            }
        ],
        "PCA end": [
            {
                "id": 312,
                "degree": 1,
                "label": 3,
                "coords": [
                    -18.71094,
                    182.64844,
                    729.3653
                ]
            }
        ]
    },
    "4": {
        "ICA start": [
            {
                "id": 313,
                "degree": 1,
                "label": 4,
                "coords": [
                    12.67969,
                    209.39844,
                    723.19342
                ]
            }
        ],
        "Pcom bifurcation": [
            {
                "id": 329,
                "degree": 3,
                "label": 4,
                "coords": [
                    15.25677,
                    206.06197,
                    726.30694
                ]
            }
        ],
        "Pcom boundary": [
            {
                "id": 512,
                "degree": 2,
                "label": 4,
                "coords": [
                    14.88906,
                    204.64844,
                    724.79655
                ]
            }
        ],
        "ICA bifurcation": [
            {
                "id": 353,
                "degree": 3,
                "label": 4,
                "coords": [
                    20.11719,
                    208.14844,
                    731.69336
                ]
            }
        ],
        "ACA boundary": [
            {
                "id": 581,
                "degree": 2,
                "label": 4,
                "coords": [
                    18.11719,
                    208.37969,
                    732.44342
                ]
            }
        ],
        "MCA boundary": [
            {
                "id": 358,
                "degree": 2,
                "label": 4,
                "coords": [
                    21.21406,
                    209.11406,
                    731.8778
                ]
            }
        ]
    },
    "5": {
        "ICA boundary": [
            {
                "id": 358,
                "degree": 2,
                "label": 5,
                "coords": [
                    21.21406,
                    209.11406,
                    731.8778
                ]
            }
        ],
        "MCA end": [
            {
                "id": 403,
                "degree": 1,
                "label": 5,
                "coords": [
                    31.19531,
                    218.38281,
                    729.13092
                ]
            }
        ]
    },
    "6": {
        "ICA start": [
            {
                "id": 404,
                "degree": 1,
                "label": 6,
                "coords": [
                    -7.28906,
                    207.39844,
                    721.94342
                ]
            }
        ],
        "ICA bifurcation": [
            {
                "id": 443,
                "degree": 3,
                "label": 6,
                "coords": [
                    -12.79948,
                    205.3151,
                    729.02669
                ]
            }
        ],
        "ACA boundary": [
            {
                "id": 733,
                "degree": 2,
                "label": 6,
                "coords": [
                    -11.13281,
                    205.36719,
                    730.37467
                ]
            }
        ],
        "MCA boundary": [
            {
                "id": 453,
                "degree": 2,
                "label": 6,
                "coords": [
                    -15.38281,
                    206.25156,
                    729.95905
                ]
            }
        ]
    },
    "7": {
        "ICA boundary": [
            {
                "id": 453,
                "degree": 2,
                "label": 7,
                "coords": [
                    -15.38281,
                    206.25156,
                    729.95905
                ]
            }
        ],
        "MCA end": [
            {
                "id": 506,
                "degree": 1,
                "label": 7,
                "coords": [
                    -28.13281,
                    214.64844,
                    727.78717
                ]
            }
        ]
    },
    "8": {
        "ICA boundary": [
            {
                "id": 512,
                "degree": 2,
                "label": 8,
                "coords": [
                    14.88906,
                    204.64844,
                    724.79655
                ]
            }
        ],
        "PCA boundary": [
            {
                "id": 573,
                "degree": 2,
                "label": 8,
                "coords": [
                    9.30833,
                    195.18463,
                    734.04704
                ]
            }
        ]
    },
    "10": {
        "R-ACA boundary": [
            {
                "id": 638,
                "degree": 3,
                "label": 10,
                "coords": [
                    5.00469,
                    209.34844,
                    730.31841
                ]
            }
        ],
        "L-ACA boundary": [
            {
                "id": 870,
                "degree": 2,
                "label": 10,