{
    "1": {
        "BA start": [
            {
                "id": 0,
                "degree": 1,
                "label": 1,
                "coords": [
                    19.88281,
                    153.50781,
                    -172.39497
                ]
            }
        ],
        "BA bifurcation": [
            {
                "id": 51,
                "degree": 3,
                "label": 1,
                "coords": [
                    18.64323,
                    147.75781,
                    -159.72829
                ]
            }
        ],
        "R-PCA boundary": [
            {
                "id": 62,
                "degree": 2,
                "label": 1,
                "coords": [
                    20.54844,
                    146.98594,
                    -157.74497
                ]
            }
        ],
        "L-PCA boundary": [
            {
                "id": 159,
                "degree": 2,
                "label": 1,
                "coords": [
                    16.70781,
                    147.36094,
                    -157.64497
                ]
            }
        ]
    },
    "2": {
        "BA boundary": [
            {
                "id": 62,
                "degree": 2,
                "label": 2,
                "coords": [
                    20.54844,
                    146.98594,
                    -157.74497
                ]
            }
        ],
        "Pcom bifurcation": [
            {
                "id": 81,
                "degree": 3,
                "label": 2,
                "coords": [
                    24.52656,
                    148.12656,
                    -155.29496
                ]
            }
        ],
        "Pcom boundary": [
            {
                "id": 502,
                "degree": 2,
                "label": 2,
                "coords": [
                    23.77969,
                    149.25781,
                    -155.70121
                ]
            }
        ],
        "PCA end": [
            {
                "id": 150,
                "degree": 1,
                "label": 2,
                "coords": [
                    37.91406,
                    138.00781,
                    -160.61372
                ]
            }
        ]
    },
    "3": {
        "BA boundary": [
            {
                "id": 159,
                "degree": 2,
                "label": 3,
                "coords": [
                    16.70781,
                    147.36094,
                    -157.64497
                ]
            }
        ],
        "Pcom bifurcation": [
            {
                "id": 176,
                "degree": 3,
                "label": 3,
                "coords": [
                    12.36615,
                    147.9026,
                    -155.80538
                ]
            }
        ],
        "Pcom boundary": [
            {
                "id": 550,
                "degree": 2,
                "label": 3,
                "coords": [
                    12.32552,
                    149.25573,
                    -155.88975
                ]
            }
        ],
        "PCA end": [
            {
                "id": 250,
                "degree": 1,
                "label": 3,
                "coords": [
                    0.97656,
                    136.50781,
                    -157.14496
                ]
            }
        ]
    },
    "4": {
        "ICA start": [
            {
                "id": 251,
                "degree": 1,
                "label": 4,
                "coords": [
                    26.97656,
                    163.25781,
                    -153.87933
                ]
            }
        ],
        "Pcom bifurcation": [
            {
                "id": 263,
                "degree": 3,
                "label": 4,
                "coords": [
                    29.22969,
                    160.34219,
                    -154.38871
                ]
            }
        ],
        "Pcom boundary": [
            {
                "id": 459,
                "degree": 2,
                "label": 4,
                "coords": [
                    28.76094,
                    160.05156,
                    -155.64496
                ]
            }
        ],
        "ICA bifurcation": [
            {
                "id": 292,
                "degree": 3,
                "label": 4,
                "coords": [
                    35.22656,
                    158.00781,
                    -149.39496
                ]
            }
        ],
        "ACA boundary": [
            {
                "id": 562,
                "degree": 2,
                "label": 4,
                "coords": [
                    32.97656,
                    157.26094,
                    -147.71683
                ]
            }
        ],
        "MCA boundary": [
            {
                "id": 302,
                "degree": 2,
                "label": 4,
                "coords": [
                    37.72656,
                    158.49219,
                    -148.69808
                ]
            }
        ]
    },
    "5": {
        "ICA boundary": [
            {
                "id": 302,
                "degree": 2,
                "label": 5,
                "coords": [
                    37.72656,
                    158.49219,
                    -148.69808
                ]
            }
        ],
        "MCA end": [
            {
                "id": 363,
                "degree": 1,
                "label": 5,
                "coords": [
                    52.46094,
                    164.67969,
                    -145.87933
                ]
            }
        ]
    },
    "6": {
        "ICA start": [
            {
                "id": 364,
                "degree": 1,
                "label": 6,
                "coords": [
                    10.71094,
                    164.74219,
                    -153.22308
                ]
            }
        ],
        "Pcom bifurcation": [
            {
                "id": 381,
                "degree": 3,
                "label": 6,
                "coords": [
                    7.99219,
                    160.83906,
                    -152.54496
                ]
            }
        ],
        "Pcom boundary": [
            {
                "id": 511,
                "degree": 2,
                "label": 6,
                "coords": [
                    8.74844,
                    159.50781,
                    -153.57621
                ]
            }
        ],
        "ICA bifurcation": [
            {
                "id": 402,
                "degree": 3,
                "label": 6,
                "coords": [
                    3.97656,
                    158.50781,
                    -148.39496
                ]
            }
        ],
        "ACA boundary": [
            {
                "id": 672,
                "degree": 2,
                "label": 6,
                "coords": [
                    6.72656,
                    158.25469,
                    -146.58246
                ]
            }
        ],
        "MCA boundary": [
            {
                "id": 414,
                "degree": 2,
                "label": 6,
                "coords": [
                    0.97656,
                    158.50781,
                    -147.64808
                ]
            }
        ]
    },
    "7": {
        "ICA boundary": [
            {
                "id": 414,
                "degree": 2,
                "label": 7,
                "coords": [
                    0.97656,
                    158.50781,
                    -147.64808
                ]
            }
        ],
        "MCA end": [
            {
                "id": 455,
                "degree": 1,
                "label": 7,