{
    "1": {
        "BA start": [
            {
                "id": 0,
                "degree": 1,
                "label": 1,
                "coords": [
                    3.26585,
                    31.10962,
                    -8.0408
                ]
            }
        ],
        "BA bifurcation": [
            {
                "id": 51,
                "degree": 3,
                "label": 1,
                "coords": [
                    -0.63284,
                    25.22898,
                    3.39783
                ]
            }
        ],
        "R-PCA boundary": [
            {
                "id": 56,
                "degree": 2,
                "label": 1,
                "coords": [
                    0.7407,
                    25.0201,
                    4.38847
                ]
            }
        ],
        "L-PCA boundary": [
            {
                "id": 185,
                "degree": 2,
                "label": 1,
                "coords": [
                    -1.77633,
                    25.37131,
                    5.81418
                ]
            }
        ]
    },
    "2": {
        "BA boundary": [
            {
                "id": 56,
                "degree": 2,
                "label": 2,
                "coords": [
                    0.7407,
                    25.0201,
                    4.38847
                ]
            }
        ],
        "Pcom bifurcation": [
            {
                "id": 78,
                "degree": 3,
                "label": 2,
                "coords": [
                    5.83405,
                    28.10489,
                    6.71302
                ]
            }
        ],
        "Pcom boundary": [
            {
                "id": 576,
                "degree": 2,
                "label": 2,
                "coords": [
                    5.37433,
                    28.96628,
                    6.49222
                ]
            }
        ],
        "PCA end": [
            {
                "id": 176,
                "degree": 1,
                "label": 2,
                "coords": [
                    22.66468,
                    11.44262,
                    4.99537
                ]
            }
        ]
    },
    "3": {
        "BA boundary": [
            {
                "id": 185,
                "degree": 2,
                "label": 3,
                "coords": [
                    -1.77633,
                    25.37131,
                    5.81418
                ]
            }
        ],
        "PCA end": [
            {
                "id": 284,
                "degree": 1,
                "label": 3,
                "coords": [
                    -19.135,
                    18.71019,
                    1.34287
                ]
            }
        ]
    },
    "4": {
        "ICA start": [
            {
                "id": 285,
                "degree": 1,
                "label": 4,
                "coords": [
                    17.86752,
                    52.57583,
                    1.11873
                ]
            }
        ],
        "Pcom bifurcation": [
            {
                "id": 356,
                "degree": 3,
                "label": 4,
                "coords": [
                    16.06596,
                    38.23848,
                    8.67801
                ]
            }
        ],
        "Pcom boundary": [
            {
                "id": 525,
                "degree": 2,
                "label": 4,
                "coords": [
                    14.93911,
                    36.30009,
                    8.07533
                ]
            }
        ],
        "ICA bifurcation": [
            {
                "id": 377,
                "degree": 3,
                "label": 4,
                "coords": [
                    20.8044,
                    36.29942,
                    12.55888
                ]
            }
        ],
        "ACA boundary": [
            {
                "id": 583,
                "degree": 2,
                "label": 4,
                "coords": [
                    19.80651,
                    35.59465,
                    14.01646
                ]
            }
        ],
        "MCA boundary": [
            {
                "id": 384,
                "degree": 2,
                "label": 4,
                "coords": [
                    22.54699,
                    36.7418,
                    12.68045
                ]
            }
        ]
    },
    "5": {
        "ICA boundary": [
            {
                "id": 384,
                "degree": 2,
                "label": 5,
                "coords": [
                    22.54699,
                    36.7418,
                    12.68045
                ]
            }
        ],
        "MCA end": [
            {
                "id": 435,
                "degree": 1,
                "label": 5,
                "coords": [
                    31.29332,
                    47.90093,
                    9.1763
                ]
            }
        ]
    },
    "6": {
        "ICA start": [
            {
                "id": 436,
                "degree": 1,
                "label": 6,
                "coords": [
                    -6.07128,
                    39.87159,
                    7.6671
                ]
            }
        ],
        "ICA bifurcation": [
            {
                "id": 458,
                "degree": 3,
                "label": 6,
                "coords": [
                    -9.85083,
                    35.78586,
                    11.16201
                ]
            }
        ],
        "ACA boundary": [
            {
                "id": 750,
                "degree": 2,
                "label": 6,
                "coords": [
                    -9.15849,
                    35.43977,
                    11.89388
                ]
            }
        ],
        "MCA boundary": [
            {
                "id": 464,
                "degree": 2,
                "label": 6,
                "coords": [
                    -11.40056,
                    35.60146,
                    11.51819
                ]
            }
        ]
    },
    "7": {
        "ICA boundary": [
            {
                "id": 464,
                "degree": 2,
                "label": 7,
                "coords": [
                    -11.40056,
                    35.60146,
                    11.51819
                ]
            }
        ],
        "MCA end": [
            {
                "id": 517,
                "degree": 1,
                "label": 7,
                "coords": [
                    -23.84296,
                    42.71458,
                    13.22377
                ]
            }
        ]
    },
    "8": {
        "ICA boundary": [
            {
                "id": 525,
                "degree": 2,
                "label": 8,
                "coords": [
                    14.93911,
                    36.30009,
                    8.07533
                ]
            }
        ],
        "PCA boundary": [
            {
                "id": 576,
                "degree": 2,
                "label": 8,
                "coords": [
                    5.37433,
                    28.96628,
                    6.49222
                ]
            }
        ]
    },
    "10": {
        "R-ACA boundary": [
            {
                "id": 971,
                "degree": 2,
                "label": 10,
                "coords": [
                    5.25298,
                    42.12662,
                    16.91903
                ]
            }
        ],
        "L-ACA boundary": [
            {
                "id": 981,
                "degree": 2,
                "label": 10,