{
    "1": {
        "BA start": [
            {
                "id": 0,
                "degree": 1,
                "label": 1,
                "coords": [
                    0.30469,
                    195.46094,
                    1126.33545
                ]
            }
        ],
        "R-PCA boundary": [
            {
                "id": 72,
                "degree": 2,
                "label": 1,
                "coords": [
                    2.95781,
                    210.65469,
                    1139.30107
                ]
            }
        ]
    },
    "2": {
        "BA boundary": [
            {
                "id": 72,
                "degree": 2,
                "label": 2,
                "coords": [
                    2.95781,
                    210.65469,
                    1139.30107
                ]
            }
        ],
        "PCA end": [
            {
                "id": 199,
                "degree": 1,
                "label": 2,
                "coords": [
                    24.97656,
                    193.78906,
                    1148.06982
                ]
            }
        ]
    },
    "3": {
        "Pcom boundary": [
            {
                "id": 618,
                "degree": 2,
                "label": 3,
                "coords": [
                    -5.42969,
                    210.96094,
                    1136.78545
                ]
            }
        ],
        "PCA end": [
            {
                "id": 677,
                "degree": 1,
                "label": 3,
                "coords": [
                    -11.28906,
                    196.69531,
                    1142.71045
                ]
            }
        ]
    },
    "4": {
        "ICA start": [
            {
                "id": 200,
                "degree": 1,
                "label": 4,
                "coords": [
                    10.99219,
                    226.78906,
                    1137.8042
                ]
            }
        ],
        "ICA bifurcation": [
            {
                "id": 239,
                "degree": 3,
                "label": 4,
                "coords": [
                    18.30469,
                    222.46094,
                    1145.5542
                ]
            }
        ],
        "ACA boundary": [
            {
                "id": 688,
                "degree": 2,
                "label": 4,
                "coords": [
                    17.03281,
                    222.63281,
                    1148.30107
                ]
            }
        ],
        "MCA boundary": [
            {
                "id": 248,
                "degree": 2,
                "label": 4,
                "coords": [
                    20.55469,
                    222.01406,
                    1145.3042
                ]
            }
        ]
    },
    "5": {
        "ICA boundary": [
            {
                "id": 248,
                "degree": 2,
                "label": 5,
                "coords": [
                    20.55469,
                    222.01406,
                    1145.3042
                ]
            }
        ],
        "MCA end": [
            {
                "id": 311,
                "degree": 3,
                "label": 5,
                "coords": [
                    33.55469,
                    228.71094,
                    1145.8042
                ]
            }
        ]
    },
    "6": {
        "ICA start": [
            {
                "id": 391,
                "degree": 1,
                "label": 6,
                "coords": [
                    -3.94531,
                    226.69531,
                    1134.89795
                ]
            }
        ],
        "Pcom bifurcation": [
            {
                "id": 407,
                "degree": 3,
                "label": 6,
                "coords": [
                    -1.86927,
                    222.93176,
                    1137.43337
                ]
            }
        ],
        "Pcom boundary": [
            {
                "id": 578,
                "degree": 2,
                "label": 6,
                "coords": [
                    -1.65469,
                    220.96094,
                    1136.14482
                ]
            }
        ],
        "ICA bifurcation": [
            {
                "id": 436,
                "degree": 3,
                "label": 6,
                "coords": [
                    -6.94531,
                    220.21094,
                    1144.3042
                ]
            }
        ],
        "ACA boundary": [
            {
                "id": 845,
                "degree": 2,
                "label": 6,
                "coords": [
                    -6.47344,
                    221.96094,
                    1145.99795
                ]
            }
        ],
        "MCA boundary": [
            {
                "id": 450,
                "degree": 2,
                "label": 6,
                "coords": [
                    -10.44531,
                    219.01406,
                    1145.25107
                ]
            }
        ]
    },
    "7": {
        "ICA boundary": [
            {
                "id": 450,
                "degree": 2,
                "label": 7,
                "coords": [
                    -10.44531,
                    219.01406,
                    1145.25107
                ]
            }
        ],
        "MCA end": [
            {
                "id": 519,
                "degree": 3,
                "label": 7,
                "coords": [
                    -26.19531,
                    218.71094,
                    1141.3042
                ]
            }
        ]
    },
    "9": {
        "ICA boundary": [
            {
                "id": 578,
                "degree": 2,
                "label": 9,
                "coords": [
                    -1.65469,
                    220.96094,
                    1136.14482
                ]
            }
        ],
        "PCA boundary": [
            {
                "id": 618,
                "degree": 2,
                "label": 9,
                "coords": [
                    -5.42969,
                    210.96094,
                    1136.78545
                ]
            }
        ]
    },
    "10": {
        "R-ACA boundary": [
            {
                "id": 1005,
                "degree": 2,
                "label": 10,
                "coords": [
                    5.56719,
                    229.71719,
                    1145.85107
                ]
            }
        ],
        "L-ACA boundary": [
            {
                "id": 1016,
                "degree": 2,
                "label": 10,
                "coords": [
                    2.80469,
                    229.32656,
                    1145.25107
                ]
            }
        ],
        "3rd-A2 bifurcation": [
            {
                "id": 1008,
                "degree": 3,
                "label": 10,
                "coords": [
                    4.80469,
                    229.71094,
                    1145.87292
                ]
            }
        ],
        "3rd-A2 boundary": [
            {
                "id": 1026,
                "degree": 2,
                "label": 10,
                "coords": [
                    4.32344,
                    229.51719,
                    1147.5542
                ]
            }
        ]
    },
    "11": {
        "ICA boundary": [
            {
                "id": 688,
                "degree": 2,
                "label": 11,
                "coords": [
                    17.03281,
                    222.63281,
                    1148.30107
                ]
            }
        ],
        "Acom bifurcation": [
            {
                "id": 738,