{
    "1": {
        "BA start": [
            {
                "id": 0,
                "degree": 1,
                "label": 1,
                "coords": [
                    4.08111,
                    2.75126,
                    -90.89139
                ]
            }
        ],
        "BA bifurcation": [
            {
                "id": 36,
                "degree": 3,
                "label": 1,
                "coords": [
                    2.57955,
                    -1.74712,
                    -81.65868
                ]
            }
        ],
        "R-PCA boundary": [
            {
                "id": 44,
                "degree": 2,
                "label": 1,
                "coords": [
                    4.37519,
                    -2.9855,
                    -80.15034
                ]
            }
        ],
        "L-PCA boundary": [
            {
                "id": 137,
                "degree": 2,
                "label": 1,
                "coords": [
                    0.87845,
                    -2.02132,
                    -79.739
                ]
            }
        ]
    },
    "2": {
        "BA boundary": [
            {
                "id": 44,
                "degree": 2,
                "label": 2,
                "coords": [
                    4.37519,
                    -2.9855,
                    -80.15034
                ]
            }
        ],
        "Pcom bifurcation": [
            {
                "id": 63,
                "degree": 3,
                "label": 2,
                "coords": [
                    8.5932,
                    -2.19873,
                    -77.89256
                ]
            }
        ],
        "Pcom boundary": [
            {
                "id": 590,
                "degree": 2,
                "label": 2,
                "coords": [
                    7.92185,
                    -0.52412,
                    -78.23599
                ]
            }
        ],
        "PCA end": [
            {
                "id": 130,
                "degree": 1,
                "label": 2,
                "coords": [
                    19.08958,
                    -13.75122,
                    -84.02318
                ]
            }
        ]
    },
    "3": {
        "BA boundary": [
            {
                "id": 137,
                "degree": 2,
                "label": 3,
                "coords": [
                    0.87845,
                    -2.02132,
                    -79.739
                ]
            }
        ],
        "Pcom bifurcation": [
            {
                "id": 156,
                "degree": 3,
                "label": 3,
                "coords": [
                    -3.72802,
                    -0.91967,
                    -78.06986
                ]
            }
        ],
        "Pcom boundary": [
            {
                "id": 634,
                "degree": 2,
                "label": 3,
                "coords": [
                    -2.96415,
                    0.63943,
                    -77.55337
                ]
            }
        ],
        "PCA end": [
            {
                "id": 234,
                "degree": 1,
                "label": 3,
                "coords": [
                    -15.63552,
                    -12.34672,
                    -78.22357
                ]
            }
        ]
    },
    "4": {
        "ICA start": [
            {
                "id": 235,
                "degree": 1,
                "label": 4,
                "coords": [
                    16.78844,
                    17.55003,
                    -82.69883
                ]
            }
        ],
        "Pcom bifurcation": [
            {
                "id": 306,
                "degree": 3,
                "label": 4,
                "coords": [
                    13.69979,
                    9.01806,
                    -78.23531
                ]
            }
        ],
        "Pcom boundary": [
            {
                "id": 555,
                "degree": 2,
                "label": 4,
                "coords": [
                    12.79363,
                    8.09643,
                    -79.76697
                ]
            }
        ],
        "ICA bifurcation": [
            {
                "id": 336,
                "degree": 3,
                "label": 4,
                "coords": [
                    19.88887,
                    6.0802,
                    -73.5623
                ]
            }
        ],
        "ACA boundary": [
            {
                "id": 647,
                "degree": 2,
                "label": 4,
                "coords": [
                    17.85015,
                    5.66503,
                    -71.79323
                ]
            }
        ],
        "MCA boundary": [
            {
                "id": 345,
                "degree": 2,
                "label": 4,
                "coords": [
                    22.38187,
                    6.40809,
                    -72.82427
                ]
            }
        ]
    },
    "5": {
        "ICA boundary": [
            {
                "id": 345,
                "degree": 2,
                "label": 5,
                "coords": [
                    22.38187,
                    6.40809,
                    -72.82427
                ]
            }
        ],
        "MCA end": [
            {
                "id": 399,
                "degree": 1,
                "label": 5,
                "coords": [
                    36.20472,
                    10.41295,
                    -70.93927
                ]
            }
        ]
    },
    "6": {
        "ICA start": [
            {
                "id": 400,
                "degree": 1,
                "label": 6,
                "coords": [
                    -5.64822,
                    15.91894,
                    -81.58143
                ]
            }
        ],
        "Pcom bifurcation": [
            {
                "id": 471,
                "degree": 3,
                "label": 6,
                "coords": [
                    -5.15306,
                    12.13041,
                    -75.43788
                ]
            }
        ],
        "Pcom boundary": [
            {
                "id": 602,
                "degree": 2,
                "label": 6,
                "coords": [
                    -5.00998,
                    9.99293,
                    -77.07576
                ]
            }
        ],
        "ICA bifurcation": [
            {
                "id": 491,
                "degree": 3,
                "label": 6,
                "coords": [
                    -9.46121,
                    10.29692,
                    -71.48709
                ]
            }
        ],
        "ACA boundary": [
            {
                "id": 741,
                "degree": 2,
                "label": 6,
                "coords": [
                    -7.26192,
                    10.26312,
                    -69.33319
                ]
            }
        ],
        "MCA boundary": [
            {
                "id": 501,
                "degree": 2,
                "label": 6,
                "coords": [
                    -12.04589,
                    10.89695,
                    -70.60793
                ]
            }
        ]
    },
    "7": {
        "ICA boundary": [
            {
                "id": 501,
                "degree": 2,
                "label": 7,
                "coords": [
                    -12.04589,
                    10.89695,
                    -70.60793
                ]
            }
        ],
        "MCA end": [
            {
                "id": 550,
                "degree": 1,
                "label": 7,