{
    "1": {
        "BA start": [
            {
                "id": 0,
                "degree": 1,
                "label": 1,
                "coords": [
                    -2.18674,
                    0.4113,
                    -5.38125
                ]
            }
        ],
        "BA bifurcation": [
            {
                "id": 54,
                "degree": 3,
                "label": 1,
                "coords": [
                    0.46008,
                    -4.13379,
                    8.15685
                ]
            }
        ],
        "R-PCA boundary": [
            {
                "id": 60,
                "degree": 2,
                "label": 1,
                "coords": [
                    1.79132,
                    -4.42777,
                    9.55561
                ]
            }
        ],
        "L-PCA boundary": [
            {
                "id": 189,
                "degree": 2,
                "label": 1,
                "coords": [
                    -1.07023,
                    -2.91437,
                    8.92091
                ]
            }
        ]
    },
    "2": {
        "BA boundary": [
            {
                "id": 60,
                "degree": 2,
                "label": 2,
                "coords": [
                    1.79132,
                    -4.42777,
                    9.55561
                ]
            }
        ],
        "Pcom bifurcation": [
            {
                "id": 81,
                "degree": 3,
                "label": 2,
                "coords": [
                    7.19233,
                    -3.71161,
                    12.05032
                ]
            }
        ],
        "Pcom boundary": [
            {
                "id": 687,
                "degree": 2,
                "label": 2,
                "coords": [
                    7.27525,
                    -3.19287,
                    11.48457
                ]
            }
        ],
        "PCA end": [
            {
                "id": 183,
                "degree": 1,
                "label": 2,
                "coords": [
                    20.41112,
                    -22.43324,
                    8.31727
                ]
            }
        ]
    },
    "3": {
        "BA boundary": [
            {
                "id": 189,
                "degree": 2,
                "label": 3,
                "coords": [
                    -1.07023,
                    -2.91437,
                    8.92091
                ]
            }
        ],
        "Pcom bifurcation": [
            {
                "id": 212,
                "degree": 3,
                "label": 3,
                "coords": [
                    -6.86121,
                    -2.09122,
                    9.86375
                ]
            }
        ],
        "Pcom boundary": [
            {
                "id": 741,
                "degree": 2,
                "label": 3,
                "coords": [
                    -6.61456,
                    -1.40455,
                    9.47858
                ]
            }
        ],
        "PCA end": [
            {
                "id": 288,
                "degree": 1,
                "label": 3,
                "coords": [
                    -18.89788,
                    -15.83122,
                    6.6906
                ]
            }
        ]
    },
    "4": {
        "ICA start": [
            {
                "id": 289,
                "degree": 1,
                "label": 4,
                "coords": [
                    19.10308,
                    19.69586,
                    2.32501
                ]
            }
        ],
        "Pcom bifurcation": [
            {
                "id": 360,
                "degree": 3,
                "label": 4,
                "coords": [
                    15.9731,
                    6.57108,
                    9.43314
                ]
            }
        ],
        "Pcom boundary": [
            {
                "id": 640,
                "degree": 2,
                "label": 4,
                "coords": [
                    15.72825,
                    5.65302,
                    7.84609
                ]
            }
        ],
        "ICA bifurcation": [
            {
                "id": 384,
                "degree": 3,
                "label": 4,
                "coords": [
                    20.46129,
                    4.47701,
                    14.52138
                ]
            }
        ],
        "ACA boundary": [
            {
                "id": 751,
                "degree": 2,
                "label": 4,
                "coords": [
                    18.8955,
                    3.7641,
                    16.1265
                ]
            }
        ],
        "MCA boundary": [
            {
                "id": 393,
                "degree": 2,
                "label": 4,
                "coords": [
                    22.72081,
                    5.68369,
                    15.36254
                ]
            }
        ]
    },
    "5": {
        "ICA boundary": [
            {
                "id": 393,
                "degree": 2,
                "label": 5,
                "coords": [
                    22.72081,
                    5.68369,
                    15.36254
                ]
            }
        ],
        "MCA end": [
            {
                "id": 428,
                "degree": 3,
                "label": 5,
                "coords": [
                    30.94696,
                    12.28969,
                    13.28304
                ]
            }
        ]
    },
    "6": {
        "ICA start": [
            {
                "id": 482,
                "degree": 1,
                "label": 6,
                "coords": [
                    -12.57695,
                    22.70606,
                    3.15299
                ]
            }
        ],
        "Pcom bifurcation": [
            {
                "id": 553,
                "degree": 3,
                "label": 6,
                "coords": [
                    -11.82218,
                    10.30361,
                    9.15413
                ]
            }
        ],
        "Pcom boundary": [
            {
                "id": 695,
                "degree": 2,
                "label": 6,
                "coords": [
                    -11.64392,
                    9.07027,
                    7.02876
                ]
            }
        ],
        "ICA bifurcation": [
            {
                "id": 579,
                "degree": 3,
                "label": 6,
                "coords": [
                    -16.47876,
                    10.0641,
                    15.02333
                ]
            }
        ],
        "ACA boundary": [
            {
                "id": 863,
                "degree": 2,
                "label": 6,
                "coords": [
                    -14.51037,
                    8.71255,
                    16.37438
                ]
            }
        ],
        "MCA boundary": [
            {
                "id": 586,
                "degree": 2,
                "label": 6,
                "coords": [
                    -18.22019,
                    11.61819,
                    16.00779
                ]
            }
        ]
    },
    "7": {
        "ICA boundary": [
            {
                "id": 586,
                "degree": 2,
                "label": 7,
                "coords": [
                    -18.22019,
                    11.61819,
                    16.00779
                ]
            }
        ],
        "MCA end": [
            {
                "id": 635,
                "degree": 1,
                "label": 7,