{
    "1": {
        "BA start": [
            {
                "id": 0,
                "degree": 1,
                "label": 1,
                "coords": [
                    3.00684,
                    214.36426,
                    -161.01562
                ]
            }
        ],
        "BA bifurcation": [
            {
                "id": 48,
                "degree": 3,
                "label": 1,
                "coords": [
                    1.02246,
                    217.36426,
                    -149.5
                ]
            }
        ],
        "R-PCA boundary": [
            {
                "id": 56,
                "degree": 2,
                "label": 1,
                "coords": [
                    2.72246,
                    217.23301,
                    -147.85
                ]
            }
        ],
        "L-PCA boundary": [
            {
                "id": 192,
                "degree": 2,
                "label": 1,
                "coords": [
                    -0.97754,
                    217.59551,
                    -148.21562
                ]
            }
        ]
    },
    "2": {
        "BA boundary": [
            {
                "id": 56,
                "degree": 2,
                "label": 2,
                "coords": [
                    2.72246,
                    217.23301,
                    -147.85
                ]
            }
        ],
        "Pcom bifurcation": [
            {
                "id": 91,
                "degree": 3,
                "label": 2,
                "coords": [
                    10.64954,
                    219.78822,
                    -149.63959
                ]
            }
        ],
        "Pcom boundary": [
            {
                "id": 625,
                "degree": 2,
                "label": 2,
                "coords": [
                    10.24954,
                    221.01321,
                    -149.99896
                ]
            }
        ],
        "PCA end": [
            {
                "id": 184,
                "degree": 1,
                "label": 2,
                "coords": [
                    20.10059,
                    201.87988,
                    -150.48438
                ]
            }
        ]
    },
    "3": {
        "BA boundary": [
            {
                "id": 192,
                "degree": 2,
                "label": 3,
                "coords": [
                    -0.97754,
                    217.59551,
                    -148.21562
                ]
            }
        ],
        "Pcom bifurcation": [
            {
                "id": 225,
                "degree": 3,
                "label": 3,
                "coords": [
                    -9.36712,
                    217.93821,
                    -149.37084
                ]
            }
        ],
        "Pcom boundary": [
            {
                "id": 681,
                "degree": 2,
                "label": 3,
                "coords": [
                    -9.15879,
                    219.36426,
                    -148.82188
                ]
            }
        ],
        "PCA end": [
            {
                "id": 308,
                "degree": 1,
                "label": 3,
                "coords": [
                    -19.22754,
                    202.34863,
                    -151.07812
                ]
            }
        ]
    },
    "4": {
        "ICA start": [
            {
                "id": 309,
                "degree": 1,
                "label": 4,
                "coords": [
                    9.35059,
                    232.12988,
                    -157.75
                ]
            }
        ],
        "Pcom bifurcation": [
            {
                "id": 328,
                "degree": 3,
                "label": 4,
                "coords": [
                    12.71309,
                    229.19551,
                    -153.27188
                ]
            }
        ],
        "Pcom boundary": [
            {
                "id": 576,
                "degree": 2,
                "label": 4,
                "coords": [
                    12.42246,
                    227.36426,
                    -154.0
                ]
            }
        ],
        "ICA bifurcation": [
            {
                "id": 353,
                "degree": 3,
                "label": 4,
                "coords": [
                    17.60579,
                    229.78092,
                    -147.83333
                ]
            }
        ],
        "ACA boundary": [
            {
                "id": 689,
                "degree": 2,
                "label": 4,
                "coords": [
                    16.5235,
                    230.45697,
                    -147.08542
                ]
            }
        ],
        "MCA boundary": [
            {
                "id": 360,
                "degree": 2,
                "label": 4,
                "coords": [
                    19.52246,
                    230.34551,
                    -148.05312
                ]
            }
        ]
    },
    "5": {
        "ICA boundary": [
            {
                "id": 360,
                "degree": 2,
                "label": 5,
                "coords": [
                    19.52246,
                    230.34551,
                    -148.05312
                ]
            }
        ],
        "MCA end": [
            {
                "id": 426,
                "degree": 1,
                "label": 5,
                "coords": [
                    30.92871,
                    240.11426,
                    -157.25
                ]
            }
        ]
    },
    "6": {
        "ICA start": [
            {
                "id": 427,
                "degree": 1,
                "label": 6,
                "coords": [
                    -9.66504,
                    231.11426,
                    -157.40625
                ]
            }
        ],
        "Pcom bifurcation": [
            {
                "id": 446,
                "degree": 3,
                "label": 6,
                "coords": [
                    -11.73691,
                    228.01426,
                    -153.95
                ]
            }
        ],
        "Pcom boundary": [
            {
                "id": 633,
                "degree": 2,
                "label": 6,
                "coords": [
                    -11.12754,
                    226.61426,
                    -154.02188
                ]
            }
        ],
        "ICA bifurcation": [
            {
                "id": 472,
                "degree": 3,
                "label": 6,
                "coords": [
                    -17.14421,
                    229.11426,
                    -148.58333
                ]
            }
        ],
        "ACA boundary": [
            {
                "id": 860,
                "degree": 2,
                "label": 6,
                "coords": [
                    -16.23691,
                    229.84863,
                    -147.90312
                ]
            }
        ],
        "MCA boundary": [
            {
                "id": 486,
                "degree": 2,
                "label": 6,
                "coords": [
                    -20.47754,
                    229.31113,
                    -147.5
                ]
            }
        ]
    },
    "7": {
        "ICA boundary": [
            {
                "id": 486,
                "degree": 2,
                "label": 7,
                "coords": [
                    -20.47754,
                    229.31113,
                    -147.5
                ]
            }
        ],
        "MCA end": [
            {
                "id": 569,
                "degree": 1,
                "label": 7,