{
    "1": {
        "BA start": [
            {
                "id": 0,
                "degree": 1,
                "label": 1,
                "coords": [
                    -6.1846,
                    -4.97587,
                    -50.91946
                ]
            }
        ],
        "BA bifurcation": [
            {
                "id": 41,
                "degree": 3,
                "label": 1,
                "coords": [
                    -6.26055,
                    -6.15019,
                    -40.66857
                ]
            }
        ],
        "R-PCA boundary": [
            {
                "id": 50,
                "degree": 2,
                "label": 1,
                "coords": [
                    -4.04021,
                    -6.14736,
                    -39.41454
                ]
            }
        ],
        "L-PCA boundary": [
            {
                "id": 157,
                "degree": 2,
                "label": 1,
                "coords": [
                    -7.69594,
                    -6.55366,
                    -39.2217
                ]
            }
        ]
    },
    "2": {
        "BA boundary": [
            {
                "id": 50,
                "degree": 2,
                "label": 2,
                "coords": [
                    -4.04021,
                    -6.14736,
                    -39.41454
                ]
            }
        ],
        "PCA end": [
            {
                "id": 151,
                "degree": 1,
                "label": 2,
                "coords": [
                    10.90631,
                    -20.40029,
                    -40.25688
                ]
            }
        ]
    },
    "3": {
        "BA boundary": [
            {
                "id": 157,
                "degree": 2,
                "label": 3,
                "coords": [
                    -7.69594,
                    -6.55366,
                    -39.2217
                ]
            }
        ],
        "PCA end": [
            {
                "id": 258,
                "degree": 1,
                "label": 3,
                "coords": [
                    -22.02407,
                    -20.40027,
                    -40.3029
                ]
            }
        ]
    },
    "4": {
        "ICA start": [
            {
                "id": 259,
                "degree": 1,
                "label": 4,
                "coords": [
                    4.43618,
                    10.35172,
                    -48.67404
                ]
            }
        ],
        "ICA bifurcation": [
            {
                "id": 351,
                "degree": 3,
                "label": 4,
                "coords": [
                    8.77205,
                    7.4326,
                    -38.38464
                ]
            }
        ],
        "ACA boundary": [
            {
                "id": 549,
                "degree": 2,
                "label": 4,
                "coords": [
                    7.8246,
                    7.45511,
                    -36.64869
                ]
            }
        ],
        "MCA boundary": [
            {
                "id": 360,
                "degree": 2,
                "label": 4,
                "coords": [
                    11.17995,
                    8.09918,
                    -37.99282
                ]
            }
        ]
    },
    "5": {
        "ICA boundary": [
            {
                "id": 360,
                "degree": 2,
                "label": 5,
                "coords": [
                    11.17995,
                    8.09918,
                    -37.99282
                ]
            }
        ],
        "MCA end": [
            {
                "id": 409,
                "degree": 1,
                "label": 5,
                "coords": [
                    23.05604,
                    11.52057,
                    -35.95434
                ]
            }
        ]
    },
    "6": {
        "ICA start": [
            {
                "id": 410,
                "degree": 1,
                "label": "6",
                "coords": [
                    -16.74817,
                    12.35227,
                    -50.99883
                ]
            }
        ],
        "ICA bifurcation": [
            {
                "id": 493,
                "degree": 3,
                "label": 6,
                "coords": [
                    -20.79861,
                    4.84948,
                    -39.26697
                ]
            }
        ],
        "ACA boundary": [
            {
                "id": 679,
                "degree": 2,
                "label": 6,
                "coords": [
                    -19.32368,
                    4.9836,
                    -38.21223
                ]
            }
        ],
        "MCA boundary": [
            {
                "id": 501,
                "degree": 2,
                "label": 6,
                "coords": [
                    -22.81011,
                    4.96812,
                    -38.81543
                ]
            }
        ]
    },
    "7": {
        "ICA boundary": [
            {
                "id": 501,
                "degree": 2,
                "label": 7,
                "coords": [
                    -22.81011,
                    4.96812,
                    -38.81543
                ]
            }
        ],
        "MCA end": [
            {
                "id": 542,
                "degree": 1,
                "label": 7,
                "coords": [
                    -32.94753,
                    9.33396,
                    -39.71595
                ]
            }
        ]
    },
    "10": {
        "R-ACA boundary": [
            {
                "id": 805,
                "degree": 2,
                "label": 10,
                "coords": [
                    -4.82458,
                    11.52091,
                    -34.77461
                ]
            }
        ],
        "L-ACA boundary": [
            {
                "id": 731,
                "degree": 3,
                "label": 10,
                "coords": [
                    -7.37083,
                    11.38292,
                    -35.33969
                ]
            }
        ]
    },
    "11": {
        "ICA boundary": [
            {
                "id": 549,
                "degree": 2,
                "label": 11,
                "coords": [
                    7.8246,
                    7.45511,
                    -36.64869
                ]
            }
        ],
        "Acom bifurcation": [
            {
                "id": 596,
                "degree": 3,
                "label": 11,
                "coords": [
                    -4.07265,
                    11.61703,
                    -34.23354
                ]
            }
        ],
        "Acom boundary": [
            {
                "id": 805,
                "degree": 2,
                "label": 11,
                "coords": [
                    -4.82458,
                    11.52091,
                    -34.77461
                ]
            }
        ],
        "ACA end": [
            {
                "id": 673,
                "degree": 1,
                "label": 11,
                "coords": [
                    -6.77585,
                    28.3449,
                    -19.99491
                ]
            }
        ]
    },
    "12": {
        "ICA boundary": [
            {
                "id": 679,
                "degree": 2,
                "label": 12,
                "coords": [
                    -19.32368,
                    4.9836,
                    -38.21223
                ]
            }
        ],
        "Acom bifurcation": [
            {
                "id": 731,
                "degree": 3,
                "label": 12,