{
    "1": {
        "BA start": [
            {
                "id": 0,
                "degree": 1,
                "label": 1,
                "coords": [
                    -5.20385,
                    -9.80381,
                    -13.17688
                ]
            }
        ],
        "BA bifurcation": [
            {
                "id": 28,
                "degree": 3,
                "label": 1,
                "coords": [
                    -5.21036,
                    -11.78668,
                    -5.95372
                ]
            }
        ],
        "R-PCA boundary": [
            {
                "id": 36,
                "degree": 2,
                "label": 1,
                "coords": [
                    -3.25942,
                    -11.75829,
                    -4.17374
                ]
            }
        ],
        "L-PCA boundary": [
            {
                "id": 141,
                "degree": 2,
                "label": 1,
                "coords": [
                    -7.60356,
                    -11.89979,
                    -4.35334
                ]
            }
        ]
    },
    "2": {
        "BA boundary": [
            {
                "id": 36,
                "degree": 2,
                "label": 2,
                "coords": [
                    -3.25942,
                    -11.75829,
                    -4.17374
                ]
            }
        ],
        "Pcom bifurcation": [
            {
                "id": 54,
                "degree": 3,
                "label": 2,
                "coords": [
                    0.85484,
                    -10.89829,
                    -1.19807
                ]
            }
        ],
        "Pcom boundary": [
            {
                "id": 597,
                "degree": 2,
                "label": 2,
                "coords": [
                    0.9711,
                    -10.13746,
                    -2.03088
                ]
            }
        ],
        "PCA end": [
            {
                "id": 131,
                "degree": 1,
                "label": 2,
                "coords": [
                    11.00462,
                    -24.29442,
                    -4.76036
                ]
            }
        ]
    },
    "3": {
        "BA boundary": [
            {
                "id": 141,
                "degree": 2,
                "label": 3,
                "coords": [
                    -7.60356,
                    -11.89979,
                    -4.35334
                ]
            }
        ],
        "PCA end": [
            {
                "id": 235,
                "degree": 1,
                "label": 3,
                "coords": [
                    -23.93629,
                    -22.14629,
                    -3.33399
                ]
            }
        ]
    },
    "4": {
        "ICA start": [
            {
                "id": 236,
                "degree": 1,
                "label": 4,
                "coords": [
                    8.00264,
                    7.43451,
                    -8.1547
                ]
            }
        ],
        "Pcom bifurcation": [
            {
                "id": 307,
                "degree": 3,
                "label": 4,
                "coords": [
                    4.96197,
                    -0.76467,
                    1.02968
                ]
            }
        ],
        "Pcom boundary": [
            {
                "id": 562,
                "degree": 2,
                "label": 4,
                "coords": [
                    4.49669,
                    -2.07825,
                    -0.56326
                ]
            }
        ],
        "ICA bifurcation": [
            {
                "id": 326,
                "degree": 3,
                "label": 4,
                "coords": [
                    7.97958,
                    -0.46056,
                    5.48125
                ]
            }
        ],
        "ACA boundary": [
            {
                "id": 611,
                "degree": 2,
                "label": 4,
                "coords": [
                    5.27045,
                    -0.09422,
                    6.79444
                ]
            }
        ],
        "MCA boundary": [
            {
                "id": 335,
                "degree": 2,
                "label": 4,
                "coords": [
                    10.25081,
                    0.02957,
                    5.89053
                ]
            }
        ]
    },
    "5": {
        "ICA boundary": [
            {
                "id": 335,
                "degree": 2,
                "label": 5,
                "coords": [
                    10.25081,
                    0.02957,
                    5.89053
                ]
            }
        ],
        "MCA end": [
            {
                "id": 384,
                "degree": 3,
                "label": 5,
                "coords": [
                    21.56003,
                    8.9598,
                    4.94603
                ]
            }
        ]
    },
    "6": {
        "ICA start": [
            {
                "id": 403,
                "degree": 1,
                "label": 6,
                "coords": [
                    -19.83311,
                    8.17954,
                    -7.81104
                ]
            }
        ],
        "ICA bifurcation": [
            {
                "id": 495,
                "degree": 3,
                "label": 6,
                "coords": [
                    -21.14487,
                    -0.55624,
                    1.53538
                ]
            }
        ],
        "ACA boundary": [
            {
                "id": 717,
                "degree": 2,
                "label": 6,
                "coords": [
                    -19.35414,
                    -1.94027,
                    3.11963
                ]
            }
        ],
        "MCA boundary": [
            {
                "id": 505,
                "degree": 2,
                "label": 6,
                "coords": [
                    -23.60917,
                    0.12961,
                    2.43952
                ]
            }
        ]
    },
    "7": {
        "ICA boundary": [
            {
                "id": 505,
                "degree": 2,
                "label": 7,
                "coords": [
                    -23.60917,
                    0.12961,
                    2.43952
                ]
            }
        ],
        "MCA end": [
            {
                "id": 556,
                "degree": 1,
                "label": 7,
                "coords": [
                    -33.36508,
                    10.80356,
                    3.33113
                ]
            }
        ]
    },
    "8": {
        "ICA boundary": [
            {
                "id": 562,
                "degree": 2,
                "label": 8,
                "coords": [
                    4.49669,
                    -2.07825,
                    -0.56326
                ]
            }
        ],
        "PCA boundary": [
            {
                "id": 597,
                "degree": 2,
                "label": 8,
                "coords": [
                    0.9711,
                    -10.13746,
                    -2.03088
                ]
            }
        ]
    },
    "11": {
        "ICA boundary": [
            {
                "id": 611,
                "degree": 2,
                "label": 11,
                "coords": [
                    5.27045,
                    -0.09422,
                    6.79444
                ]
            }
        ],
        "ACA end": [
            {
                "id": 708,
                "degree": 1,
                "label": 11,