{
    "1": {
        "BA start": [
            {
                "id": 0,
                "degree": 1,
                "label": 1,
                "coords": [
                    -0.21582,
                    193.83105,
                    -633.75
                ]
            }
        ],
        "BA bifurcation": [
            {
                "id": 44,
                "degree": 3,
                "label": 1,
                "coords": [
                    -0.54915,
                    195.34668,
                    -622.58333
                ]
            }
        ],
        "R-PCA boundary": [
            {
                "id": 52,
                "degree": 2,
                "label": 1,
                "coords": [
                    1.53418,
                    195.42793,
                    -621.48125
                ]
            }
        ],
        "L-PCA boundary": [
            {
                "id": 155,
                "degree": 2,
                "label": 1,
                "coords": [
                    -1.96582,
                    195.0373,
                    -621.49688
                ]
            }
        ]
    },
    "2": {
        "BA boundary": [
            {
                "id": 52,
                "degree": 2,
                "label": 2,
                "coords": [
                    1.53418,
                    195.42793,
                    -621.48125
                ]
            }
        ],
        "PCA end": [
            {
                "id": 150,
                "degree": 1,
                "label": 2,
                "coords": [
                    16.28418,
                    183.09668,
                    -618.82812
                ]
            }
        ]
    },
    "3": {
        "BA boundary": [
            {
                "id": 155,
                "degree": 2,
                "label": 3,
                "coords": [
                    -1.96582,
                    195.0373,
                    -621.49688
                ]
            }
        ],
        "PCA end": [
            {
                "id": 248,
                "degree": 1,
                "label": 3,
                "coords": [
                    -16.1377,
                    182.8623,
                    -620.5
                ]
            }
        ]
    },
    "4": {
        "ICA start": [
            {
                "id": 249,
                "degree": 1,
                "label": 4,
                "coords": [
                    6.03418,
                    213.59668,
                    -629.75
                ]
            }
        ],
        "ICA bifurcation": [
            {
                "id": 288,
                "degree": 3,
                "label": 4,
                "coords": [
                    13.86751,
                    209.84668,
                    -622.58333
                ]
            }
        ],
        "ACA boundary": [
            {
                "id": 421,
                "degree": 2,
                "label": 4,
                "coords": [
                    13.30918,
                    210.24668,
                    -621.27188
                ]
            }
        ],
        "MCA boundary": [
            {
                "id": 297,
                "degree": 2,
                "label": 4,
                "coords": [
                    16.28418,
                    210.46543,
                    -622.25312
                ]
            }
        ]
    },
    "5": {
        "ICA boundary": [
            {
                "id": 297,
                "degree": 2,
                "label": 5,
                "coords": [
                    16.28418,
                    210.46543,
                    -622.25312
                ]
            }
        ],
        "MCA end": [
            {
                "id": 334,
                "degree": 1,
                "label": 5,
                "coords": [
                    25.2998,
                    213.59668,
                    -622.5
                ]
            }
        ]
    },
    "6": {
        "ICA start": [
            {
                "id": 335,
                "degree": 1,
                "label": 6,
                "coords": [
                    -8.71582,
                    210.9248,
                    -631.0
                ]
            }
        ],
        "ICA bifurcation": [
            {
                "id": 374,
                "degree": 3,
                "label": 6,
                "coords": [
                    -15.71582,
                    206.09668,
                    -623.75
                ]
            }
        ],
        "ACA boundary": [
            {
                "id": 531,
                "degree": 2,
                "label": 6,
                "coords": [
                    -13.96582,
                    206.59668,
                    -622.69375
                ]
            }
        ],
        "MCA boundary": [
            {
                "id": 381,
                "degree": 2,
                "label": 6,
                "coords": [
                    -17.46582,
                    206.34668,
                    -623.32188
                ]
            }
        ]
    },
    "7": {
        "ICA boundary": [
            {
                "id": 381,
                "degree": 2,
                "label": 7,
                "coords": [
                    -17.46582,
                    206.34668,
                    -623.32188
                ]
            }
        ],
        "MCA end": [
            {
                "id": 416,
                "degree": 1,
                "label": 7,
                "coords": [
                    -25.96582,
                    208.26855,
                    -625.0
                ]
            }
        ]
    },
    "10": {
        "R-ACA boundary": [
            {
                "id": 647,
                "degree": 2,
                "label": 10,
                "coords": [
                    0.32793,
                    214.11293,
                    -620.50125
                ]
            }
        ],
        "L-ACA boundary": [
            {
                "id": 656,
                "degree": 2,
                "label": 10,
                "coords": [
                    -1.89082,
                    214.09668,
                    -620.72891
                ]
            }
        ]
    },
    "11": {
        "ICA boundary": [
            {
                "id": 421,
                "degree": 2,
                "label": 11,
                "coords": [
                    13.30918,
                    210.24668,
                    -621.27188
                ]
            }
        ],
        "Acom bifurcation": [
            {
                "id": 468,
                "degree": 3,
                "label": 11,
                "coords": [
                    1.01855,
                    214.17793,
                    -620.1
                ]
            }
        ],
        "Acom boundary": [
            {
                "id": 647,
                "degree": 2,
                "label": 11,
                "coords": [
                    0.32793,
                    214.11293,
                    -620.50125
                ]
            }
        ],
        "ACA end": [
            {
                "id": 524,
                "degree": 1,
                "label": 11,
                "coords": [
                    -1.48145,
                    227.59668,
                    -612.23438
                ]
            }
        ]
    },
    "12": {
        "ICA boundary": [
            {
                "id": 531,
                "degree": 2,
                "label": 12,
                "coords": [
                    -13.96582,
                    206.59668,
                    -622.69375
                ]
            }
        ],
        "Acom bifurcation": [
            {
                "id": 588,
                "degree": 3,
                "label": 12,