{
    "1": {
        "BA start": [
            {
                "id": 0,
                "degree": 1,
                "label": 1,
                "coords": [
                    -0.10586,
                    -9.31089,
                    -40.52217
                ]
            }
        ],
        "BA bifurcation": [
            {
                "id": 63,
                "degree": 3,
                "label": 1,
                "coords": [
                    -3.9114,
                    -9.8706,
                    -24.7878
                ]
            }
        ],
        "R-PCA boundary": [
            {
                "id": 72,
                "degree": 2,
                "label": 1,
                "coords": [
                    -2.01166,
                    -11.00792,
                    -22.80655
                ]
            }
        ],
        "L-PCA boundary": [
            {
                "id": 172,
                "degree": 2,
                "label": 1,
                "coords": [
                    -4.96896,
                    -8.00754,
                    -22.65967
                ]
            }
        ]
    },
    "2": {
        "BA boundary": [
            {
                "id": 72,
                "degree": 2,
                "label": 2,
                "coords": [
                    -2.01166,
                    -11.00792,
                    -22.80655
                ]
            }
        ],
        "PCA end": [
            {
                "id": 162,
                "degree": 1,
                "label": 2,
                "coords": [
                    16.77665,
                    -20.15079,
                    -28.4753
                ]
            }
        ]
    },
    "3": {
        "BA boundary": [
            {
                "id": 172,
                "degree": 2,
                "label": 3,
                "coords": [
                    -4.96896,
                    -8.00754,
                    -22.65967
                ]
            }
        ],
        "PCA end": [
            {
                "id": 278,
                "degree": 1,
                "label": 3,
                "coords": [
                    -24.137,
                    -17.12169,
                    -26.02217
                ]
            }
        ]
    },
    "4": {
        "ICA start": [
            {
                "id": 279,
                "degree": 1,
                "label": 4,
                "coords": [
                    12.01921,
                    2.66021,
                    -35.2878
                ]
            }
        ],
        "ICA bifurcation": [
            {
                "id": 371,
                "degree": 3,
                "label": 4,
                "coords": [
                    15.32361,
                    2.09088,
                    -22.2878
                ]
            }
        ],
        "ACA boundary": [
            {
                "id": 606,
                "degree": 2,
                "label": 4,
                "coords": [
                    13.54637,
                    4.50043,
                    -20.75967
                ]
            }
        ],
        "MCA boundary": [
            {
                "id": 379,
                "degree": 2,
                "label": 4,
                "coords": [
                    17.1259,
                    0.98492,
                    -21.23467
                ]
            }
        ]
    },
    "5": {
        "ICA boundary": [
            {
                "id": 379,
                "degree": 2,
                "label": 5,
                "coords": [
                    17.1259,
                    0.98492,
                    -21.23467
                ]
            }
        ],
        "MCA end": [
            {
                "id": 412,
                "degree": 3,
                "label": 5,
                "coords": [
                    25.25361,
                    0.88357,
                    -21.7878
                ]
            }
        ]
    },
    "6": {
        "ICA start": [
            {
                "id": 443,
                "degree": 1,
                "label": 6,
                "coords": [
                    -11.009,
                    4.12411,
                    -36.63155
                ]
            }
        ],
        "ICA bifurcation": [
            {
                "id": 535,
                "degree": 3,
                "label": 6,
                "coords": [
                    -13.59081,
                    4.37271,
                    -25.7878
                ]
            }
        ],
        "ACA boundary": [
            {
                "id": 746,
                "degree": 2,
                "label": 6,
                "coords": [
                    -11.93308,
                    4.6997,
                    -23.8628
                ]
            }
        ],
        "MCA boundary": [
            {
                "id": 545,
                "degree": 2,
                "label": 6,
                "coords": [
                    -16.11913,
                    4.19861,
                    -24.8378
                ]
            }
        ]
    },
    "7": {
        "ICA boundary": [
            {
                "id": 545,
                "degree": 2,
                "label": 7,
                "coords": [
                    -16.11913,
                    4.19861,
                    -24.8378
                ]
            }
        ],
        "MCA end": [
            {
                "id": 592,
                "degree": 1,
                "label": 7,
                "coords": [
                    -26.23375,
                    9.35743,
                    -19.77217
                ]
            }
        ]
    },
    "10": {
        "R-ACA boundary": [
            {
                "id": 871,
                "degree": 2,
                "label": 10,
                "coords": [
                    -0.09677,
                    7.82206,
                    -23.09326
                ]
            }
        ],
        "L-ACA boundary": [
            {
                "id": 789,
                "degree": 3,
                "label": 10,
                "coords": [
                    -0.84066,
                    8.4894,
                    -24.04613
                ]
            }
        ]
    },
    "11": {
        "ICA boundary": [
            {
                "id": 606,
                "degree": 2,
                "label": 11,
                "coords": [
                    13.54637,
                    4.50043,
                    -20.75967
                ]
            }
        ],
        "Acom bifurcation": [
            {
                "id": 657,
                "degree": 3,
                "label": 11,
                "coords": [
                    0.37845,
                    7.14135,
                    -22.8378
                ]
            }
        ],
        "Acom boundary": [
            {
                "id": 871,
                "degree": 2,
                "label": 11,
                "coords": [
                    -0.09677,
                    7.82206,
                    -23.09326
                ]
            }
        ],
        "ACA end": [
            {
                "id": 738,
                "degree": 1,
                "label": 11,
                "coords": [
                    2.32572,
                    21.15883,
                    -6.19405
                ]
            }
        ]
    },
    "12": {
        "ICA boundary": [
            {
                "id": 746,
                "degree": 2,
                "label": 12,
                "coords": [
                    -11.93308,
                    4.6997,
                    -23.8628
                ]
            }
        ],
        "Acom bifurcation": [
            {
                "id": 789,
                "degree": 3,
                "label": 12,