{
    "1": {
        "BA start": [
            {
                "id": 0,
                "degree": 1,
                "label": 1,
                "coords": [
                    -0.60179,
                    -6.69876,
                    16.62941
                ]
            }
        ],
        "BA bifurcation": [
            {
                "id": 37,
                "degree": 3,
                "label": 1,
                "coords": [
                    -0.31456,
                    -7.80551,
                    25.96274
                ]
            }
        ],
        "R-PCA boundary": [
            {
                "id": 46,
                "degree": 2,
                "label": 1,
                "coords": [
                    1.80194,
                    -8.97329,
                    27.40128
                ]
            }
        ],
        "L-PCA boundary": [
            {
                "id": 144,
                "degree": 2,
                "label": 1,
                "coords": [
                    -2.3061,
                    -7.95975,
                    27.91378
                ]
            }
        ]
    },
    "2": {
        "BA boundary": [
            {
                "id": 46,
                "degree": 2,
                "label": 2,
                "coords": [
                    1.80194,
                    -8.97329,
                    27.40128
                ]
            }
        ],
        "PCA end": [
            {
                "id": 135,
                "degree": 1,
                "label": 2,
                "coords": [
                    16.95348,
                    -21.79089,
                    22.53566
                ]
            }
        ]
    },
    "3": {
        "BA boundary": [
            {
                "id": 144,
                "degree": 2,
                "label": 3,
                "coords": [
                    -2.3061,
                    -7.95975,
                    27.91378
                ]
            }
        ],
        "PCA end": [
            {
                "id": 240,
                "degree": 1,
                "label": 3,
                "coords": [
                    -18.07863,
                    -21.82392,
                    24.94191
                ]
            }
        ]
    },
    "4": {
        "ICA start": [
            {
                "id": 241,
                "degree": 1,
                "label": 4,
                "coords": [
                    14.11997,
                    9.85553,
                    21.28566
                ]
            }
        ],
        "ICA bifurcation": [
            {
                "id": 333,
                "degree": 3,
                "label": 4,
                "coords": [
                    18.6184,
                    -1.84311,
                    31.37941
                ]
            }
        ],
        "ACA boundary": [
            {
                "id": 645,
                "degree": 2,
                "label": 4,
                "coords": [
                    17.30098,
                    -0.5149,
                    33.37941
                ]
            }
        ],
        "MCA boundary": [
            {
                "id": 339,
                "degree": 2,
                "label": 4,
                "coords": [
                    20.08803,
                    -2.59906,
                    31.35128
                ]
            }
        ]
    },
    "5": {
        "ICA boundary": [
            {
                "id": 339,
                "degree": 2,
                "label": 5,
                "coords": [
                    20.08803,
                    -2.59906,
                    31.35128
                ]
            }
        ],
        "MCA end": [
            {
                "id": 371,
                "degree": 3,
                "label": 5,
                "coords": [
                    27.86028,
                    -2.23046,
                    29.37941
                ]
            }
        ]
    },
    "6": {
        "ICA start": [
            {
                "id": 431,
                "degree": 1,
                "label": 6,
                "coords": [
                    -10.94663,
                    10.65591,
                    20.62941
                ]
            }
        ],
        "ICA bifurcation": [
            {
                "id": 523,
                "degree": 3,
                "label": 6,
                "coords": [
                    -13.03047,
                    1.23491,
                    32.12941
                ]
            }
        ],
        "ACA boundary": [
            {
                "id": 775,
                "degree": 2,
                "label": 6,
                "coords": [
                    -11.94279,
                    1.58967,
                    33.97316
                ]
            }
        ],
        "MCA boundary": [
            {
                "id": 532,
                "degree": 2,
                "label": 6,
                "coords": [
                    -15.30009,
                    0.81396,
                    32.61066
                ]
            }
        ]
    },
    "7": {
        "ICA boundary": [
            {
                "id": 532,
                "degree": 2,
                "label": 7,
                "coords": [
                    -15.30009,
                    0.81396,
                    32.61066
                ]
            }
        ],
        "MCA end": [
            {
                "id": 564,
                "degree": 3,
                "label": 7,
                "coords": [
                    -23.35523,
                    -0.33411,
                    32.87941
                ]
            }
        ]
    },
    "10": {
        "R-ACA boundary": [
            {
                "id": 901,
                "degree": 2,
                "label": 10,
                "coords": [
                    3.40482,
                    5.76314,
                    32.3466
                ]
            }
        ],
        "L-ACA boundary": [
            {
                "id": 910,
                "degree": 2,
                "label": 10,
                "coords": [
                    1.36769,
                    4.6506,
                    33.54316
                ]
            }
        ]
    },
    "11": {
        "ICA boundary": [
            {
                "id": 645,
                "degree": 2,
                "label": 11,
                "coords": [
                    17.30098,
                    -0.5149,
                    33.37941
                ]
            }
        ],
        "Acom bifurcation": [
            {
                "id": 700,
                "degree": 3,
                "label": 11,
                "coords": [
                    4.19172,
                    6.62782,
                    33.17316
                ]
            }
        ],
        "Acom boundary": [
            {
                "id": 901,
                "degree": 2,
                "label": 11,
                "coords": [
                    3.40482,
                    5.76314,
                    32.3466
                ]
            }
        ],
        "ACA end": [
            {
                "id": 767,
                "degree": 1,
                "label": 11,
                "coords": [
                    2.12329,
                    10.18631,
                    49.62941
                ]
            }
        ]
    },
    "12": {
        "ICA boundary": [
            {
                "id": 775,
                "degree": 2,
                "label": 12,
                "coords": [
                    -11.94279,
                    1.58967,
                    33.97316
                ]
            }
        ],
        "Acom bifurcation": [
            {
                "id": 826,
                "degree": 3,
                "label": 12,