{
    "1": {
        "BA start": [
            {
                "id": 0,
                "degree": 1,
                "label": 1,
                "coords": [
                    -4.74512,
                    235.73926,
                    -39.17358
                ]
            }
        ],
        "BA bifurcation": [
            {
                "id": 54,
                "degree": 3,
                "label": 1,
                "coords": [
                    -4.49512,
                    242.23926,
                    -27.34546
                ]
            }
        ],
        "R-PCA boundary": [
            {
                "id": 60,
                "degree": 2,
                "label": 1,
                "coords": [
                    -2.99824,
                    242.23926,
                    -26.77671
                ]
            }
        ],
        "L-PCA boundary": [
            {
                "id": 208,
                "degree": 2,
                "label": 1,
                "coords": [
                    -4.74512,
                    243.23926,
                    -24.69546
                ]
            }
        ]
    },
    "2": {
        "BA boundary": [
            {
                "id": 60,
                "degree": 2,
                "label": 2,
                "coords": [
                    -2.99824,
                    242.23926,
                    -26.77671
                ]
            }
        ],
        "Pcom bifurcation": [
            {
                "id": 96,
                "degree": 3,
                "label": 2,
                "coords": [
                    1.50801,
                    244.62363,
                    -20.46108
                ]
            }
        ],
        "Pcom boundary": [
            {
                "id": 96,
                "degree": 3,
                "label": 2,
                "coords": [
                    1.50801,
                    244.62363,
                    -20.46108
                ]
            }
        ],
        "PCA end": [
            {
                "id": 197,
                "degree": 1,
                "label": 2,
                "coords": [
                    19.98926,
                    236.39551,
                    -17.34546
                ]
            }
        ]
    },
    "3": {
        "BA boundary": [
            {
                "id": 208,
                "degree": 2,
                "label": 3,
                "coords": [
                    -4.74512,
                    243.23926,
                    -24.69546
                ]
            }
        ],
        "Pcom bifurcation": [
            {
                "id": 234,
                "degree": 3,
                "label": 3,
                "coords": [
                    -3.79512,
                    248.47051,
                    -20.92671
                ]
            }
        ],
        "Pcom boundary": [
            {
                "id": 684,
                "degree": 2,
                "label": 3,
                "coords": [
                    -3.69199,
                    248.81738,
                    -21.84858
                ]
            }
        ],
        "PCA end": [
            {
                "id": 324,
                "degree": 1,
                "label": 3,
                "coords": [
                    -17.26074,
                    236.09863,
                    -15.84546
                ]
            }
        ]
    },
    "4": {
        "ICA start": [
            {
                "id": 325,
                "degree": 1,
                "label": 4,
                "coords": [
                    5.75488,
                    260.84863,
                    -28.09546
                ]
            }
        ],
        "Pcom bifurcation": [
            {
                "id": 344,
                "degree": 3,
                "label": 4,
                "coords": [
                    8.33926,
                    258.72051,
                    -23.86733
                ]
            }
        ],
        "Pcom boundary": [
            {
                "id": 581,
                "degree": 2,
                "label": 4,
                "coords": [
                    7.03613,
                    257.23926,
                    -23.11421
                ]
            }
        ],
        "ICA bifurcation": [
            {
                "id": 368,
                "degree": 3,
                "label": 4,
                "coords": [
                    14.25488,
                    261.48926,
                    -22.34546
                ]
            }
        ],
        "ACA boundary": [
            {
                "id": 691,
                "degree": 2,
                "label": 4,
                "coords": [
                    13.00488,
                    262.54551,
                    -21.92046
                ]
            }
        ],
        "MCA boundary": [
            {
                "id": 377,
                "degree": 2,
                "label": 4,
                "coords": [
                    16.50488,
                    261.63926,
                    -23.36421
                ]
            }
        ]
    },
    "5": {
        "ICA boundary": [
            {
                "id": 377,
                "degree": 2,
                "label": 5,
                "coords": [
                    16.50488,
                    261.63926,
                    -23.36421
                ]
            }
        ],
        "MCA end": [
            {
                "id": 434,
                "degree": 1,
                "label": 5,
                "coords": [
                    25.52051,
                    270.16113,
                    -32.17358
                ]
            }
        ]
    },
    "6": {
        "ICA start": [
            {
                "id": 435,
                "degree": 1,
                "label": 6,
                "coords": [
                    -10.15137,
                    259.23926,
                    -29.34546
                ]
            }
        ],
        "Pcom bifurcation": [
            {
                "id": 454,
                "degree": 3,
                "label": 6,
                "coords": [
                    -12.12637,
                    255.61738,
                    -26.31421
                ]
            }
        ],
        "Pcom boundary": [
            {
                "id": 641,
                "degree": 2,
                "label": 6,
                "coords": [
                    -10.01387,
                    253.99238,
                    -26.67358
                ]
            }
        ],
        "ICA bifurcation": [
            {
                "id": 487,
                "degree": 3,
                "label": 6,
                "coords": [
                    -18.82845,
                    257.15592,
                    -20.67879
                ]
            }
        ],
        "ACA boundary": [
            {
                "id": 889,
                "degree": 2,
                "label": 6,
                "coords": [
                    -16.84512,
                    258.97051,
                    -19.29233
                ]
            }
        ],
        "MCA boundary": [
            {
                "id": 499,
                "degree": 2,
                "label": 6,
                "coords": [
                    -21.74512,
                    257.50801,
                    -19.74546
                ]
            }
        ]
    },
    "7": {
        "ICA boundary": [
            {
                "id": 499,
                "degree": 2,
                "label": 7,
                "coords": [
                    -21.74512,
                    257.50801,
                    -19.74546
                ]
            }
        ],
        "MCA end": [
            {
                "id": 573,
                "degree": 1,
                "label": 7,