{
    "1": {
        "BA start": [
            {
                "id": 0,
                "degree": 1,
                "label": 1,
                "coords": [
                    -2.45825,
                    -17.63349,
                    -33.40925
                ]
            }
        ],
        "BA bifurcation": [
            {
                "id": 103,
                "degree": 3,
                "label": 1,
                "coords": [
                    2.97516,
                    -15.3042,
                    -9.435
                ]
            }
        ],
        "R-PCA boundary": [
            {
                "id": 114,
                "degree": 2,
                "label": 1,
                "coords": [
                    5.71254,
                    -15.29464,
                    -8.73222
                ]
            }
        ],
        "L-PCA boundary": [
            {
                "id": 235,
                "degree": 2,
                "label": 1,
                "coords": [
                    0.21971,
                    -16.21729,
                    -7.40667
                ]
            }
        ]
    },
    "2": {
        "BA boundary": [
            {
                "id": 114,
                "degree": 2,
                "label": 2,
                "coords": [
                    5.71254,
                    -15.29464,
                    -8.73222
                ]
            }
        ],
        "PCA end": [
            {
                "id": 222,
                "degree": 1,
                "label": 2,
                "coords": [
                    22.44004,
                    -27.01465,
                    -16.71443
                ]
            }
        ]
    },
    "3": {
        "BA boundary": [
            {
                "id": 235,
                "degree": 2,
                "label": 3,
                "coords": [
                    0.21971,
                    -16.21729,
                    -7.40667
                ]
            }
        ],
        "PCA end": [
            {
                "id": 323,
                "degree": 1,
                "label": 3,
                "coords": [
                    -14.46861,
                    -27.17276,
                    -17.53677
                ]
            }
        ]
    },
    "4": {
        "ICA start": [
            {
                "id": 324,
                "degree": 1,
                "label": 4,
                "coords": [
                    11.90305,
                    6.07572,
                    -25.26708
                ]
            }
        ],
        "ICA bifurcation": [
            {
                "id": 416,
                "degree": 3,
                "label": 4,
                "coords": [
                    15.18672,
                    -7.69386,
                    -17.12713
                ]
            }
        ],
        "ACA boundary": [
            {
                "id": 636,
                "degree": 2,
                "label": 4,
                "coords": [
                    15.7695,
                    -8.00875,
                    -13.93878
                ]
            }
        ],
        "MCA boundary": [
            {
                "id": 426,
                "degree": 2,
                "label": 4,
                "coords": [
                    17.7713,
                    -6.53048,
                    -17.5114
                ]
            }
        ]
    },
    "5": {
        "ICA boundary": [
            {
                "id": 426,
                "degree": 2,
                "label": 5,
                "coords": [
                    17.7713,
                    -6.53048,
                    -17.5114
                ]
            }
        ],
        "MCA end": [
            {
                "id": 475,
                "degree": 1,
                "label": 5,
                "coords": [
                    29.07181,
                    1.75362,
                    -17.66151
                ]
            }
        ]
    },
    "6": {
        "ICA start": [
            {
                "id": 476,
                "degree": 1,
                "label": 6,
                "coords": [
                    -14.4911,
                    0.64863,
                    -26.01576
                ]
            }
        ],
        "ICA bifurcation": [
            {
                "id": 568,
                "degree": 3,
                "label": 6,
                "coords": [
                    -16.91278,
                    -12.40209,
                    -15.89527
                ]
            }
        ],
        "ACA boundary": [
            {
                "id": 745,
                "degree": 2,
                "label": 6,
                "coords": [
                    -15.26987,
                    -12.13459,
                    -13.33587
                ]
            }
        ],
        "MCA boundary": [
            {
                "id": 576,
                "degree": 2,
                "label": 6,
                "coords": [
                    -18.92888,
                    -12.45487,
                    -15.5996
                ]
            }
        ]
    },
    "7": {
        "ICA boundary": [
            {
                "id": 576,
                "degree": 2,
                "label": 7,
                "coords": [
                    -18.92888,
                    -12.45487,
                    -15.5996
                ]
            }
        ],
        "MCA end": [
            {
                "id": 624,
                "degree": 1,
                "label": 7,
                "coords": [
                    -30.46766,
                    -7.65426,
                    -16.94163
                ]
            }
        ]
    },
    "10": {
        "R-ACA boundary": [
            {
                "id": 861,
                "degree": 2,
                "label": 10,
                "coords": [
                    4.22741,
                    -7.95648,
                    -7.68358
                ]
            }
        ],
        "L-ACA boundary": [
            {
                "id": 883,
                "degree": 2,
                "label": 10,
                "coords": [
                    0.09813,
                    -5.77983,
                    -11.25918
                ]
            }
        ]
    },
    "11": {
        "ICA boundary": [
            {
                "id": 636,
                "degree": 2,
                "label": 11,
                "coords": [
                    15.7695,
                    -8.00875,
                    -13.93878
                ]
            }
        ],
        "Acom bifurcation": [
            {
                "id": 684,
                "degree": 3,
                "label": 11,
                "coords": [
                    5.59312,
                    -7.57459,
                    -6.76601
                ]
            }
        ],
        "Acom boundary": [
            {
                "id": 861,
                "degree": 2,
                "label": 11,
                "coords": [
                    4.22741,
                    -7.95648,
                    -7.68358
                ]
            }
        ],
        "ACA end": [
            {
                "id": 735,
                "degree": 1,
                "label": 11,
                "coords": [
                    -3.40531,
                    0.63644,
                    0.16877
                ]
            }
        ]
    },
    "12": {
        "ICA boundary": [
            {
                "id": 745,
                "degree": 2,
                "label": 12,
                "coords": [
                    -15.26987,
                    -12.13459,
                    -13.33587
                ]
            }
        ],
        "Acom bifurcation": [
            {
                "id": 805,
                "degree": 3,
                "label": 12,