{
    "1": {
        "BA start": [
            {
                "id": 0,
                "degree": 1,
                "label": 1,
                "coords": [
                    3.96696,
                    6.86875,
                    5.52757
                ]
            }
        ],
        "BA bifurcation": [
            {
                "id": 58,
                "degree": 3,
                "label": 1,
                "coords": [
                    -1.30427,
                    1.28493,
                    20.64457
                ]
            }
        ],
        "R-PCA boundary": [
            {
                "id": 71,
                "degree": 2,
                "label": 1,
                "coords": [
                    1.23165,
                    -1.48345,
                    22.0395
                ]
            }
        ],
        "L-PCA boundary": [
            {
                "id": 211,
                "degree": 2,
                "label": 1,
                "coords": [
                    -4.36678,
                    0.78147,
                    22.82883
                ]
            }
        ]
    },
    "2": {
        "BA boundary": [
            {
                "id": 71,
                "degree": 2,
                "label": 2,
                "coords": [
                    1.23165,
                    -1.48345,
                    22.0395
                ]
            }
        ],
        "PCA end": [
            {
                "id": 197,
                "degree": 1,
                "label": 2,
                "coords": [
                    22.40492,
                    -14.59574,
                    9.22847
                ]
            }
        ]
    },
    "3": {
        "BA boundary": [
            {
                "id": 211,
                "degree": 2,
                "label": 3,
                "coords": [
                    -4.36678,
                    0.78147,
                    22.82883
                ]
            }
        ],
        "PCA end": [
            {
                "id": 336,
                "degree": 1,
                "label": 3,
                "coords": [
                    -23.34406,
                    -10.94758,
                    14.36982
                ]
            }
        ]
    },
    "4": {
        "ICA start": [
            {
                "id": 337,
                "degree": 1,
                "label": 4,
                "coords": [
                    15.31285,
                    29.70691,
                    8.93768
                ]
            }
        ],
        "ICA bifurcation": [
            {
                "id": 429,
                "degree": 3,
                "label": 4,
                "coords": [
                    19.21504,
                    11.58468,
                    18.9272
                ]
            }
        ],
        "ACA boundary": [
            {
                "id": 745,
                "degree": 2,
                "label": 4,
                "coords": [
                    17.61269,
                    12.31099,
                    20.88847
                ]
            }
        ],
        "MCA boundary": [
            {
                "id": 438,
                "degree": 2,
                "label": 4,
                "coords": [
                    21.75288,
                    10.78398,
                    20.26111
                ]
            }
        ]
    },
    "5": {
        "ICA boundary": [
            {
                "id": 438,
                "degree": 2,
                "label": 5,
                "coords": [
                    21.75288,
                    10.78398,
                    20.26111
                ]
            }
        ],
        "MCA end": [
            {
                "id": 474,
                "degree": 3,
                "label": 5,
                "coords": [
                    30.80507,
                    10.54095,
                    20.28579
                ]
            }
        ]
    },
    "6": {
        "ICA start": [
            {
                "id": 545,
                "degree": 1,
                "label": 6,
                "coords": [
                    -12.6329,
                    29.73558,
                    12.68419
                ]
            }
        ],
        "ICA bifurcation": [
            {
                "id": 637,
                "degree": 3,
                "label": 6,
                "coords": [
                    -13.29009,
                    13.7775,
                    23.90815
                ]
            }
        ],
        "ACA boundary": [
            {
                "id": 883,
                "degree": 2,
                "label": 6,
                "coords": [
                    -11.45858,
                    13.94432,
                    25.38161
                ]
            }
        ],
        "MCA boundary": [
            {
                "id": 648,
                "degree": 2,
                "label": 6,
                "coords": [
                    -16.06928,
                    13.38785,
                    25.55261
                ]
            }
        ]
    },
    "7": {
        "ICA boundary": [
            {
                "id": 648,
                "degree": 2,
                "label": 7,
                "coords": [
                    -16.06928,
                    13.38785,
                    25.55261
                ]
            }
        ],
        "MCA end": [
            {
                "id": 682,
                "degree": 3,
                "label": 7,
                "coords": [
                    -24.71394,
                    12.89523,
                    24.95305
                ]
            }
        ]
    },
    "10": {
        "R-ACA boundary": [
            {
                "id": 1031,
                "degree": 2,
                "label": 10,
                "coords": [
                    3.06726,
                    19.4575,
                    22.18412
                ]
            }
        ],
        "L-ACA boundary": [
            {
                "id": 1039,
                "degree": 2,
                "label": 10,
                "coords": [
                    1.24213,
                    20.20609,
                    21.21063
                ]
            }
        ]
    },
    "11": {
        "ICA boundary": [
            {
                "id": 745,
                "degree": 2,
                "label": 11,
                "coords": [
                    17.61269,
                    12.31099,
                    20.88847
                ]
            }
        ],
        "Acom bifurcation": [
            {
                "id": 799,
                "degree": 3,
                "label": 11,
                "coords": [
                    3.62203,
                    18.98656,
                    22.61463
                ]
            }
        ],
        "Acom boundary": [
            {
                "id": 1031,
                "degree": 2,
                "label": 11,
                "coords": [
                    3.06726,
                    19.4575,
                    22.18412
                ]
            }
        ],
        "ACA end": [
            {
                "id": 875,
                "degree": 1,
                "label": 11,
                "coords": [
                    5.54994,
                    24.49423,
                    41.6469
                ]
            }
        ]
    },
    "12": {
        "ICA boundary": [
            {
                "id": 883,
                "degree": 2,
                "label": 12,
                "coords": [
                    -11.45858,
                    13.94432,
                    25.38161
                ]
            }
        ],
        "Acom bifurcation": [
            {
                "id": 941,
                "degree": 3,
                "label": 12,