{
    "1": {
        "BA start": [
            {
                "id": 0,
                "degree": 1,
                "label": 1,
                "coords": [
                    -9.42177,
                    0.8151,
                    -47.5429
                ]
            }
        ],
        "BA bifurcation": [
            {
                "id": 46,
                "degree": 3,
                "label": 1,
                "coords": [
                    -12.31352,
                    -8.43121,
                    -40.19461
                ]
            }
        ],
        "R-PCA boundary": [
            {
                "id": 58,
                "degree": 2,
                "label": 1,
                "coords": [
                    -9.48178,
                    -10.14764,
                    -40.14615
                ]
            }
        ],
        "L-PCA boundary": [
            {
                "id": 175,
                "degree": 2,
                "label": 1,
                "coords": [
                    -14.11279,
                    -9.66008,
                    -38.11313
                ]
            }
        ]
    },
    "2": {
        "BA boundary": [
            {
                "id": 58,
                "degree": 2,
                "label": 2,
                "coords": [
                    -9.48178,
                    -10.14764,
                    -40.14615
                ]
            }
        ],
        "PCA end": [
            {
                "id": 165,
                "degree": 1,
                "label": 2,
                "coords": [
                    9.76839,
                    -20.82344,
                    -46.65001
                ]
            }
        ]
    },
    "3": {
        "BA boundary": [
            {
                "id": 175,
                "degree": 2,
                "label": 3,
                "coords": [
                    -14.11279,
                    -9.66008,
                    -38.11313
                ]
            }
        ],
        "PCA end": [
            {
                "id": 276,
                "degree": 1,
                "label": 3,
                "coords": [
                    -28.86226,
                    -17.84362,
                    -45.25886
                ]
            }
        ]
    },
    "4": {
        "ICA start": [
            {
                "id": 277,
                "degree": 1,
                "label": 4,
                "coords": [
                    2.35651,
                    9.02664,
                    -37.89947
                ]
            }
        ],
        "ICA bifurcation": [
            {
                "id": 369,
                "degree": 3,
                "label": 4,
                "coords": [
                    6.31507,
                    -1.77652,
                    -31.58846
                ]
            }
        ],
        "ACA boundary": [
            {
                "id": 579,
                "degree": 2,
                "label": 4,
                "coords": [
                    6.39496,
                    -2.19938,
                    -28.98932
                ]
            }
        ],
        "MCA boundary": [
            {
                "id": 383,
                "degree": 2,
                "label": 4,
                "coords": [
                    9.75858,
                    -2.49144,
                    -31.51035
                ]
            }
        ]
    },
    "5": {
        "ICA boundary": [
            {
                "id": 383,
                "degree": 2,
                "label": 5,
                "coords": [
                    9.75858,
                    -2.49144,
                    -31.51035
                ]
            }
        ],
        "MCA end": [
            {
                "id": 424,
                "degree": 1,
                "label": 5,
                "coords": [
                    20.26338,
                    2.48096,
                    -31.37804
                ]
            }
        ]
    },
    "6": {
        "ICA start": [
            {
                "id": 425,
                "degree": 1,
                "label": 6,
                "coords": [
                    -14.15487,
                    10.05311,
                    -39.53451
                ]
            }
        ],
        "ICA bifurcation": [
            {
                "id": 517,
                "degree": 3,
                "label": 6,
                "coords": [
                    -21.0497,
                    -1.45973,
                    -29.73266
                ]
            }
        ],
        "ACA boundary": [
            {
                "id": 749,
                "degree": 2,
                "label": 6,
                "coords": [
                    -18.8936,
                    -2.54445,
                    -27.99334
                ]
            }
        ],
        "MCA boundary": [
            {
                "id": 527,
                "degree": 2,
                "label": 6,
                "coords": [
                    -23.54745,
                    -1.34707,
                    -28.94871
                ]
            }
        ]
    },
    "7": {
        "ICA boundary": [
            {
                "id": 527,
                "degree": 2,
                "label": 7,
                "coords": [
                    -23.54745,
                    -1.34707,
                    -28.94871
                ]
            }
        ],
        "MCA end": [
            {
                "id": 569,
                "degree": 1,
                "label": 7,
                "coords": [
                    -32.35535,
                    5.46794,
                    -27.51872
                ]
            }
        ]
    },
    "10": {
        "R-ACA boundary": [
            {
                "id": 900,
                "degree": 2,
                "label": 10,
                "coords": [
                    -6.58777,
                    4.74073,
                    -27.2709
                ]
            }
        ],
        "L-ACA boundary": [
            {
                "id": 910,
                "degree": 2,
                "label": 10,
                "coords": [
                    -8.70613,
                    3.60924,
                    -26.54904
                ]
            }
        ]
    },
    "11": {
        "ICA boundary": [
            {
                "id": 579,
                "degree": 2,
                "label": 11,
                "coords": [
                    6.39496,
                    -2.19938,
                    -28.98932
                ]
            }
        ],
        "Acom bifurcation": [
            {
                "id": 638,
                "degree": 3,
                "label": 11,
                "coords": [
                    -6.06896,
                    5.30432,
                    -26.96112
                ]
            }
        ],
        "Acom boundary": [
            {
                "id": 900,
                "degree": 2,
                "label": 11,
                "coords": [
                    -6.58777,
                    4.74073,
                    -27.2709
                ]
            }
        ],
        "ACA end": [
            {
                "id": 740,
                "degree": 1,
                "label": 11,
                "coords": [
                    -5.04038,
                    5.27787,
                    -0.96523
                ]
            }
        ]
    },
    "12": {
        "ICA boundary": [
            {
                "id": 749,
                "degree": 2,
                "label": 12,
                "coords": [
                    -18.8936,
                    -2.54445,
                    -27.99334
                ]
            }
        ],
        "Acom bifurcation": [
            {
                "id": 791,
                "degree": 3,
                "label": 12,