{
    "1": {
        "BA start": [
            {
                "id": 0,
                "degree": 1,
                "label": 1,
                "coords": [
                    13.80762,
                    217.14551,
                    -60.05594
                ]
            }
        ],
        "BA bifurcation": [
            {
                "id": 36,
                "degree": 2,
                "label": 1,
                "coords": [
                    12.16699,
                    218.22363,
                    -51.30594
                ]
            }
        ]
    },
    "2": {
        "Pcom boundary": [
            {
                "id": 271,
                "degree": 2,
                "label": 2,
                "coords": [
                    15.53574,
                    221.66738,
                    -45.55594
                ]
            }
        ],
        "PCA end": [
            {
                "id": 371,
                "degree": 1,
                "label": 2,
                "coords": [
                    33.72949,
                    208.23926,
                    -41.21219
                ]
            }
        ]
    },
    "3": {
        "Pcom boundary": [
            {
                "id": 414,
                "degree": 2,
                "label": 3,
                "coords": [
                    10.64824,
                    221.98613,
                    -47.05906
                ]
            }
        ],
        "PCA end": [
            {
                "id": 525,
                "degree": 1,
                "label": 3,
                "coords": [
                    -7.58301,
                    205.56738,
                    -37.14969
                ]
            }
        ]
    },
    "4": {
        "ICA start": [
            {
                "id": 38,
                "degree": 1,
                "label": 4,
                "coords": [
                    21.43262,
                    235.73926,
                    -53.30594
                ]
            }
        ],
        "Pcom bifurcation": [
            {
                "id": 57,
                "degree": 3,
                "label": 4,
                "coords": [
                    24.41699,
                    231.07051,
                    -52.08719
                ]
            }
        ],
        "Pcom boundary": [
            {
                "id": 223,
                "degree": 2,
                "label": 4,
                "coords": [
                    23.11387,
                    228.59238,
                    -53.05594
                ]
            }
        ],
        "ICA bifurcation": [
            {
                "id": 82,
                "degree": 3,
                "label": 4,
                "coords": [
                    30.66699,
                    231.23926,
                    -50.55594
                ]
            }
        ],
        "ACA boundary": [
            {
                "id": 534,
                "degree": 2,
                "label": 4,
                "coords": [
                    29.16699,
                    232.85176,
                    -48.69344
                ]
            }
        ],
        "MCA boundary": [
            {
                "id": 91,
                "degree": 2,
                "label": 4,
                "coords": [
                    32.76699,
                    232.68613,
                    -51.40906
                ]
            }
        ]
    },
    "5": {
        "ICA boundary": [
            {
                "id": 91,
                "degree": 2,
                "label": 5,
                "coords": [
                    32.76699,
                    232.68613,
                    -51.40906
                ]
            }
        ],
        "MCA end": [
            {
                "id": 126,
                "degree": 1,
                "label": 5,
                "coords": [
                    39.41699,
                    240.48926,
                    -55.55594
                ]
            }
        ]
    },
    "6": {
        "ICA start": [
            {
                "id": 127,
                "degree": 1,
                "label": 6,
                "coords": [
                    4.66699,
                    233.48926,
                    -53.38406
                ]
            }
        ],
        "Pcom bifurcation": [
            {
                "id": 146,
                "degree": 3,
                "label": 6,
                "coords": [
                    3.34824,
                    228.86113,
                    -52.29656
                ]
            }
        ],
        "Pcom boundary": [
            {
                "id": 375,
                "degree": 2,
                "label": 6,
                "coords": [
                    4.16387,
                    227.73926,
                    -52.69031
                ]
            }
        ],
        "ICA bifurcation": [
            {
                "id": 171,
                "degree": 3,
                "label": 6,
                "coords": [
                    -2.24967,
                    230.40592,
                    -48.38927
                ]
            }
        ],
        "ACA boundary": [
            {
                "id": 679,
                "degree": 2,
                "label": 6,
                "coords": [
                    -0.56426,
                    231.53301,
                    -47.13094
                ]
            }
        ],
        "MCA boundary": [
            {
                "id": 179,
                "degree": 2,
                "label": 6,
                "coords": [
                    -4.33301,
                    231.13613,
                    -48.20906
                ]
            }
        ]
    },
    "7": {
        "ICA boundary": [
            {
                "id": 179,
                "degree": 2,
                "label": 7,
                "coords": [
                    -4.33301,
                    231.13613,
                    -48.20906
                ]
            }
        ],
        "MCA end": [
            {
                "id": 213,
                "degree": 1,
                "label": 7,
                "coords": [
                    -12.83301,
                    233.50488,
                    -49.07156
                ]
            }
        ]
    },
    "8": {
        "ICA boundary": [
            {
                "id": 223,
                "degree": 2,
                "label": 8,
                "coords": [
                    23.11387,
                    228.59238,
                    -53.05594
                ]
            }
        ],
        "PCA boundary": [
            {
                "id": 271,
                "degree": 2,
                "label": 8,
                "coords": [
                    15.53574,
                    221.66738,
                    -45.55594
                ]
            }
        ]
    },
    "9": {
        "ICA boundary": [
            {
                "id": 375,
                "degree": 2,
                "label": 9,
                "coords": [
                    4.16387,
                    227.73926,
                    -52.69031
                ]
            }
        ],
        "PCA boundary": [
            {
                "id": 414,
                "degree": 2,
                "label": 9,
                "coords": [
                    10.64824,
                    221.98613,
                    -47.05906
                ]
            }
        ]
    },
    "11": {
        "ICA boundary": [
            {
                "id": 534,
                "degree": 2,
                "label": 11,
                "coords": [
                    29.16699,
                    232.85176,
                    -48.69344
                ]
            }
        ],
        "ACA end": [
            {
                "id": 672,
                "degree": 1,
                "label": 11,