{
    "1": {
        "BA start": [
            {
                "id": 0,
                "degree": 1,
                "label": 1,
                "coords": [
                    6.36719,
                    192.35156,
                    -155.5
                ]
            }
        ],
        "BA bifurcation": [
            {
                "id": 14,
                "degree": 3,
                "label": 1,
                "coords": [
                    6.61719,
                    190.44531,
                    -152.0
                ]
            }
        ],
        "R-PCA boundary": [
            {
                "id": 25,
                "degree": 2,
                "label": 1,
                "coords": [
                    9.09844,
                    190.16094,
                    -150.775
                ]
            }
        ],
        "L-PCA boundary": [
            {
                "id": 146,
                "degree": 2,
                "label": 1,
                "coords": [
                    5.91094,
                    190.56406,
                    -150.25
                ]
            }
        ]
    },
    "2": {
        "BA boundary": [
            {
                "id": 25,
                "degree": 2,
                "label": 2,
                "coords": [
                    9.09844,
                    190.16094,
                    -150.775
                ]
            }
        ],
        "Pcom bifurcation": [
            {
                "id": 45,
                "degree": 3,
                "label": 2,
                "coords": [
                    13.13594,
                    193.44219,
                    -148.98125
                ]
            }
        ],
        "Pcom boundary": [
            {
                "id": 528,
                "degree": 2,
                "label": 2,
                "coords": [
                    12.63969,
                    193.94781,
                    -149.49938
                ]
            }
        ],
        "PCA end": [
            {
                "id": 139,
                "degree": 1,
                "label": 2,
                "coords": [
                    30.77344,
                    180.19531,
                    -147.09375
                ]
            }
        ]
    },
    "3": {
        "BA boundary": [
            {
                "id": 146,
                "degree": 2,
                "label": 3,
                "coords": [
                    5.91094,
                    190.56406,
                    -150.25
                ]
            }
        ],
        "PCA end": [
            {
                "id": 266,
                "degree": 1,
                "label": 3,
                "coords": [
                    -13.61719,
                    179.69531,
                    -151.26562
                ]
            }
        ]
    },
    "4": {
        "ICA start": [
            {
                "id": 267,
                "degree": 1,
                "label": 4,
                "coords": [
                    20.96094,
                    208.69531,
                    -152.17188
                ]
            }
        ],
        "Pcom bifurcation": [
            {
                "id": 286,
                "degree": 3,
                "label": 4,
                "coords": [
                    24.19844,
                    204.25156,
                    -148.01875
                ]
            }
        ],
        "Pcom boundary": [
            {
                "id": 466,
                "degree": 2,
                "label": 4,
                "coords": [
                    23.86719,
                    202.94531,
                    -148.63438
                ]
            }
        ],
        "ICA bifurcation": [
            {
                "id": 304,
                "degree": 3,
                "label": 4,
                "coords": [
                    27.86719,
                    203.44531,
                    -144.5
                ]
            }
        ],
        "ACA boundary": [
            {
                "id": 537,
                "degree": 2,
                "label": 4,
                "coords": [
                    26.69531,
                    203.67344,
                    -142.52188
                ]
            }
        ],
        "MCA boundary": [
            {
                "id": 314,
                "degree": 2,
                "label": 4,
                "coords": [
                    30.36719,
                    203.64219,
                    -144.26875
                ]
            }
        ]
    },
    "5": {
        "ICA boundary": [
            {
                "id": 314,
                "degree": 2,
                "label": 5,
                "coords": [
                    30.36719,
                    203.64219,
                    -144.26875
                ]
            }
        ],
        "MCA end": [
            {
                "id": 370,
                "degree": 1,
                "label": 5,
                "coords": [
                    38.38281,
                    214.19531,
                    -150.25
                ]
            }
        ]
    },
    "6": {
        "ICA start": [
            {
                "id": 371,
                "degree": 1,
                "label": 6,
                "coords": [
                    2.41406,
                    207.92969,
                    -152.59375
                ]
            }
        ],
        "ICA bifurcation": [
            {
                "id": 404,
                "degree": 3,
                "label": 6,
                "coords": [
                    -2.21615,
                    202.19531,
                    -146.08333
                ]
            }
        ],
        "ACA boundary": [
            {
                "id": 671,
                "degree": 2,
                "label": 6,
                "coords": [
                    -1.13281,
                    202.52031,
                    -144.9
                ]
            }
        ],
        "MCA boundary": [
            {
                "id": 411,
                "degree": 2,
                "label": 6,
                "coords": [
                    -4.13281,
                    201.94531,
                    -146.05
                ]
            }
        ]
    },
    "7": {
        "ICA boundary": [
            {
                "id": 411,
                "degree": 2,
                "label": 7,
                "coords": [
                    -4.13281,
                    201.94531,
                    -146.05
                ]
            }
        ],
        "MCA end": [
            {
                "id": 461,
                "degree": 1,
                "label": 7,
                "coords": [
                    -15.38281,
                    207.19531,
                    -146.04688
                ]
            }
        ]
    },
    "8": {
        "ICA boundary": [
            {
                "id": 466,
                "degree": 2,
                "label": 8,
                "coords": [
                    23.86719,
                    202.94531,
                    -148.63438
                ]
            }
        ],
        "PCA boundary": [
            {
                "id": 528,
                "degree": 2,
                "label": 8,
                "coords": [
                    12.63969,
                    193.94781,
                    -149.49938
                ]
            }
        ]
    },
    "10": {
        "R-ACA boundary": [
            {
                "id": 607,
                "degree": 3,
                "label": 10,
                "coords": [
                    11.76823,
                    209.70781,
                    -142.10417
                ]
            }
        ],
        "L-ACA boundary": [
            {
                "id": 847,
                "degree": 2,
                "label": 10,