{
    "1": {
        "BA start": [
            {
                "id": 0,
                "degree": 1,
                "label": 1,
                "coords": [
                    -6.22461,
                    178.92383,
                    -379.23438
                ]
            }
        ],
        "BA bifurcation": [
            {
                "id": 38,
                "degree": 3,
                "label": 1,
                "coords": [
                    -6.20378,
                    179.26758,
                    -369.58333
                ]
            }
        ],
        "R-PCA boundary": [
            {
                "id": 44,
                "degree": 2,
                "label": 1,
                "coords": [
                    -4.53711,
                    179.41445,
                    -368.5
                ]
            }
        ],
        "L-PCA boundary": [
            {
                "id": 138,
                "degree": 2,
                "label": 1,
                "coords": [
                    -7.53711,
                    179.73008,
                    -368.25
                ]
            }
        ]
    },
    "2": {
        "BA boundary": [
            {
                "id": 44,
                "degree": 2,
                "label": 2,
                "coords": [
                    -4.53711,
                    179.41445,
                    -368.5
                ]
            }
        ],
        "Pcom bifurcation": [
            {
                "id": 61,
                "degree": 3,
                "label": 2,
                "coords": [
                    -0.17669,
                    180.21549,
                    -366.10207
                ]
            }
        ],
        "Pcom boundary": [
            {
                "id": 535,
                "degree": 2,
                "label": 2,
                "coords": [
                    -0.4244,
                    180.94778,
                    -365.65166
                ]
            }
        ],
        "PCA end": [
            {
                "id": 132,
                "degree": 1,
                "label": 2,
                "coords": [
                    10.71289,
                    167.01758,
                    -366.59375
                ]
            }
        ]
    },
    "3": {
        "BA boundary": [
            {
                "id": 138,
                "degree": 2,
                "label": 3,
                "coords": [
                    -7.53711,
                    179.73008,
                    -368.25
                ]
            }
        ],
        "PCA end": [
            {
                "id": 226,
                "degree": 1,
                "label": 3,
                "coords": [
                    -21.36523,
                    171.26758,
                    -368.0625
                ]
            }
        ]
    },
    "4": {
        "ICA start": [
            {
                "id": 227,
                "degree": 1,
                "label": 4,
                "coords": [
                    1.96289,
                    195.5957,
                    -365.48438
                ]
            }
        ],
        "Pcom bifurcation": [
            {
                "id": 244,
                "degree": 3,
                "label": 4,
                "coords": [
                    5.38372,
                    194.51654,
                    -361.51875
                ]
            }
        ],
        "Pcom boundary": [
            {
                "id": 482,
                "degree": 2,
                "label": 4,
                "coords": [
                    5.67852,
                    193.01758,
                    -361.51875
                ]
            }
        ],
        "ICA bifurcation": [
            {
                "id": 267,
                "degree": 3,
                "label": 4,
                "coords": [
                    10.46289,
                    195.26758,
                    -356.75
                ]
            }
        ],
        "ACA boundary": [
            {
                "id": 542,
                "degree": 2,
                "label": 4,
                "coords": [
                    9.40977,
                    195.51758,
                    -355.625
                ]
            }
        ],
        "MCA boundary": [
            {
                "id": 274,
                "degree": 2,
                "label": 4,
                "coords": [
                    12.21289,
                    195.01758,
                    -357.0
                ]
            }
        ]
    },
    "5": {
        "ICA boundary": [
            {
                "id": 274,
                "degree": 2,
                "label": 5,
                "coords": [
                    12.21289,
                    195.01758,
                    -357.0
                ]
            }
        ],
        "MCA end": [
            {
                "id": 303,
                "degree": 3,
                "label": 5,
                "coords": [
                    18.71289,
                    195.76758,
                    -360.5
                ]
            }
        ]
    },
    "6": {
        "ICA start": [
            {
                "id": 353,
                "degree": 1,
                "label": 6,
                "coords": [
                    -15.44336,
                    194.51758,
                    -366.67188
                ]
            }
        ],
        "ICA bifurcation": [
            {
                "id": 392,
                "degree": 3,
                "label": 6,
                "coords": [
                    -20.03711,
                    194.01758,
                    -358.75
                ]
            }
        ],
        "ACA boundary": [
            {
                "id": 675,
                "degree": 2,
                "label": 6,
                "coords": [
                    -18.03711,
                    193.76758,
                    -357.77188
                ]
            }
        ],
        "MCA boundary": [
            {
                "id": 398,
                "degree": 2,
                "label": 6,
                "coords": [
                    -21.53711,
                    194.8957,
                    -357.56562
                ]
            }
        ]
    },
    "7": {
        "ICA boundary": [
            {
                "id": 398,
                "degree": 2,
                "label": 7,
                "coords": [
                    -21.53711,
                    194.8957,
                    -357.56562
                ]
            }
        ],
        "MCA end": [
            {
                "id": 430,
                "degree": 3,
                "label": 7,
                "coords": [
                    -29.03711,
                    197.76758,
                    -360.25
                ]
            }
        ]
    },
    "8": {
        "ICA boundary": [
            {
                "id": 482,
                "degree": 2,
                "label": 8,
                "coords": [
                    5.67852,
                    193.01758,
                    -361.51875
                ]
            }
        ],
        "PCA boundary": [
            {
                "id": 535,
                "degree": 2,
                "label": 8,
                "coords": [
                    -0.4244,
                    180.94778,
                    -365.65166
                ]
            }
        ]
    },
    "10": {
        "R-ACA boundary": [
            {
                "id": 798,
                "degree": 2,
                "label": 10,
                "coords": [
                    -4.25586,
                    200.83633,
                    -358.46938
                ]
            }
        ],
        "L-ACA boundary": [
            {
                "id": 807,
                "degree": 2,
                "label": 10,