{
    "1": {
        "BA start": [
            {
                "id": 0,
                "degree": 1,
                "label": 1,
                "coords": [
                    -23.13574,
                    153.29395,
                    1475.5105
                ]
            }
        ],
        "BA bifurcation": [
            {
                "id": 32,
                "degree": 3,
                "label": 1,
                "coords": [
                    -24.35449,
                    155.05957,
                    1483.24487
                ]
            }
        ],
        "R-PCA boundary": [
            {
                "id": 38,
                "degree": 2,
                "label": 1,
                "coords": [
                    -22.92637,
                    155.29395,
                    1484.498
                ]
            }
        ],
        "L-PCA boundary": [
            {
                "id": 97,
                "degree": 2,
                "label": 1,
                "coords": [
                    -25.85449,
                    155.44395,
                    1484.49487
                ]
            }
        ]
    },
    "2": {
        "BA boundary": [
            {
                "id": 38,
                "degree": 2,
                "label": 2,
                "coords": [
                    -22.92637,
                    155.29395,
                    1484.498
                ]
            }
        ],
        "PCA end": [
            {
                "id": 91,
                "degree": 1,
                "label": 2,
                "coords": [
                    -11.60449,
                    153.55957,
                    1487.49487
                ]
            }
        ]
    },
    "3": {
        "BA boundary": [
            {
                "id": 97,
                "degree": 2,
                "label": 3,
                "coords": [
                    -25.85449,
                    155.44395,
                    1484.49487
                ]
            }
        ],
        "PCA end": [
            {
                "id": 203,
                "degree": 1,
                "label": 3,
                "coords": [
                    -40.85449,
                    139.8252,
                    1484.0105
                ]
            }
        ]
    },
    "4": {
        "ICA start": [
            {
                "id": 204,
                "degree": 1,
                "label": 4,
                "coords": [
                    -16.93262,
                    173.30957,
                    1490.323
                ]
            }
        ],
        "ICA bifurcation": [
            {
                "id": 243,
                "degree": 3,
                "label": 4,
                "coords": [
                    -11.27116,
                    168.3929,
                    1493.91154
                ]
            }
        ],
        "ACA boundary": [
            {
                "id": 532,
                "degree": 2,
                "label": 4,
                "coords": [
                    -12.60449,
                    168.59395,
                    1495.06987
                ]
            }
        ],
        "MCA boundary": [
            {
                "id": 250,
                "degree": 2,
                "label": 4,
                "coords": [
                    -9.35449,
                    168.05957,
                    1494.80112
                ]
            }
        ]
    },
    "5": {
        "ICA boundary": [
            {
                "id": 250,
                "degree": 2,
                "label": 5,
                "coords": [
                    -9.35449,
                    168.05957,
                    1494.80112
                ]
            }
        ],
        "MCA end": [
            {
                "id": 343,
                "degree": 1,
                "label": 5,
                "coords": [
                    7.14551,
                    176.55957,
                    1503.74487
                ]
            }
        ]
    },
    "6": {
        "ICA start": [
            {
                "id": 344,
                "degree": 1,
                "label": 6,
                "coords": [
                    -34.12012,
                    174.05957,
                    1489.08862
                ]
            }
        ],
        "ICA bifurcation": [
            {
                "id": 383,
                "degree": 3,
                "label": 6,
                "coords": [
                    -38.68783,
                    166.47624,
                    1493.07821
                ]
            }
        ],
        "ACA boundary": [
            {
                "id": 643,
                "degree": 2,
                "label": 6,
                "coords": [
                    -37.33574,
                    166.5252,
                    1495.19175
                ]
            }
        ],
        "MCA boundary": [
            {
                "id": 394,
                "degree": 2,
                "label": 6,
                "coords": [
                    -41.60449,
                    166.30957,
                    1493.24487
                ]
            }
        ]
    },
    "7": {
        "ICA boundary": [
            {
                "id": 394,
                "degree": 2,
                "label": 7,
                "coords": [
                    -41.60449,
                    166.30957,
                    1493.24487
                ]
            }
        ],
        "MCA end": [
            {
                "id": 449,
                "degree": 3,
                "label": 7,
                "coords": [
                    -54.85449,
                    168.05957,
                    1490.24487
                ]
            }
        ]
    },
    "10": {
        "R-ACA boundary": [
            {
                "id": 580,
                "degree": 3,
                "label": 10,
                "coords": [
                    -24.12637,
                    170.91113,
                    1498.19019
                ]
            }
        ],
        "L-ACA boundary": [
            {
                "id": 687,
                "degree": 3,
                "label": 10,
                "coords": [
                    -26.60137,
                    171.64863,
                    1497.99331
                ]
            }
        ]
    },
    "11": {
        "ICA boundary": [
            {
                "id": 532,
                "degree": 2,
                "label": 11,
                "coords": [
                    -12.60449,
                    168.59395,
                    1495.06987
                ]
            }
        ],
        "Acom bifurcation": [
            {
                "id": 580,
                "degree": 3,
                "label": 11,
                "coords": [
                    -24.12637,
                    170.91113,
                    1498.19019
                ]
            }
        ],
        "Acom boundary": [
            {
                "id": 580,
                "degree": 3,
                "label": 11,
                "coords": [
                    -24.12637,
                    170.91113,
                    1498.19019
                ]
            }
        ],
        "ACA end": [
            {
                "id": 635,
                "degree": 1,
                "label": 11,
                "coords": [
                    -26.51074,
                    174.05957,
                    1512.49487
                ]
            }
        ]
    },
    "12": {
        "ICA boundary": [
            {
                "id": 643,
                "degree": 2,
                "label": 12,
                "coords": [
                    -37.33574,
                    166.5252,
                    1495.19175
                ]
            }
        ],
        "Acom bifurcation": [
            {
                "id": 687,