{
    "1": {
        "BA start": [
            {
                "id": 0,
                "degree": 1,
                "label": 1,
                "coords": [
                    -10.38184,
                    160.31738,
                    -163.7
                ]
            }
        ],
        "BA bifurcation": [
            {
                "id": 54,
                "degree": 3,
                "label": 1,
                "coords": [
                    -6.20475,
                    160.47884,
                    -150.03335
                ]
            }
        ],
        "R-PCA boundary": [
            {
                "id": 65,
                "degree": 2,
                "label": 1,
                "coords": [
                    -3.28809,
                    160.89863,
                    -149.27189
                ]
            }
        ],
        "L-PCA boundary": [
            {
                "id": 195,
                "degree": 2,
                "label": 1,
                "coords": [
                    -7.26934,
                    161.54551,
                    -147.45001
                ]
            }
        ]
    },
    "2": {
        "BA boundary": [
            {
                "id": 65,
                "degree": 2,
                "label": 2,
                "coords": [
                    -3.28809,
                    160.89863,
                    -149.27189
                ]
            }
        ],
        "PCA end": [
            {
                "id": 185,
                "degree": 1,
                "label": 2,
                "coords": [
                    12.21191,
                    142.33301,
                    -158.20001
                ]
            }
        ]
    },
    "3": {
        "BA boundary": [
            {
                "id": 195,
                "degree": 2,
                "label": 3,
                "coords": [
                    -7.26934,
                    161.54551,
                    -147.45001
                ]
            }
        ],
        "PCA end": [
            {
                "id": 308,
                "degree": 1,
                "label": 3,
                "coords": [
                    -28.52246,
                    149.39551,
                    -154.45001
                ]
            }
        ]
    },
    "4": {
        "ICA start": [
            {
                "id": 309,
                "degree": 1,
                "label": 4,
                "coords": [
                    3.94629,
                    175.14551,
                    -157.68439
                ]
            }
        ],
        "MCA boundary": [
            {
                "id": 348,
                "degree": 2,
                "label": 4,
                "coords": [
                    12.21191,
                    169.12988,
                    -152.70001
                ]
            }
        ]
    },
    "5": {
        "ICA boundary": [
            {
                "id": 348,
                "degree": 2,
                "label": 5,
                "coords": [
                    12.21191,
                    169.12988,
                    -152.70001
                ]
            }
        ],
        "MCA end": [
            {
                "id": 407,
                "degree": 1,
                "label": 5,
                "coords": [
                    26.21191,
                    175.64551,
                    -151.20001
                ]
            }
        ]
    },
    "6": {
        "ICA start": [
            {
                "id": 408,
                "degree": 1,
                "label": 6,
                "coords": [
                    -13.17871,
                    175.39551,
                    -155.46564
                ]
            }
        ],
        "ICA bifurcation": [
            {
                "id": 447,
                "degree": 3,
                "label": 6,
                "coords": [
                    -19.87142,
                    173.47884,
                    -148.11668
                ]
            }
        ],
        "ACA boundary": [
            {
                "id": 518,
                "degree": 2,
                "label": 6,
                "coords": [
                    -18.51621,
                    173.23926,
                    -146.02189
                ]
            }
        ],
        "MCA boundary": [
            {
                "id": 457,
                "degree": 2,
                "label": 6,
                "coords": [
                    -22.53809,
                    174.36426,
                    -148.13126
                ]
            }
        ]
    },
    "7": {
        "ICA boundary": [
            {
                "id": 457,
                "degree": 2,
                "label": 7,
                "coords": [
                    -22.53809,
                    174.36426,
                    -148.13126
                ]
            }
        ],
        "MCA end": [
            {
                "id": 509,
                "degree": 1,
                "label": 7,
                "coords": [
                    -35.44434,
                    178.39551,
                    -154.45001
                ]
            }
        ]
    },
    "10": {
        "R-ACA boundary": [
            {
                "id": 661,
                "degree": 2,
                "label": 10,
                "coords": [
                    -3.78809,
                    174.01426,
                    -151.17189
                ]
            }
        ],
        "L-ACA boundary": [
            {
                "id": 646,
                "degree": 2,
                "label": 10,
                "coords": [
                    -6.68496,
                    176.04238,
                    -149.65001
                ]
            }
        ]
    },
    "11": {
        "Acom boundary": [
            {
                "id": 661,
                "degree": 2,
                "label": 11,
                "coords": [
                    -3.78809,
                    174.01426,
                    -151.17189
                ]
            }
        ],
        "ACA end": [
            {
                "id": 747,
                "degree": 1,
                "label": 11,
                "coords": [
                    -5.77246,
                    183.47363,
                    -137.87189
                ]
            }
        ]
    },
    "12": {
        "ICA boundary": [
            {
                "id": 518,
                "degree": 2,
                "label": 12,
                "coords": [
                    -18.51621,
                    173.23926,
                    -146.02189
                ]
            }
        ],
        "Acom bifurcation": [
            {
                "id": 565,
                "degree": 3,
                "label": 12,
                "coords": [
                    -6.82246,
                    176.72988,
                    -148.70314
                ]
            }
        ],
        "Acom boundary": [
            {
                "id": 646,
                "degree": 2,
                "label": 12,
                "coords": [
                    -6.68496,
                    176.04238,
                    -149.65001
                ]
            }
        ],
        "ACA end": [
            {
                "id": 643,
                "degree": 1,
                "label": 12,
                "coords": [
                    -6.45996,
                    181.14551,
                    -137.70001
                ]
            }
        ]
    }
}