{
    "1": {
        "BA start": [
            {
                "id": 0,
                "degree": 1,
                "label": 1,
                "coords": [
                    3.19336,
                    179.94336,
                    -234.0
                ]
            }
        ],
        "BA bifurcation": [
            {
                "id": 46,
                "degree": 3,
                "label": 1,
                "coords": [
                    -1.31185,
                    180.45898,
                    -222.83333
                ]
            }
        ],
        "R-PCA boundary": [
            {
                "id": 57,
                "degree": 2,
                "label": 1,
                "coords": [
                    -0.14414,
                    180.37773,
                    -220.0
                ]
            }
        ],
        "L-PCA boundary": [
            {
                "id": 162,
                "degree": 2,
                "label": 1,
                "coords": [
                    -2.97852,
                    181.88711,
                    -221.94688
                ]
            }
        ]
    },
    "2": {
        "BA boundary": [
            {
                "id": 57,
                "degree": 2,
                "label": 2,
                "coords": [
                    -0.14414,
                    180.37773,
                    -220.0
                ]
            }
        ],
        "PCA end": [
            {
                "id": 156,
                "degree": 1,
                "label": 2,
                "coords": [
                    16.77148,
                    167.45898,
                    -224.25
                ]
            }
        ]
    },
    "3": {
        "BA boundary": [
            {
                "id": 162,
                "degree": 2,
                "label": 3,
                "coords": [
                    -2.97852,
                    181.88711,
                    -221.94688
                ]
            }
        ],
        "PCA end": [
            {
                "id": 253,
                "degree": 1,
                "label": 3,
                "coords": [
                    -18.32227,
                    171.20898,
                    -229.57812
                ]
            }
        ]
    },
    "4": {
        "ICA start": [
            {
                "id": 254,
                "degree": 1,
                "label": 4,
                "coords": [
                    7.59961,
                    197.70898,
                    -228.23438
                ]
            }
        ],
        "ICA bifurcation": [
            {
                "id": 293,
                "degree": 3,
                "label": 4,
                "coords": [
                    14.02148,
                    193.20898,
                    -221.75
                ]
            }
        ],
        "ACA boundary": [
            {
                "id": 465,
                "degree": 2,
                "label": 4,
                "coords": [
                    13.51836,
                    194.07773,
                    -220.0
                ]
            }
        ],
        "MCA boundary": [
            {
                "id": 307,
                "degree": 2,
                "label": 4,
                "coords": [
                    17.52148,
                    193.22773,
                    -220.75312
                ]
            }
        ]
    },
    "5": {
        "ICA boundary": [
            {
                "id": 307,
                "degree": 2,
                "label": 5,
                "coords": [
                    17.52148,
                    193.22773,
                    -220.75312
                ]
            }
        ],
        "MCA end": [
            {
                "id": 368,
                "degree": 1,
                "label": 5,
                "coords": [
                    31.77148,
                    201.72461,
                    -221.98438
                ]
            }
        ]
    },
    "6": {
        "ICA start": [
            {
                "id": 369,
                "degree": 1,
                "label": 6,
                "coords": [
                    -9.24414,
                    195.38086,
                    -231.76562
                ]
            }
        ],
        "ICA bifurcation": [
            {
                "id": 408,
                "degree": 3,
                "label": 6,
                "coords": [
                    -16.31185,
                    189.95898,
                    -225.08333
                ]
            }
        ],
        "ACA boundary": [
            {
                "id": 580,
                "degree": 2,
                "label": 6,
                "coords": [
                    -14.82852,
                    189.71211,
                    -223.5
                ]
            }
        ],
        "MCA boundary": [
            {
                "id": 414,
                "degree": 2,
                "label": 6,
                "coords": [
                    -17.97852,
                    189.57773,
                    -225.19688
                ]
            }
        ]
    },
    "7": {
        "ICA boundary": [
            {
                "id": 414,
                "degree": 2,
                "label": 7,
                "coords": [
                    -17.97852,
                    189.57773,
                    -225.19688
                ]
            }
        ],
        "MCA end": [
            {
                "id": 458,
                "degree": 1,
                "label": 7,
                "coords": [
                    -27.61914,
                    195.92773,
                    -229.46875
                ]
            }
        ]
    },
    "11": {
        "ICA boundary": [
            {
                "id": 465,
                "degree": 2,
                "label": 11,
                "coords": [
                    13.51836,
                    194.07773,
                    -220.0
                ]
            }
        ],
        "ACA end": [
            {
                "id": 573,
                "degree": 1,
                "label": 11,
                "coords": [
                    -2.63477,
                    201.89648,
                    -211.0
                ]
            }
        ]
    },
    "12": {
        "ICA boundary": [
            {
                "id": 580,
                "degree": 2,
                "label": 12,
                "coords": [
                    -14.82852,
                    189.71211,
                    -223.5
                ]
            }
        ],
        "ACA end": [
            {
                "id": 699,
                "degree": 1,
                "label": 12,
                "coords": [
                    -4.40039,
                    204.36523,
                    -211.0
                ]
            }
        ]
    }
}