{
    "1": {
        "BA start": [
            {
                "id": 0,
                "degree": 1,
                "label": 1,
                "coords": [
                    7.47949,
                    197.76465,
                    -156.75
                ]
            }
        ],
        "BA bifurcation": [
            {
                "id": 51,
                "degree": 3,
                "label": 1,
                "coords": [
                    0.38574,
                    194.76465,
                    -144.25
                ]
            }
        ],
        "R-PCA boundary": [
            {
                "id": 58,
                "degree": 2,
                "label": 1,
                "coords": [
                    1.68574,
                    193.86152,
                    -142.5
                ]
            }
        ],
        "L-PCA boundary": [
            {
                "id": 184,
                "degree": 2,
                "label": 1,
                "coords": [
                    -1.61426,
                    194.6334,
                    -143.30625
                ]
            }
        ]
    },
    "2": {
        "BA boundary": [
            {
                "id": 58,
                "degree": 2,
                "label": 2,
                "coords": [
                    1.68574,
                    193.86152,
                    -142.5
                ]
            }
        ],
        "PCA end": [
            {
                "id": 176,
                "degree": 1,
                "label": 2,
                "coords": [
                    22.63574,
                    185.26465,
                    -147.57812
                ]
            }
        ]
    },
    "3": {
        "BA boundary": [
            {
                "id": 184,
                "degree": 2,
                "label": 3,
                "coords": [
                    -1.61426,
                    194.6334,
                    -143.30625
                ]
            }
        ],
        "PCA end": [
            {
                "id": 281,
                "degree": 1,
                "label": 3,
                "coords": [
                    -20.80176,
                    185.76465,
                    -152.76562
                ]
            }
        ]
    },
    "4": {
        "ICA start": [
            {
                "id": 282,
                "degree": 1,
                "label": 4,
                "coords": [
                    9.79199,
                    208.76465,
                    -148.75
                ]
            }
        ],
        "ICA bifurcation": [
            {
                "id": 321,
                "degree": 3,
                "label": 4,
                "coords": [
                    14.88574,
                    207.01465,
                    -141.25
                ]
            }
        ],
        "ACA boundary": [
            {
                "id": 559,
                "degree": 2,
                "label": 4,
                "coords": [
                    13.86699,
                    207.2459,
                    -140.1
                ]
            }
        ],
        "MCA boundary": [
            {
                "id": 329,
                "degree": 2,
                "label": 4,
                "coords": [
                    16.88574,
                    206.5834,
                    -140.61562
                ]
            }
        ]
    },
    "5": {
        "ICA boundary": [
            {
                "id": 329,
                "degree": 2,
                "label": 5,
                "coords": [
                    16.88574,
                    206.5834,
                    -140.61562
                ]
            }
        ],
        "MCA end": [
            {
                "id": 378,
                "degree": 3,
                "label": 5,
                "coords": [
                    28.30241,
                    209.68132,
                    -142.08333
                ]
            }
        ]
    },
    "6": {
        "ICA start": [
            {
                "id": 446,
                "degree": 1,
                "label": 6,
                "coords": [
                    -6.61426,
                    208.51465,
                    -151.75
                ]
            }
        ],
        "ICA bifurcation": [
            {
                "id": 485,
                "degree": 3,
                "label": 6,
                "coords": [
                    -10.44759,
                    203.51465,
                    -142.66667
                ]
            }
        ],
        "ACA boundary": [
            {
                "id": 719,
                "degree": 2,
                "label": 6,
                "coords": [
                    -9.36113,
                    203.46152,
                    -141.0
                ]
            }
        ],
        "MCA boundary": [
            {
                "id": 491,
                "degree": 2,
                "label": 6,
                "coords": [
                    -12.11426,
                    204.01465,
                    -142.5
                ]
            }
        ]
    },
    "7": {
        "ICA boundary": [
            {
                "id": 491,
                "degree": 2,
                "label": 7,
                "coords": [
                    -12.11426,
                    204.01465,
                    -142.5
                ]
            }
        ],
        "MCA end": [
            {
                "id": 554,
                "degree": 1,
                "label": 7,
                "coords": [
                    -26.44238,
                    209.76465,
                    -149.73438
                ]
            }
        ]
    },
    "10": {
        "R-ACA boundary": [
            {
                "id": 874,
                "degree": 2,
                "label": 10,
                "coords": [
                    2.09991,
                    210.60298,
                    -143.6502
                ]
            }
        ],
        "L-ACA boundary": [
            {
                "id": 759,
                "degree": 3,
                "label": 10,
                "coords": [
                    -0.1403,
                    210.00632,
                    -144.77812
                ]
            }
        ]
    },
    "11": {
        "ICA boundary": [
            {
                "id": 559,
                "degree": 2,
                "label": 11,
                "coords": [
                    13.86699,
                    207.2459,
                    -140.1
                ]
            }
        ],
        "Acom bifurcation": [
            {
                "id": 608,
                "degree": 3,
                "label": 11,
                "coords": [
                    2.6597,
                    211.17506,
                    -143.15729
                ]
            }
        ],
        "Acom boundary": [
            {
                "id": 874,
                "degree": 2,
                "label": 11,
                "coords": [
                    2.09991,
                    210.60298,
                    -143.6502
                ]
            }
        ],
        "ACA end": [
            {
                "id": 713,
                "degree": 1,
                "label": 11,
                "coords": [
                    -3.42676,
                    218.01465,
                    -119.75
                ]
            }
        ]
    },
    "12": {
        "ICA boundary": [
            {
                "id": 719,
                "degree": 2,
                "label": 12,
                "coords": [
                    -9.36113,
                    203.46152,
                    -141.0
                ]
            }
        ],
        "Acom bifurcation": [
            {
                "id": 759,
                "degree": 3,
                "label": 12,