{
    "1": {
        "BA start": [
            {
                "id": 0,
                "degree": 1,
                "label": 1,
                "coords": [
                    4.62433,
                    -11.08645,
                    -10.08511
                ]
            }
        ],
        "BA bifurcation": [
            {
                "id": 66,
                "degree": 3,
                "label": 1,
                "coords": [
                    -1.38472,
                    -15.76193,
                    6.42957
                ]
            }
        ],
        "R-PCA boundary": [
            {
                "id": 74,
                "degree": 2,
                "label": 1,
                "coords": [
                    -0.21637,
                    -17.35643,
                    7.99536
                ]
            }
        ],
        "L-PCA boundary": [
            {
                "id": 227,
                "degree": 2,
                "label": 1,
                "coords": [
                    -2.90517,
                    -14.24285,
                    8.11452
                ]
            }
        ]
    },
    "2": {
        "BA boundary": [
            {
                "id": 74,
                "degree": 2,
                "label": 2,
                "coords": [
                    -0.21637,
                    -17.35643,
                    7.99536
                ]
            }
        ],
        "PCA end": [
            {
                "id": 220,
                "degree": 1,
                "label": 2,
                "coords": [
                    21.84849,
                    -32.42926,
                    -1.8463
                ]
            }
        ]
    },
    "3": {
        "BA boundary": [
            {
                "id": 227,
                "degree": 2,
                "label": 3,
                "coords": [
                    -2.90517,
                    -14.24285,
                    8.11452
                ]
            }
        ],
        "PCA end": [
            {
                "id": 365,
                "degree": 1,
                "label": 3,
                "coords": [
                    -19.97764,
                    -25.2327,
                    -0.84912
                ]
            }
        ]
    },
    "4": {
        "ICA start": [
            {
                "id": 366,
                "degree": 1,
                "label": 4,
                "coords": [
                    13.06338,
                    7.7773,
                    -7.72418
                ]
            }
        ],
        "ICA bifurcation": [
            {
                "id": 458,
                "degree": 3,
                "label": 4,
                "coords": [
                    14.21947,
                    -6.80894,
                    4.01456
                ]
            }
        ],
        "ACA boundary": [
            {
                "id": 699,
                "degree": 2,
                "label": 4,
                "coords": [
                    13.06409,
                    -6.92904,
                    6.283
                ]
            }
        ],
        "MCA boundary": [
            {
                "id": 467,
                "degree": 2,
                "label": 4,
                "coords": [
                    16.47754,
                    -6.56085,
                    4.08219
                ]
            }
        ]
    },
    "5": {
        "ICA boundary": [
            {
                "id": 467,
                "degree": 2,
                "label": 5,
                "coords": [
                    16.47754,
                    -6.56085,
                    4.08219
                ]
            }
        ],
        "MCA end": [
            {
                "id": 532,
                "degree": 1,
                "label": 5,
                "coords": [
                    27.4833,
                    4.86546,
                    -2.69863
                ]
            }
        ]
    },
    "6": {
        "ICA start": [
            {
                "id": 533,
                "degree": 1,
                "label": 6,
                "coords": [
                    -13.67923,
                    10.35563,
                    -4.57095
                ]
            }
        ],
        "ICA bifurcation": [
            {
                "id": 625,
                "degree": 3,
                "label": 6,
                "coords": [
                    -17.70906,
                    -4.77664,
                    6.26482
                ]
            }
        ],
        "ACA boundary": [
            {
                "id": 844,
                "degree": 2,
                "label": 6,
                "coords": [
                    -16.68074,
                    -4.74733,
                    7.9989
                ]
            }
        ],
        "MCA boundary": [
            {
                "id": 636,
                "degree": 2,
                "label": 6,
                "coords": [
                    -20.43872,
                    -4.28123,
                    6.86377
                ]
            }
        ]
    },
    "7": {
        "ICA boundary": [
            {
                "id": 636,
                "degree": 2,
                "label": 7,
                "coords": [
                    -20.43872,
                    -4.28123,
                    6.86377
                ]
            }
        ],
        "MCA end": [
            {
                "id": 690,
                "degree": 1,
                "label": 7,
                "coords": [
                    -31.01114,
                    4.80346,
                    9.29838
                ]
            }
        ]
    },
    "10": {
        "R-ACA boundary": [
            {
                "id": 981,
                "degree": 2,
                "label": 10,
                "coords": [
                    0.05497,
                    -2.71105,
                    4.85716
                ]
            }
        ],
        "L-ACA boundary": [
            {
                "id": 996,
                "degree": 2,
                "label": 10,
                "coords": [
                    -2.55586,
                    -3.87439,
                    6.64876
                ]
            }
        ]
    },
    "11": {
        "ICA boundary": [
            {
                "id": 699,
                "degree": 2,
                "label": 11,
                "coords": [
                    13.06409,
                    -6.92904,
                    6.283
                ]
            }
        ],
        "Acom bifurcation": [
            {
                "id": 754,
                "degree": 3,
                "label": 11,
                "coords": [
                    0.08857,
                    -1.32679,
                    5.24054
                ]
            }
        ],
        "Acom boundary": [
            {
                "id": 981,
                "degree": 2,
                "label": 11,
                "coords": [
                    0.05497,
                    -2.71105,
                    4.85716
                ]
            }
        ],
        "ACA end": [
            {
                "id": 837,
                "degree": 1,
                "label": 11,
                "coords": [
                    -3.45391,
                    9.05963,
                    17.5375
                ]
            }
        ]
    },
    "12": {
        "ICA boundary": [
            {
                "id": 844,
                "degree": 2,
                "label": 12,
                "coords": [
                    -16.68074,
                    -4.74733,
                    7.9989
                ]
            }
        ],
        "Acom bifurcation": [
            {
                "id": 902,
                "degree": 3,
                "label": 12,