{
    "1": {
        "BA start": [
            {
                "id": 0,
                "degree": 1,
                "label": 1,
                "coords": [
                    -2.06136,
                    -0.0324,
                    -29.9105
                ]
            }
        ],
        "BA bifurcation": [
            {
                "id": 43,
                "degree": 3,
                "label": 1,
                "coords": [
                    -5.81806,
                    1.75845,
                    -19.1502
                ]
            }
        ],
        "R-PCA boundary": [
            {
                "id": 49,
                "degree": 2,
                "label": 1,
                "coords": [
                    -4.3507,
                    2.6264,
                    -18.60754
                ]
            }
        ],
        "L-PCA boundary": [
            {
                "id": 159,
                "degree": 2,
                "label": 1,
                "coords": [
                    -7.31821,
                    1.87749,
                    -18.21788
                ]
            }
        ]
    },
    "2": {
        "BA boundary": [
            {
                "id": 49,
                "degree": 2,
                "label": 2,
                "coords": [
                    -4.3507,
                    2.6264,
                    -18.60754
                ]
            }
        ],
        "PCA end": [
            {
                "id": 153,
                "degree": 1,
                "label": 2,
                "coords": [
                    15.15583,
                    -11.08891,
                    -21.04269
                ]
            }
        ]
    },
    "3": {
        "BA boundary": [
            {
                "id": 159,
                "degree": 2,
                "label": 3,
                "coords": [
                    -7.31821,
                    1.87749,
                    -18.21788
                ]
            }
        ],
        "PCA end": [
            {
                "id": 253,
                "degree": 1,
                "label": 3,
                "coords": [
                    -21.22243,
                    -12.92742,
                    -21.1948
                ]
            }
        ]
    },
    "4": {
        "ICA start": [
            {
                "id": 254,
                "degree": 1,
                "label": 4,
                "coords": [
                    5.72902,
                    23.12628,
                    -26.00275
                ]
            }
        ],
        "ICA bifurcation": [
            {
                "id": 346,
                "degree": 3,
                "label": 4,
                "coords": [
                    9.99303,
                    14.96061,
                    -13.68082
                ]
            }
        ],
        "ACA boundary": [
            {
                "id": 544,
                "degree": 2,
                "label": 4,
                "coords": [
                    9.44735,
                    15.1088,
                    -11.76035
                ]
            }
        ],
        "MCA boundary": [
            {
                "id": 353,
                "degree": 2,
                "label": 4,
                "coords": [
                    11.88437,
                    15.52803,
                    -14.02752
                ]
            }
        ]
    },
    "5": {
        "ICA boundary": [
            {
                "id": 353,
                "degree": 2,
                "label": 5,
                "coords": [
                    11.88437,
                    15.52803,
                    -14.02752
                ]
            }
        ],
        "MCA end": [
            {
                "id": 388,
                "degree": 1,
                "label": 5,
                "coords": [
                    20.45613,
                    19.17101,
                    -15.76026
                ]
            }
        ]
    },
    "6": {
        "ICA start": [
            {
                "id": 389,
                "degree": 1,
                "label": 6,
                "coords": [
                    -20.9673,
                    22.61758,
                    -24.47271
                ]
            }
        ],
        "ICA bifurcation": [
            {
                "id": 481,
                "degree": 3,
                "label": 6,
                "coords": [
                    -19.08091,
                    12.18981,
                    -13.644
                ]
            }
        ],
        "ACA boundary": [
            {
                "id": 694,
                "degree": 2,
                "label": 6,
                "coords": [
                    -17.81044,
                    12.0482,
                    -12.07257
                ]
            }
        ],
        "MCA boundary": [
            {
                "id": 491,
                "degree": 2,
                "label": 6,
                "coords": [
                    -21.59281,
                    12.15208,
                    -12.84625
                ]
            }
        ]
    },
    "7": {
        "ICA boundary": [
            {
                "id": 491,
                "degree": 2,
                "label": 7,
                "coords": [
                    -21.59281,
                    12.15208,
                    -12.84625
                ]
            }
        ],
        "MCA end": [
            {
                "id": 537,
                "degree": 1,
                "label": 7,
                "coords": [
                    -32.27643,
                    12.59901,
                    -13.37504
                ]
            }
        ]
    },
    "10": {
        "R-ACA boundary": [
            {
                "id": 835,
                "degree": 2,
                "label": 10,
                "coords": [
                    -3.01203,
                    19.24843,
                    -9.96737
                ]
            }
        ],
        "L-ACA boundary": [
            {
                "id": 846,
                "degree": 2,
                "label": 10,
                "coords": [
                    -5.70755,
                    19.03586,
                    -9.97769
                ]
            }
        ]
    },
    "11": {
        "ICA boundary": [
            {
                "id": 544,
                "degree": 2,
                "label": 11,
                "coords": [
                    9.44735,
                    15.1088,
                    -11.76035
                ]
            }
        ],
        "Acom bifurcation": [
            {
                "id": 589,
                "degree": 3,
                "label": 11,
                "coords": [
                    -1.80296,
                    19.61401,
                    -9.23839
                ]
            }
        ],
        "Acom boundary": [
            {
                "id": 835,
                "degree": 2,
                "label": 11,
                "coords": [
                    -3.01203,
                    19.24843,
                    -9.96737
                ]
            }
        ],
        "ACA end": [
            {
                "id": 688,
                "degree": 1,
                "label": 11,
                "coords": [
                    -4.36333,
                    31.3497,
                    13.58178
                ]
            }
        ]
    },
    "12": {
        "ICA boundary": [
            {
                "id": 694,
                "degree": 2,
                "label": 12,
                "coords": [
                    -17.81044,
                    12.0482,
                    -12.07257
                ]
            }
        ],
        "Acom bifurcation": [
            {
                "id": 741,
                "degree": 3,
                "label": 12,