{
    "1": {
        "BA start": [
            {
                "id": 0,
                "degree": 1,
                "label": 1,
                "coords": [
                    -0.83505,
                    -4.34544,
                    -49.82446
                ]
            }
        ],
        "BA bifurcation": [
            {
                "id": 53,
                "degree": 3,
                "label": 1,
                "coords": [
                    -0.7657,
                    -7.27819,
                    -36.49937
                ]
            }
        ],
        "R-PCA boundary": [
            {
                "id": 62,
                "degree": 2,
                "label": 1,
                "coords": [
                    1.26303,
                    -6.13908,
                    -34.95089
                ]
            }
        ],
        "L-PCA boundary": [
            {
                "id": 159,
                "degree": 2,
                "label": 1,
                "coords": [
                    -2.3856,
                    -7.02107,
                    -35.4
                ]
            }
        ]
    },
    "2": {
        "BA boundary": [
            {
                "id": 62,
                "degree": 2,
                "label": 2,
                "coords": [
                    1.26303,
                    -6.13908,
                    -34.95089
                ]
            }
        ],
        "PCA end": [
            {
                "id": 153,
                "degree": 1,
                "label": 2,
                "coords": [
                    14.71298,
                    -16.91206,
                    -43.27514
                ]
            }
        ]
    },
    "3": {
        "BA boundary": [
            {
                "id": 159,
                "degree": 2,
                "label": 3,
                "coords": [
                    -2.3856,
                    -7.02107,
                    -35.4
                ]
            }
        ],
        "PCA end": [
            {
                "id": 253,
                "degree": 1,
                "label": 3,
                "coords": [
                    -17.96121,
                    -20.16893,
                    -42.8927
                ]
            }
        ]
    },
    "4": {
        "ICA start": [
            {
                "id": 254,
                "degree": 1,
                "label": 4,
                "coords": [
                    9.12579,
                    10.00901,
                    -47.47391
                ]
            }
        ],
        "ICA bifurcation": [
            {
                "id": 346,
                "degree": 3,
                "label": 4,
                "coords": [
                    13.40821,
                    1.77352,
                    -33.9869
                ]
            }
        ],
        "ACA boundary": [
            {
                "id": 708,
                "degree": 2,
                "label": 4,
                "coords": [
                    12.05172,
                    1.38519,
                    -31.84447
                ]
            }
        ],
        "MCA boundary": [
            {
                "id": 353,
                "degree": 2,
                "label": 4,
                "coords": [
                    15.23787,
                    2.65864,
                    -33.22714
                ]
            }
        ]
    },
    "5": {
        "ICA boundary": [
            {
                "id": 353,
                "degree": 2,
                "label": 5,
                "coords": [
                    15.23787,
                    2.65864,
                    -33.22714
                ]
            }
        ],
        "MCA end": [
            {
                "id": 368,
                "degree": 3,
                "label": 5,
                "coords": [
                    18.94119,
                    4.75637,
                    -33.12741
                ]
            }
        ]
    },
    "6": {
        "ICA start": [
            {
                "id": 498,
                "degree": 1,
                "label": 6,
                "coords": [
                    -12.86806,
                    11.7727,
                    -48.99663
                ]
            }
        ],
        "ICA bifurcation": [
            {
                "id": 590,
                "degree": 3,
                "label": 6,
                "coords": [
                    -14.39158,
                    0.12527,
                    -35.31642
                ]
            }
        ],
        "ACA boundary": [
            {
                "id": 830,
                "degree": 2,
                "label": 6,
                "coords": [
                    -12.89922,
                    0.51975,
                    -34.22266
                ]
            }
        ],
        "MCA boundary": [
            {
                "id": 599,
                "degree": 2,
                "label": 6,
                "coords": [
                    -16.66114,
                    0.31325,
                    -35.28083
                ]
            }
        ]
    },
    "7": {
        "ICA boundary": [
            {
                "id": 599,
                "degree": 2,
                "label": 7,
                "coords": [
                    -16.66114,
                    0.31325,
                    -35.28083
                ]
            }
        ],
        "MCA end": [
            {
                "id": 618,
                "degree": 3,
                "label": 7,
                "coords": [
                    -21.48095,
                    1.94152,
                    -35.24916
                ]
            }
        ]
    },
    "11": {
        "ICA boundary": [
            {
                "id": 708,
                "degree": 2,
                "label": 11,
                "coords": [
                    12.05172,
                    1.38519,
                    -31.84447
                ]
            }
        ],
        "ACA end": [
            {
                "id": 823,
                "degree": 1,
                "label": 11,
                "coords": [
                    -1.59703,
                    3.56304,
                    -17.7697
                ]
            }
        ]
    },
    "12": {
        "ICA boundary": [
            {
                "id": 830,
                "degree": 2,
                "label": 12,
                "coords": [
                    -12.89922,
                    0.51975,
                    -34.22266
                ]
            }
        ],
        "ACA end": [
            {
                "id": 963,
                "degree": 1,
                "label": 12,
                "coords": [
                    -3.76282,
                    7.24448,
                    -17.32782
                ]
            }
        ]
    }
}