{
    "1": {
        "BA start": [
            {
                "id": 0,
                "degree": 1,
                "label": 1,
                "coords": [
                    -5.84822,
                    -7.71838,
                    -70.15535
                ]
            }
        ],
        "BA bifurcation": [
            {
                "id": 49,
                "degree": 3,
                "label": 1,
                "coords": [
                    -3.73376,
                    -8.86143,
                    -57.93135
                ]
            }
        ],
        "R-PCA boundary": [
            {
                "id": 61,
                "degree": 2,
                "label": 1,
                "coords": [
                    -0.95376,
                    -9.31558,
                    -56.46418
                ]
            }
        ],
        "L-PCA boundary": [
            {
                "id": 192,
                "degree": 2,
                "label": 1,
                "coords": [
                    -6.31914,
                    -9.0212,
                    -55.94931
                ]
            }
        ]
    },
    "2": {
        "BA boundary": [
            {
                "id": 61,
                "degree": 2,
                "label": 2,
                "coords": [
                    -0.95376,
                    -9.31558,
                    -56.46418
                ]
            }
        ],
        "PCA end": [
            {
                "id": 180,
                "degree": 1,
                "label": 2,
                "coords": [
                    15.88794,
                    -25.02096,
                    -59.5591
                ]
            }
        ]
    },
    "3": {
        "BA boundary": [
            {
                "id": 192,
                "degree": 2,
                "label": 3,
                "coords": [
                    -6.31914,
                    -9.0212,
                    -55.94931
                ]
            }
        ],
        "PCA end": [
            {
                "id": 318,
                "degree": 1,
                "label": 3,
                "coords": [
                    -21.19467,
                    -27.14043,
                    -56.24395
                ]
            }
        ]
    },
    "4": {
        "ICA start": [
            {
                "id": 319,
                "degree": 1,
                "label": 4,
                "coords": [
                    7.1545,
                    10.39736,
                    -64.22605
                ]
            }
        ],
        "ICA bifurcation": [
            {
                "id": 411,
                "degree": 3,
                "label": 4,
                "coords": [
                    10.19771,
                    1.75648,
                    -48.58831
                ]
            }
        ],
        "ACA boundary": [
            {
                "id": 677,
                "degree": 2,
                "label": 4,
                "coords": [
                    8.34761,
                    2.30445,
                    -46.84563
                ]
            }
        ],
        "MCA boundary": [
            {
                "id": 422,
                "degree": 2,
                "label": 4,
                "coords": [
                    13.13903,
                    1.33438,
                    -47.92303
                ]
            }
        ]
    },
    "5": {
        "ICA boundary": [
            {
                "id": 422,
                "degree": 2,
                "label": 5,
                "coords": [
                    13.13903,
                    1.33438,
                    -47.92303
                ]
            }
        ],
        "MCA end": [
            {
                "id": 460,
                "degree": 3,
                "label": 5,
                "coords": [
                    22.71758,
                    3.47088,
                    -48.73607
                ]
            }
        ]
    },
    "6": {
        "ICA start": [
            {
                "id": 486,
                "degree": 1,
                "label": 6,
                "coords": [
                    -15.8165,
                    9.47267,
                    -62.10836
                ]
            }
        ],
        "ICA bifurcation": [
            {
                "id": 578,
                "degree": 3,
                "label": 6,
                "coords": [
                    -18.8988,
                    1.23681,
                    -50.10611
                ]
            }
        ],
        "ACA boundary": [
            {
                "id": 806,
                "degree": 2,
                "label": 6,
                "coords": [
                    -16.61718,
                    0.70772,
                    -48.86763
                ]
            }
        ],
        "MCA boundary": [
            {
                "id": 590,
                "degree": 2,
                "label": 6,
                "coords": [
                    -21.91224,
                    1.60886,
                    -48.9939
                ]
            }
        ]
    },
    "7": {
        "ICA boundary": [
            {
                "id": 590,
                "degree": 2,
                "label": 7,
                "coords": [
                    -21.91224,
                    1.60886,
                    -48.9939
                ]
            }
        ],
        "MCA end": [
            {
                "id": 617,
                "degree": 3,
                "label": 7,
                "coords": [
                    -28.75935,
                    3.55891,
                    -50.05625
                ]
            }
        ]
    },
    "10": {
        "R-ACA boundary": [
            {
                "id": 919,
                "degree": 2,
                "label": 10,
                "coords": [
                    -4.29759,
                    5.64985,
                    -44.93175
                ]
            }
        ],
        "L-ACA boundary": [
            {
                "id": 923,
                "degree": 2,
                "label": 10,
                "coords": [
                    -5.29808,
                    5.35593,
                    -44.90156
                ]
            }
        ]
    },
    "11": {
        "ICA boundary": [
            {
                "id": 677,
                "degree": 2,
                "label": 11,
                "coords": [
                    8.34761,
                    2.30445,
                    -46.84563
                ]
            }
        ],
        "Acom bifurcation": [
            {
                "id": 723,
                "degree": 3,
                "label": 11,
                "coords": [
                    -3.22143,
                    6.0357,
                    -44.87484
                ]
            }
        ],
        "Acom boundary": [
            {
                "id": 919,
                "degree": 2,
                "label": 11,
                "coords": [
                    -4.29759,
                    5.64985,
                    -44.93175
                ]
            }
        ],
        "ACA end": [
            {
                "id": 797,
                "degree": 1,
                "label": 11,
                "coords": [
                    -4.11503,
                    18.97697,
                    -29.43565
                ]
            }
        ]
    },
    "12": {
        "ICA boundary": [
            {
                "id": 806,
                "degree": 2,
                "label": 12,
                "coords": [
                    -16.61718,
                    0.70772,
                    -48.86763
                ]
            }
        ],
        "Acom bifurcation": [
            {
                "id": 851,
                "degree": 3,
                "label": 12,