{
    "1": {
        "BA start": [
            {
                "id": 0,
                "degree": 1,
                "label": 1,
                "coords": [
                    -3.28418,
                    186.52832,
                    347.84891
                ]
            }
        ],
        "BA bifurcation": [
            {
                "id": 32,
                "degree": 3,
                "label": 1,
                "coords": [
                    -3.08105,
                    187.74082,
                    355.58328
                ]
            }
        ],
        "L-PCA boundary": [
            {
                "id": 46,
                "degree": 2,
                "label": 1,
                "coords": [
                    -5.69355,
                    187.86582,
                    358.34891
                ]
            }
        ]
    },
    "2": {
        "Pcom boundary": [
            {
                "id": 390,
                "degree": 2,
                "label": 2,
                "coords": [
                    5.69707,
                    189.2627,
                    358.17391
                ]
            }
        ],
        "PCA end": [
            {
                "id": 466,
                "degree": 1,
                "label": 2,
                "coords": [
                    14.55957,
                    170.5127,
                    359.11453
                ]
            }
        ]
    },
    "3": {
        "BA boundary": [
            {
                "id": 46,
                "degree": 2,
                "label": 3,
                "coords": [
                    -5.69355,
                    187.86582,
                    358.34891
                ]
            }
        ],
        "Pcom bifurcation": [
            {
                "id": 68,
                "degree": 3,
                "label": 3,
                "coords": [
                    -10.49876,
                    187.48666,
                    360.0937
                ]
            }
        ],
        "Pcom boundary": [
            {
                "id": 519,
                "degree": 2,
                "label": 3,
                "coords": [
                    -11.08418,
                    188.45645,
                    359.83328
                ]
            }
        ],
        "PCA end": [
            {
                "id": 139,
                "degree": 1,
                "label": 3,
                "coords": [
                    -17.8623,
                    170.7627,
                    358.59891
                ]
            }
        ]
    },
    "4": {
        "ICA start": [
            {
                "id": 149,
                "degree": 1,
                "label": 4,
                "coords": [
                    7.41895,
                    206.0127,
                    360.08328
                ]
            }
        ],
        "Pcom bifurcation": [
            {
                "id": 168,
                "degree": 3,
                "label": 4,
                "coords": [
                    10.45436,
                    201.37623,
                    361.02288
                ]
            }
        ],
        "Pcom boundary": [
            {
                "id": 339,
                "degree": 2,
                "label": 4,
                "coords": [
                    10.14186,
                    200.99811,
                    359.85099
                ]
            }
        ],
        "ICA bifurcation": [
            {
                "id": 189,
                "degree": 3,
                "label": 4,
                "coords": [
                    13.97624,
                    197.7627,
                    365.01557
                ]
            }
        ],
        "ACA boundary": [
            {
                "id": 530,
                "degree": 2,
                "label": 4,
                "coords": [
                    11.80957,
                    197.6627,
                    365.96453
                ]
            }
        ],
        "MCA boundary": [
            {
                "id": 196,
                "degree": 2,
                "label": 4,
                "coords": [
                    15.80957,
                    198.00957,
                    365.84578
                ]
            }
        ]
    },
    "5": {
        "ICA boundary": [
            {
                "id": 196,
                "degree": 2,
                "label": 5,
                "coords": [
                    15.80957,
                    198.00957,
                    365.84578
                ]
            }
        ],
        "MCA end": [
            {
                "id": 246,
                "degree": 1,
                "label": 5,
                "coords": [
                    25.05957,
                    202.5127,
                    362.83328
                ]
            }
        ]
    },
    "6": {
        "ICA start": [
            {
                "id": 247,
                "degree": 1,
                "label": 6,
                "coords": [
                    -14.4248,
                    204.0127,
                    357.34891
                ]
            }
        ],
        "Pcom bifurcation": [
            {
                "id": 266,
                "degree": 3,
                "label": 6,
                "coords": [
                    -15.2748,
                    199.26582,
                    357.96141
                ]
            }
        ],
        "Pcom boundary": [
            {
                "id": 471,
                "degree": 2,
                "label": 6,
                "coords": [
                    -14.43418,
                    198.8127,
                    356.67078
                ]
            }
        ],
        "ICA bifurcation": [
            {
                "id": 290,
                "degree": 3,
                "label": 6,
                "coords": [
                    -20.69043,
                    196.0127,
                    360.59891
                ]
            }
        ],
        "ACA boundary": [
            {
                "id": 652,
                "degree": 2,
                "label": 6,
                "coords": [
                    -19.18418,
                    197.14395,
                    362.47391
                ]
            }
        ],
        "MCA boundary": [
            {
                "id": 298,
                "degree": 2,
                "label": 6,
                "coords": [
                    -22.69043,
                    195.33457,
                    360.84891
                ]
            }
        ]
    },
    "7": {
        "ICA boundary": [
            {
                "id": 298,
                "degree": 2,
                "label": 7,
                "coords": [
                    -22.69043,
                    195.33457,
                    360.84891
                ]
            }
        ],
        "MCA end": [
            {
                "id": 335,
                "degree": 1,
                "label": 7,
                "coords": [
                    -31.94043,
                    195.43457,
                    361.09891
                ]
            }
        ]
    },
    "8": {
        "ICA boundary": [
            {
                "id": 339,
                "degree": 2,
                "label": 8,
                "coords": [
                    10.14186,
                    200.99811,
                    359.85099
                ]
            }
        ],
        "PCA boundary": [
            {
                "id": 390,
                "degree": 2,
                "label": 8,
                "coords": [
                    5.69707,
                    189.2627,
                    358.17391
                ]
            }
        ]
    },
    "9": {
        "ICA boundary": [
            {
                "id": 471,
                "degree": 2,
                "label": 9,