{
    "1": {
        "BA start": [
            {
                "id": 0,
                "degree": 1,
                "label": 1,
                "coords": [
                    8.34668,
                    167.03027,
                    1305.08435
                ]
            }
        ],
        "BA bifurcation": [
            {
                "id": 78,
                "degree": 3,
                "label": 1,
                "coords": [
                    -1.80957,
                    175.51465,
                    1322.09998
                ]
            }
        ],
        "R-PCA boundary": [
            {
                "id": 91,
                "degree": 2,
                "label": 1,
                "coords": [
                    1.19043,
                    174.96152,
                    1324.54998
                ]
            }
        ],
        "L-PCA boundary": [
            {
                "id": 217,
                "degree": 2,
                "label": 1,
                "coords": [
                    -4.55957,
                    175.91465,
                    1324.14998
                ]
            }
        ]
    },
    "2": {
        "BA boundary": [
            {
                "id": 91,
                "degree": 2,
                "label": 2,
                "coords": [
                    1.19043,
                    174.96152,
                    1324.54998
                ]
            }
        ],
        "PCA end": [
            {
                "id": 206,
                "degree": 1,
                "label": 2,
                "coords": [
                    24.6123,
                    163.74902,
                    1326.59998
                ]
            }
        ]
    },
    "3": {
        "BA boundary": [
            {
                "id": 217,
                "degree": 2,
                "label": 3,
                "coords": [
                    -4.55957,
                    175.91465,
                    1324.14998
                ]
            }
        ],
        "PCA end": [
            {
                "id": 345,
                "degree": 1,
                "label": 3,
                "coords": [
                    -20.65332,
                    157.01465,
                    1324.44373
                ]
            }
        ]
    },
    "4": {
        "ICA start": [
            {
                "id": 346,
                "degree": 1,
                "label": 4,
                "coords": [
                    10.4248,
                    184.26465,
                    1312.09998
                ]
            }
        ],
        "ICA bifurcation": [
            {
                "id": 385,
                "degree": 3,
                "label": 4,
                "coords": [
                    15.19043,
                    187.26465,
                    1320.59998
                ]
            }
        ],
        "ACA boundary": [
            {
                "id": 615,
                "degree": 2,
                "label": 4,
                "coords": [
                    12.94043,
                    186.78652,
                    1321.59998
                ]
            }
        ],
        "MCA boundary": [
            {
                "id": 395,
                "degree": 2,
                "label": 4,
                "coords": [
                    17.45918,
                    188.61465,
                    1321.66248
                ]
            }
        ]
    },
    "5": {
        "ICA boundary": [
            {
                "id": 395,
                "degree": 2,
                "label": 5,
                "coords": [
                    17.45918,
                    188.61465,
                    1321.66248
                ]
            }
        ],
        "MCA end": [
            {
                "id": 449,
                "degree": 3,
                "label": 5,
                "coords": [
                    30.94043,
                    193.51465,
                    1315.34998
                ]
            }
        ]
    },
    "6": {
        "ICA start": [
            {
                "id": 496,
                "degree": 1,
                "label": 6,
                "coords": [
                    -7.79395,
                    183.4209,
                    1308.70935
                ]
            }
        ],
        "ICA bifurcation": [
            {
                "id": 535,
                "degree": 3,
                "label": 6,
                "coords": [
                    -15.55957,
                    178.76465,
                    1317.09998
                ]
            }
        ],
        "ACA boundary": [
            {
                "id": 774,
                "degree": 2,
                "label": 6,
                "coords": [
                    -13.30957,
                    179.3459,
                    1318.6281
                ]
            }
        ],
        "MCA boundary": [
            {
                "id": 543,
                "degree": 2,
                "label": 6,
                "coords": [
                    -17.55957,
                    178.5709,
                    1318.24373
                ]
            }
        ]
    },
    "7": {
        "ICA boundary": [
            {
                "id": 543,
                "degree": 2,
                "label": 7,
                "coords": [
                    -17.55957,
                    178.5709,
                    1318.24373
                ]
            }
        ],
        "MCA end": [
            {
                "id": 606,
                "degree": 1,
                "label": 7,
                "coords": [
                    -32.3252,
                    185.26465,
                    1318.59998
                ]
            }
        ]
    },
    "10": {
        "R-ACA boundary": [
            {
                "id": 935,
                "degree": 2,
                "label": 10,
                "coords": [
                    -1.31374,
                    190.58444,
                    1311.35415
                ]
            }
        ],
        "L-ACA boundary": [
            {
                "id": 833,
                "degree": 3,
                "label": 10,
                "coords": [
                    -2.59915,
                    190.87298,
                    1312.23957
                ]
            }
        ]
    },
    "11": {
        "ICA boundary": [
            {
                "id": 615,
                "degree": 2,
                "label": 11,
                "coords": [
                    12.94043,
                    186.78652,
                    1321.59998
                ]
            }
        ],
        "Acom bifurcation": [
            {
                "id": 673,
                "degree": 3,
                "label": 11,
                "coords": [
                    -0.2127,
                    190.8834,
                    1311.2031
                ]
            }
        ],
        "Acom boundary": [
            {
                "id": 935,
                "degree": 2,
                "label": 11,
                "coords": [
                    -1.31374,
                    190.58444,
                    1311.35415
                ]
            }
        ],
        "ACA end": [
            {
                "id": 765,
                "degree": 1,
                "label": 11,
                "coords": [
                    -3.8252,
                    201.51465,
                    1330.08435
                ]
            }
        ]
    },
    "12": {
        "ICA boundary": [
            {
                "id": 774,
                "degree": 2,
                "label": 12,
                "coords": [
                    -13.30957,
                    179.3459,
                    1318.6281
                ]
            }
        ],
        "Acom bifurcation": [
            {
                "id": 833,
                "degree": 3,