{
    "1": {
        "BA start": [
            {
                "id": 0,
                "degree": 1,
                "label": 1,
                "coords": [
                    -8.16504,
                    207.50293,
                    -336.5
                ]
            }
        ],
        "BA bifurcation": [
            {
                "id": 34,
                "degree": 3,
                "label": 1,
                "coords": [
                    -9.00879,
                    205.94043,
                    -328.0
                ]
            }
        ],
        "R-PCA boundary": [
            {
                "id": 44,
                "degree": 2,
                "label": 1,
                "coords": [
                    -6.50879,
                    204.64668,
                    -326.8
                ]
            }
        ],
        "L-PCA boundary": [
            {
                "id": 167,
                "degree": 2,
                "label": 1,
                "coords": [
                    -10.33066,
                    206.04355,
                    -326.50625
                ]
            }
        ]
    },
    "2": {
        "BA boundary": [
            {
                "id": 44,
                "degree": 2,
                "label": 2,
                "coords": [
                    -6.50879,
                    204.64668,
                    -326.8
                ]
            }
        ],
        "Pcom bifurcation": [
            {
                "id": 67,
                "degree": 3,
                "label": 2,
                "coords": [
                    -1.64837,
                    207.18209,
                    -327.06457
                ]
            }
        ],
        "Pcom boundary": [
            {
                "id": 541,
                "degree": 2,
                "label": 2,
                "coords": [
                    -2.23358,
                    207.61376,
                    -327.52853
                ]
            }
        ],
        "PCA end": [
            {
                "id": 160,
                "degree": 1,
                "label": 2,
                "coords": [
                    12.00684,
                    187.45605,
                    -330.25
                ]
            }
        ]
    },
    "3": {
        "BA boundary": [
            {
                "id": 167,
                "degree": 2,
                "label": 3,
                "coords": [
                    -10.33066,
                    206.04355,
                    -326.50625
                ]
            }
        ],
        "PCA end": [
            {
                "id": 284,
                "degree": 1,
                "label": 3,
                "coords": [
                    -25.75879,
                    188.69043,
                    -327.26562
                ]
            }
        ]
    },
    "4": {
        "ICA start": [
            {
                "id": 285,
                "degree": 1,
                "label": 4,
                "coords": [
                    2.97559,
                    220.1123,
                    -329.25
                ]
            }
        ],
        "Pcom bifurcation": [
            {
                "id": 304,
                "degree": 3,
                "label": 4,
                "coords": [
                    4.64121,
                    216.17168,
                    -328.93438
                ]
            }
        ],
        "Pcom boundary": [
            {
                "id": 500,
                "degree": 2,
                "label": 4,
                "coords": [
                    3.64434,
                    215.17168,
                    -329.78438
                ]
            }
        ],
        "MCA boundary": [
            {
                "id": 340,
                "degree": 2,
                "label": 4,
                "coords": [
                    12.24121,
                    217.65918,
                    -321.5
                ]
            }
        ]
    },
    "5": {
        "ICA boundary": [
            {
                "id": 340,
                "degree": 2,
                "label": 5,
                "coords": [
                    12.24121,
                    217.65918,
                    -321.5
                ]
            }
        ],
        "MCA end": [
            {
                "id": 397,
                "degree": 1,
                "label": 5,
                "coords": [
                    22.74121,
                    223.26855,
                    -324.39062
                ]
            }
        ]
    },
    "6": {
        "ICA start": [
            {
                "id": 398,
                "degree": 1,
                "label": 6,
                "coords": [
                    -16.08691,
                    220.1748,
                    -327.25
                ]
            }
        ],
        "ICA bifurcation": [
            {
                "id": 437,
                "degree": 3,
                "label": 6,
                "coords": [
                    -21.59212,
                    213.69043,
                    -322.83333
                ]
            }
        ],
        "ACA boundary": [
            {
                "id": 551,
                "degree": 2,
                "label": 6,
                "coords": [
                    -19.99004,
                    213.44355,
                    -320.75
                ]
            }
        ],
        "MCA boundary": [
            {
                "id": 446,
                "degree": 2,
                "label": 6,
                "coords": [
                    -23.95566,
                    215.2873,
                    -321.48438
                ]
            }
        ]
    },
    "7": {
        "ICA boundary": [
            {
                "id": 446,
                "degree": 2,
                "label": 7,
                "coords": [
                    -23.95566,
                    215.2873,
                    -321.48438
                ]
            }
        ],
        "MCA end": [
            {
                "id": 495,
                "degree": 1,
                "label": 7,
                "coords": [
                    -35.99316,
                    214.83105,
                    -319.5
                ]
            }
        ]
    },
    "8": {
        "ICA boundary": [
            {
                "id": 500,
                "degree": 2,
                "label": 8,
                "coords": [
                    3.64434,
                    215.17168,
                    -329.78438
                ]
            }
        ],
        "PCA boundary": [
            {
                "id": 541,
                "degree": 2,
                "label": 8,
                "coords": [
                    -2.23358,
                    207.61376,
                    -327.52853
                ]
            }
        ]
    },
    "10": {
        "R-ACA boundary": [
            {
                "id": 701,
                "degree": 2,
                "label": 10,
                "coords": [
                    -4.66816,
                    218.94043,
                    -323.04375
                ]
            }
        ],
        "L-ACA boundary": [
            {
                "id": 685,
                "degree": 2,
                "label": 10,
                "coords": [
                    -7.17207,
                    216.68574,
                    -319.85391
                ]
            }
        ]
    },
    "11": {
        "Acom boundary": [
            {
                "id": 701,
                "degree": 2,
                "label": 11,
                "coords": [
                    -4.66816,
                    218.94043,
                    -323.04375
                ]
            }
        ],
        "ACA end": [
            {
                "id": 805,
                "degree": 1,
                "label": 11,