{
    "1": {
        "BA start": [
            {
                "id": 0,
                "degree": 1,
                "label": 1,
                "coords": [
                    1.55411,
                    -14.84596,
                    -34.68453
                ]
            }
        ],
        "BA bifurcation": [
            {
                "id": 53,
                "degree": 3,
                "label": 1,
                "coords": [
                    -1.91718,
                    -14.81086,
                    -21.43453
                ]
            }
        ],
        "R-PCA boundary": [
            {
                "id": 63,
                "degree": 2,
                "label": 1,
                "coords": [
                    -0.56843,
                    -16.27905,
                    -19.8564
                ]
            }
        ],
        "L-PCA boundary": [
            {
                "id": 187,
                "degree": 2,
                "label": 1,
                "coords": [
                    -3.58563,
                    -13.0952,
                    -19.55328
                ]
            }
        ]
    },
    "2": {
        "BA boundary": [
            {
                "id": 63,
                "degree": 2,
                "label": 2,
                "coords": [
                    -0.56843,
                    -16.27905,
                    -19.8564
                ]
            }
        ],
        "PCA end": [
            {
                "id": 177,
                "degree": 1,
                "label": 2,
                "coords": [
                    13.54662,
                    -35.85991,
                    -23.18453
                ]
            }
        ]
    },
    "3": {
        "BA boundary": [
            {
                "id": 187,
                "degree": 2,
                "label": 3,
                "coords": [
                    -3.58563,
                    -13.0952,
                    -19.55328
                ]
            }
        ],
        "PCA end": [
            {
                "id": 303,
                "degree": 1,
                "label": 3,
                "coords": [
                    -16.04131,
                    -30.87947,
                    -23.70015
                ]
            }
        ]
    },
    "4": {
        "ICA start": [
            {
                "id": 304,
                "degree": 1,
                "label": 4,
                "coords": [
                    16.52132,
                    1.36379,
                    -33.4814
                ]
            }
        ],
        "ICA bifurcation": [
            {
                "id": 396,
                "degree": 3,
                "label": 4,
                "coords": [
                    15.31664,
                    -10.08479,
                    -18.01786
                ]
            }
        ],
        "ACA boundary": [
            {
                "id": 595,
                "degree": 2,
                "label": 4,
                "coords": [
                    13.44319,
                    -8.5404,
                    -17.23765
                ]
            }
        ],
        "MCA boundary": [
            {
                "id": 403,
                "degree": 2,
                "label": 4,
                "coords": [
                    17.1398,
                    -10.84723,
                    -17.93453
                ]
            }
        ]
    },
    "5": {
        "ICA boundary": [
            {
                "id": 403,
                "degree": 2,
                "label": 5,
                "coords": [
                    17.1398,
                    -10.84723,
                    -17.93453
                ]
            }
        ],
        "MCA end": [
            {
                "id": 440,
                "degree": 1,
                "label": 5,
                "coords": [
                    26.51663,
                    -10.70404,
                    -19.45015
                ]
            }
        ]
    },
    "6": {
        "ICA start": [
            {
                "id": 441,
                "degree": 1,
                "label": 6,
                "coords": [
                    -9.50277,
                    6.81663,
                    -33.4189
                ]
            }
        ],
        "ICA bifurcation": [
            {
                "id": 533,
                "degree": 3,
                "label": 6,
                "coords": [
                    -10.01159,
                    -5.91713,
                    -18.01786
                ]
            }
        ],
        "ACA boundary": [
            {
                "id": 729,
                "degree": 2,
                "label": 6,
                "coords": [
                    -7.26041,
                    -5.00156,
                    -16.34078
                ]
            }
        ],
        "MCA boundary": [
            {
                "id": 542,
                "degree": 2,
                "label": 6,
                "coords": [
                    -12.28224,
                    -4.76989,
                    -17.13453
                ]
            }
        ]
    },
    "7": {
        "ICA boundary": [
            {
                "id": 542,
                "degree": 2,
                "label": 7,
                "coords": [
                    -12.28224,
                    -4.76989,
                    -17.13453
                ]
            }
        ],
        "MCA end": [
            {
                "id": 587,
                "degree": 1,
                "label": 7,
                "coords": [
                    -22.68796,
                    -0.11782,
                    -14.93453
                ]
            }
        ]
    },
    "10": {
        "R-ACA boundary": [
            {
                "id": 847,
                "degree": 2,
                "label": 10,
                "coords": [
                    3.6736,
                    -1.22854,
                    -17.50015
                ]
            }
        ],
        "L-ACA boundary": [
            {
                "id": 853,
                "degree": 2,
                "label": 10,
                "coords": [
                    2.1511,
                    -1.22268,
                    -17.17203
                ]
            }
        ]
    },
    "11": {
        "ICA boundary": [
            {
                "id": 595,
                "degree": 2,
                "label": 11,
                "coords": [
                    13.44319,
                    -8.5404,
                    -17.23765
                ]
            }
        ],
        "Acom bifurcation": [
            {
                "id": 634,
                "degree": 3,
                "label": 11,
                "coords": [
                    4.52717,
                    -1.10163,
                    -18.06578
                ]
            }
        ],
        "Acom boundary": [
            {
                "id": 847,
                "degree": 2,
                "label": 11,
                "coords": [
                    3.6736,
                    -1.22854,
                    -17.50015
                ]
            }
        ],
        "ACA end": [
            {
                "id": 719,
                "degree": 1,
                "label": 11,
                "coords": [
                    4.87178,
                    12.73365,
                    -2.68453
                ]
            }
        ]
    },
    "12": {
        "ICA boundary": [
            {
                "id": 729,
                "degree": 2,
                "label": 12,
                "coords": [
                    -7.26041,
                    -5.00156,
                    -16.34078
                ]
            }
        ],
        "Acom bifurcation": [
            {
                "id": 762,
                "degree": 3,
                "label": 12,