{
    "1": {
        "BA start": [
            {
                "id": 0,
                "degree": 1,
                "label": 1,
                "coords": [
                    4.82617,
                    221.33789,
                    1281.35938
                ]
            }
        ],
        "BA bifurcation": [
            {
                "id": 49,
                "degree": 3,
                "label": 1,
                "coords": [
                    7.0918,
                    221.50977,
                    1293.5
                ]
            }
        ],
        "R-PCA boundary": [
            {
                "id": 58,
                "degree": 2,
                "label": 1,
                "coords": [
                    8.2418,
                    222.02852,
                    1295.43125
                ]
            }
        ],
        "L-PCA boundary": [
            {
                "id": 171,
                "degree": 2,
                "label": 1,
                "coords": [
                    5.8418,
                    223.00977,
                    1294.25
                ]
            }
        ]
    },
    "2": {
        "BA boundary": [
            {
                "id": 58,
                "degree": 2,
                "label": 2,
                "coords": [
                    8.2418,
                    222.02852,
                    1295.43125
                ]
            }
        ],
        "Pcom bifurcation": [
            {
                "id": 84,
                "degree": 3,
                "label": 2,
                "coords": [
                    14.0918,
                    223.34414,
                    1297.50625
                ]
            }
        ],
        "Pcom boundary": [
            {
                "id": 606,
                "degree": 2,
                "label": 2,
                "coords": [
                    13.99492,
                    223.87977,
                    1296.99812
                ]
            }
        ],
        "PCA end": [
            {
                "id": 164,
                "degree": 1,
                "label": 2,
                "coords": [
                    26.3418,
                    208.77539,
                    1297.59375
                ]
            }
        ]
    },
    "3": {
        "BA boundary": [
            {
                "id": 171,
                "degree": 2,
                "label": 3,
                "coords": [
                    5.8418,
                    223.00977,
                    1294.25
                ]
            }
        ],
        "Pcom bifurcation": [
            {
                "id": 195,
                "degree": 3,
                "label": 3,
                "coords": [
                    0.0918,
                    224.85664,
                    1294.48438
                ]
            }
        ],
        "Pcom boundary": [
            {
                "id": 195,
                "degree": 3,
                "label": 3,
                "coords": [
                    0.0918,
                    224.85664,
                    1294.48438
                ]
            }
        ],
        "PCA end": [
            {
                "id": 282,
                "degree": 1,
                "label": 3,
                "coords": [
                    -12.6582,
                    207.75977,
                    1299.26562
                ]
            }
        ]
    },
    "4": {
        "ICA start": [
            {
                "id": 283,
                "degree": 1,
                "label": 4,
                "coords": [
                    20.35742,
                    237.25977,
                    1289.3125
                ]
            }
        ],
        "Pcom bifurcation": [
            {
                "id": 302,
                "degree": 3,
                "label": 4,
                "coords": [
                    22.8918,
                    232.80977,
                    1291.68438
                ]
            }
        ],
        "Pcom boundary": [
            {
                "id": 554,
                "degree": 2,
                "label": 4,
                "coords": [
                    23.07305,
                    231.19414,
                    1290.89687
                ]
            }
        ],
        "ICA bifurcation": [
            {
                "id": 332,
                "degree": 3,
                "label": 4,
                "coords": [
                    27.42513,
                    232.00977,
                    1297.41667
                ]
            }
        ],
        "ACA boundary": [
            {
                "id": 670,
                "degree": 2,
                "label": 4,
                "coords": [
                    26.06992,
                    232.25664,
                    1298.92812
                ]
            }
        ],
        "MCA boundary": [
            {
                "id": 341,
                "degree": 2,
                "label": 4,
                "coords": [
                    29.8418,
                    232.95664,
                    1298.17812
                ]
            }
        ]
    },
    "5": {
        "ICA boundary": [
            {
                "id": 341,
                "degree": 2,
                "label": 5,
                "coords": [
                    29.8418,
                    232.95664,
                    1298.17812
                ]
            }
        ],
        "MCA end": [
            {
                "id": 375,
                "degree": 3,
                "label": 5,
                "coords": [
                    37.8418,
                    238.00977,
                    1293.75
                ]
            }
        ]
    },
    "6": {
        "ICA start": [
            {
                "id": 438,
                "degree": 1,
                "label": 6,
                "coords": [
                    -0.17383,
                    239.77539,
                    1287.64062
                ]
            }
        ],
        "Pcom bifurcation": [
            {
                "id": 457,
                "degree": 3,
                "label": 6,
                "coords": [
                    -4.83945,
                    236.54414,
                    1289.80312
                ]
            }
        ],
        "Pcom boundary": [
            {
                "id": 612,
                "degree": 2,
                "label": 6,
                "coords": [
                    -5.03945,
                    235.32852,
                    1288.69688
                ]
            }
        ],
        "ICA bifurcation": [
            {
                "id": 487,
                "degree": 3,
                "label": 6,
                "coords": [
                    -9.6582,
                    238.00977,
                    1295.5
                ]
            }
        ],
        "ACA boundary": [
            {
                "id": 812,
                "degree": 2,
                "label": 6,
                "coords": [
                    -7.1582,
                    237.56289,
                    1296.92188
                ]
            }
        ],
        "MCA boundary": [
            {
                "id": 493,
                "degree": 2,
                "label": 6,
                "coords": [
                    -11.1582,
                    239.43789,
                    1295.7
                ]
            }
        ]
    },
    "7": {
        "ICA boundary": [
            {
                "id": 493,
                "degree": 2,
                "label": 7,
                "coords": [
                    -11.1582,
                    239.43789,
                    1295.7
                ]
            }
        ],
        "MCA end": [
            {
                "id": 548,
                "degree": 1,
                "label": 7,