{
    "1": {
        "BA start": [
            {
                "id": 0,
                "degree": 1,
                "label": 1,
                "coords": [
                    3.17277,
                    8.48413,
                    -35.66993
                ]
            }
        ],
        "BA bifurcation": [
            {
                "id": 59,
                "degree": 3,
                "label": 1,
                "coords": [
                    -0.20627,
                    5.75837,
                    -20.31426
                ]
            }
        ],
        "R-PCA boundary": [
            {
                "id": 70,
                "degree": 2,
                "label": 1,
                "coords": [
                    2.01869,
                    4.45956,
                    -18.34094
                ]
            }
        ],
        "L-PCA boundary": [
            {
                "id": 165,
                "degree": 2,
                "label": 1,
                "coords": [
                    -2.75666,
                    5.09722,
                    -18.61776
                ]
            }
        ]
    },
    "2": {
        "BA boundary": [
            {
                "id": 70,
                "degree": 2,
                "label": 2,
                "coords": [
                    2.01869,
                    4.45956,
                    -18.34094
                ]
            }
        ],
        "PCA end": [
            {
                "id": 154,
                "degree": 1,
                "label": 2,
                "coords": [
                    17.58382,
                    -1.38013,
                    -25.25057
                ]
            }
        ]
    },
    "3": {
        "BA boundary": [
            {
                "id": 165,
                "degree": 2,
                "label": 3,
                "coords": [
                    -2.75666,
                    5.09722,
                    -18.61776
                ]
            }
        ],
        "PCA end": [
            {
                "id": 242,
                "degree": 1,
                "label": 3,
                "coords": [
                    -17.04243,
                    0.62414,
                    -22.07556
                ]
            }
        ]
    },
    "4": {
        "ICA start": [
            {
                "id": 243,
                "degree": 1,
                "label": 4,
                "coords": [
                    17.23437,
                    28.97911,
                    -18.48204
                ]
            }
        ],
        "ICA bifurcation": [
            {
                "id": 335,
                "degree": 3,
                "label": 4,
                "coords": [
                    17.03099,
                    12.2237,
                    -12.57411
                ]
            }
        ],
        "ACA boundary": [
            {
                "id": 577,
                "degree": 2,
                "label": 4,
                "coords": [
                    15.67401,
                    11.86643,
                    -10.67985
                ]
            }
        ],
        "MCA boundary": [
            {
                "id": 347,
                "degree": 2,
                "label": 4,
                "coords": [
                    20.09305,
                    12.58506,
                    -12.10464
                ]
            }
        ]
    },
    "5": {
        "ICA boundary": [
            {
                "id": 347,
                "degree": 2,
                "label": 5,
                "coords": [
                    20.09305,
                    12.58506,
                    -12.10464
                ]
            }
        ],
        "MCA end": [
            {
                "id": 404,
                "degree": 1,
                "label": 5,
                "coords": [
                    34.62601,
                    17.93111,
                    -11.17214
                ]
            }
        ]
    },
    "6": {
        "ICA start": [
            {
                "id": 405,
                "degree": 1,
                "label": "6",
                "coords": [
                    -15.29909,
                    28.25129,
                    -16.37912
                ]
            }
        ],
        "ICA bifurcation": [
            {
                "id": 497,
                "degree": 3,
                "label": 6,
                "coords": [
                    -15.94876,
                    14.65939,
                    -12.54226
                ]
            }
        ],
        "ACA boundary": [
            {
                "id": 750,
                "degree": 2,
                "label": 6,
                "coords": [
                    -14.85007,
                    13.62591,
                    -9.79593
                ]
            }
        ],
        "MCA boundary": [
            {
                "id": 509,
                "degree": 2,
                "label": 6,
                "coords": [
                    -18.99547,
                    15.13557,
                    -12.12103
                ]
            }
        ]
    },
    "7": {
        "ICA boundary": [
            {
                "id": 509,
                "degree": 2,
                "label": 7,
                "coords": [
                    -18.99547,
                    15.13557,
                    -12.12103
                ]
            }
        ],
        "MCA end": [
            {
                "id": 570,
                "degree": 1,
                "label": 7,
                "coords": [
                    -33.09313,
                    17.62938,
                    -4.59383
                ]
            }
        ]
    },
    "10": {
        "R-ACA boundary": [
            {
                "id": 909,
                "degree": 2,
                "label": 10,
                "coords": [
                    1.77121,
                    15.94297,
                    -7.25073
                ]
            }
        ],
        "L-ACA boundary": [
            {
                "id": 809,
                "degree": 3,
                "label": 10,
                "coords": [
                    -0.43439,
                    17.07568,
                    -7.24423
                ]
            }
        ]
    },
    "11": {
        "ICA boundary": [
            {
                "id": 577,
                "degree": 2,
                "label": 11,
                "coords": [
                    15.67401,
                    11.86643,
                    -10.67985
                ]
            }
        ],
        "Acom bifurcation": [
            {
                "id": 633,
                "degree": 3,
                "label": 11,
                "coords": [
                    2.61598,
                    15.57608,
                    -6.72094
                ]
            }
        ],
        "Acom boundary": [
            {
                "id": 909,
                "degree": 2,
                "label": 11,
                "coords": [
                    1.77121,
                    15.94297,
                    -7.25073
                ]
            }
        ],
        "ACA end": [
            {
                "id": 739,
                "degree": 1,
                "label": 11,
                "coords": [
                    4.86671,
                    21.36649,
                    18.37952
                ]
            }
        ]
    },
    "12": {
        "ICA boundary": [
            {
                "id": 750,
                "degree": 2,
                "label": 12,
                "coords": [
                    -14.85007,
                    13.62591,
                    -9.79593
                ]
            }
        ],
        "Acom bifurcation": [
            {
                "id": 809,
                "degree": 3,
                "label": 12,