{
    "1": {
        "BA start": [
            {
                "id": 0,
                "degree": 1,
                "label": 1,
                "coords": [
                    -4.8419,
                    11.62227,
                    -33.06473
                ]
            }
        ],
        "BA bifurcation": [
            {
                "id": 52,
                "degree": 3,
                "label": 1,
                "coords": [
                    -7.39215,
                    12.22564,
                    -20.27627
                ]
            }
        ],
        "R-PCA boundary": [
            {
                "id": 67,
                "degree": 2,
                "label": 1,
                "coords": [
                    -4.76401,
                    10.56369,
                    -17.21172
                ]
            }
        ],
        "L-PCA boundary": [
            {
                "id": 166,
                "degree": 2,
                "label": 1,
                "coords": [
                    -11.04541,
                    12.31173,
                    -19.15661
                ]
            }
        ]
    },
    "2": {
        "BA boundary": [
            {
                "id": 67,
                "degree": 2,
                "label": 2,
                "coords": [
                    -4.76401,
                    10.56369,
                    -17.21172
                ]
            }
        ],
        "PCA end": [
            {
                "id": 152,
                "degree": 1,
                "label": 2,
                "coords": [
                    9.47507,
                    -2.88276,
                    -27.2773
                ]
            }
        ]
    },
    "3": {
        "BA boundary": [
            {
                "id": 166,
                "degree": 2,
                "label": 3,
                "coords": [
                    -11.04541,
                    12.31173,
                    -19.15661
                ]
            }
        ],
        "PCA end": [
            {
                "id": 261,
                "degree": 1,
                "label": 3,
                "coords": [
                    -26.84424,
                    -0.74219,
                    -30.1448
                ]
            }
        ]
    },
    "4": {
        "ICA start": [
            {
                "id": 262,
                "degree": 1,
                "label": 4,
                "coords": [
                    4.62601,
                    26.85478,
                    -31.38196
                ]
            }
        ],
        "ICA bifurcation": [
            {
                "id": 354,
                "degree": 3,
                "label": 4,
                "coords": [
                    8.68485,
                    15.94132,
                    -21.00869
                ]
            }
        ],
        "ACA boundary": [
            {
                "id": 580,
                "degree": 2,
                "label": 4,
                "coords": [
                    6.50004,
                    16.21546,
                    -19.59869
                ]
            }
        ],
        "MCA boundary": [
            {
                "id": 364,
                "degree": 2,
                "label": 4,
                "coords": [
                    11.07554,
                    16.65938,
                    -20.08785
                ]
            }
        ]
    },
    "5": {
        "ICA boundary": [
            {
                "id": 364,
                "degree": 2,
                "label": 5,
                "coords": [
                    11.07554,
                    16.65938,
                    -20.08785
                ]
            }
        ],
        "MCA end": [
            {
                "id": 419,
                "degree": 1,
                "label": 5,
                "coords": [
                    20.35813,
                    28.65111,
                    -18.79747
                ]
            }
        ]
    },
    "6": {
        "ICA start": [
            {
                "id": 420,
                "degree": 1,
                "label": 6,
                "coords": [
                    -20.09149,
                    30.91986,
                    -34.00785
                ]
            }
        ],
        "ICA bifurcation": [
            {
                "id": 512,
                "degree": 3,
                "label": 6,
                "coords": [
                    -26.85359,
                    20.38487,
                    -21.81485
                ]
            }
        ],
        "ACA boundary": [
            {
                "id": 727,
                "degree": 2,
                "label": 6,
                "coords": [
                    -25.13174,
                    19.76115,
                    -19.06222
                ]
            }
        ],
        "MCA boundary": [
            {
                "id": 526,
                "degree": 2,
                "label": 6,
                "coords": [
                    -30.17184,
                    21.74138,
                    -21.78091
                ]
            }
        ]
    },
    "7": {
        "ICA boundary": [
            {
                "id": 526,
                "degree": 2,
                "label": 7,
                "coords": [
                    -30.17184,
                    21.74138,
                    -21.78091
                ]
            }
        ],
        "MCA end": [
            {
                "id": 571,
                "degree": 1,
                "label": 7,
                "coords": [
                    -39.88589,
                    25.32164,
                    -28.12575
                ]
            }
        ]
    },
    "10": {
        "R-ACA boundary": [
            {
                "id": 885,
                "degree": 2,
                "label": 10,
                "coords": [
                    -8.34522,
                    23.45621,
                    -19.85863
                ]
            }
        ],
        "L-ACA boundary": [
            {
                "id": 892,
                "degree": 2,
                "label": 10,
                "coords": [
                    -10.04773,
                    24.17518,
                    -20.08133
                ]
            }
        ]
    },
    "11": {
        "ICA boundary": [
            {
                "id": 580,
                "degree": 2,
                "label": 11,
                "coords": [
                    6.50004,
                    16.21546,
                    -19.59869
                ]
            }
        ],
        "Acom bifurcation": [
            {
                "id": 642,
                "degree": 3,
                "label": 11,
                "coords": [
                    -7.28295,
                    22.33429,
                    -18.9274
                ]
            }
        ],
        "Acom boundary": [
            {
                "id": 885,
                "degree": 2,
                "label": 11,
                "coords": [
                    -8.34522,
                    23.45621,
                    -19.85863
                ]
            }
        ],
        "ACA end": [
            {
                "id": 715,
                "degree": 1,
                "label": 11,
                "coords": [
                    -12.08726,
                    30.5762,
                    -3.8304
                ]
            }
        ]
    },
    "12": {
        "ICA boundary": [
            {
                "id": 727,
                "degree": 2,
                "label": 12,
                "coords": [
                    -25.13174,
                    19.76115,
                    -19.06222
                ]
            }
        ],
        "Acom bifurcation": [
            {
                "id": 785,
                "degree": 3,
                "label": 12,