{
    "1": {
        "BA start": [
            {
                "id": 0,
                "degree": 1,
                "label": 1,
                "coords": [
                    -4.90527,
                    219.12793,
                    87.55
                ]
            }
        ],
        "BA bifurcation": [
            {
                "id": 35,
                "degree": 3,
                "label": 1,
                "coords": [
                    -8.4209,
                    218.5498,
                    96.05
                ]
            }
        ],
        "R-PCA boundary": [
            {
                "id": 44,
                "degree": 2,
                "label": 1,
                "coords": [
                    -6.7709,
                    217.8498,
                    98.27812
                ]
            }
        ],
        "L-PCA boundary": [
            {
                "id": 136,
                "degree": 2,
                "label": 1,
                "coords": [
                    -11.65215,
                    218.63418,
                    98.22187
                ]
            }
        ]
    },
    "2": {
        "BA boundary": [
            {
                "id": 44,
                "degree": 2,
                "label": 2,
                "coords": [
                    -6.7709,
                    217.8498,
                    98.27812
                ]
            }
        ],
        "PCA end": [
            {
                "id": 122,
                "degree": 1,
                "label": 2,
                "coords": [
                    7.67285,
                    211.0498,
                    95.05
                ]
            }
        ]
    },
    "3": {
        "BA boundary": [
            {
                "id": 136,
                "degree": 2,
                "label": 3,
                "coords": [
                    -11.65215,
                    218.63418,
                    98.22187
                ]
            }
        ],
        "PCA end": [
            {
                "id": 214,
                "degree": 1,
                "label": 3,
                "coords": [
                    -26.6709,
                    213.7998,
                    95.14375
                ]
            }
        ]
    },
    "4": {
        "ICA start": [
            {
                "id": 215,
                "degree": 1,
                "label": 4,
                "coords": [
                    4.40723,
                    232.0498,
                    98.64375
                ]
            }
        ],
        "ICA bifurcation": [
            {
                "id": 254,
                "degree": 3,
                "label": 4,
                "coords": [
                    9.0791,
                    225.2998,
                    102.55
                ]
            }
        ],
        "ACA boundary": [
            {
                "id": 420,
                "degree": 2,
                "label": 4,
                "coords": [
                    7.30723,
                    225.99668,
                    104.29687
                ]
            }
        ],
        "MCA boundary": [
            {
                "id": 263,
                "degree": 2,
                "label": 4,
                "coords": [
                    11.3291,
                    225.72793,
                    102.91875
                ]
            }
        ]
    },
    "5": {
        "ICA boundary": [
            {
                "id": 263,
                "degree": 2,
                "label": 5,
                "coords": [
                    11.3291,
                    225.72793,
                    102.91875
                ]
            }
        ],
        "MCA end": [
            {
                "id": 315,
                "degree": 1,
                "label": 5,
                "coords": [
                    23.81348,
                    229.8623,
                    104.3
                ]
            }
        ]
    },
    "6": {
        "ICA start": [
            {
                "id": 316,
                "degree": 1,
                "label": 6,
                "coords": [
                    -15.6709,
                    237.22168,
                    100.28437
                ]
            }
        ],
        "ICA bifurcation": [
            {
                "id": 355,
                "degree": 3,
                "label": 6,
                "coords": [
                    -23.1709,
                    230.7998,
                    100.8
                ]
            }
        ],
        "ACA boundary": [
            {
                "id": 544,
                "degree": 2,
                "label": 6,
                "coords": [
                    -22.43965,
                    230.62168,
                    102.8
                ]
            }
        ],
        "MCA boundary": [
            {
                "id": 364,
                "degree": 2,
                "label": 6,
                "coords": [
                    -25.4209,
                    231.49668,
                    100.8
                ]
            }
        ]
    },
    "7": {
        "ICA boundary": [
            {
                "id": 364,
                "degree": 2,
                "label": 7,
                "coords": [
                    -25.4209,
                    231.49668,
                    100.8
                ]
            }
        ],
        "MCA end": [
            {
                "id": 411,
                "degree": 1,
                "label": 7,
                "coords": [
                    -35.93652,
                    236.64355,
                    104.8
                ]
            }
        ]
    },
    "10": {
        "R-ACA boundary": [
            {
                "id": 678,
                "degree": 2,
                "label": 10,
                "coords": [
                    -6.1022,
                    232.6874,
                    106.77818
                ]
            }
        ],
        "L-ACA boundary": [
            {
                "id": 609,
                "degree": 3,
                "label": 10,
                "coords": [
                    -7.38652,
                    233.46543,
                    105.90625
                ]
            }
        ]
    },
    "11": {
        "ICA boundary": [
            {
                "id": 420,
                "degree": 2,
                "label": 11,
                "coords": [
                    7.30723,
                    225.99668,
                    104.29687
                ]
            }
        ],
        "Acom bifurcation": [
            {
                "id": 472,
                "degree": 3,
                "label": 11,
                "coords": [
                    -5.37428,
                    232.48782,
                    107.26901
                ]
            }
        ],
        "Acom boundary": [
            {
                "id": 678,
                "degree": 2,
                "label": 11,
                "coords": [
                    -6.1022,
                    232.6874,
                    106.77818
                ]
            }
        ],
        "ACA end": [
            {
                "id": 536,
                "degree": 1,
                "label": 11,
                "coords": [
                    -4.6709,
                    237.03418,
                    122.05
                ]
            }
        ]
    },
    "12": {
        "ICA boundary": [
            {
                "id": 544,
                "degree": 2,
                "label": 12,
                "coords": [
                    -22.43965,
                    230.62168,
                    102.8
                ]
            }
        ],
        "Acom bifurcation": [
            {
                "id": 609,
                "degree": 3,
                "label": 12,