{
    "1": {
        "BA start": [
            {
                "id": 0,
                "degree": 1,
                "label": 1,
                "coords": [
                    -4.82506,
                    -1.04135,
                    -20.21363
                ]
            }
        ],
        "BA bifurcation": [
            {
                "id": 56,
                "degree": 3,
                "label": 1,
                "coords": [
                    -6.48918,
                    -9.26326,
                    -7.02054
                ]
            }
        ],
        "R-PCA boundary": [
            {
                "id": 67,
                "degree": 2,
                "label": 1,
                "coords": [
                    -3.85403,
                    -10.58106,
                    -6.70035
                ]
            }
        ],
        "L-PCA boundary": [
            {
                "id": 182,
                "degree": 2,
                "label": 1,
                "coords": [
                    -9.20398,
                    -11.01538,
                    -6.39408
                ]
            }
        ]
    },
    "2": {
        "BA boundary": [
            {
                "id": 67,
                "degree": 2,
                "label": 2,
                "coords": [
                    -3.85403,
                    -10.58106,
                    -6.70035
                ]
            }
        ],
        "PCA end": [
            {
                "id": 172,
                "degree": 1,
                "label": 2,
                "coords": [
                    14.4669,
                    -23.51415,
                    -14.88395
                ]
            }
        ]
    },
    "3": {
        "BA boundary": [
            {
                "id": 182,
                "degree": 2,
                "label": 3,
                "coords": [
                    -9.20398,
                    -11.01538,
                    -6.39408
                ]
            }
        ],
        "PCA end": [
            {
                "id": 262,
                "degree": 1,
                "label": 3,
                "coords": [
                    -25.62903,
                    -16.05558,
                    -17.71208
                ]
            }
        ]
    },
    "4": {
        "ICA start": [
            {
                "id": 263,
                "degree": 1,
                "label": 4,
                "coords": [
                    8.0904,
                    10.96849,
                    -9.30886
                ]
            }
        ],
        "ICA bifurcation": [
            {
                "id": 355,
                "degree": 3,
                "label": 4,
                "coords": [
                    10.04142,
                    -1.73432,
                    1.71072
                ]
            }
        ],
        "ACA boundary": [
            {
                "id": 656,
                "degree": 2,
                "label": 4,
                "coords": [
                    8.6494,
                    -0.7381,
                    4.25714
                ]
            }
        ],
        "MCA boundary": [
            {
                "id": 363,
                "degree": 2,
                "label": 4,
                "coords": [
                    12.15512,
                    -1.91428,
                    2.3173
                ]
            }
        ]
    },
    "5": {
        "ICA boundary": [
            {
                "id": 363,
                "degree": 2,
                "label": 5,
                "coords": [
                    12.15512,
                    -1.91428,
                    2.3173
                ]
            }
        ],
        "MCA end": [
            {
                "id": 388,
                "degree": 3,
                "label": 5,
                "coords": [
                    18.46714,
                    -1.90321,
                    2.13501
                ]
            }
        ]
    },
    "6": {
        "ICA start": [
            {
                "id": 440,
                "degree": 1,
                "label": 6,
                "coords": [
                    -18.30998,
                    13.14243,
                    -13.07231
                ]
            }
        ],
        "ICA bifurcation": [
            {
                "id": 532,
                "degree": 3,
                "label": 6,
                "coords": [
                    -17.54367,
                    -3.00456,
                    -1.64101
                ]
            }
        ],
        "ACA boundary": [
            {
                "id": 772,
                "degree": 2,
                "label": 6,
                "coords": [
                    -16.0153,
                    -2.91498,
                    0.25602
                ]
            }
        ],
        "MCA boundary": [
            {
                "id": 538,
                "degree": 2,
                "label": 6,
                "coords": [
                    -19.11469,
                    -3.19118,
                    -1.13337
                ]
            }
        ]
    },
    "7": {
        "ICA boundary": [
            {
                "id": 538,
                "degree": 2,
                "label": 7,
                "coords": [
                    -19.11469,
                    -3.19118,
                    -1.13337
                ]
            }
        ],
        "MCA end": [
            {
                "id": 579,
                "degree": 3,
                "label": 7,
                "coords": [
                    -29.30982,
                    -1.26488,
                    -0.83522
                ]
            }
        ]
    },
    "10": {
        "R-ACA boundary": [
            {
                "id": 904,
                "degree": 2,
                "label": 10,
                "coords": [
                    -2.66167,
                    4.09667,
                    7.30867
                ]
            }
        ],
        "L-ACA boundary": [
            {
                "id": 916,
                "degree": 2,
                "label": 10,
                "coords": [
                    -5.66583,
                    3.59555,
                    6.53594
                ]
            }
        ],
        "3rd-A2 bifurcation": [
            {
                "id": 910,
                "degree": 3,
                "label": 10,
                "coords": [
                    -4.23637,
                    3.72516,
                    7.69056
                ]
            }
        ],
        "3rd-A2 boundary": [
            {
                "id": 920,
                "degree": 2,
                "label": 10,
                "coords": [
                    -4.37552,
                    3.34249,
                    8.69474
                ]
            }
        ]
    },
    "11": {
        "ICA boundary": [
            {
                "id": 656,
                "degree": 2,
                "label": 11,
                "coords": [
                    8.6494,
                    -0.7381,
                    4.25714
                ]
            }
        ],
        "Acom bifurcation": [
            {
                "id": 696,
                "degree": 3,
                "label": 11,
                "coords": [
                    -1.53509,
                    4.30893,
                    7.32615
                ]
            }
        ],
        "Acom boundary": [
            {
                "id": 904,
                "degree": 2,
                "label": 11,
                "coords": [
                    -2.66167,
                    4.09667,
                    7.30867
                ]
            }
        ],
        "ACA end": [
            {
                "id": 765,
                "degree": 1,
                "label": 11,