{
    "1": {
        "BA start": [
            {
                "id": 0,
                "degree": 1,
                "label": 1,
                "coords": [
                    -3.88055,
                    9.39286,
                    8.01159
                ]
            }
        ],
        "BA bifurcation": [
            {
                "id": 71,
                "degree": 3,
                "label": 1,
                "coords": [
                    -2.3247,
                    1.12608,
                    25.24607
                ]
            }
        ],
        "R-PCA boundary": [
            {
                "id": 81,
                "degree": 2,
                "label": 1,
                "coords": [
                    -0.06059,
                    0.30911,
                    27.25381
                ]
            }
        ],
        "L-PCA boundary": [
            {
                "id": 175,
                "degree": 2,
                "label": 1,
                "coords": [
                    -3.98383,
                    2.00617,
                    26.053
                ]
            }
        ]
    },
    "2": {
        "BA boundary": [
            {
                "id": 81,
                "degree": 2,
                "label": 2,
                "coords": [
                    -0.06059,
                    0.30911,
                    27.25381
                ]
            }
        ],
        "PCA end": [
            {
                "id": 168,
                "degree": 1,
                "label": 2,
                "coords": [
                    13.76997,
                    -6.43677,
                    17.2672
                ]
            }
        ]
    },
    "3": {
        "BA boundary": [
            {
                "id": 175,
                "degree": 2,
                "label": 3,
                "coords": [
                    -3.98383,
                    2.00617,
                    26.053
                ]
            }
        ],
        "PCA end": [
            {
                "id": 277,
                "degree": 1,
                "label": 3,
                "coords": [
                    -17.04317,
                    -5.49407,
                    14.9901
                ]
            }
        ]
    },
    "4": {
        "ICA start": [
            {
                "id": 278,
                "degree": 1,
                "label": 4,
                "coords": [
                    11.07146,
                    26.31074,
                    22.36351
                ]
            }
        ],
        "ICA bifurcation": [
            {
                "id": 370,
                "degree": 3,
                "label": 4,
                "coords": [
                    13.85622,
                    11.15678,
                    28.9033
                ]
            }
        ],
        "ACA boundary": [
            {
                "id": 576,
                "degree": 2,
                "label": 4,
                "coords": [
                    13.34914,
                    9.14993,
                    30.46484
                ]
            }
        ],
        "MCA boundary": [
            {
                "id": 378,
                "degree": 2,
                "label": 4,
                "coords": [
                    16.03589,
                    11.87119,
                    29.17182
                ]
            }
        ]
    },
    "5": {
        "ICA boundary": [
            {
                "id": 378,
                "degree": 2,
                "label": 5,
                "coords": [
                    16.03589,
                    11.87119,
                    29.17182
                ]
            }
        ],
        "MCA end": [
            {
                "id": 428,
                "degree": 1,
                "label": 5,
                "coords": [
                    27.02045,
                    19.46304,
                    33.25001
                ]
            }
        ]
    },
    "6": {
        "ICA start": [
            {
                "id": 429,
                "degree": 1,
                "label": 6,
                "coords": [
                    -11.62987,
                    25.29793,
                    18.4438
                ]
            }
        ],
        "ICA bifurcation": [
            {
                "id": 521,
                "degree": 3,
                "label": 6,
                "coords": [
                    -13.35516,
                    10.79357,
                    26.7416
                ]
            }
        ],
        "ACA boundary": [
            {
                "id": 691,
                "degree": 2,
                "label": 6,
                "coords": [
                    -11.02034,
                    10.46744,
                    27.51881
                ]
            }
        ],
        "MCA boundary": [
            {
                "id": 529,
                "degree": 2,
                "label": 6,
                "coords": [
                    -15.31308,
                    10.86211,
                    27.61277
                ]
            }
        ]
    },
    "7": {
        "ICA boundary": [
            {
                "id": 529,
                "degree": 2,
                "label": 7,
                "coords": [
                    -15.31308,
                    10.86211,
                    27.61277
                ]
            }
        ],
        "MCA end": [
            {
                "id": 567,
                "degree": 1,
                "label": 7,
                "coords": [
                    -24.62466,
                    14.10046,
                    31.20505
                ]
            }
        ]
    },
    "11": {
        "ICA boundary": [
            {
                "id": 576,
                "degree": 2,
                "label": 11,
                "coords": [
                    13.34914,
                    9.14993,
                    30.46484
                ]
            }
        ],
        "ACA end": [
            {
                "id": 682,
                "degree": 1,
                "label": 11,
                "coords": [
                    2.58276,
                    20.09291,
                    40.68201
                ]
            }
        ]
    },
    "12": {
        "ICA boundary": [
            {
                "id": 691,
                "degree": 2,
                "label": 12,
                "coords": [
                    -11.02034,
                    10.46744,
                    27.51881
                ]
            }
        ],
        "ACA end": [
            {
                "id": 774,
                "degree": 1,
                "label": 12,
                "coords": [
                    -0.24358,
                    18.62558,
                    40.11469
                ]
            }
        ]
    }
}