{
    "1": {
        "BA start": [
            {
                "id": 0,
                "degree": 1,
                "label": 1,
                "coords": [
                    5.29199,
                    187.60449,
                    -161.25
                ]
            }
        ],
        "BA bifurcation": [
            {
                "id": 62,
                "degree": 3,
                "label": 1,
                "coords": [
                    -1.85905,
                    189.18262,
                    -145.83333
                ]
            }
        ],
        "R-PCA boundary": [
            {
                "id": 70,
                "degree": 2,
                "label": 1,
                "coords": [
                    -0.82051,
                    188.46387,
                    -143.75
                ]
            }
        ],
        "L-PCA boundary": [
            {
                "id": 199,
                "degree": 2,
                "label": 1,
                "coords": [
                    -3.44551,
                    190.93262,
                    -145.01875
                ]
            }
        ]
    },
    "2": {
        "BA boundary": [
            {
                "id": 70,
                "degree": 2,
                "label": 2,
                "coords": [
                    -0.82051,
                    188.46387,
                    -143.75
                ]
            }
        ],
        "PCA end": [
            {
                "id": 192,
                "degree": 1,
                "label": 2,
                "coords": [
                    24.21387,
                    177.18262,
                    -148.65625
                ]
            }
        ]
    },
    "3": {
        "BA boundary": [
            {
                "id": 199,
                "degree": 2,
                "label": 3,
                "coords": [
                    -3.44551,
                    190.93262,
                    -145.01875
                ]
            }
        ],
        "PCA end": [
            {
                "id": 327,
                "degree": 1,
                "label": 3,
                "coords": [
                    -19.44238,
                    177.93262,
                    -150.82812
                ]
            }
        ]
    },
    "4": {
        "ICA start": [
            {
                "id": 328,
                "degree": 1,
                "label": 4,
                "coords": [
                    7.46387,
                    199.65137,
                    -156.34375
                ]
            }
        ],
        "ICA bifurcation": [
            {
                "id": 367,
                "degree": 3,
                "label": 4,
                "coords": [
                    13.89095,
                    197.26595,
                    -149.33333
                ]
            }
        ],
        "ACA boundary": [
            {
                "id": 550,
                "degree": 2,
                "label": 4,
                "coords": [
                    13.03574,
                    197.58574,
                    -148.01875
                ]
            }
        ],
        "MCA boundary": [
            {
                "id": 376,
                "degree": 2,
                "label": 4,
                "coords": [
                    16.30762,
                    197.62949,
                    -149.25
                ]
            }
        ]
    },
    "5": {
        "ICA boundary": [
            {
                "id": 376,
                "degree": 2,
                "label": 5,
                "coords": [
                    16.30762,
                    197.62949,
                    -149.25
                ]
            }
        ],
        "MCA end": [
            {
                "id": 437,
                "degree": 1,
                "label": 5,
                "coords": [
                    27.65137,
                    205.94824,
                    -158.67188
                ]
            }
        ]
    },
    "6": {
        "ICA start": [
            {
                "id": 438,
                "degree": 1,
                "label": 6,
                "coords": [
                    -9.61426,
                    201.68262,
                    -157.32812
                ]
            }
        ],
        "ICA bifurcation": [
            {
                "id": 477,
                "degree": 3,
                "label": 6,
                "coords": [
                    -17.94238,
                    199.18262,
                    -150.5
                ]
            }
        ],
        "ACA boundary": [
            {
                "id": 690,
                "degree": 2,
                "label": 6,
                "coords": [
                    -16.42363,
                    199.48887,
                    -148.85
                ]
            }
        ],
        "MCA boundary": [
            {
                "id": 486,
                "degree": 2,
                "label": 6,
                "coords": [
                    -20.19238,
                    198.98574,
                    -150.69688
                ]
            }
        ]
    },
    "7": {
        "ICA boundary": [
            {
                "id": 486,
                "degree": 2,
                "label": 7,
                "coords": [
                    -20.19238,
                    198.98574,
                    -150.69688
                ]
            }
        ],
        "MCA end": [
            {
                "id": 545,
                "degree": 1,
                "label": 7,
                "coords": [
                    -31.95801,
                    209.44824,
                    -154.25
                ]
            }
        ]
    },
    "10": {
        "R-ACA boundary": [
            {
                "id": 821,
                "degree": 2,
                "label": 10,
                "coords": [
                    -0.72207,
                    201.61543,
                    -150.75078
                ]
            }
        ],
        "L-ACA boundary": [
            {
                "id": 832,
                "degree": 2,
                "label": 10,
                "coords": [
                    -2.54238,
                    200.50762,
                    -149.70312
                ]
            }
        ]
    },
    "11": {
        "ICA boundary": [
            {
                "id": 550,
                "degree": 2,
                "label": 11,
                "coords": [
                    13.03574,
                    197.58574,
                    -148.01875
                ]
            }
        ],
        "Acom bifurcation": [
            {
                "id": 604,
                "degree": 3,
                "label": 11,
                "coords": [
                    -0.54551,
                    202.17949,
                    -150.84688
                ]
            }
        ],
        "Acom boundary": [
            {
                "id": 821,
                "degree": 2,
                "label": 11,
                "coords": [
                    -0.72207,
                    201.61543,
                    -150.75078
                ]
            }
        ],
        "ACA end": [
            {
                "id": 683,
                "degree": 1,
                "label": 11,
                "coords": [
                    -5.09863,
                    215.18262,
                    -144.76562
                ]
            }
        ]
    },
    "12": {
        "ICA boundary": [
            {
                "id": 690,
                "degree": 2,
                "label": 12,
                "coords": [
                    -16.42363,
                    199.48887,
                    -148.85
                ]
            }
        ],
        "Acom bifurcation": [
            {
                "id": 744,
                "degree": 3,