{
    "1": {
        "BA start": [
            {
                "id": 0,
                "degree": 1,
                "label": 1,
                "coords": [
                    10.51809,
                    4.36729,
                    -36.23352
                ]
            }
        ],
        "BA bifurcation": [
            {
                "id": 63,
                "degree": 3,
                "label": 1,
                "coords": [
                    4.0761,
                    3.66549,
                    -21.16442
                ]
            }
        ],
        "R-PCA boundary": [
            {
                "id": 72,
                "degree": 2,
                "label": 1,
                "coords": [
                    6.16574,
                    3.41864,
                    -19.70754
                ]
            }
        ],
        "L-PCA boundary": [
            {
                "id": 184,
                "degree": 2,
                "label": 1,
                "coords": [
                    0.87755,
                    4.03738,
                    -19.71218
                ]
            }
        ]
    },
    "2": {
        "BA boundary": [
            {
                "id": 72,
                "degree": 2,
                "label": 2,
                "coords": [
                    6.16574,
                    3.41864,
                    -19.70754
                ]
            }
        ],
        "PCA end": [
            {
                "id": 171,
                "degree": 1,
                "label": 2,
                "coords": [
                    21.89967,
                    -12.09214,
                    -24.67894
                ]
            }
        ]
    },
    "3": {
        "BA boundary": [
            {
                "id": 184,
                "degree": 2,
                "label": 3,
                "coords": [
                    0.87755,
                    4.03738,
                    -19.71218
                ]
            }
        ],
        "PCA end": [
            {
                "id": 294,
                "degree": 1,
                "label": 3,
                "coords": [
                    -13.27821,
                    -11.34832,
                    -27.53695
                ]
            }
        ]
    },
    "4": {
        "ICA start": [
            {
                "id": 295,
                "degree": 1,
                "label": 4,
                "coords": [
                    19.53261,
                    19.88687,
                    -34.41657
                ]
            }
        ],
        "ICA bifurcation": [
            {
                "id": 387,
                "degree": 3,
                "label": 4,
                "coords": [
                    19.99487,
                    16.49935,
                    -20.93747
                ]
            }
        ],
        "ACA boundary": [
            {
                "id": 708,
                "degree": 2,
                "label": 4,
                "coords": [
                    18.65387,
                    18.01866,
                    -19.71433
                ]
            }
        ],
        "MCA boundary": [
            {
                "id": 397,
                "degree": 2,
                "label": 4,
                "coords": [
                    22.23552,
                    15.91946,
                    -19.34085
                ]
            }
        ]
    },
    "5": {
        "ICA boundary": [
            {
                "id": 397,
                "degree": 2,
                "label": 5,
                "coords": [
                    22.23552,
                    15.91946,
                    -19.34085
                ]
            }
        ],
        "MCA end": [
            {
                "id": 413,
                "degree": 4,
                "label": 5,
                "coords": [
                    26.16375,
                    15.92127,
                    -18.50797
                ]
            }
        ]
    },
    "6": {
        "ICA start": [
            {
                "id": 536,
                "degree": 1,
                "label": 6,
                "coords": [
                    -5.31762,
                    20.87813,
                    -38.46032
                ]
            }
        ],
        "ICA bifurcation": [
            {
                "id": 628,
                "degree": 3,
                "label": 6,
                "coords": [
                    -9.85891,
                    18.15799,
                    -24.65128
                ]
            }
        ],
        "ACA boundary": [
            {
                "id": 848,
                "degree": 2,
                "label": 6,
                "coords": [
                    -8.54997,
                    18.74283,
                    -22.98882
                ]
            }
        ],
        "MCA boundary": [
            {
                "id": 637,
                "degree": 2,
                "label": 6,
                "coords": [
                    -12.12264,
                    18.60481,
                    -24.67538
                ]
            }
        ]
    },
    "7": {
        "ICA boundary": [
            {
                "id": 637,
                "degree": 2,
                "label": 7,
                "coords": [
                    -12.12264,
                    18.60481,
                    -24.67538
                ]
            }
        ],
        "MCA end": [
            {
                "id": 679,
                "degree": 3,
                "label": 7,
                "coords": [
                    -21.34932,
                    22.89734,
                    -29.58298
                ]
            }
        ]
    },
    "10": {
        "R-ACA boundary": [
            {
                "id": 989,
                "degree": 2,
                "label": 10,
                "coords": [
                    8.99849,
                    23.83499,
                    -22.28799
                ]
            }
        ],
        "L-ACA boundary": [
            {
                "id": 1005,
                "degree": 2,
                "label": 10,
                "coords": [
                    4.98402,
                    22.99504,
                    -21.975
                ]
            }
        ]
    },
    "11": {
        "ICA boundary": [
            {
                "id": 708,
                "degree": 2,
                "label": 11,
                "coords": [
                    18.65387,
                    18.01866,
                    -19.71433
                ]
            }
        ],
        "Acom bifurcation": [
            {
                "id": 742,
                "degree": 3,
                "label": 11,
                "coords": [
                    9.94266,
                    24.32791,
                    -21.70847
                ]
            }
        ],
        "Acom boundary": [
            {
                "id": 989,
                "degree": 2,
                "label": 11,
                "coords": [
                    8.99849,
                    23.83499,
                    -22.28799
                ]
            }
        ],
        "ACA end": [
            {
                "id": 841,
                "degree": 1,
                "label": 11,
                "coords": [
                    4.03326,
                    32.95625,
                    -2.34509
                ]
            }
        ]
    },
    "12": {
        "ICA boundary": [
            {
                "id": 848,
                "degree": 2,
                "label": 12,
                "coords": [
                    -8.54997,
                    18.74283,
                    -22.98882
                ]
            }
        ],
        "Acom bifurcation": [
            {
                "id": 899,
                "degree": 3,
                "label": 12,