{
    "1": {
        "BA start": [
            {
                "id": 0,
                "degree": 1,
                "label": 1,
                "coords": [
                    21.5625,
                    197.95312,
                    -115.96875
                ]
            }
        ],
        "BA bifurcation": [
            {
                "id": 88,
                "degree": 3,
                "label": 1,
                "coords": [
                    8.90104,
                    204.95312,
                    -98.08333
                ]
            }
        ],
        "R-PCA boundary": [
            {
                "id": 97,
                "degree": 2,
                "label": 1,
                "coords": [
                    10.71875,
                    203.70312,
                    -95.80312
                ]
            }
        ],
        "L-PCA boundary": [
            {
                "id": 229,
                "degree": 2,
                "label": 1,
                "coords": [
                    5.73438,
                    205.65625,
                    -96.83125
                ]
            }
        ]
    },
    "2": {
        "BA boundary": [
            {
                "id": 97,
                "degree": 2,
                "label": 2,
                "coords": [
                    10.71875,
                    203.70312,
                    -95.80312
                ]
            }
        ],
        "Pcom bifurcation": [
            {
                "id": 137,
                "degree": 3,
                "label": 2,
                "coords": [
                    19.65312,
                    205.54062,
                    -94.8
                ]
            }
        ],
        "Pcom boundary": [
            {
                "id": 631,
                "degree": 2,
                "label": 2,
                "coords": [
                    19.0375,
                    206.70312,
                    -95.14688
                ]
            }
        ],
        "PCA end": [
            {
                "id": 216,
                "degree": 1,
                "label": 2,
                "coords": [
                    27.0625,
                    190.70312,
                    -102.82812
                ]
            }
        ]
    },
    "3": {
        "BA boundary": [
            {
                "id": 229,
                "degree": 2,
                "label": 3,
                "coords": [
                    5.73438,
                    205.65625,
                    -96.83125
                ]
            }
        ],
        "PCA end": [
            {
                "id": 332,
                "degree": 1,
                "label": 3,
                "coords": [
                    -9.45312,
                    194.45312,
                    -103.48438
                ]
            }
        ]
    },
    "4": {
        "ICA start": [
            {
                "id": 333,
                "degree": 1,
                "label": 4,
                "coords": [
                    22.07812,
                    218.95312,
                    -102.5
                ]
            }
        ],
        "Pcom bifurcation": [
            {
                "id": 352,
                "degree": 3,
                "label": 4,
                "coords": [
                    25.16354,
                    214.14791,
                    -102.52084
                ]
            }
        ],
        "Pcom boundary": [
            {
                "id": 576,
                "degree": 2,
                "label": 4,
                "coords": [
                    23.93125,
                    212.87812,
                    -103.325
                ]
            }
        ],
        "ICA bifurcation": [
            {
                "id": 378,
                "degree": 3,
                "label": 4,
                "coords": [
                    31.73438,
                    211.95312,
                    -101.75
                ]
            }
        ],
        "ACA boundary": [
            {
                "id": 642,
                "degree": 2,
                "label": 4,
                "coords": [
                    32.23438,
                    212.20312,
                    -99.75
                ]
            }
        ],
        "MCA boundary": [
            {
                "id": 390,
                "degree": 2,
                "label": 4,
                "coords": [
                    34.73438,
                    212.20625,
                    -103.0
                ]
            }
        ]
    },
    "5": {
        "ICA boundary": [
            {
                "id": 390,
                "degree": 2,
                "label": 5,
                "coords": [
                    34.73438,
                    212.20625,
                    -103.0
                ]
            }
        ],
        "MCA end": [
            {
                "id": 443,
                "degree": 1,
                "label": 5,
                "coords": [
                    45.89062,
                    221.20312,
                    -105.25
                ]
            }
        ]
    },
    "6": {
        "ICA start": [
            {
                "id": 444,
                "degree": 1,
                "label": 6,
                "coords": [
                    0.73438,
                    221.95312,
                    -101.51562
                ]
            }
        ],
        "ICA bifurcation": [
            {
                "id": 483,
                "degree": 3,
                "label": 6,
                "coords": [
                    -4.68229,
                    214.86979,
                    -94.08333
                ]
            }
        ],
        "ACA boundary": [
            {
                "id": 828,
                "degree": 2,
                "label": 6,
                "coords": [
                    -4.03125,
                    212.70312,
                    -91.5
                ]
            }
        ],
        "MCA boundary": [
            {
                "id": 495,
                "degree": 2,
                "label": 6,
                "coords": [
                    -7.76562,
                    216.80625,
                    -93.35312
                ]
            }
        ]
    },
    "7": {
        "ICA boundary": [
            {
                "id": 495,
                "degree": 2,
                "label": 7,
                "coords": [
                    -7.76562,
                    216.80625,
                    -93.35312
                ]
            }
        ],
        "MCA end": [
            {
                "id": 531,
                "degree": 3,
                "label": 7,
                "coords": [
                    -16.01562,
                    223.95312,
                    -97.5
                ]
            }
        ]
    },
    "8": {
        "ICA boundary": [
            {
                "id": 576,
                "degree": 2,
                "label": 8,
                "coords": [
                    23.93125,
                    212.87812,
                    -103.325
                ]
            }
        ],
        "PCA boundary": [
            {
                "id": 631,
                "degree": 2,
                "label": 8,
                "coords": [
                    19.0375,
                    206.70312,
                    -95.14688
                ]
            }
        ]
    },
    "10": {
        "R-ACA boundary": [
            {
                "id": 728,
                "degree": 3,
                "label": 10,
                "coords": [
                    14.34141,
                    217.17969,
                    -90.72891
                ]
            }
        ],
        "L-ACA boundary": [
            {
                "id": 892,
                "degree": 3,
                "label": 10,