{
    "1": {
        "BA start": [
            {
                "id": 0,
                "degree": 1,
                "label": 1,
                "coords": [
                    9.81836,
                    207.20898,
                    -21.93546
                ]
            }
        ],
        "BA bifurcation": [
            {
                "id": 74,
                "degree": 3,
                "label": 1,
                "coords": [
                    10.38086,
                    212.45898,
                    -3.95108
                ]
            }
        ],
        "R-PCA boundary": [
            {
                "id": 88,
                "degree": 2,
                "label": 1,
                "coords": [
                    13.88086,
                    212.65273,
                    -3.05108
                ]
            }
        ],
        "L-PCA boundary": [
            {
                "id": 210,
                "degree": 2,
                "label": 1,
                "coords": [
                    7.38086,
                    212.35898,
                    -2.03233
                ]
            }
        ]
    },
    "2": {
        "BA boundary": [
            {
                "id": 88,
                "degree": 2,
                "label": 2,
                "coords": [
                    13.88086,
                    212.65273,
                    -3.05108
                ]
            }
        ],
        "PCA end": [
            {
                "id": 196,
                "degree": 1,
                "label": 2,
                "coords": [
                    29.45898,
                    199.45898,
                    -6.95108
                ]
            }
        ]
    },
    "3": {
        "BA boundary": [
            {
                "id": 210,
                "degree": 2,
                "label": 3,
                "coords": [
                    7.38086,
                    212.35898,
                    -2.03233
                ]
            }
        ],
        "PCA end": [
            {
                "id": 248,
                "degree": 1,
                "label": 3,
                "coords": [
                    -2.11914,
                    211.02148,
                    -1.46671
                ]
            }
        ]
    },
    "4": {
        "ICA start": [
            {
                "id": 249,
                "degree": 1,
                "label": 4,
                "coords": [
                    15.38086,
                    221.44336,
                    -16.51358
                ]
            }
        ],
        "ICA bifurcation": [
            {
                "id": 288,
                "degree": 3,
                "label": 4,
                "coords": [
                    23.96419,
                    216.70898,
                    -12.61775
                ]
            }
        ],
        "ACA boundary": [
            {
                "id": 453,
                "degree": 2,
                "label": 4,
                "coords": [
                    24.32461,
                    217.70586,
                    -9.20108
                ]
            }
        ],
        "MCA boundary": [
            {
                "id": 302,
                "degree": 2,
                "label": 4,
                "coords": [
                    27.63086,
                    217.72773,
                    -13.03546
                ]
            }
        ]
    },
    "5": {
        "ICA boundary": [
            {
                "id": 302,
                "degree": 2,
                "label": 5,
                "coords": [
                    27.63086,
                    217.72773,
                    -13.03546
                ]
            }
        ],
        "MCA end": [
            {
                "id": 343,
                "degree": 1,
                "label": 5,
                "coords": [
                    37.28711,
                    224.20898,
                    -15.70108
                ]
            }
        ]
    },
    "6": {
        "ICA start": [
            {
                "id": 344,
                "degree": 1,
                "label": 6,
                "coords": [
                    -1.63477,
                    217.95898,
                    -16.79483
                ]
            }
        ],
        "ICA bifurcation": [
            {
                "id": 383,
                "degree": 3,
                "label": 6,
                "coords": [
                    -9.20247,
                    213.79232,
                    -11.61775
                ]
            }
        ],
        "ACA boundary": [
            {
                "id": 588,
                "degree": 2,
                "label": 6,
                "coords": [
                    -7.06914,
                    214.69336,
                    -9.30108
                ]
            }
        ],
        "MCA boundary": [
            {
                "id": 394,
                "degree": 2,
                "label": 6,
                "coords": [
                    -12.11914,
                    214.20586,
                    -11.18233
                ]
            }
        ]
    },
    "7": {
        "ICA boundary": [
            {
                "id": 394,
                "degree": 2,
                "label": 7,
                "coords": [
                    -12.11914,
                    214.20586,
                    -11.18233
                ]
            }
        ],
        "MCA end": [
            {
                "id": 440,
                "degree": 1,
                "label": 7,
                "coords": [
                    -23.11914,
                    217.95898,
                    -15.20108
                ]
            }
        ]
    },
    "10": {
        "R-ACA boundary": [
            {
                "id": 723,
                "degree": 2,
                "label": 10,
                "coords": [
                    11.38086,
                    219.92773,
                    -4.79483
                ]
            }
        ],
        "L-ACA boundary": [
            {
                "id": 740,
                "degree": 2,
                "label": 10,
                "coords": [
                    8.59648,
                    220.36211,
                    -8.14483
                ]
            }
        ]
    },
    "11": {
        "ICA boundary": [
            {
                "id": 453,
                "degree": 2,
                "label": 11,
                "coords": [
                    24.32461,
                    217.70586,
                    -9.20108
                ]
            }
        ],
        "Acom bifurcation": [
            {
                "id": 502,
                "degree": 3,
                "label": 11,
                "coords": [
                    13.74128,
                    220.72773,
                    -3.49066
                ]
            }
        ],
        "Acom boundary": [
            {
                "id": 723,
                "degree": 2,
                "label": 11,
                "coords": [
                    11.38086,
                    219.92773,
                    -4.79483
                ]
            }
        ],
        "ACA end": [
            {
                "id": 578,
                "degree": 1,
                "label": 11,
                "coords": [
                    5.61523,
                    235.70898,
                    4.61142
                ]
            }
        ]
    },
    "12": {
        "ICA boundary": [
            {
                "id": 588,
                "degree": 2,
                "label": 12,
                "coords": [
                    -7.06914,
                    214.69336,
                    -9.30108
                ]
            }
        ],
        "Acom bifurcation": [
            {
                "id": 646,
                "degree": 3,
                "label": 12,