{
    "1": {
        "BA start": [
            {
                "id": 0,
                "degree": 1,
                "label": 1,
                "coords": [
                    7.75293,
                    221.4834,
                    373.44913
                ]
            }
        ],
        "BA bifurcation": [
            {
                "id": 50,
                "degree": 3,
                "label": 1,
                "coords": [
                    2.4196,
                    224.83757,
                    386.11579
                ]
            }
        ],
        "R-PCA boundary": [
            {
                "id": 61,
                "degree": 2,
                "label": 1,
                "coords": [
                    5.00293,
                    224.71465,
                    387.796
                ]
            }
        ],
        "L-PCA boundary": [
            {
                "id": 163,
                "degree": 2,
                "label": 1,
                "coords": [
                    -0.24707,
                    225.37402,
                    387.84913
                ]
            }
        ]
    },
    "2": {
        "BA boundary": [
            {
                "id": 61,
                "degree": 2,
                "label": 2,
                "coords": [
                    5.00293,
                    224.71465,
                    387.796
                ]
            }
        ],
        "PCA end": [
            {
                "id": 152,
                "degree": 1,
                "label": 2,
                "coords": [
                    19.81543,
                    210.9209,
                    386.58975
                ]
            }
        ]
    },
    "3": {
        "BA boundary": [
            {
                "id": 163,
                "degree": 2,
                "label": 3,
                "coords": [
                    -0.24707,
                    225.37402,
                    387.84913
                ]
            }
        ],
        "PCA end": [
            {
                "id": 271,
                "degree": 1,
                "label": 3,
                "coords": [
                    -14.8252,
                    209.34277,
                    385.19913
                ]
            }
        ]
    },
    "4": {
        "ICA start": [
            {
                "id": 272,
                "degree": 1,
                "label": 4,
                "coords": [
                    13.2373,
                    239.1709,
                    373.58975
                ]
            }
        ],
        "ICA bifurcation": [
            {
                "id": 311,
                "degree": 3,
                "label": 4,
                "coords": [
                    18.58626,
                    237.00423,
                    381.86579
                ]
            }
        ],
        "ACA boundary": [
            {
                "id": 542,
                "degree": 2,
                "label": 4,
                "coords": [
                    17.00293,
                    238.4209,
                    382.146
                ]
            }
        ],
        "MCA boundary": [
            {
                "id": 320,
                "degree": 2,
                "label": 4,
                "coords": [
                    21.00293,
                    236.9209,
                    382.696
                ]
            }
        ]
    },
    "5": {
        "ICA boundary": [
            {
                "id": 320,
                "degree": 2,
                "label": 5,
                "coords": [
                    21.00293,
                    236.9209,
                    382.696
                ]
            }
        ],
        "MCA end": [
            {
                "id": 339,
                "degree": 4,
                "label": 5,
                "coords": [
                    25.75293,
                    237.1709,
                    383.19913
                ]
            }
        ]
    },
    "6": {
        "ICA start": [
            {
                "id": 422,
                "degree": 1,
                "label": 6,
                "coords": [
                    -4.34082,
                    236.99902,
                    373.19913
                ]
            }
        ],
        "ICA bifurcation": [
            {
                "id": 460,
                "degree": 3,
                "label": 6,
                "coords": [
                    -11.74707,
                    236.9209,
                    379.19913
                ]
            }
        ],
        "ACA boundary": [
            {
                "id": 676,
                "degree": 2,
                "label": 6,
                "coords": [
                    -10.64707,
                    238.0959,
                    380.29913
                ]
            }
        ],
        "MCA boundary": [
            {
                "id": 467,
                "degree": 2,
                "label": 6,
                "coords": [
                    -13.49707,
                    237.12402,
                    379.25225
                ]
            }
        ]
    },
    "7": {
        "ICA boundary": [
            {
                "id": 467,
                "degree": 2,
                "label": 7,
                "coords": [
                    -13.49707,
                    237.12402,
                    379.25225
                ]
            }
        ],
        "MCA end": [
            {
                "id": 509,
                "degree": 3,
                "label": 7,
                "coords": [
                    -24.0804,
                    239.50423,
                    374.03246
                ]
            }
        ]
    },
    "10": {
        "R-ACA boundary": [
            {
                "id": 807,
                "degree": 2,
                "label": 10,
                "coords": [
                    6.75293,
                    242.97715,
                    378.61475
                ]
            }
        ],
        "L-ACA boundary": [
            {
                "id": 821,
                "degree": 2,
                "label": 10,
                "coords": [
                    3.32793,
                    242.72246,
                    379.11397
                ]
            }
        ]
    },
    "11": {
        "ICA boundary": [
            {
                "id": 542,
                "degree": 2,
                "label": 11,
                "coords": [
                    17.00293,
                    238.4209,
                    382.146
                ]
            }
        ],
        "Acom bifurcation": [
            {
                "id": 577,
                "degree": 3,
                "label": 11,
                "coords": [
                    7.90605,
                    243.43965,
                    378.5335
                ]
            }
        ],
        "Acom boundary": [
            {
                "id": 807,
                "degree": 2,
                "label": 11,
                "coords": [
                    6.75293,
                    242.97715,
                    378.61475
                ]
            }
        ],
        "ACA end": [
            {
                "id": 669,
                "degree": 1,
                "label": 11,
                "coords": [
                    2.25293,
                    258.4209,
                    388.21475
                ]
            }
        ]
    },
    "12": {
        "ICA boundary": [
            {
                "id": 676,
                "degree": 2,
                "label": 12,
                "coords": [
                    -10.64707,
                    238.0959,
                    380.29913
                ]
            }
        ],
        "Acom bifurcation": [
            {
                "id": 729,
                "degree": 3,
                "label": 12,