{
    "1": {
        "BA start": [
            {
                "id": 0,
                "degree": 1,
                "label": 1,
                "coords": [
                    8.64333,
                    3.16076,
                    -35.078
                ]
            }
        ],
        "BA bifurcation": [
            {
                "id": 33,
                "degree": 3,
                "label": 1,
                "coords": [
                    5.8698,
                    -2.28293,
                    -27.1491
                ]
            }
        ],
        "R-PCA boundary": [
            {
                "id": 43,
                "degree": 2,
                "label": 1,
                "coords": [
                    6.65975,
                    -3.21706,
                    -24.72553
                ]
            }
        ],
        "L-PCA boundary": [
            {
                "id": 163,
                "degree": 2,
                "label": 1,
                "coords": [
                    3.46361,
                    -1.73618,
                    -26.67563
                ]
            }
        ]
    },
    "2": {
        "BA boundary": [
            {
                "id": 43,
                "degree": 2,
                "label": 2,
                "coords": [
                    6.65975,
                    -3.21706,
                    -24.72553
                ]
            }
        ],
        "PCA end": [
            {
                "id": 153,
                "degree": 1,
                "label": 2,
                "coords": [
                    21.95718,
                    -16.04512,
                    -28.99033
                ]
            }
        ]
    },
    "3": {
        "BA boundary": [
            {
                "id": 163,
                "degree": 2,
                "label": 3,
                "coords": [
                    3.46361,
                    -1.73618,
                    -26.67563
                ]
            }
        ],
        "PCA end": [
            {
                "id": 253,
                "degree": 1,
                "label": 3,
                "coords": [
                    -14.78373,
                    -5.69709,
                    -29.30718
                ]
            }
        ]
    },
    "4": {
        "ICA start": [
            {
                "id": 254,
                "degree": 1,
                "label": 4,
                "coords": [
                    20.14311,
                    18.13323,
                    -29.55033
                ]
            }
        ],
        "ICA bifurcation": [
            {
                "id": 346,
                "degree": 3,
                "label": 4,
                "coords": [
                    24.64093,
                    8.9718,
                    -20.32263
                ]
            }
        ],
        "ACA boundary": [
            {
                "id": 586,
                "degree": 2,
                "label": 4,
                "coords": [
                    24.38921,
                    8.48911,
                    -18.31976
                ]
            }
        ],
        "MCA boundary": [
            {
                "id": 356,
                "degree": 2,
                "label": 4,
                "coords": [
                    27.22702,
                    9.07085,
                    -20.37997
                ]
            }
        ]
    },
    "5": {
        "ICA boundary": [
            {
                "id": 356,
                "degree": 2,
                "label": 5,
                "coords": [
                    27.22702,
                    9.07085,
                    -20.37997
                ]
            }
        ],
        "MCA end": [
            {
                "id": 386,
                "degree": 3,
                "label": 5,
                "coords": [
                    35.27883,
                    10.99184,
                    -21.22653
                ]
            }
        ]
    },
    "6": {
        "ICA start": [
            {
                "id": 419,
                "degree": 1,
                "label": 6,
                "coords": [
                    -4.44138,
                    23.08602,
                    -28.55954
                ]
            }
        ],
        "ICA bifurcation": [
            {
                "id": 511,
                "degree": 3,
                "label": 6,
                "coords": [
                    -6.2569,
                    11.81597,
                    -18.46135
                ]
            }
        ],
        "ACA boundary": [
            {
                "id": 717,
                "degree": 2,
                "label": 6,
                "coords": [
                    -5.52428,
                    12.72205,
                    -16.83955
                ]
            }
        ],
        "MCA boundary": [
            {
                "id": 519,
                "degree": 2,
                "label": 6,
                "coords": [
                    -8.48327,
                    11.87675,
                    -18.59819
                ]
            }
        ]
    },
    "7": {
        "ICA boundary": [
            {
                "id": 519,
                "degree": 2,
                "label": 7,
                "coords": [
                    -8.48327,
                    11.87675,
                    -18.59819
                ]
            }
        ],
        "MCA end": [
            {
                "id": 548,
                "degree": 3,
                "label": 7,
                "coords": [
                    -15.21888,
                    15.39819,
                    -19.19481
                ]
            }
        ]
    },
    "10": {
        "R-ACA boundary": [
            {
                "id": 847,
                "degree": 3,
                "label": 10,
                "coords": [
                    10.29891,
                    15.72217,
                    -16.92989
                ]
            }
        ],
        "L-ACA boundary": [
            {
                "id": 772,
                "degree": 3,
                "label": 10,
                "coords": [
                    8.66221,
                    15.50193,
                    -18.31431
                ]
            }
        ],
        "3rd-A2 bifurcation": [
            {
                "id": 847,
                "degree": 3,
                "label": 10,
                "coords": [
                    10.29891,
                    15.72217,
                    -16.92989
                ]
            }
        ],
        "3rd-A2 boundary": [
            {
                "id": 856,
                "degree": 2,
                "label": 10,
                "coords": [
                    8.93956,
                    14.77686,
                    -16.04773
                ]
            }
        ]
    },
    "11": {
        "ICA boundary": [
            {
                "id": 586,
                "degree": 2,
                "label": 11,
                "coords": [
                    24.38921,
                    8.48911,
                    -18.31976
                ]
            }
        ],
        "Acom bifurcation": [
            {
                "id": 645,
                "degree": 3,
                "label": 11,
                "coords": [
                    11.14903,
                    15.97193,
                    -16.48826
                ]
            }
        ],
        "Acom boundary": [
            {
                "id": 847,
                "degree": 3,
                "label": 11,
                "coords": [
                    10.29891,
                    15.72217,
                    -16.92989
                ]
            }
        ],
        "ACA end": [
            {
                "id": 711,
                "degree": 1,
                "label": 11,