{
    "1": {
        "BA start": [
            {
                "id": 0,
                "degree": 1,
                "label": 1,
                "coords": [
                    8.22795,
                    -14.86873,
                    -38.52373
                ]
            }
        ],
        "BA bifurcation": [
            {
                "id": 50,
                "degree": 3,
                "label": 1,
                "coords": [
                    2.55528,
                    -16.63637,
                    -26.08136
                ]
            }
        ],
        "R-PCA boundary": [
            {
                "id": 62,
                "degree": 2,
                "label": 1,
                "coords": [
                    4.7964,
                    -18.97275,
                    -24.31025
                ]
            }
        ],
        "L-PCA boundary": [
            {
                "id": 211,
                "degree": 2,
                "label": 1,
                "coords": [
                    -0.31208,
                    -17.68871,
                    -25.567
                ]
            }
        ]
    },
    "2": {
        "BA boundary": [
            {
                "id": 62,
                "degree": 2,
                "label": 2,
                "coords": [
                    4.7964,
                    -18.97275,
                    -24.31025
                ]
            }
        ],
        "PCA end": [
            {
                "id": 200,
                "degree": 1,
                "label": 2,
                "coords": [
                    27.7113,
                    -33.03993,
                    -24.81392
                ]
            }
        ]
    },
    "3": {
        "BA boundary": [
            {
                "id": 211,
                "degree": 2,
                "label": 3,
                "coords": [
                    -0.31208,
                    -17.68871,
                    -25.567
                ]
            }
        ],
        "PCA end": [
            {
                "id": 317,
                "degree": 1,
                "label": 3,
                "coords": [
                    -20.11065,
                    -24.87966,
                    -30.736
                ]
            }
        ]
    },
    "4": {
        "ICA start": [
            {
                "id": 318,
                "degree": 1,
                "label": 4,
                "coords": [
                    13.10023,
                    -3.74232,
                    -37.1177
                ]
            }
        ],
        "ICA bifurcation": [
            {
                "id": 410,
                "degree": 3,
                "label": 4,
                "coords": [
                    14.48873,
                    -6.27844,
                    -25.21109
                ]
            }
        ],
        "ACA boundary": [
            {
                "id": 620,
                "degree": 2,
                "label": 4,
                "coords": [
                    12.25519,
                    -4.1941,
                    -23.43496
                ]
            }
        ],
        "MCA boundary": [
            {
                "id": 419,
                "degree": 2,
                "label": 4,
                "coords": [
                    16.66556,
                    -5.0318,
                    -24.57014
                ]
            }
        ]
    },
    "5": {
        "ICA boundary": [
            {
                "id": 419,
                "degree": 2,
                "label": 5,
                "coords": [
                    16.66556,
                    -5.0318,
                    -24.57014
                ]
            }
        ],
        "MCA end": [
            {
                "id": 469,
                "degree": 1,
                "label": 5,
                "coords": [
                    28.98039,
                    -5.00065,
                    -20.63884
                ]
            }
        ]
    },
    "6": {
        "ICA start": [
            {
                "id": 470,
                "degree": 1,
                "label": 6,
                "coords": [
                    -8.2345,
                    2.06792,
                    -39.201
                ]
            }
        ],
        "ICA bifurcation": [
            {
                "id": 562,
                "degree": 3,
                "label": 6,
                "coords": [
                    -8.88526,
                    -8.50094,
                    -27.78663
                ]
            }
        ],
        "ACA boundary": [
            {
                "id": 716,
                "degree": 2,
                "label": 6,
                "coords": [
                    -7.5235,
                    -8.13421,
                    -25.93918
                ]
            }
        ],
        "MCA boundary": [
            {
                "id": 573,
                "degree": 2,
                "label": 6,
                "coords": [
                    -11.80786,
                    -8.39413,
                    -27.05867
                ]
            }
        ]
    },
    "7": {
        "ICA boundary": [
            {
                "id": 573,
                "degree": 2,
                "label": 7,
                "coords": [
                    -11.80786,
                    -8.39413,
                    -27.05867
                ]
            }
        ],
        "MCA end": [
            {
                "id": 609,
                "degree": 1,
                "label": 7,
                "coords": [
                    -20.68845,
                    -7.28004,
                    -27.06073
                ]
            }
        ]
    },
    "10": {
        "R-ACA boundary": [
            {
                "id": 826,
                "degree": 2,
                "label": 10,
                "coords": [
                    2.3298,
                    1.54172,
                    -25.26763
                ]
            }
        ],
        "L-ACA boundary": [
            {
                "id": 760,
                "degree": 3,
                "label": 10,
                "coords": [
                    0.37267,
                    1.45405,
                    -25.97938
                ]
            }
        ]
    },
    "11": {
        "ICA boundary": [
            {
                "id": 620,
                "degree": 2,
                "label": 11,
                "coords": [
                    12.25519,
                    -4.1941,
                    -23.43496
                ]
            }
        ],
        "Acom bifurcation": [
            {
                "id": 661,
                "degree": 3,
                "label": 11,
                "coords": [
                    2.76326,
                    1.5437,
                    -24.85763
                ]
            }
        ],
        "Acom boundary": [
            {
                "id": 826,
                "degree": 2,
                "label": 11,
                "coords": [
                    2.3298,
                    1.54172,
                    -25.26763
                ]
            }
        ],
        "ACA end": [
            {
                "id": 709,
                "degree": 1,
                "label": 11,
                "coords": [
                    3.20465,
                    6.96009,
                    -13.08251
                ]
            }
        ]
    },
    "12": {
        "ICA boundary": [
            {
                "id": 716,
                "degree": 2,
                "label": 12,
                "coords": [
                    -7.5235,
                    -8.13421,
                    -25.93918
                ]
            }
        ],
        "Acom bifurcation": [
            {
                "id": 760,
                "degree": 3,
                "label": 12,