{
    "1": {
        "BA start": [
            {
                "id": 0,
                "degree": 1,
                "label": 1,
                "coords": [
                    1.34615,
                    -1.68435,
                    -42.5583
                ]
            }
        ],
        "BA bifurcation": [
            {
                "id": 46,
                "degree": 3,
                "label": 1,
                "coords": [
                    -0.60419,
                    -4.36791,
                    -31.36423
                ]
            }
        ],
        "R-PCA boundary": [
            {
                "id": 57,
                "degree": 2,
                "label": 1,
                "coords": [
                    1.2063,
                    -4.74997,
                    -28.93392
                ]
            }
        ],
        "L-PCA boundary": [
            {
                "id": 158,
                "degree": 2,
                "label": 1,
                "coords": [
                    -3.87986,
                    -4.3308,
                    -29.89959
                ]
            }
        ]
    },
    "2": {
        "BA boundary": [
            {
                "id": 57,
                "degree": 2,
                "label": 2,
                "coords": [
                    1.2063,
                    -4.74997,
                    -28.93392
                ]
            }
        ],
        "PCA end": [
            {
                "id": 145,
                "degree": 1,
                "label": 2,
                "coords": [
                    17.19883,
                    -12.42844,
                    -40.01268
                ]
            }
        ]
    },
    "3": {
        "BA boundary": [
            {
                "id": 158,
                "degree": 2,
                "label": 3,
                "coords": [
                    -3.87986,
                    -4.3308,
                    -29.89959
                ]
            }
        ],
        "PCA end": [
            {
                "id": 255,
                "degree": 1,
                "label": 3,
                "coords": [
                    -19.19318,
                    -13.32241,
                    -38.57611
                ]
            }
        ]
    },
    "4": {
        "ICA start": [
            {
                "id": 256,
                "degree": 1,
                "label": 4,
                "coords": [
                    12.31568,
                    17.84135,
                    -39.58973
                ]
            }
        ],
        "ICA bifurcation": [
            {
                "id": 348,
                "degree": 3,
                "label": 4,
                "coords": [
                    14.38044,
                    7.35089,
                    -28.59059
                ]
            }
        ],
        "ACA boundary": [
            {
                "id": 547,
                "degree": 2,
                "label": 4,
                "coords": [
                    12.35976,
                    7.65426,
                    -27.36425
                ]
            }
        ],
        "MCA boundary": [
            {
                "id": 359,
                "degree": 2,
                "label": 4,
                "coords": [
                    17.11596,
                    8.80403,
                    -27.50991
                ]
            }
        ]
    },
    "5": {
        "ICA boundary": [
            {
                "id": 359,
                "degree": 2,
                "label": 5,
                "coords": [
                    17.11596,
                    8.80403,
                    -27.50991
                ]
            }
        ],
        "MCA end": [
            {
                "id": 396,
                "degree": 1,
                "label": 5,
                "coords": [
                    25.97862,
                    13.68711,
                    -28.70339
                ]
            }
        ]
    },
    "6": {
        "ICA start": [
            {
                "id": 397,
                "degree": 1,
                "label": 6,
                "coords": [
                    -16.43394,
                    17.74921,
                    -38.97301
                ]
            }
        ],
        "ICA bifurcation": [
            {
                "id": 489,
                "degree": 3,
                "label": 6,
                "coords": [
                    -17.9596,
                    8.57201,
                    -28.30448
                ]
            }
        ],
        "ACA boundary": [
            {
                "id": 667,
                "degree": 2,
                "label": 6,
                "coords": [
                    -16.64797,
                    8.38785,
                    -26.88151
                ]
            }
        ],
        "MCA boundary": [
            {
                "id": 498,
                "degree": 2,
                "label": 6,
                "coords": [
                    -20.39474,
                    9.46949,
                    -27.12098
                ]
            }
        ]
    },
    "7": {
        "ICA boundary": [
            {
                "id": 498,
                "degree": 2,
                "label": 7,
                "coords": [
                    -20.39474,
                    9.46949,
                    -27.12098
                ]
            }
        ],
        "MCA end": [
            {
                "id": 539,
                "degree": 1,
                "label": 7,
                "coords": [
                    -30.63633,
                    10.596,
                    -26.62457
                ]
            }
        ]
    },
    "10": {
        "R-ACA boundary": [
            {
                "id": 801,
                "degree": 2,
                "label": 10,
                "coords": [
                    -0.16441,
                    12.17451,
                    -25.5794
                ]
            }
        ],
        "L-ACA boundary": [
            {
                "id": 727,
                "degree": 3,
                "label": 10,
                "coords": [
                    -2.43869,
                    11.60583,
                    -25.76464
                ]
            }
        ]
    },
    "11": {
        "ICA boundary": [
            {
                "id": 547,
                "degree": 2,
                "label": 11,
                "coords": [
                    12.35976,
                    7.65426,
                    -27.36425
                ]
            }
        ],
        "Acom bifurcation": [
            {
                "id": 586,
                "degree": 3,
                "label": 11,
                "coords": [
                    0.70221,
                    12.07014,
                    -25.28264
                ]
            }
        ],
        "Acom boundary": [
            {
                "id": 801,
                "degree": 2,
                "label": 11,
                "coords": [
                    -0.16441,
                    12.17451,
                    -25.5794
                ]
            }
        ],
        "ACA end": [
            {
                "id": 661,
                "degree": 1,
                "label": 11,
                "coords": [
                    -3.26141,
                    20.16086,
                    -7.7425
                ]
            }
        ]
    },
    "12": {
        "ICA boundary": [
            {
                "id": 667,
                "degree": 2,
                "label": 12,
                "coords": [
                    -16.64797,
                    8.38785,
                    -26.88151
                ]
            }
        ],
        "Acom bifurcation": [
            {
                "id": 727,
                "degree": 3,
                "label": 12,