{
    "1": {
        "BA start": [
            {
                "id": 0,
                "degree": 1,
                "label": 1,
                "coords": [
                    0.31617,
                    -4.2432,
                    15.32119
                ]
            }
        ],
        "BA bifurcation": [
            {
                "id": 47,
                "degree": 3,
                "label": 1,
                "coords": [
                    -9.9204,
                    -7.06932,
                    24.59582
                ]
            }
        ],
        "R-PCA boundary": [
            {
                "id": 56,
                "degree": 2,
                "label": 1,
                "coords": [
                    -8.50864,
                    -9.18812,
                    24.77919
                ]
            }
        ],
        "L-PCA boundary": [
            {
                "id": 208,
                "degree": 2,
                "label": 1,
                "coords": [
                    -11.09441,
                    -7.41905,
                    27.60587
                ]
            }
        ]
    },
    "2": {
        "BA boundary": [
            {
                "id": 56,
                "degree": 2,
                "label": 2,
                "coords": [
                    -8.50864,
                    -9.18812,
                    24.77919
                ]
            }
        ],
        "Pcom bifurcation": [
            {
                "id": 104,
                "degree": 3,
                "label": 2,
                "coords": [
                    3.15221,
                    -8.16994,
                    25.529
                ]
            }
        ],
        "Pcom boundary": [
            {
                "id": 684,
                "degree": 2,
                "label": 2,
                "coords": [
                    2.78084,
                    -7.28803,
                    24.90148
                ]
            }
        ],
        "PCA end": [
            {
                "id": 195,
                "degree": 1,
                "label": 2,
                "coords": [
                    14.43194,
                    -26.99947,
                    29.12306
                ]
            }
        ]
    },
    "3": {
        "BA boundary": [
            {
                "id": 208,
                "degree": 2,
                "label": 3,
                "coords": [
                    -11.09441,
                    -7.41905,
                    27.60587
                ]
            }
        ],
        "Pcom bifurcation": [
            {
                "id": 246,
                "degree": 3,
                "label": 3,
                "coords": [
                    -6.94448,
                    -3.92301,
                    29.36492
                ]
            }
        ],
        "Pcom boundary": [
            {
                "id": 724,
                "degree": 2,
                "label": 3,
                "coords": [
                    -7.47866,
                    -3.44102,
                    27.82707
                ]
            }
        ],
        "PCA end": [
            {
                "id": 329,
                "degree": 1,
                "label": 3,
                "coords": [
                    -24.60342,
                    -15.81629,
                    28.62381
                ]
            }
        ]
    },
    "4": {
        "ICA start": [
            {
                "id": 330,
                "degree": 1,
                "label": 4,
                "coords": [
                    8.17098,
                    11.12083,
                    17.95036
                ]
            }
        ],
        "Pcom bifurcation": [
            {
                "id": 401,
                "degree": 3,
                "label": 4,
                "coords": [
                    8.51925,
                    1.71156,
                    28.4013
                ]
            }
        ],
        "Pcom boundary": [
            {
                "id": 648,
                "degree": 2,
                "label": 4,
                "coords": [
                    8.0259,
                    0.61768,
                    26.69232
                ]
            }
        ],
        "ICA bifurcation": [
            {
                "id": 421,
                "degree": 3,
                "label": 4,
                "coords": [
                    13.27535,
                    0.27358,
                    31.90003
                ]
            }
        ],
        "ACA boundary": [
            {
                "id": 737,
                "degree": 2,
                "label": 4,
                "coords": [
                    11.98631,
                    0.18879,
                    34.08621
                ]
            }
        ],
        "MCA boundary": [
            {
                "id": 430,
                "degree": 2,
                "label": 4,
                "coords": [
                    15.54192,
                    0.88695,
                    32.5277
                ]
            }
        ]
    },
    "5": {
        "ICA boundary": [
            {
                "id": 430,
                "degree": 2,
                "label": 5,
                "coords": [
                    15.54192,
                    0.88695,
                    32.5277
                ]
            }
        ],
        "MCA end": [
            {
                "id": 473,
                "degree": 1,
                "label": 5,
                "coords": [
                    25.16697,
                    8.31733,
                    31.78653
                ]
            }
        ]
    },
    "6": {
        "ICA start": [
            {
                "id": 474,
                "degree": 1,
                "label": 6,
                "coords": [
                    -13.90804,
                    12.00525,
                    20.15756
                ]
            }
        ],
        "Pcom bifurcation": [
            {
                "id": 545,
                "degree": 3,
                "label": 6,
                "coords": [
                    -14.4425,
                    3.61189,
                    29.85424
                ]
            }
        ],
        "Pcom boundary": [
            {
                "id": 695,
                "degree": 2,
                "label": 6,
                "coords": [
                    -13.86637,
                    1.55223,
                    28.34792
                ]
            }
        ],
        "ICA bifurcation": [
            {
                "id": 577,
                "degree": 3,
                "label": 6,
                "coords": [
                    -20.72621,
                    3.11531,
                    36.36268
                ]
            }
        ],
        "ACA boundary": [
            {
                "id": 925,
                "degree": 2,
                "label": 6,
                "coords": [
                    -19.8624,
                    2.85262,
                    37.86657
                ]
            }
        ],
        "MCA boundary": [
            {
                "id": 585,
                "degree": 2,
                "label": 6,
                "coords": [
                    -22.87676,
                    4.10303,
                    36.28085
                ]
            }
        ]
    },
    "7": {
        "ICA boundary": [
            {
                "id": 585,
                "degree": 2,
                "label": 7,
                "coords": [
                    -22.87676,
                    4.10303,
                    36.28085
                ]
            }
        ],
        "MCA end": [
            {
                "id": 641,
                "degree": 1,
                "label": 7,