{
    "1": {
        "BA start": [
            {
                "id": 0,
                "degree": 1,
                "label": 1,
                "coords": [
                    11.61353,
                    -12.42608,
                    22.18555
                ]
            }
        ],
        "BA bifurcation": [
            {
                "id": 41,
                "degree": 3,
                "label": 1,
                "coords": [
                    9.73299,
                    -11.98716,
                    32.56044
                ]
            }
        ],
        "R-PCA boundary": [
            {
                "id": 45,
                "degree": 2,
                "label": 1,
                "coords": [
                    10.49798,
                    -12.41252,
                    33.51348
                ]
            }
        ],
        "L-PCA boundary": [
            {
                "id": 149,
                "degree": 2,
                "label": 1,
                "coords": [
                    9.06401,
                    -11.35742,
                    32.97089
                ]
            }
        ]
    },
    "2": {
        "BA boundary": [
            {
                "id": 45,
                "degree": 2,
                "label": 2,
                "coords": [
                    10.49798,
                    -12.41252,
                    33.51348
                ]
            }
        ],
        "Pcom bifurcation": [
            {
                "id": 69,
                "degree": 3,
                "label": 2,
                "coords": [
                    16.16569,
                    -10.13791,
                    34.50797
                ]
            }
        ],
        "Pcom boundary": [
            {
                "id": 604,
                "degree": 2,
                "label": 2,
                "coords": [
                    15.14569,
                    -9.23303,
                    34.05078
                ]
            }
        ],
        "PCA end": [
            {
                "id": 146,
                "degree": 1,
                "label": 2,
                "coords": [
                    27.81892,
                    -25.95067,
                    32.96779
                ]
            }
        ]
    },
    "3": {
        "BA boundary": [
            {
                "id": 149,
                "degree": 2,
                "label": 3,
                "coords": [
                    9.06401,
                    -11.35742,
                    32.97089
                ]
            }
        ],
        "Pcom bifurcation": [
            {
                "id": 177,
                "degree": 3,
                "label": 3,
                "coords": [
                    2.63726,
                    -5.05367,
                    34.1883
                ]
            }
        ],
        "Pcom boundary": [
            {
                "id": 644,
                "degree": 2,
                "label": 3,
                "coords": [
                    3.27287,
                    -4.35228,
                    33.70777
                ]
            }
        ],
        "PCA end": [
            {
                "id": 266,
                "degree": 1,
                "label": 3,
                "coords": [
                    -13.11008,
                    -21.21295,
                    38.05667
                ]
            }
        ]
    },
    "4": {
        "ICA start": [
            {
                "id": 267,
                "degree": 1,
                "label": 4,
                "coords": [
                    18.25628,
                    0.86144,
                    25.63787
                ]
            }
        ],
        "Pcom bifurcation": [
            {
                "id": 338,
                "degree": 3,
                "label": 4,
                "coords": [
                    18.55114,
                    0.93076,
                    30.62963
                ]
            }
        ],
        "Pcom boundary": [
            {
                "id": 567,
                "degree": 2,
                "label": 4,
                "coords": [
                    18.6237,
                    -0.5701,
                    29.3655
                ]
            }
        ],
        "ICA bifurcation": [
            {
                "id": 362,
                "degree": 3,
                "label": 4,
                "coords": [
                    23.34331,
                    -3.35929,
                    34.59314
                ]
            }
        ],
        "ACA boundary": [
            {
                "id": 651,
                "degree": 2,
                "label": 4,
                "coords": [
                    22.60054,
                    -3.86491,
                    36.13161
                ]
            }
        ],
        "MCA boundary": [
            {
                "id": 368,
                "degree": 2,
                "label": 4,
                "coords": [
                    24.95661,
                    -2.77719,
                    35.32216
                ]
            }
        ]
    },
    "5": {
        "ICA boundary": [
            {
                "id": 368,
                "degree": 2,
                "label": 5,
                "coords": [
                    24.95661,
                    -2.77719,
                    35.32216
                ]
            }
        ],
        "MCA end": [
            {
                "id": 418,
                "degree": 1,
                "label": 5,
                "coords": [
                    37.13876,
                    6.00198,
                    34.38135
                ]
            }
        ]
    },
    "6": {
        "ICA start": [
            {
                "id": 419,
                "degree": 1,
                "label": 6,
                "coords": [
                    2.13578,
                    1.87825,
                    26.9597
                ]
            }
        ],
        "Pcom bifurcation": [
            {
                "id": 487,
                "degree": 3,
                "label": 6,
                "coords": [
                    2.50889,
                    1.95646,
                    32.57205
                ]
            }
        ],
        "Pcom boundary": [
            {
                "id": 610,
                "degree": 2,
                "label": 6,
                "coords": [
                    2.24358,
                    1.42652,
                    31.56171
                ]
            }
        ],
        "ICA bifurcation": [
            {
                "id": 512,
                "degree": 3,
                "label": 6,
                "coords": [
                    -1.90426,
                    -0.95947,
                    37.7832
                ]
            }
        ],
        "ACA boundary": [
            {
                "id": 766,
                "degree": 2,
                "label": 6,
                "coords": [
                    -1.2907,
                    -1.12386,
                    38.74618
                ]
            }
        ],
        "MCA boundary": [
            {
                "id": 523,
                "degree": 2,
                "label": 6,
                "coords": [
                    -4.46581,
                    0.41286,
                    38.90536
                ]
            }
        ]
    },
    "7": {
        "ICA boundary": [
            {
                "id": 523,
                "degree": 2,
                "label": 7,
                "coords": [
                    -4.46581,
                    0.41286,
                    38.90536
                ]
            }
        ],
        "MCA end": [
            {
                "id": 561,
                "degree": 1,
                "label": 7,