{
    "1": {
        "BA start": [
            {
                "id": 0,
                "degree": 1,
                "label": 1,
                "coords": [
                    5.02644,
                    25.2796,
                    9.11425
                ]
            }
        ],
        "BA bifurcation": [
            {
                "id": 61,
                "degree": 3,
                "label": 1,
                "coords": [
                    -2.38576,
                    24.55024,
                    24.25251
                ]
            }
        ],
        "R-PCA boundary": [
            {
                "id": 71,
                "degree": 2,
                "label": 1,
                "coords": [
                    0.23522,
                    23.12003,
                    25.66566
                ]
            }
        ],
        "L-PCA boundary": [
            {
                "id": 205,
                "degree": 2,
                "label": 1,
                "coords": [
                    -5.5986,
                    25.02078,
                    26.04358
                ]
            }
        ]
    },
    "2": {
        "BA boundary": [
            {
                "id": 71,
                "degree": 2,
                "label": 2,
                "coords": [
                    0.23522,
                    23.12003,
                    25.66566
                ]
            }
        ],
        "PCA end": [
            {
                "id": 193,
                "degree": 1,
                "label": 2,
                "coords": [
                    22.95718,
                    9.14727,
                    24.49801
                ]
            }
        ]
    },
    "3": {
        "BA boundary": [
            {
                "id": 205,
                "degree": 2,
                "label": 3,
                "coords": [
                    -5.5986,
                    25.02078,
                    26.04358
                ]
            }
        ],
        "PCA end": [
            {
                "id": 320,
                "degree": 1,
                "label": 3,
                "coords": [
                    -22.83535,
                    8.98751,
                    19.80857
                ]
            }
        ]
    },
    "4": {
        "ICA start": [
            {
                "id": 321,
                "degree": 1,
                "label": 4,
                "coords": [
                    13.45446,
                    45.97968,
                    13.33469
                ]
            }
        ],
        "ICA bifurcation": [
            {
                "id": 413,
                "degree": 3,
                "label": 4,
                "coords": [
                    14.89866,
                    35.14252,
                    26.77536
                ]
            }
        ],
        "ACA boundary": [
            {
                "id": 645,
                "degree": 2,
                "label": 4,
                "coords": [
                    13.09722,
                    34.85985,
                    27.65814
                ]
            }
        ],
        "MCA boundary": [
            {
                "id": 426,
                "degree": 2,
                "label": 4,
                "coords": [
                    17.75788,
                    36.29273,
                    28.74291
                ]
            }
        ]
    },
    "5": {
        "ICA boundary": [
            {
                "id": 426,
                "degree": 2,
                "label": 5,
                "coords": [
                    17.75788,
                    36.29273,
                    28.74291
                ]
            }
        ],
        "MCA end": [
            {
                "id": 483,
                "degree": 1,
                "label": 5,
                "coords": [
                    31.65844,
                    42.38446,
                    24.28775
                ]
            }
        ]
    },
    "6": {
        "ICA start": [
            {
                "id": 484,
                "degree": 1,
                "label": 6,
                "coords": [
                    -14.10529,
                    45.66663,
                    9.389
                ]
            }
        ],
        "ICA bifurcation": [
            {
                "id": 576,
                "degree": 3,
                "label": 6,
                "coords": [
                    -16.02125,
                    30.72342,
                    20.75748
                ]
            }
        ],
        "ACA boundary": [
            {
                "id": 794,
                "degree": 2,
                "label": 6,
                "coords": [
                    -14.49305,
                    31.1177,
                    21.54547
                ]
            }
        ],
        "MCA boundary": [
            {
                "id": 588,
                "degree": 2,
                "label": 6,
                "coords": [
                    -19.2758,
                    30.98625,
                    21.95711
                ]
            }
        ]
    },
    "7": {
        "ICA boundary": [
            {
                "id": 588,
                "degree": 2,
                "label": 7,
                "coords": [
                    -19.2758,
                    30.98625,
                    21.95711
                ]
            }
        ],
        "MCA end": [
            {
                "id": 638,
                "degree": 1,
                "label": 7,
                "coords": [
                    -31.55247,
                    36.42583,
                    25.05834
                ]
            }
        ]
    },
    "10": {
        "R-ACA boundary": [
            {
                "id": 929,
                "degree": 2,
                "label": 10,
                "coords": [
                    -0.60753,
                    43.13059,
                    19.08543
                ]
            }
        ],
        "L-ACA boundary": [
            {
                "id": 937,
                "degree": 2,
                "label": 10,
                "coords": [
                    -2.45626,
                    43.13838,
                    19.65311
                ]
            }
        ]
    },
    "11": {
        "ICA boundary": [
            {
                "id": 645,
                "degree": 2,
                "label": 11,
                "coords": [
                    13.09722,
                    34.85985,
                    27.65814
                ]
            }
        ],
        "Acom bifurcation": [
            {
                "id": 707,
                "degree": 3,
                "label": 11,
                "coords": [
                    0.34336,
                    43.6261,
                    20.0348
                ]
            }
        ],
        "Acom boundary": [
            {
                "id": 929,
                "degree": 2,
                "label": 11,
                "coords": [
                    -0.60753,
                    43.13059,
                    19.08543
                ]
            }
        ],
        "ACA end": [
            {
                "id": 788,
                "degree": 1,
                "label": 11,
                "coords": [
                    -2.59683,
                    44.69979,
                    38.39715
                ]
            }
        ]
    },
    "12": {
        "ICA boundary": [
            {
                "id": 794,
                "degree": 2,
                "label": 12,
                "coords": [
                    -14.49305,
                    31.1177,
                    21.54547
                ]
            }
        ],
        "Acom bifurcation": [
            {
                "id": 851,
                "degree": 3,
                "label": 12,