{
    "1": {
        "BA start": [
            {
                "id": 0,
                "degree": 1,
                "label": 1,
                "coords": [
                    -5.13574,
                    196.84473,
                    -165.07812
                ]
            }
        ],
        "R-PCA boundary": [
            {
                "id": 51,
                "degree": 2,
                "label": 1,
                "coords": [
                    0.74551,
                    196.58223,
                    -153.82188
                ]
            }
        ]
    },
    "2": {
        "BA boundary": [
            {
                "id": 51,
                "degree": 2,
                "label": 2,
                "coords": [
                    0.74551,
                    196.58223,
                    -153.82188
                ]
            }
        ],
        "Pcom bifurcation": [
            {
                "id": 76,
                "degree": 3,
                "label": 2,
                "coords": [
                    6.94238,
                    197.16035,
                    -153.64375
                ]
            }
        ],
        "Pcom boundary": [
            {
                "id": 440,
                "degree": 2,
                "label": 2,
                "coords": [
                    6.84238,
                    197.48285,
                    -153.0975
                ]
            }
        ],
        "PCA end": [
            {
                "id": 161,
                "degree": 1,
                "label": 2,
                "coords": [
                    25.17676,
                    186.15723,
                    -151.25
                ]
            }
        ]
    },
    "3": {
        "Pcom boundary": [
            {
                "id": 494,
                "degree": 2,
                "label": 3,
                "coords": [
                    -6.56074,
                    200.89785,
                    -151.40312
                ]
            }
        ],
        "PCA end": [
            {
                "id": 576,
                "degree": 1,
                "label": 3,
                "coords": [
                    -21.29199,
                    187.86035,
                    -155.73438
                ]
            }
        ]
    },
    "4": {
        "ICA start": [
            {
                "id": 162,
                "degree": 1,
                "label": 4,
                "coords": [
                    10.19238,
                    215.23535,
                    -160.25
                ]
            }
        ],
        "Pcom bifurcation": [
            {
                "id": 181,
                "degree": 3,
                "label": 4,
                "coords": [
                    13.44551,
                    212.8541,
                    -155.85
                ]
            }
        ],
        "Pcom boundary": [
            {
                "id": 375,
                "degree": 2,
                "label": 4,
                "coords": [
                    12.92363,
                    211.59473,
                    -155.475
                ]
            }
        ],
        "ICA bifurcation": [
            {
                "id": 204,
                "degree": 3,
                "label": 4,
                "coords": [
                    18.69238,
                    215.59473,
                    -152.75
                ]
            }
        ],
        "ACA boundary": [
            {
                "id": 581,
                "degree": 2,
                "label": 4,
                "coords": [
                    17.96113,
                    216.84473,
                    -153.05937
                ]
            }
        ],
        "MCA boundary": [
            {
                "id": 213,
                "degree": 2,
                "label": 4,
                "coords": [
                    20.94238,
                    216.01348,
                    -153.22812
                ]
            }
        ]
    },
    "5": {
        "ICA boundary": [
            {
                "id": 213,
                "degree": 2,
                "label": 5,
                "coords": [
                    20.94238,
                    216.01348,
                    -153.22812
                ]
            }
        ],
        "MCA end": [
            {
                "id": 258,
                "degree": 1,
                "label": 5,
                "coords": [
                    31.11426,
                    216.8291,
                    -159.5
                ]
            }
        ]
    },
    "6": {
        "ICA start": [
            {
                "id": 259,
                "degree": 1,
                "label": 6,
                "coords": [
                    -7.97949,
                    215.36035,
                    -160.73438
                ]
            }
        ],
        "Pcom bifurcation": [
            {
                "id": 276,
                "degree": 3,
                "label": 6,
                "coords": [
                    -11.05762,
                    213.31973,
                    -158.0
                ]
            }
        ],
        "Pcom boundary": [
            {
                "id": 446,
                "degree": 2,
                "label": 6,
                "coords": [
                    -11.03887,
                    212.07598,
                    -158.82812
                ]
            }
        ],
        "ICA bifurcation": [
            {
                "id": 307,
                "degree": 3,
                "label": 6,
                "coords": [
                    -13.55762,
                    219.59473,
                    -155.25
                ]
            }
        ],
        "ACA boundary": [
            {
                "id": 721,
                "degree": 2,
                "label": 6,
                "coords": [
                    -11.86074,
                    219.8416,
                    -154.57812
                ]
            }
        ],
        "MCA boundary": [
            {
                "id": 314,
                "degree": 2,
                "label": 6,
                "coords": [
                    -15.06074,
                    221.01973,
                    -154.23125
                ]
            }
        ]
    },
    "7": {
        "ICA boundary": [
            {
                "id": 314,
                "degree": 2,
                "label": 7,
                "coords": [
                    -15.06074,
                    221.01973,
                    -154.23125
                ]
            }
        ],
        "MCA end": [
            {
                "id": 371,
                "degree": 1,
                "label": 7,
                "coords": [
                    -27.05762,
                    219.2666,
                    -159.23438
                ]
            }
        ]
    },
    "8": {
        "ICA boundary": [
            {
                "id": 375,
                "degree": 2,
                "label": 8,
                "coords": [
                    12.92363,
                    211.59473,
                    -155.475
                ]
            }
        ],
        "PCA boundary": [
            {
                "id": 440,
                "degree": 2,
                "label": 8,
                "coords": [
                    6.84238,
                    197.48285,
                    -153.0975
                ]
            }
        ]
    },
    "9": {
        "ICA boundary": [
            {
                "id": 446,
                "degree": 2,
                "label": 9,
                "coords": [
                    -11.03887,
                    212.07598,
                    -158.82812
                ]
            }
        ],
        "PCA boundary": [
            {
                "id": 494,
                "degree": 2,
                "label": 9,