{
    "1": {
        "BA start": [
            {
                "id": 0,
                "degree": 1,
                "label": 1,
                "coords": [
                    -7.32324,
                    183.15527,
                    -249.25
                ]
            }
        ],
        "BA bifurcation": [
            {
                "id": 26,
                "degree": 3,
                "label": 1,
                "coords": [
                    -3.32324,
                    184.15527,
                    -243.25
                ]
            }
        ],
        "R-PCA boundary": [
            {
                "id": 33,
                "degree": 2,
                "label": 1,
                "coords": [
                    -1.57324,
                    184.82402,
                    -243.35
                ]
            }
        ],
        "L-PCA boundary": [
            {
                "id": 151,
                "degree": 2,
                "label": 1,
                "coords": [
                    -3.12637,
                    185.00215,
                    -240.55312
                ]
            }
        ]
    },
    "2": {
        "BA boundary": [
            {
                "id": 33,
                "degree": 2,
                "label": 2,
                "coords": [
                    -1.57324,
                    184.82402,
                    -243.35
                ]
            }
        ],
        "Pcom bifurcation": [
            {
                "id": 49,
                "degree": 3,
                "label": 2,
                "coords": [
                    2.37676,
                    185.73965,
                    -242.73125
                ]
            }
        ],
        "Pcom boundary": [
            {
                "id": 503,
                "degree": 2,
                "label": 2,
                "coords": [
                    2.51676,
                    186.37527,
                    -242.8025
                ]
            }
        ],
        "PCA end": [
            {
                "id": 140,
                "degree": 1,
                "label": 2,
                "coords": [
                    21.75488,
                    171.40527,
                    -237.5
                ]
            }
        ]
    },
    "3": {
        "BA boundary": [
            {
                "id": 151,
                "degree": 2,
                "label": 3,
                "coords": [
                    -3.12637,
                    185.00215,
                    -240.55312
                ]
            }
        ],
        "Pcom bifurcation": [
            {
                "id": 165,
                "degree": 3,
                "label": 3,
                "coords": [
                    -5.18678,
                    187.03131,
                    -238.19168
                ]
            }
        ],
        "Pcom boundary": [
            {
                "id": 165,
                "degree": 3,
                "label": 3,
                "coords": [
                    -5.18678,
                    187.03131,
                    -238.19168
                ]
            }
        ],
        "PCA end": [
            {
                "id": 240,
                "degree": 1,
                "label": 3,
                "coords": [
                    -20.82324,
                    174.65527,
                    -236.84375
                ]
            }
        ]
    },
    "4": {
        "ICA start": [
            {
                "id": 241,
                "degree": 1,
                "label": 4,
                "coords": [
                    7.17676,
                    202.07715,
                    -242.8125
                ]
            }
        ],
        "Pcom bifurcation": [
            {
                "id": 260,
                "degree": 3,
                "label": 4,
                "coords": [
                    11.01634,
                    198.18131,
                    -241.87605
                ]
            }
        ],
        "Pcom boundary": [
            {
                "id": 456,
                "degree": 2,
                "label": 4,
                "coords": [
                    10.55176,
                    196.92402,
                    -243.425
                ]
            }
        ],
        "ICA bifurcation": [
            {
                "id": 285,
                "degree": 3,
                "label": 4,
                "coords": [
                    15.76009,
                    198.65527,
                    -237.58333
                ]
            }
        ],
        "ACA boundary": [
            {
                "id": 560,
                "degree": 2,
                "label": 4,
                "coords": [
                    14.42363,
                    198.60215,
                    -236.17188
                ]
            }
        ],
        "MCA boundary": [
            {
                "id": 295,
                "degree": 2,
                "label": 4,
                "coords": [
                    18.42676,
                    199.5584,
                    -237.175
                ]
            }
        ]
    },
    "5": {
        "ICA boundary": [
            {
                "id": 295,
                "degree": 2,
                "label": 5,
                "coords": [
                    18.42676,
                    199.5584,
                    -237.175
                ]
            }
        ],
        "MCA end": [
            {
                "id": 343,
                "degree": 1,
                "label": 5,
                "coords": [
                    29.94238,
                    204.7334,
                    -239.25
                ]
            }
        ]
    },
    "6": {
        "ICA start": [
            {
                "id": 344,
                "degree": 1,
                "label": 6,
                "coords": [
                    -13.08887,
                    201.9209,
                    -242.42188
                ]
            }
        ],
        "Pcom bifurcation": [
            {
                "id": 363,
                "degree": 3,
                "label": 6,
                "coords": [
                    -13.13887,
                    197.4084,
                    -239.49688
                ]
            }
        ],
        "Pcom boundary": [
            {
                "id": 509,
                "degree": 2,
                "label": 6,
                "coords": [
                    -12.05449,
                    196.4584,
                    -240.49688
                ]
            }
        ],
        "ICA bifurcation": [
            {
                "id": 383,
                "degree": 3,
                "label": 6,
                "coords": [
                    -16.07324,
                    195.90527,
                    -234.5
                ]
            }
        ],
        "ACA boundary": [
            {
                "id": 703,
                "degree": 2,
                "label": 6,
                "coords": [
                    -14.07324,
                    196.75215,
                    -233.52188
                ]
            }
        ],
        "MCA boundary": [
            {
                "id": 393,
                "degree": 2,
                "label": 6,
                "coords": [
                    -18.32324,
                    195.92402,
                    -233.48125
                ]
            }
        ]
    },
    "7": {
        "ICA boundary": [
            {
                "id": 393,
                "degree": 2,
                "label": 7,
                "coords": [
                    -18.32324,
                    195.92402,
                    -233.48125
                ]
            }
        ],
        "MCA end": [
            {
                "id": 451,
                "degree": 1,
                "label": 7,