{
    "1": {
        "BA start": [
            {
                "id": 0,
                "degree": 1,
                "label": 1,
                "coords": [
                    4.16699,
                    210.14551,
                    -56.55164
                ]
            }
        ],
        "BA bifurcation": [
            {
                "id": 33,
                "degree": 3,
                "label": 1,
                "coords": [
                    4.08887,
                    211.64551,
                    -48.89539
                ]
            }
        ],
        "R-PCA boundary": [
            {
                "id": 39,
                "degree": 2,
                "label": 1,
                "coords": [
                    5.58887,
                    211.32676,
                    -47.71414
                ]
            }
        ],
        "L-PCA boundary": [
            {
                "id": 144,
                "degree": 2,
                "label": 1,
                "coords": [
                    2.68887,
                    212.77988,
                    -47.14539
                ]
            }
        ]
    },
    "2": {
        "BA boundary": [
            {
                "id": 39,
                "degree": 2,
                "label": 2,
                "coords": [
                    5.58887,
                    211.32676,
                    -47.71414
                ]
            }
        ],
        "PCA end": [
            {
                "id": 136,
                "degree": 1,
                "label": 2,
                "coords": [
                    20.08887,
                    200.39551,
                    -45.22351
                ]
            }
        ]
    },
    "3": {
        "BA boundary": [
            {
                "id": 144,
                "degree": 2,
                "label": 3,
                "coords": [
                    2.68887,
                    212.77988,
                    -47.14539
                ]
            }
        ],
        "Pcom bifurcation": [
            {
                "id": 181,
                "degree": 3,
                "label": 3,
                "coords": [
                    -0.02155,
                    217.88718,
                    -46.10581
                ]
            }
        ],
        "Pcom boundary": [
            {
                "id": 491,
                "degree": 2,
                "label": 3,
                "coords": [
                    0.39408,
                    217.87468,
                    -47.3933
                ]
            }
        ],
        "PCA end": [
            {
                "id": 258,
                "degree": 1,
                "label": 3,
                "coords": [
                    -14.00488,
                    202.97363,
                    -38.64539
                ]
            }
        ]
    },
    "4": {
        "ICA start": [
            {
                "id": 259,
                "degree": 1,
                "label": 4,
                "coords": [
                    14.60449,
                    228.22363,
                    -53.66101
                ]
            }
        ],
        "ICA bifurcation": [
            {
                "id": 298,
                "degree": 3,
                "label": 4,
                "coords": [
                    21.08887,
                    224.89551,
                    -46.14539
                ]
            }
        ],
        "ACA boundary": [
            {
                "id": 503,
                "degree": 2,
                "label": 4,
                "coords": [
                    18.83887,
                    225.39551,
                    -45.54851
                ]
            }
        ],
        "MCA boundary": [
            {
                "id": 306,
                "degree": 2,
                "label": 4,
                "coords": [
                    23.08887,
                    224.89551,
                    -45.57351
                ]
            }
        ]
    },
    "5": {
        "ICA boundary": [
            {
                "id": 306,
                "degree": 2,
                "label": 5,
                "coords": [
                    23.08887,
                    224.89551,
                    -45.57351
                ]
            }
        ],
        "MCA end": [
            {
                "id": 347,
                "degree": 1,
                "label": 5,
                "coords": [
                    32.76074,
                    230.05176,
                    -47.16101
                ]
            }
        ]
    },
    "6": {
        "ICA start": [
            {
                "id": 348,
                "degree": 1,
                "label": 6,
                "coords": [
                    -2.48926,
                    228.64551,
                    -52.64539
                ]
            }
        ],
        "Pcom bifurcation": [
            {
                "id": 367,
                "degree": 3,
                "label": 6,
                "coords": [
                    -4.77467,
                    224.3882,
                    -50.35059
                ]
            }
        ],
        "Pcom boundary": [
            {
                "id": 449,
                "degree": 2,
                "label": 6,
                "coords": [
                    -3.91426,
                    223.40488,
                    -50.48913
                ]
            }
        ],
        "ICA bifurcation": [
            {
                "id": 394,
                "degree": 3,
                "label": 6,
                "coords": [
                    -8.41113,
                    224.89551,
                    -43.89539
                ]
            }
        ],
        "ACA boundary": [
            {
                "id": 662,
                "degree": 2,
                "label": 6,
                "coords": [
                    -6.66113,
                    224.98301,
                    -43.47351
                ]
            }
        ],
        "MCA boundary": [
            {
                "id": 400,
                "degree": 2,
                "label": 6,
                "coords": [
                    -9.91113,
                    225.44238,
                    -43.09539
                ]
            }
        ]
    },
    "7": {
        "ICA boundary": [
            {
                "id": 400,
                "degree": 2,
                "label": 7,
                "coords": [
                    -9.91113,
                    225.44238,
                    -43.09539
                ]
            }
        ],
        "MCA end": [
            {
                "id": 446,
                "degree": 1,
                "label": 7,
                "coords": [
                    -20.22363,
                    231.64551,
                    -41.31726
                ]
            }
        ]
    },
    "9": {
        "ICA boundary": [
            {
                "id": 449,
                "degree": 2,
                "label": 9,
                "coords": [
                    -3.91426,
                    223.40488,
                    -50.48913
                ]
            }
        ],
        "PCA boundary": [
            {
                "id": 491,
                "degree": 2,
                "label": 9,
                "coords": [
                    0.39408,
                    217.87468,
                    -47.3933
                ]
            }
        ]
    },
    "10": {
        "R-ACA boundary": [
            {
                "id": 787,
                "degree": 2,
                "label": 10,
                "coords": [
                    4.66048,
                    232.41086,
                    -47.867
                ]
            }
        ],
        "L-ACA boundary": [
            {
                "id": 792,
                "degree": 2,
                "label": 10,