{
    "1": {
        "BA start": [
            {
                "id": 0,
                "degree": 1,
                "label": 1,
                "coords": [
                    -2.48428,
                    -5.36835,
                    -36.98625
                ]
            }
        ],
        "BA bifurcation": [
            {
                "id": 59,
                "degree": 3,
                "label": 1,
                "coords": [
                    0.3332,
                    -11.23359,
                    -22.72622
                ]
            }
        ],
        "R-PCA boundary": [
            {
                "id": 68,
                "degree": 2,
                "label": 1,
                "coords": [
                    2.59686,
                    -12.28694,
                    -22.40406
                ]
            }
        ],
        "L-PCA boundary": [
            {
                "id": 181,
                "degree": 2,
                "label": 1,
                "coords": [
                    -2.16395,
                    -11.21095,
                    -21.01999
                ]
            }
        ]
    },
    "2": {
        "BA boundary": [
            {
                "id": 68,
                "degree": 2,
                "label": 2,
                "coords": [
                    2.59686,
                    -12.28694,
                    -22.40406
                ]
            }
        ],
        "PCA end": [
            {
                "id": 169,
                "degree": 1,
                "label": 2,
                "coords": [
                    17.43904,
                    -24.49042,
                    -33.52104
                ]
            }
        ]
    },
    "3": {
        "BA boundary": [
            {
                "id": 181,
                "degree": 2,
                "label": 3,
                "coords": [
                    -2.16395,
                    -11.21095,
                    -21.01999
                ]
            }
        ],
        "PCA end": [
            {
                "id": 294,
                "degree": 1,
                "label": 3,
                "coords": [
                    -20.88883,
                    -22.0264,
                    -26.80243
                ]
            }
        ]
    },
    "4": {
        "ICA start": [
            {
                "id": 295,
                "degree": 1,
                "label": 4,
                "coords": [
                    9.74833,
                    13.97067,
                    -32.5112
                ]
            }
        ],
        "ICA bifurcation": [
            {
                "id": 387,
                "degree": 3,
                "label": 4,
                "coords": [
                    17.32362,
                    2.92932,
                    -25.38148
                ]
            }
        ],
        "ACA boundary": [
            {
                "id": 612,
                "degree": 2,
                "label": 4,
                "coords": [
                    15.75157,
                    2.49568,
                    -23.41977
                ]
            }
        ],
        "MCA boundary": [
            {
                "id": 394,
                "degree": 2,
                "label": 4,
                "coords": [
                    19.24147,
                    3.58419,
                    -24.9249
                ]
            }
        ]
    },
    "5": {
        "ICA boundary": [
            {
                "id": 394,
                "degree": 2,
                "label": 5,
                "coords": [
                    19.24147,
                    3.58419,
                    -24.9249
                ]
            }
        ],
        "MCA end": [
            {
                "id": 461,
                "degree": 1,
                "label": 5,
                "coords": [
                    28.46494,
                    10.48834,
                    -34.97701
                ]
            }
        ]
    },
    "6": {
        "ICA start": [
            {
                "id": 462,
                "degree": 1,
                "label": 6,
                "coords": [
                    -13.2672,
                    12.45694,
                    -29.98593
                ]
            }
        ],
        "ICA bifurcation": [
            {
                "id": 554,
                "degree": 3,
                "label": 6,
                "coords": [
                    -14.52918,
                    2.99075,
                    -18.30014
                ]
            }
        ],
        "ACA boundary": [
            {
                "id": 726,
                "degree": 2,
                "label": 6,
                "coords": [
                    -12.65508,
                    2.49723,
                    -17.56085
                ]
            }
        ],
        "MCA boundary": [
            {
                "id": 564,
                "degree": 2,
                "label": 6,
                "coords": [
                    -16.70236,
                    4.27976,
                    -16.78747
                ]
            }
        ]
    },
    "7": {
        "ICA boundary": [
            {
                "id": 564,
                "degree": 2,
                "label": 7,
                "coords": [
                    -16.70236,
                    4.27976,
                    -16.78747
                ]
            }
        ],
        "MCA end": [
            {
                "id": 604,
                "degree": 1,
                "label": 7,
                "coords": [
                    -25.34753,
                    9.16097,
                    -13.12106
                ]
            }
        ]
    },
    "10": {
        "R-ACA boundary": [
            {
                "id": 845,
                "degree": 2,
                "label": 10,
                "coords": [
                    3.71238,
                    6.07909,
                    -15.53278
                ]
            }
        ],
        "L-ACA boundary": [
            {
                "id": 853,
                "degree": 2,
                "label": 10,
                "coords": [
                    1.8498,
                    7.56635,
                    -16.86356
                ]
            }
        ],
        "3rd-A2 bifurcation": [
            {
                "id": 847,
                "degree": 3,
                "label": 10,
                "coords": [
                    3.2629,
                    6.38638,
                    -15.7668
                ]
            }
        ],
        "3rd-A2 boundary": [
            {
                "id": 858,
                "degree": 2,
                "label": 10,
                "coords": [
                    2.4024,
                    6.99256,
                    -14.43713
                ]
            }
        ]
    },
    "11": {
        "ICA boundary": [
            {
                "id": 612,
                "degree": 2,
                "label": 11,
                "coords": [
                    15.75157,
                    2.49568,
                    -23.41977
                ]
            }
        ],
        "Acom bifurcation": [
            {
                "id": 666,
                "degree": 3,
                "label": 11,
                "coords": [
                    4.26221,
                    5.81113,
                    -15.27184
                ]
            }
        ],
        "Acom boundary": [
            {
                "id": 845,
                "degree": 2,
                "label": 11,
                "coords": [
                    3.71238,
                    6.07909,
                    -15.53278
                ]
            }
        ],
        "ACA end": [
            {
                "id": 719,
                "degree": 1,
                "label": 11,