{
    "1": {
        "BA start": [
            {
                "id": 0,
                "degree": 1,
                "label": 1,
                "coords": [
                    -4.99023,
                    201.3418,
                    -89.62189
                ]
            }
        ],
        "L-PCA boundary": [
            {
                "id": 55,
                "degree": 2,
                "label": 1,
                "coords": [
                    -5.84023,
                    208.3418,
                    -77.70001
                ]
            }
        ]
    },
    "2": {
        "Pcom boundary": [
            {
                "id": 487,
                "degree": 2,
                "label": 2,
                "coords": [
                    1.95977,
                    210.5918,
                    -76.80001
                ]
            }
        ],
        "PCA end": [
            {
                "id": 565,
                "degree": 1,
                "label": 2,
                "coords": [
                    12.35352,
                    199.57617,
                    -64.45001
                ]
            }
        ]
    },
    "3": {
        "BA boundary": [
            {
                "id": 55,
                "degree": 2,
                "label": 3,
                "coords": [
                    -5.84023,
                    208.3418,
                    -77.70001
                ]
            }
        ],
        "Pcom bifurcation": [
            {
                "id": 125,
                "degree": 3,
                "label": 3,
                "coords": [
                    -12.66836,
                    212.02617,
                    -79.57501
                ]
            }
        ],
        "Pcom boundary": [
            {
                "id": 609,
                "degree": 2,
                "label": 3,
                "coords": [
                    -12.47148,
                    213.3418,
                    -80.39689
                ]
            }
        ],
        "PCA end": [
            {
                "id": 201,
                "degree": 1,
                "label": 3,
                "coords": [
                    -26.47461,
                    200.3418,
                    -68.73126
                ]
            }
        ]
    },
    "4": {
        "ICA start": [
            {
                "id": 202,
                "degree": 1,
                "label": 4,
                "coords": [
                    3.25977,
                    223.99805,
                    -78.95001
                ]
            }
        ],
        "Pcom bifurcation": [
            {
                "id": 221,
                "degree": 3,
                "label": 4,
                "coords": [
                    6.00977,
                    222.77617,
                    -74.37501
                ]
            }
        ],
        "Pcom boundary": [
            {
                "id": 444,
                "degree": 2,
                "label": 4,
                "coords": [
                    6.20664,
                    221.0918,
                    -74.95001
                ]
            }
        ],
        "ICA bifurcation": [
            {
                "id": 243,
                "degree": 3,
                "label": 4,
                "coords": [
                    9.00977,
                    227.5918,
                    -73.20001
                ]
            }
        ],
        "ACA boundary": [
            {
                "id": 623,
                "degree": 2,
                "label": 4,
                "coords": [
                    6.50977,
                    229.1668,
                    -72.72189
                ]
            }
        ],
        "MCA boundary": [
            {
                "id": 252,
                "degree": 2,
                "label": 4,
                "coords": [
                    11.25977,
                    228.88867,
                    -73.72189
                ]
            }
        ]
    },
    "5": {
        "ICA boundary": [
            {
                "id": 252,
                "degree": 2,
                "label": 5,
                "coords": [
                    11.25977,
                    228.88867,
                    -73.72189
                ]
            }
        ],
        "MCA end": [
            {
                "id": 262,
                "degree": 3,
                "label": 5,
                "coords": [
                    13.50977,
                    230.0918,
                    -75.20001
                ]
            }
        ]
    },
    "6": {
        "ICA start": [
            {
                "id": 326,
                "degree": 1,
                "label": 6,
                "coords": [
                    -11.92773,
                    225.16992,
                    -80.20001
                ]
            }
        ],
        "Pcom bifurcation": [
            {
                "id": 345,
                "degree": 3,
                "label": 6,
                "coords": [
                    -14.99023,
                    224.0543,
                    -75.70001
                ]
            }
        ],
        "Pcom boundary": [
            {
                "id": 573,
                "degree": 2,
                "label": 6,
                "coords": [
                    -14.82148,
                    221.8418,
                    -75.06876
                ]
            }
        ],
        "ICA bifurcation": [
            {
                "id": 369,
                "degree": 3,
                "label": 6,
                "coords": [
                    -18.6569,
                    228.75846,
                    -73.11668
                ]
            }
        ],
        "ACA boundary": [
            {
                "id": 747,
                "degree": 2,
                "label": 6,
                "coords": [
                    -16.74023,
                    230.3918,
                    -72.55314
                ]
            }
        ],
        "MCA boundary": [
            {
                "id": 380,
                "degree": 2,
                "label": 6,
                "coords": [
                    -21.34023,
                    229.56992,
                    -74.65001
                ]
            }
        ]
    },
    "7": {
        "ICA boundary": [
            {
                "id": 380,
                "degree": 2,
                "label": 7,
                "coords": [
                    -21.34023,
                    229.56992,
                    -74.65001
                ]
            }
        ],
        "MCA end": [
            {
                "id": 438,
                "degree": 1,
                "label": 7,
                "coords": [
                    -35.22461,
                    230.93555,
                    -81.20001
                ]
            }
        ]
    },
    "8": {
        "ICA boundary": [
            {
                "id": 444,
                "degree": 2,
                "label": 8,
                "coords": [
                    6.20664,
                    221.0918,
                    -74.95001
                ]
            }
        ],
        "PCA boundary": [
            {
                "id": 487,
                "degree": 2,
                "label": 8,
                "coords": [
                    1.95977,
                    210.5918,
                    -76.80001
                ]
            }
        ]
    },
    "9": {
        "ICA boundary": [
            {
                "id": 573,
                "degree": 2,
                "label": 9,
                "coords": [
                    -14.82148,
                    221.8418,
                    -75.06876
                ]
            }
        ],
        "PCA boundary": [
            {
                "id": 609,
                "degree": 2,
                "label": 9,