{
    "1": {
        "BA start": [
            {
                "id": 0,
                "degree": 1,
                "label": 1,
                "coords": [
                    -1.30762,
                    153.92285,
                    -282.94373
                ]
            }
        ],
        "BA bifurcation": [
            {
                "id": 48,
                "degree": 3,
                "label": 1,
                "coords": [
                    -2.91178,
                    155.08952,
                    -271.18331
                ]
            }
        ],
        "R-PCA boundary": [
            {
                "id": 53,
                "degree": 2,
                "label": 1,
                "coords": [
                    -1.54824,
                    154.7416,
                    -270.0031
                ]
            }
        ],
        "L-PCA boundary": [
            {
                "id": 133,
                "degree": 2,
                "label": 1,
                "coords": [
                    -3.64199,
                    155.91973,
                    -270.54997
                ]
            }
        ]
    },
    "2": {
        "BA boundary": [
            {
                "id": 53,
                "degree": 2,
                "label": 2,
                "coords": [
                    -1.54824,
                    154.7416,
                    -270.0031
                ]
            }
        ],
        "Pcom bifurcation": [
            {
                "id": 75,
                "degree": 3,
                "label": 2,
                "coords": [
                    3.55488,
                    156.78848,
                    -269.45935
                ]
            }
        ],
        "Pcom boundary": [
            {
                "id": 437,
                "degree": 2,
                "label": 2,
                "coords": [
                    3.03363,
                    157.3991,
                    -269.7281
                ]
            }
        ],
        "PCA end": [
            {
                "id": 130,
                "degree": 1,
                "label": 2,
                "coords": [
                    11.25488,
                    145.92285,
                    -274.1156
                ]
            }
        ]
    },
    "3": {
        "BA boundary": [
            {
                "id": 133,
                "degree": 2,
                "label": 3,
                "coords": [
                    -3.64199,
                    155.91973,
                    -270.54997
                ]
            }
        ],
        "Pcom bifurcation": [
            {
                "id": 162,
                "degree": 3,
                "label": 3,
                "coords": [
                    -9.49512,
                    162.68223,
                    -269.03123
                ]
            }
        ],
        "Pcom boundary": [
            {
                "id": 482,
                "degree": 2,
                "label": 3,
                "coords": [
                    -8.99199,
                    163.15598,
                    -269.27373
                ]
            }
        ],
        "PCA end": [
            {
                "id": 222,
                "degree": 1,
                "label": 3,
                "coords": [
                    -21.90137,
                    150.42285,
                    -269.19373
                ]
            }
        ]
    },
    "4": {
        "ICA start": [
            {
                "id": 223,
                "degree": 1,
                "label": 4,
                "coords": [
                    7.27051,
                    171.92285,
                    -274.9281
                ]
            }
        ],
        "Pcom bifurcation": [
            {
                "id": 242,
                "degree": 3,
                "label": 4,
                "coords": [
                    7.6403,
                    167.03326,
                    -272.69163
                ]
            }
        ],
        "Pcom boundary": [
            {
                "id": 399,
                "degree": 2,
                "label": 4,
                "coords": [
                    7.42676,
                    166.20723,
                    -274.04373
                ]
            }
        ],
        "ICA bifurcation": [
            {
                "id": 259,
                "degree": 3,
                "label": 4,
                "coords": [
                    11.83822,
                    163.25618,
                    -269.51664
                ]
            }
        ],
        "ACA boundary": [
            {
                "id": 489,
                "degree": 2,
                "label": 4,
                "coords": [
                    10.75176,
                    163.07285,
                    -267.9531
                ]
            }
        ],
        "MCA boundary": [
            {
                "id": 264,
                "degree": 2,
                "label": 4,
                "coords": [
                    13.25488,
                    163.66973,
                    -269.08435
                ]
            }
        ]
    },
    "5": {
        "ICA boundary": [
            {
                "id": 264,
                "degree": 2,
                "label": 5,
                "coords": [
                    13.25488,
                    163.66973,
                    -269.08435
                ]
            }
        ],
        "MCA end": [
            {
                "id": 304,
                "degree": 1,
                "label": 5,
                "coords": [
                    23.16113,
                    169.42285,
                    -270.1156
                ]
            }
        ]
    },
    "6": {
        "ICA start": [
            {
                "id": 305,
                "degree": 1,
                "label": 6,
                "coords": [
                    -7.91699,
                    174.17285,
                    -272.84998
                ]
            }
        ],
        "Pcom bifurcation": [
            {
                "id": 324,
                "degree": 3,
                "label": 6,
                "coords": [
                    -9.99512,
                    169.85723,
                    -269.83123
                ]
            }
        ],
        "Pcom boundary": [
            {
                "id": 442,
                "degree": 2,
                "label": 6,
                "coords": [
                    -10.89824,
                    169.58848,
                    -270.84998
                ]
            }
        ],
        "ICA bifurcation": [
            {
                "id": 345,
                "degree": 3,
                "label": 6,
                "coords": [
                    -14.07845,
                    167.42285,
                    -264.93331
                ]
            }
        ],
        "ACA boundary": [
            {
                "id": 604,
                "degree": 2,
                "label": 6,
                "coords": [
                    -12.99616,
                    166.9416,
                    -264.02289
                ]
            }
        ],
        "MCA boundary": [
            {
                "id": 351,
                "degree": 2,
                "label": 6,
                "coords": [
                    -15.74199,
                    167.82285,
                    -263.92498
                ]
            }
        ]
    },
    "7": {
        "ICA boundary": [
            {
                "id": 351,
                "degree": 2,
                "label": 7,
                "coords": [
                    -15.74199,
                    167.82285,
                    -263.92498
                ]
            }
        ],
        "MCA end": [
            {
                "id": 394,
                "degree": 1,
                "label": 7,