{
    "1": {
        "BA start": [
            {
                "id": 0,
                "degree": 1,
                "label": 1,
                "coords": [
                    5.01074,
                    197.50488,
                    86.2
                ]
            }
        ],
        "BA bifurcation": [
            {
                "id": 21,
                "degree": 3,
                "label": 1,
                "coords": [
                    4.01074,
                    198.75488,
                    90.7
                ]
            }
        ],
        "R-PCA boundary": [
            {
                "id": 23,
                "degree": 2,
                "label": 1,
                "coords": [
                    4.46074,
                    198.57051,
                    91.2
                ]
            }
        ],
        "L-PCA boundary": [
            {
                "id": 99,
                "degree": 2,
                "label": 1,
                "coords": [
                    3.35762,
                    199.50801,
                    90.27187
                ]
            }
        ]
    },
    "2": {
        "BA boundary": [
            {
                "id": 23,
                "degree": 2,
                "label": 2,
                "coords": [
                    4.46074,
                    198.57051,
                    91.2
                ]
            }
        ],
        "PCA end": [
            {
                "id": 96,
                "degree": 1,
                "label": 2,
                "coords": [
                    13.60449,
                    187.75488,
                    88.79375
                ]
            }
        ]
    },
    "3": {
        "BA boundary": [
            {
                "id": 99,
                "degree": 2,
                "label": 3,
                "coords": [
                    3.35762,
                    199.50801,
                    90.27187
                ]
            }
        ],
        "PCA end": [
            {
                "id": 232,
                "degree": 1,
                "label": 3,
                "coords": [
                    -19.48926,
                    189.50488,
                    99.68438
                ]
            }
        ]
    },
    "4": {
        "ICA start": [
            {
                "id": 233,
                "degree": 1,
                "label": 4,
                "coords": [
                    12.51074,
                    218.25488,
                    90.95
                ]
            }
        ],
        "ICA bifurcation": [
            {
                "id": 272,
                "degree": 3,
                "label": 4,
                "coords": [
                    18.26074,
                    213.50488,
                    96.95
                ]
            }
        ],
        "ACA boundary": [
            {
                "id": 434,
                "degree": 2,
                "label": 4,
                "coords": [
                    17.42637,
                    214.18301,
                    98.85
                ]
            }
        ],
        "MCA boundary": [
            {
                "id": 278,
                "degree": 2,
                "label": 4,
                "coords": [
                    19.76074,
                    214.25488,
                    97.38125
                ]
            }
        ]
    },
    "5": {
        "ICA boundary": [
            {
                "id": 278,
                "degree": 2,
                "label": 5,
                "coords": [
                    19.76074,
                    214.25488,
                    97.38125
                ]
            }
        ],
        "MCA end": [
            {
                "id": 330,
                "degree": 1,
                "label": 5,
                "coords": [
                    28.76074,
                    222.25488,
                    89.02812
                ]
            }
        ]
    },
    "6": {
        "ICA start": [
            {
                "id": 331,
                "degree": 1,
                "label": 6,
                "coords": [
                    -7.75488,
                    219.75488,
                    91.52812
                ]
            }
        ],
        "ICA bifurcation": [
            {
                "id": 370,
                "degree": 3,
                "label": 6,
                "coords": [
                    -14.48926,
                    214.50488,
                    96.95
                ]
            }
        ],
        "ACA boundary": [
            {
                "id": 558,
                "degree": 2,
                "label": 6,
                "coords": [
                    -13.55801,
                    214.55801,
                    98.7
                ]
            }
        ],
        "MCA boundary": [
            {
                "id": 375,
                "degree": 2,
                "label": 6,
                "coords": [
                    -15.73926,
                    214.52676,
                    96.93437
                ]
            }
        ]
    },
    "7": {
        "ICA boundary": [
            {
                "id": 375,
                "degree": 2,
                "label": 7,
                "coords": [
                    -15.73926,
                    214.52676,
                    96.93437
                ]
            }
        ],
        "MCA end": [
            {
                "id": 426,
                "degree": 1,
                "label": 7,
                "coords": [
                    -27.41113,
                    222.25488,
                    96.95
                ]
            }
        ]
    },
    "10": {
        "R-ACA boundary": [
            {
                "id": 490,
                "degree": 3,
                "label": 10,
                "coords": [
                    4.23678,
                    217.56113,
                    98.67916
                ]
            }
        ],
        "L-ACA boundary": [
            {
                "id": 699,
                "degree": 2,
                "label": 10,
                "coords": [
                    1.04121,
                    217.92676,
                    98.09375
                ]
            }
        ],
        "3rd-A2 bifurcation": [
            {
                "id": 689,
                "degree": 3,
                "label": 10,
                "coords": [
                    3.50085,
                    217.51895,
                    98.34323
                ]
            }
        ],
        "3rd-A2 boundary": [
            {
                "id": 700,
                "degree": 2,
                "label": 10,
                "coords": [
                    3.22962,
                    217.34043,
                    99.73451
                ]
            }
        ]
    },
    "11": {
        "ICA boundary": [
            {
                "id": 434,
                "degree": 2,
                "label": 11,
                "coords": [
                    17.42637,
                    214.18301,
                    98.85
                ]
            }
        ],
        "Acom bifurcation": [
            {
                "id": 490,
                "degree": 3,
                "label": 11,
                "coords": [
                    4.23678,
                    217.56113,
                    98.67916
                ]
            }
        ],
        "Acom boundary": [
            {
                "id": 490,
                "degree": 3,
                "label": 11,
                "coords": [
                    4.23678,
                    217.56113,
                    98.67916
                ]
            }
        ],
        "ACA end": [
            {
                "id": 551,
                "degree": 1,
                "label": 11,