{
    "1": {
        "BA start": [
            {
                "id": 0,
                "degree": 1,
                "label": 1,
                "coords": [
                    1.5791,
                    195.3252,
                    96.05
                ]
            }
        ],
        "BA bifurcation": [
            {
                "id": 58,
                "degree": 3,
                "label": 1,
                "coords": [
                    -3.83757,
                    199.74186,
                    108.46667
                ]
            }
        ],
        "R-PCA boundary": [
            {
                "id": 65,
                "degree": 2,
                "label": 1,
                "coords": [
                    -1.9209,
                    198.3252,
                    108.65
                ]
            }
        ],
        "L-PCA boundary": [
            {
                "id": 156,
                "degree": 2,
                "label": 1,
                "coords": [
                    -4.8709,
                    200.65332,
                    109.7
                ]
            }
        ]
    },
    "2": {
        "BA boundary": [
            {
                "id": 65,
                "degree": 2,
                "label": 2,
                "coords": [
                    -1.9209,
                    198.3252,
                    108.65
                ]
            }
        ],
        "PCA end": [
            {
                "id": 150,
                "degree": 1,
                "label": 2,
                "coords": [
                    12.84473,
                    187.3252,
                    104.6125
                ]
            }
        ]
    },
    "3": {
        "BA boundary": [
            {
                "id": 156,
                "degree": 2,
                "label": 3,
                "coords": [
                    -4.8709,
                    200.65332,
                    109.7
                ]
            }
        ],
        "PCA end": [
            {
                "id": 289,
                "degree": 1,
                "label": 3,
                "coords": [
                    -26.9209,
                    185.84082,
                    107.55
                ]
            }
        ]
    },
    "4": {
        "ICA start": [
            {
                "id": 290,
                "degree": 1,
                "label": 4,
                "coords": [
                    6.8291,
                    211.8877,
                    97.62812
                ]
            }
        ],
        "ICA bifurcation": [
            {
                "id": 329,
                "degree": 3,
                "label": 4,
                "coords": [
                    11.41243,
                    207.3252,
                    106.21667
                ]
            }
        ],
        "ACA boundary": [
            {
                "id": 526,
                "degree": 2,
                "label": 4,
                "coords": [
                    10.13223,
                    208.57207,
                    107.1
                ]
            }
        ],
        "MCA boundary": [
            {
                "id": 337,
                "degree": 2,
                "label": 4,
                "coords": [
                    13.34785,
                    206.57207,
                    107.975
                ]
            }
        ]
    },
    "5": {
        "ICA boundary": [
            {
                "id": 337,
                "degree": 2,
                "label": 5,
                "coords": [
                    13.34785,
                    206.57207,
                    107.975
                ]
            }
        ],
        "MCA end": [
            {
                "id": 430,
                "degree": 1,
                "label": 5,
                "coords": [
                    29.23535,
                    215.80957,
                    100.81562
                ]
            }
        ]
    },
    "6": {
        "ICA start": [
            {
                "id": 431,
                "degree": 1,
                "label": 6,
                "coords": [
                    -11.9209,
                    209.30957,
                    97.83125
                ]
            }
        ],
        "ICA bifurcation": [
            {
                "id": 457,
                "degree": 3,
                "label": 6,
                "coords": [
                    -17.1709,
                    206.5752,
                    101.55
                ]
            }
        ],
        "ACA boundary": [
            {
                "id": 674,
                "degree": 2,
                "label": 6,
                "coords": [
                    -15.1709,
                    205.4252,
                    102.09687
                ]
            }
        ],
        "MCA boundary": [
            {
                "id": 462,
                "degree": 2,
                "label": 6,
                "coords": [
                    -18.4209,
                    207.07832,
                    102.17187
                ]
            }
        ]
    },
    "7": {
        "ICA boundary": [
            {
                "id": 462,
                "degree": 2,
                "label": 7,
                "coords": [
                    -18.4209,
                    207.07832,
                    102.17187
                ]
            }
        ],
        "MCA end": [
            {
                "id": 521,
                "degree": 1,
                "label": 7,
                "coords": [
                    -25.9209,
                    219.3252,
                    97.37812
                ]
            }
        ]
    },
    "10": {
        "R-ACA boundary": [
            {
                "id": 582,
                "degree": 3,
                "label": 10,
                "coords": [
                    -3.03522,
                    214.99603,
                    101.62943
                ]
            }
        ],
        "L-ACA boundary": [
            {
                "id": 723,
                "degree": 3,
                "label": 10,
                "coords": [
                    -5.32168,
                    214.63066,
                    101.54766
                ]
            }
        ]
    },
    "11": {
        "ICA boundary": [
            {
                "id": 526,
                "degree": 2,
                "label": 11,
                "coords": [
                    10.13223,
                    208.57207,
                    107.1
                ]
            }
        ],
        "Acom bifurcation": [
            {
                "id": 582,
                "degree": 3,
                "label": 11,
                "coords": [
                    -3.03522,
                    214.99603,
                    101.62943
                ]
            }
        ],
        "Acom boundary": [
            {
                "id": 582,
                "degree": 3,
                "label": 11,
                "coords": [
                    -3.03522,
                    214.99603,
                    101.62943
                ]
            }
        ],
        "ACA end": [
            {
                "id": 666,
                "degree": 1,
                "label": 11,
                "coords": [
                    0.3291,
                    233.8252,
                    115.64375
                ]
            }
        ]
    },
    "12": {
        "ICA boundary": [
            {
                "id": 674,
                "degree": 2,
                "label": 12,
                "coords": [
                    -15.1709,
                    205.4252,
                    102.09687
                ]
            }
        ],
        "Acom bifurcation": [
            {
                "id": 723,
                "degree": 3,
                "label": 12,