{
    "1": {
        "BA start": [
            {
                "id": 0,
                "degree": 1,
                "label": 1,
                "coords": [
                    7.8154,
                    1.7744,
                    -62.22603
                ]
            }
        ],
        "BA bifurcation": [
            {
                "id": 48,
                "degree": 3,
                "label": 1,
                "coords": [
                    1.10519,
                    -3.41373,
                    -51.10305
                ]
            }
        ],
        "R-PCA boundary": [
            {
                "id": 58,
                "degree": 2,
                "label": 1,
                "coords": [
                    2.94692,
                    -5.51864,
                    -49.29299
                ]
            }
        ],
        "L-PCA boundary": [
            {
                "id": 179,
                "degree": 2,
                "label": 1,
                "coords": [
                    -1.33626,
                    -2.76519,
                    -50.20175
                ]
            }
        ]
    },
    "2": {
        "BA boundary": [
            {
                "id": 58,
                "degree": 2,
                "label": 2,
                "coords": [
                    2.94692,
                    -5.51864,
                    -49.29299
                ]
            }
        ],
        "PCA end": [
            {
                "id": 169,
                "degree": 1,
                "label": 2,
                "coords": [
                    21.34995,
                    -14.51737,
                    -59.90251
                ]
            }
        ]
    },
    "3": {
        "BA boundary": [
            {
                "id": 179,
                "degree": 2,
                "label": 3,
                "coords": [
                    -1.33626,
                    -2.76519,
                    -50.20175
                ]
            }
        ],
        "PCA end": [
            {
                "id": 275,
                "degree": 1,
                "label": 3,
                "coords": [
                    -21.67212,
                    -9.00417,
                    -58.71784
                ]
            }
        ]
    },
    "4": {
        "ICA start": [
            {
                "id": 276,
                "degree": 1,
                "label": 4,
                "coords": [
                    14.82619,
                    15.19815,
                    -60.04241
                ]
            }
        ],
        "ICA bifurcation": [
            {
                "id": 368,
                "degree": 3,
                "label": 4,
                "coords": [
                    17.74097,
                    5.33556,
                    -47.52176
                ]
            }
        ],
        "ACA boundary": [
            {
                "id": 638,
                "degree": 2,
                "label": 4,
                "coords": [
                    16.55721,
                    6.09802,
                    -46.14071
                ]
            }
        ],
        "MCA boundary": [
            {
                "id": 375,
                "degree": 2,
                "label": 4,
                "coords": [
                    19.47101,
                    4.66482,
                    -47.03711
                ]
            }
        ]
    },
    "5": {
        "ICA boundary": [
            {
                "id": 375,
                "degree": 2,
                "label": 5,
                "coords": [
                    19.47101,
                    4.66482,
                    -47.03711
                ]
            }
        ],
        "MCA end": [
            {
                "id": 422,
                "degree": 3,
                "label": 5,
                "coords": [
                    31.30015,
                    6.74087,
                    -49.1356
                ]
            }
        ]
    },
    "6": {
        "ICA start": [
            {
                "id": 465,
                "degree": 1,
                "label": 6,
                "coords": [
                    -4.45549,
                    16.86005,
                    -59.79078
                ]
            }
        ],
        "ICA bifurcation": [
            {
                "id": 557,
                "degree": 3,
                "label": 6,
                "coords": [
                    -7.83737,
                    6.06184,
                    -46.97645
                ]
            }
        ],
        "ACA boundary": [
            {
                "id": 774,
                "degree": 2,
                "label": 6,
                "coords": [
                    -6.67232,
                    5.7325,
                    -45.47171
                ]
            }
        ],
        "MCA boundary": [
            {
                "id": 562,
                "degree": 2,
                "label": 6,
                "coords": [
                    -9.19608,
                    6.86325,
                    -46.45993
                ]
            }
        ]
    },
    "7": {
        "ICA boundary": [
            {
                "id": 562,
                "degree": 2,
                "label": 7,
                "coords": [
                    -9.19608,
                    6.86325,
                    -46.45993
                ]
            }
        ],
        "MCA end": [
            {
                "id": 632,
                "degree": 1,
                "label": 7,
                "coords": [
                    -23.25921,
                    17.65201,
                    -50.79363
                ]
            }
        ]
    },
    "10": {
        "R-ACA boundary": [
            {
                "id": 924,
                "degree": 2,
                "label": 10,
                "coords": [
                    5.82471,
                    11.50957,
                    -47.49905
                ]
            }
        ],
        "L-ACA boundary": [
            {
                "id": 934,
                "degree": 2,
                "label": 10,
                "coords": [
                    3.60544,
                    11.16647,
                    -48.48496
                ]
            }
        ]
    },
    "11": {
        "ICA boundary": [
            {
                "id": 638,
                "degree": 2,
                "label": 11,
                "coords": [
                    16.55721,
                    6.09802,
                    -46.14071
                ]
            }
        ],
        "Acom bifurcation": [
            {
                "id": 683,
                "degree": 3,
                "label": 11,
                "coords": [
                    6.17799,
                    11.90438,
                    -46.94607
                ]
            }
        ],
        "Acom boundary": [
            {
                "id": 924,
                "degree": 2,
                "label": 11,
                "coords": [
                    5.82471,
                    11.50957,
                    -47.49905
                ]
            }
        ],
        "ACA end": [
            {
                "id": 768,
                "degree": 1,
                "label": 11,
                "coords": [
                    4.30821,
                    12.6693,
                    -27.85395
                ]
            }
        ]
    },
    "12": {
        "ICA boundary": [
            {
                "id": 774,
                "degree": 2,
                "label": 12,
                "coords": [
                    -6.67232,
                    5.7325,
                    -45.47171
                ]
            }
        ],
        "Acom bifurcation": [
            {
                "id": 820,
                "degree": 3,
                "label": 12,