{
    "1": {
        "BA start": [
            {
                "id": 0,
                "degree": 1,
                "label": 1,
                "coords": [
                    -15.44302,
                    -5.8956,
                    -26.23271
                ]
            }
        ],
        "BA bifurcation": [
            {
                "id": 54,
                "degree": 3,
                "label": 1,
                "coords": [
                    -14.3883,
                    -14.22042,
                    -13.66012
                ]
            }
        ],
        "R-PCA boundary": [
            {
                "id": 60,
                "degree": 2,
                "label": 1,
                "coords": [
                    -12.80015,
                    -15.33543,
                    -13.58393
                ]
            }
        ],
        "L-PCA boundary": [
            {
                "id": 155,
                "degree": 2,
                "label": 1,
                "coords": [
                    -16.34129,
                    -14.15189,
                    -12.17252
                ]
            }
        ]
    },
    "2": {
        "BA boundary": [
            {
                "id": 60,
                "degree": 2,
                "label": 2,
                "coords": [
                    -12.80015,
                    -15.33543,
                    -13.58393
                ]
            }
        ],
        "Pcom bifurcation": [
            {
                "id": 82,
                "degree": 3,
                "label": 2,
                "coords": [
                    -7.37711,
                    -13.82518,
                    -14.31557
                ]
            }
        ],
        "Pcom boundary": [
            {
                "id": 641,
                "degree": 2,
                "label": 2,
                "coords": [
                    -7.92529,
                    -13.23626,
                    -14.37518
                ]
            }
        ],
        "PCA end": [
            {
                "id": 147,
                "degree": 1,
                "label": 2,
                "coords": [
                    9.42354,
                    -17.75854,
                    -21.34608
                ]
            }
        ]
    },
    "3": {
        "BA boundary": [
            {
                "id": 155,
                "degree": 2,
                "label": 3,
                "coords": [
                    -16.34129,
                    -14.15189,
                    -12.17252
                ]
            }
        ],
        "Pcom bifurcation": [
            {
                "id": 176,
                "degree": 3,
                "label": 3,
                "coords": [
                    -19.57825,
                    -10.45883,
                    -11.35199
                ]
            }
        ],
        "Pcom boundary": [
            {
                "id": 176,
                "degree": 3,
                "label": 3,
                "coords": [
                    -19.57825,
                    -10.45883,
                    -11.35199
                ]
            }
        ],
        "PCA end": [
            {
                "id": 265,
                "degree": 1,
                "label": 3,
                "coords": [
                    -33.93549,
                    -25.81001,
                    -22.40426
                ]
            }
        ]
    },
    "4": {
        "ICA start": [
            {
                "id": 266,
                "degree": 1,
                "label": 4,
                "coords": [
                    -1.56763,
                    8.10043,
                    -19.14594
                ]
            }
        ],
        "Pcom bifurcation": [
            {
                "id": 337,
                "degree": 3,
                "label": 4,
                "coords": [
                    -4.08855,
                    -3.63474,
                    -9.53815
                ]
            }
        ],
        "Pcom boundary": [
            {
                "id": 593,
                "degree": 2,
                "label": 4,
                "coords": [
                    -3.8683,
                    -3.91437,
                    -11.49861
                ]
            }
        ],
        "ICA bifurcation": [
            {
                "id": 359,
                "degree": 3,
                "label": 4,
                "coords": [
                    -0.00631,
                    -5.2737,
                    -5.26432
                ]
            }
        ],
        "ACA boundary": [
            {
                "id": 697,
                "degree": 2,
                "label": 4,
                "coords": [
                    -1.83814,
                    -5.06624,
                    -3.78039
                ]
            }
        ],
        "MCA boundary": [
            {
                "id": 368,
                "degree": 2,
                "label": 4,
                "coords": [
                    2.1473,
                    -4.1883,
                    -4.51798
                ]
            }
        ]
    },
    "5": {
        "ICA boundary": [
            {
                "id": 368,
                "degree": 2,
                "label": 5,
                "coords": [
                    2.1473,
                    -4.1883,
                    -4.51798
                ]
            }
        ],
        "MCA end": [
            {
                "id": 431,
                "degree": 1,
                "label": 5,
                "coords": [
                    11.56836,
                    6.46958,
                    -11.81654
                ]
            }
        ]
    },
    "6": {
        "ICA start": [
            {
                "id": 432,
                "degree": 1,
                "label": 6,
                "coords": [
                    -27.17854,
                    2.53818,
                    -20.92484
                ]
            }
        ],
        "Pcom bifurcation": [
            {
                "id": 503,
                "degree": 3,
                "label": 6,
                "coords": [
                    -24.02276,
                    -5.22579,
                    -10.13106
                ]
            }
        ],
        "Pcom boundary": [
            {
                "id": 649,
                "degree": 2,
                "label": 6,
                "coords": [
                    -23.15527,
                    -5.34006,
                    -12.03156
                ]
            }
        ],
        "ICA bifurcation": [
            {
                "id": 526,
                "degree": 3,
                "label": 6,
                "coords": [
                    -27.91936,
                    -8.63407,
                    -5.48401
                ]
            }
        ],
        "ACA boundary": [
            {
                "id": 849,
                "degree": 2,
                "label": 6,
                "coords": [
                    -26.92559,
                    -7.74665,
                    -4.61567
                ]
            }
        ],
        "MCA boundary": [
            {
                "id": 532,
                "degree": 2,
                "label": 6,
                "coords": [
                    -29.56608,
                    -9.14299,
                    -5.00082
                ]
            }
        ]
    },
    "7": {
        "ICA boundary": [
            {
                "id": 532,
                "degree": 2,
                "label": 7,
                "coords": [
                    -29.56608,
                    -9.14299,
                    -5.00082
                ]
            }
        ],
        "MCA end": [
            {
                "id": 586,
                "degree": 1,
                "label": 7,