{
    "1": {
        "BA start": [
            {
                "id": 0,
                "degree": 1,
                "label": 1,
                "coords": [
                    0.97626,
                    -0.4854,
                    -31.82232
                ]
            }
        ],
        "BA bifurcation": [
            {
                "id": 54,
                "degree": 3,
                "label": 1,
                "coords": [
                    1.93076,
                    -4.97083,
                    -18.5152
                ]
            }
        ],
        "R-PCA boundary": [
            {
                "id": 60,
                "degree": 2,
                "label": 1,
                "coords": [
                    3.41701,
                    -5.76574,
                    -17.94834
                ]
            }
        ],
        "L-PCA boundary": [
            {
                "id": 172,
                "degree": 2,
                "label": 1,
                "coords": [
                    -1.10803,
                    -5.61316,
                    -17.57592
                ]
            }
        ]
    },
    "2": {
        "BA boundary": [
            {
                "id": 60,
                "degree": 2,
                "label": 2,
                "coords": [
                    3.41701,
                    -5.76574,
                    -17.94834
                ]
            }
        ],
        "PCA end": [
            {
                "id": 160,
                "degree": 1,
                "label": 2,
                "coords": [
                    19.27441,
                    -16.2307,
                    -23.71262
                ]
            }
        ]
    },
    "3": {
        "BA boundary": [
            {
                "id": 172,
                "degree": 2,
                "label": 3,
                "coords": [
                    -1.10803,
                    -5.61316,
                    -17.57592
                ]
            }
        ],
        "PCA end": [
            {
                "id": 271,
                "degree": 1,
                "label": 3,
                "coords": [
                    -15.56923,
                    -16.46696,
                    -25.86659
                ]
            }
        ]
    },
    "4": {
        "ICA start": [
            {
                "id": 272,
                "degree": 1,
                "label": 4,
                "coords": [
                    15.15892,
                    11.71362,
                    -31.64983
                ]
            }
        ],
        "ICA bifurcation": [
            {
                "id": 364,
                "degree": 3,
                "label": 4,
                "coords": [
                    14.83592,
                    3.54284,
                    -22.24227
                ]
            }
        ],
        "ACA boundary": [
            {
                "id": 555,
                "degree": 2,
                "label": 4,
                "coords": [
                    13.54859,
                    2.71663,
                    -20.94651
                ]
            }
        ],
        "MCA boundary": [
            {
                "id": 370,
                "degree": 2,
                "label": 4,
                "coords": [
                    16.45814,
                    3.63539,
                    -21.28167
                ]
            }
        ]
    },
    "5": {
        "ICA boundary": [
            {
                "id": 370,
                "degree": 2,
                "label": 5,
                "coords": [
                    16.45814,
                    3.63539,
                    -21.28167
                ]
            }
        ],
        "MCA end": [
            {
                "id": 414,
                "degree": 1,
                "label": 5,
                "coords": [
                    27.00677,
                    5.63008,
                    -17.31538
                ]
            }
        ]
    },
    "6": {
        "ICA start": [
            {
                "id": 415,
                "degree": 1,
                "label": 6,
                "coords": [
                    -12.21425,
                    17.17595,
                    -33.0117
                ]
            }
        ],
        "ICA bifurcation": [
            {
                "id": 487,
                "degree": 3,
                "label": 6,
                "coords": [
                    -14.1718,
                    3.30463,
                    -24.52345
                ]
            }
        ],
        "ACA boundary": [
            {
                "id": 692,
                "degree": 2,
                "label": 6,
                "coords": [
                    -12.90396,
                    3.22245,
                    -23.31576
                ]
            }
        ],
        "MCA boundary": [
            {
                "id": 494,
                "degree": 2,
                "label": 6,
                "coords": [
                    -15.94641,
                    3.33306,
                    -24.0531
                ]
            }
        ]
    },
    "7": {
        "ICA boundary": [
            {
                "id": 494,
                "degree": 2,
                "label": 7,
                "coords": [
                    -15.94641,
                    3.33306,
                    -24.0531
                ]
            }
        ],
        "MCA end": [
            {
                "id": 548,
                "degree": 1,
                "label": 7,
                "coords": [
                    -29.59593,
                    5.10567,
                    -21.74357
                ]
            }
        ]
    },
    "10": {
        "R-ACA boundary": [
            {
                "id": 825,
                "degree": 2,
                "label": 10,
                "coords": [
                    1.29468,
                    9.80287,
                    -19.36633
                ]
            }
        ],
        "L-ACA boundary": [
            {
                "id": 830,
                "degree": 2,
                "label": 10,
                "coords": [
                    0.11499,
                    10.30155,
                    -19.85971
                ]
            }
        ]
    },
    "11": {
        "ICA boundary": [
            {
                "id": 555,
                "degree": 2,
                "label": 11,
                "coords": [
                    13.54859,
                    2.71663,
                    -20.94651
                ]
            }
        ],
        "Acom bifurcation": [
            {
                "id": 610,
                "degree": 3,
                "label": 11,
                "coords": [
                    1.91909,
                    9.53035,
                    -18.97735
                ]
            }
        ],
        "Acom boundary": [
            {
                "id": 825,
                "degree": 2,
                "label": 11,
                "coords": [
                    1.29468,
                    9.80287,
                    -19.36633
                ]
            }
        ],
        "ACA end": [
            {
                "id": 685,
                "degree": 1,
                "label": 11,
                "coords": [
                    -3.00403,
                    24.46461,
                    -7.46916
                ]
            }
        ]
    },
    "12": {
        "ICA boundary": [
            {
                "id": 692,
                "degree": 2,
                "label": 12,
                "coords": [
                    -12.90396,
                    3.22245,
                    -23.31576
                ]
            }
        ],
        "Acom bifurcation": [
            {
                "id": 748,
                "degree": 3,
                "label": 12,