{
    "1": {
        "BA start": [
            {
                "id": 0,
                "degree": 1,
                "label": 1,
                "coords": [
                    8.0459,
                    196.65527,
                    -220.39999
                ]
            }
        ],
        "BA bifurcation": [
            {
                "id": 51,
                "degree": 3,
                "label": 1,
                "coords": [
                    1.5459,
                    204.65527,
                    -208.39999
                ]
            }
        ],
        "R-PCA boundary": [
            {
                "id": 63,
                "degree": 2,
                "label": 1,
                "coords": [
                    2.0459,
                    204.65527,
                    -205.39999
                ]
            }
        ],
        "L-PCA boundary": [
            {
                "id": 189,
                "degree": 2,
                "label": 1,
                "coords": [
                    -1.2041,
                    205.4584,
                    -207.39687
                ]
            }
        ]
    },
    "2": {
        "BA boundary": [
            {
                "id": 63,
                "degree": 2,
                "label": 2,
                "coords": [
                    2.0459,
                    204.65527,
                    -205.39999
                ]
            }
        ],
        "PCA end": [
            {
                "id": 178,
                "degree": 1,
                "label": 2,
                "coords": [
                    15.06152,
                    189.15527,
                    -205.99374
                ]
            }
        ]
    },
    "3": {
        "BA boundary": [
            {
                "id": 189,
                "degree": 2,
                "label": 3,
                "coords": [
                    -1.2041,
                    205.4584,
                    -207.39687
                ]
            }
        ],
        "PCA end": [
            {
                "id": 314,
                "degree": 1,
                "label": 3,
                "coords": [
                    -15.21973,
                    188.90527,
                    -202.80624
                ]
            }
        ]
    },
    "4": {
        "ICA start": [
            {
                "id": 315,
                "degree": 1,
                "label": 4,
                "coords": [
                    9.7959,
                    219.57715,
                    -214.14999
                ]
            }
        ],
        "ICA bifurcation": [
            {
                "id": 354,
                "degree": 3,
                "label": 4,
                "coords": [
                    16.7959,
                    213.90527,
                    -206.89999
                ]
            }
        ],
        "ACA boundary": [
            {
                "id": 509,
                "degree": 2,
                "label": 4,
                "coords": [
                    15.5959,
                    214.0584,
                    -205.29999
                ]
            }
        ],
        "MCA boundary": [
            {
                "id": 365,
                "degree": 2,
                "label": 4,
                "coords": [
                    19.5459,
                    213.9584,
                    -206.40312
                ]
            }
        ]
    },
    "5": {
        "ICA boundary": [
            {
                "id": 365,
                "degree": 2,
                "label": 5,
                "coords": [
                    19.5459,
                    213.9584,
                    -206.40312
                ]
            }
        ],
        "MCA end": [
            {
                "id": 409,
                "degree": 1,
                "label": 5,
                "coords": [
                    27.13965,
                    220.74902,
                    -210.38437
                ]
            }
        ]
    },
    "6": {
        "ICA start": [
            {
                "id": 410,
                "degree": 1,
                "label": 6,
                "coords": [
                    -7.81348,
                    218.90527,
                    -215.66562
                ]
            }
        ],
        "ICA bifurcation": [
            {
                "id": 449,
                "degree": 3,
                "label": 6,
                "coords": [
                    -13.2041,
                    213.40527,
                    -207.64999
                ]
            }
        ],
        "ACA boundary": [
            {
                "id": 637,
                "degree": 2,
                "label": 6,
                "coords": [
                    -11.90098,
                    213.83965,
                    -206.14999
                ]
            }
        ],
        "MCA boundary": [
            {
                "id": 457,
                "degree": 2,
                "label": 6,
                "coords": [
                    -15.2041,
                    213.42402,
                    -207.24999
                ]
            }
        ]
    },
    "7": {
        "ICA boundary": [
            {
                "id": 457,
                "degree": 2,
                "label": 7,
                "coords": [
                    -15.2041,
                    213.42402,
                    -207.24999
                ]
            }
        ],
        "MCA end": [
            {
                "id": 502,
                "degree": 1,
                "label": 7,
                "coords": [
                    -26.37598,
                    218.15527,
                    -209.49374
                ]
            }
        ]
    },
    "10": {
        "R-ACA boundary": [
            {
                "id": 770,
                "degree": 2,
                "label": 10,
                "coords": [
                    2.46777,
                    222.15527,
                    -208.58828
                ]
            }
        ],
        "L-ACA boundary": [
            {
                "id": 777,
                "degree": 2,
                "label": 10,
                "coords": [
                    0.86131,
                    222.17946,
                    -209.68828
                ]
            }
        ]
    },
    "11": {
        "ICA boundary": [
            {
                "id": 509,
                "degree": 2,
                "label": 11,
                "coords": [
                    15.5959,
                    214.0584,
                    -205.29999
                ]
            }
        ],
        "Acom bifurcation": [
            {
                "id": 571,
                "degree": 3,
                "label": 11,
                "coords": [
                    2.99902,
                    222.15527,
                    -208.30937
                ]
            }
        ],
        "Acom boundary": [
            {
                "id": 770,
                "degree": 2,
                "label": 11,
                "coords": [
                    2.46777,
                    222.15527,
                    -208.58828
                ]
            }
        ],
        "ACA end": [
            {
                "id": 631,
                "degree": 1,
                "label": 11,
                "coords": [
                    1.96777,
                    223.4209,
                    -195.39999
                ]
            }
        ]
    },
    "12": {
        "ICA boundary": [
            {
                "id": 637,
                "degree": 2,
                "label": 12,
                "coords": [
                    -11.90098,
                    213.83965,
                    -206.14999
                ]
            }
        ],
        "Acom bifurcation": [
            {
                "id": 691,
                "degree": 3,