{
    "1": {
        "BA start": [
            {
                "id": 0,
                "degree": 1,
                "label": 1,
                "coords": [
                    14.81934,
                    185.15918,
                    -168.39062
                ]
            }
        ],
        "BA bifurcation": [
            {
                "id": 30,
                "degree": 3,
                "label": 1,
                "coords": [
                    10.30371,
                    184.89355,
                    -161.5
                ]
            }
        ],
        "R-PCA boundary": [
            {
                "id": 38,
                "degree": 2,
                "label": 1,
                "coords": [
                    11.30371,
                    183.44668,
                    -160.35
                ]
            }
        ],
        "L-PCA boundary": [
            {
                "id": 116,
                "degree": 2,
                "label": 1,
                "coords": [
                    7.05371,
                    184.09355,
                    -160.44688
                ]
            }
        ]
    },
    "2": {
        "BA boundary": [
            {
                "id": 38,
                "degree": 2,
                "label": 2,
                "coords": [
                    11.30371,
                    183.44668,
                    -160.35
                ]
            }
        ],
        "PCA end": [
            {
                "id": 103,
                "degree": 1,
                "label": 2,
                "coords": [
                    23.30371,
                    183.14355,
                    -167.5
                ]
            }
        ]
    },
    "3": {
        "BA boundary": [
            {
                "id": 116,
                "degree": 2,
                "label": 3,
                "coords": [
                    7.05371,
                    184.09355,
                    -160.44688
                ]
            }
        ],
        "PCA end": [
            {
                "id": 217,
                "degree": 1,
                "label": 3,
                "coords": [
                    -7.43066,
                    168.39355,
                    -164.01562
                ]
            }
        ]
    },
    "4": {
        "ICA start": [
            {
                "id": 218,
                "degree": 1,
                "label": 4,
                "coords": [
                    19.31934,
                    199.64355,
                    -160.0
                ]
            }
        ],
        "ICA bifurcation": [
            {
                "id": 257,
                "degree": 3,
                "label": 4,
                "coords": [
                    26.05371,
                    196.39355,
                    -153.0
                ]
            }
        ],
        "ACA boundary": [
            {
                "id": 448,
                "degree": 2,
                "label": 4,
                "coords": [
                    25.43496,
                    197.24043,
                    -151.525
                ]
            }
        ],
        "MCA boundary": [
            {
                "id": 265,
                "degree": 2,
                "label": 4,
                "coords": [
                    27.80371,
                    195.85918,
                    -152.2
                ]
            }
        ]
    },
    "5": {
        "ICA boundary": [
            {
                "id": 265,
                "degree": 2,
                "label": 5,
                "coords": [
                    27.80371,
                    195.85918,
                    -152.2
                ]
            }
        ],
        "MCA end": [
            {
                "id": 321,
                "degree": 1,
                "label": 5,
                "coords": [
                    41.06934,
                    198.64355,
                    -151.57812
                ]
            }
        ]
    },
    "6": {
        "ICA start": [
            {
                "id": 322,
                "degree": 1,
                "label": 6,
                "coords": [
                    2.38184,
                    199.64355,
                    -164.5
                ]
            }
        ],
        "ICA bifurcation": [
            {
                "id": 361,
                "degree": 3,
                "label": 6,
                "coords": [
                    -4.94629,
                    193.39355,
                    -158.75
                ]
            }
        ],
        "ACA boundary": [
            {
                "id": 618,
                "degree": 2,
                "label": 6,
                "coords": [
                    -3.19629,
                    193.74668,
                    -157.5
                ]
            }
        ],
        "MCA boundary": [
            {
                "id": 367,
                "degree": 2,
                "label": 6,
                "coords": [
                    -6.44629,
                    193.24043,
                    -158.3
                ]
            }
        ]
    },
    "7": {
        "ICA boundary": [
            {
                "id": 367,
                "degree": 2,
                "label": 7,
                "coords": [
                    -6.44629,
                    193.24043,
                    -158.3
                ]
            }
        ],
        "MCA end": [
            {
                "id": 442,
                "degree": 1,
                "label": 7,
                "coords": [
                    -20.21191,
                    199.89355,
                    -164.0
                ]
            }
        ]
    },
    "10": {
        "R-ACA boundary": [
            {
                "id": 743,
                "degree": 2,
                "label": 10,
                "coords": [
                    11.53184,
                    200.9623,
                    -157.01875
                ]
            }
        ],
        "L-ACA boundary": [
            {
                "id": 750,
                "degree": 2,
                "label": 10,
                "coords": [
                    9.80371,
                    200.8998,
                    -156.33125
                ]
            }
        ]
    },
    "11": {
        "ICA boundary": [
            {
                "id": 448,
                "degree": 2,
                "label": 11,
                "coords": [
                    25.43496,
                    197.24043,
                    -151.525
                ]
            }
        ],
        "Acom bifurcation": [
            {
                "id": 509,
                "degree": 3,
                "label": 11,
                "coords": [
                    12.33496,
                    201.39355,
                    -157.54688
                ]
            }
        ],
        "Acom boundary": [
            {
                "id": 743,
                "degree": 2,
                "label": 11,
                "coords": [
                    11.53184,
                    200.9623,
                    -157.01875
                ]
            }
        ],
        "ACA end": [
            {
                "id": 611,
                "degree": 1,
                "label": 11,
                "coords": [
                    10.06934,
                    218.64355,
                    -142.5
                ]
            }
        ]
    },
    "12": {
        "ICA boundary": [
            {
                "id": 618,
                "degree": 2,
                "label": 12,
                "coords": [
                    -3.19629,
                    193.74668,
                    -157.5
                ]
            }
        ],
        "Acom bifurcation": [
            {
                "id": 666,
                "degree": 3,
                "label": 12,