{
    "1": {
        "BA start": [
            {
                "id": 0,
                "degree": 1,
                "label": 1,
                "coords": [
                    0.75,
                    -7.29688,
                    -12.60018
                ]
            }
        ],
        "BA bifurcation": [
            {
                "id": 56,
                "degree": 3,
                "label": 1,
                "coords": [
                    4.33854,
                    -11.13542,
                    1.56649
                ]
            }
        ],
        "R-PCA boundary": [
            {
                "id": 65,
                "degree": 2,
                "label": 1,
                "coords": [
                    6.0375,
                    -12.95313,
                    3.22794
                ]
            }
        ],
        "L-PCA boundary": [
            {
                "id": 204,
                "degree": 2,
                "label": 1,
                "coords": [
                    0.67188,
                    -10.98438,
                    3.32169
                ]
            }
        ]
    },
    "2": {
        "BA boundary": [
            {
                "id": 65,
                "degree": 2,
                "label": 2,
                "coords": [
                    6.0375,
                    -12.95313,
                    3.22794
                ]
            }
        ],
        "PCA end": [
            {
                "id": 190,
                "degree": 1,
                "label": 2,
                "coords": [
                    15.09375,
                    -17.46875,
                    -12.10018
                ]
            }
        ]
    },
    "3": {
        "BA boundary": [
            {
                "id": 204,
                "degree": 2,
                "label": 3,
                "coords": [
                    0.67188,
                    -10.98438,
                    3.32169
                ]
            }
        ],
        "PCA end": [
            {
                "id": 331,
                "degree": 1,
                "label": 3,
                "coords": [
                    -20.73437,
                    -18.96875,
                    -1.85018
                ]
            }
        ]
    },
    "4": {
        "ICA start": [
            {
                "id": 332,
                "degree": 1,
                "label": 4,
                "coords": [
                    11.67188,
                    13.51562,
                    -12.35018
                ]
            }
        ],
        "ICA bifurcation": [
            {
                "id": 416,
                "degree": 3,
                "label": 4,
                "coords": [
                    16.67188,
                    -0.96875,
                    -0.60018
                ]
            }
        ],
        "ACA boundary": [
            {
                "id": 643,
                "degree": 2,
                "label": 4,
                "coords": [
                    15.4,
                    0.00937,
                    1.49669
                ]
            }
        ],
        "MCA boundary": [
            {
                "id": 429,
                "degree": 2,
                "label": 4,
                "coords": [
                    19.92188,
                    0.1125,
                    -1.33143
                ]
            }
        ]
    },
    "5": {
        "ICA boundary": [
            {
                "id": 429,
                "degree": 2,
                "label": 5,
                "coords": [
                    19.92188,
                    0.1125,
                    -1.33143
                ]
            }
        ],
        "MCA end": [
            {
                "id": 483,
                "degree": 1,
                "label": 5,
                "coords": [
                    31.48438,
                    9.26562,
                    -8.61581
                ]
            }
        ]
    },
    "6": {
        "ICA start": [
            {
                "id": 484,
                "degree": 1,
                "label": 6,
                "coords": [
                    -11.07812,
                    13.0,
                    -12.61581
                ]
            }
        ],
        "ICA bifurcation": [
            {
                "id": 563,
                "degree": 3,
                "label": 6,
                "coords": [
                    -13.49479,
                    -0.96875,
                    -0.18351
                ]
            }
        ],
        "ACA boundary": [
            {
                "id": 866,
                "degree": 2,
                "label": 6,
                "coords": [
                    -10.57812,
                    -0.31875,
                    0.69982
                ]
            }
        ],
        "MCA boundary": [
            {
                "id": 575,
                "degree": 2,
                "label": 6,
                "coords": [
                    -16.57812,
                    -0.19688,
                    0.84357
                ]
            }
        ]
    },
    "7": {
        "ICA boundary": [
            {
                "id": 575,
                "degree": 2,
                "label": 7,
                "coords": [
                    -16.57812,
                    -0.19688,
                    0.84357
                ]
            }
        ],
        "MCA end": [
            {
                "id": 634,
                "degree": 1,
                "label": 7,
                "coords": [
                    -26.57812,
                    11.4375,
                    -2.35018
                ]
            }
        ]
    },
    "10": {
        "R-ACA boundary": [
            {
                "id": 1091,
                "degree": 2,
                "label": 10,
                "coords": [
                    2.88047,
                    12.21484,
                    -5.29315
                ]
            }
        ],
        "L-ACA boundary": [
            {
                "id": 959,
                "degree": 3,
                "label": 10,
                "coords": [
                    0.80625,
                    12.62812,
                    -5.35018
                ]
            }
        ]
    },
    "11": {
        "ICA boundary": [
            {
                "id": 643,
                "degree": 2,
                "label": 11,
                "coords": [
                    15.4,
                    0.00937,
                    1.49669
                ]
            }
        ],
        "Acom bifurcation": [
            {
                "id": 730,
                "degree": 3,
                "label": 11,
                "coords": [
                    3.52188,
                    12.10937,
                    -5.12206
                ]
            }
        ],
        "Acom boundary": [
            {
                "id": 1091,
                "degree": 2,
                "label": 11,
                "coords": [
                    2.88047,
                    12.21484,
                    -5.29315
                ]
            }
        ],
        "ACA end": [
            {
                "id": 855,
                "degree": 1,
                "label": 11,
                "coords": [
                    0.75,
                    24.53125,
                    15.14982
                ]
            }
        ]
    },
    "12": {
        "ICA boundary": [
            {
                "id": 866,
                "degree": 2,
                "label": 12,
                "coords": [
                    -10.57812,
                    -0.31875,
                    0.69982
                ]
            }
        ],
        "Acom bifurcation": [
            {
                "id": 959,
                "degree": 3,
                "label": 12,