{
    "1": {
        "BA start": [
            {
                "id": 0,
                "degree": 1,
                "label": 1,
                "coords": [
                    3.6709,
                    207.70605,
                    -138.98438
                ]
            }
        ],
        "BA bifurcation": [
            {
                "id": 40,
                "degree": 3,
                "label": 1,
                "coords": [
                    -2.15723,
                    209.12793,
                    -129.5
                ]
            }
        ],
        "R-PCA boundary": [
            {
                "id": 48,
                "degree": 2,
                "label": 1,
                "coords": [
                    -1.56973,
                    208.50918,
                    -127.55625
                ]
            }
        ],
        "L-PCA boundary": [
            {
                "id": 149,
                "degree": 2,
                "label": 1,
                "coords": [
                    -4.7541,
                    211.12793,
                    -127.90312
                ]
            }
        ]
    },
    "2": {
        "BA boundary": [
            {
                "id": 48,
                "degree": 2,
                "label": 2,
                "coords": [
                    -1.56973,
                    208.50918,
                    -127.55625
                ]
            }
        ],
        "PCA end": [
            {
                "id": 138,
                "degree": 1,
                "label": 2,
                "coords": [
                    14.8584,
                    201.12793,
                    -133.32812
                ]
            }
        ]
    },
    "3": {
        "BA boundary": [
            {
                "id": 149,
                "degree": 2,
                "label": 3,
                "coords": [
                    -4.7541,
                    211.12793,
                    -127.90312
                ]
            }
        ],
        "Pcom bifurcation": [
            {
                "id": 174,
                "degree": 3,
                "label": 3,
                "coords": [
                    -6.5416,
                    215.30605,
                    -130.98125
                ]
            }
        ],
        "Pcom boundary": [
            {
                "id": 174,
                "degree": 3,
                "label": 3,
                "coords": [
                    -6.5416,
                    215.30605,
                    -130.98125
                ]
            }
        ],
        "PCA end": [
            {
                "id": 246,
                "degree": 1,
                "label": 3,
                "coords": [
                    -19.75098,
                    201.37793,
                    -129.73438
                ]
            }
        ]
    },
    "4": {
        "ICA start": [
            {
                "id": 247,
                "degree": 1,
                "label": 4,
                "coords": [
                    6.82715,
                    224.0498,
                    -136.25
                ]
            }
        ],
        "ICA bifurcation": [
            {
                "id": 286,
                "degree": 3,
                "label": 4,
                "coords": [
                    12.59277,
                    217.62793,
                    -129.5
                ]
            }
        ],
        "ACA boundary": [
            {
                "id": 500,
                "degree": 2,
                "label": 4,
                "coords": [
                    11.83965,
                    218.27793,
                    -127.99688
                ]
            }
        ],
        "MCA boundary": [
            {
                "id": 296,
                "degree": 2,
                "label": 4,
                "coords": [
                    15.09277,
                    218.10605,
                    -129.50313
                ]
            }
        ]
    },
    "5": {
        "ICA boundary": [
            {
                "id": 296,
                "degree": 2,
                "label": 5,
                "coords": [
                    15.09277,
                    218.10605,
                    -129.50313
                ]
            }
        ],
        "MCA end": [
            {
                "id": 335,
                "degree": 1,
                "label": 5,
                "coords": [
                    24.32715,
                    222.6123,
                    -130.82812
                ]
            }
        ]
    },
    "6": {
        "ICA start": [
            {
                "id": 336,
                "degree": 1,
                "label": 6,
                "coords": [
                    -7.67285,
                    225.2998,
                    -138.25
                ]
            }
        ],
        "Pcom bifurcation": [
            {
                "id": 355,
                "degree": 3,
                "label": 6,
                "coords": [
                    -9.7291,
                    221.99355,
                    -133.97188
                ]
            }
        ],
        "Pcom boundary": [
            {
                "id": 450,
                "degree": 2,
                "label": 6,
                "coords": [
                    -9.43535,
                    220.62793,
                    -134.61875
                ]
            }
        ],
        "ICA bifurcation": [
            {
                "id": 384,
                "degree": 3,
                "label": 6,
                "coords": [
                    -15.24056,
                    221.12793,
                    -127.91667
                ]
            }
        ],
        "ACA boundary": [
            {
                "id": 660,
                "degree": 2,
                "label": 6,
                "coords": [
                    -13.6541,
                    221.3748,
                    -125.825
                ]
            }
        ],
        "MCA boundary": [
            {
                "id": 396,
                "degree": 2,
                "label": 6,
                "coords": [
                    -18.40723,
                    221.37793,
                    -126.92188
                ]
            }
        ]
    },
    "7": {
        "ICA boundary": [
            {
                "id": 396,
                "degree": 2,
                "label": 7,
                "coords": [
                    -18.40723,
                    221.37793,
                    -126.92188
                ]
            }
        ],
        "MCA end": [
            {
                "id": 445,
                "degree": 1,
                "label": 7,
                "coords": [
                    -28.8916,
                    226.12793,
                    -131.5
                ]
            }
        ]
    },
    "9": {
        "ICA boundary": [
            {
                "id": 450,
                "degree": 2,
                "label": 9,
                "coords": [
                    -9.43535,
                    220.62793,
                    -134.61875
                ]
            }
        ],
        "PCA boundary": [
            {
                "id": 174,
                "degree": 3,
                "label": 9,
                "coords": [
                    -6.5416,
                    215.30605,
                    -130.98125
                ]
            }
        ]
    },
    "10": {
        "R-ACA boundary": [
            {
                "id": 562,
                "degree": 3,
                "label": 10,
                "coords": [
                    -0.1666,
                    227.87793,
                    -131.10938
                ]
            }
        ],
        "L-ACA boundary": [
            {
                "id": 712,
                "degree": 3,
                "label": 10,