{
    "1": {
        "BA start": [
            {
                "id": 0,
                "degree": 1,
                "label": 1,
                "coords": [
                    9.33887,
                    212.06934,
                    -355.76562
                ]
            }
        ],
        "BA bifurcation": [
            {
                "id": 60,
                "degree": 3,
                "label": 1,
                "coords": [
                    -0.16113,
                    213.50684,
                    -343.25
                ]
            }
        ],
        "R-PCA boundary": [
            {
                "id": 73,
                "degree": 2,
                "label": 1,
                "coords": [
                    2.83887,
                    213.77559,
                    -341.4875
                ]
            }
        ],
        "L-PCA boundary": [
            {
                "id": 193,
                "degree": 2,
                "label": 1,
                "coords": [
                    -2.41113,
                    214.94121,
                    -341.32812
                ]
            }
        ]
    },
    "2": {
        "BA boundary": [
            {
                "id": 73,
                "degree": 2,
                "label": 2,
                "coords": [
                    2.83887,
                    213.77559,
                    -341.4875
                ]
            }
        ],
        "PCA end": [
            {
                "id": 182,
                "degree": 1,
                "label": 2,
                "coords": [
                    19.93262,
                    201.00684,
                    -339.0
                ]
            }
        ]
    },
    "3": {
        "BA boundary": [
            {
                "id": 193,
                "degree": 2,
                "label": 3,
                "coords": [
                    -2.41113,
                    214.94121,
                    -341.32812
                ]
            }
        ],
        "PCA end": [
            {
                "id": 313,
                "degree": 1,
                "label": 3,
                "coords": [
                    -15.42676,
                    196.25684,
                    -341.25
                ]
            }
        ]
    },
    "4": {
        "ICA start": [
            {
                "id": 314,
                "degree": 1,
                "label": 4,
                "coords": [
                    11.62012,
                    228.58496,
                    -353.98438
                ]
            }
        ],
        "ICA bifurcation": [
            {
                "id": 353,
                "degree": 3,
                "label": 4,
                "coords": [
                    17.83887,
                    226.00684,
                    -345.5
                ]
            }
        ],
        "ACA boundary": [
            {
                "id": 515,
                "degree": 2,
                "label": 4,
                "coords": [
                    16.33887,
                    226.92559,
                    -344.64688
                ]
            }
        ],
        "MCA boundary": [
            {
                "id": 362,
                "degree": 2,
                "label": 4,
                "coords": [
                    20.08887,
                    226.00684,
                    -345.5
                ]
            }
        ]
    },
    "5": {
        "ICA boundary": [
            {
                "id": 362,
                "degree": 2,
                "label": 5,
                "coords": [
                    20.08887,
                    226.00684,
                    -345.5
                ]
            }
        ],
        "MCA end": [
            {
                "id": 420,
                "degree": 1,
                "label": 5,
                "coords": [
                    34.58887,
                    232.19434,
                    -345.90625
                ]
            }
        ]
    },
    "6": {
        "ICA start": [
            {
                "id": 421,
                "degree": 1,
                "label": 6,
                "coords": [
                    -2.91113,
                    229.25684,
                    -354.5
                ]
            }
        ],
        "ICA bifurcation": [
            {
                "id": 460,
                "degree": 3,
                "label": 6,
                "coords": [
                    -11.66113,
                    226.25684,
                    -349.0
                ]
            }
        ],
        "ACA boundary": [
            {
                "id": 662,
                "degree": 2,
                "label": 6,
                "coords": [
                    -10.62363,
                    226.24121,
                    -346.75
                ]
            }
        ],
        "MCA boundary": [
            {
                "id": 468,
                "degree": 2,
                "label": 6,
                "coords": [
                    -13.66113,
                    227.35684,
                    -349.42812
                ]
            }
        ]
    },
    "7": {
        "ICA boundary": [
            {
                "id": 468,
                "degree": 2,
                "label": 7,
                "coords": [
                    -13.66113,
                    227.35684,
                    -349.42812
                ]
            }
        ],
        "MCA end": [
            {
                "id": 509,
                "degree": 1,
                "label": 7,
                "coords": [
                    -22.91113,
                    235.41309,
                    -352.25
                ]
            }
        ]
    },
    "11": {
        "ICA boundary": [
            {
                "id": 515,
                "degree": 2,
                "label": 11,
                "coords": [
                    16.33887,
                    226.92559,
                    -344.64688
                ]
            }
        ],
        "ACA end": [
            {
                "id": 653,
                "degree": 1,
                "label": 11,
                "coords": [
                    3.58887,
                    252.00684,
                    -335.82812
                ]
            }
        ]
    },
    "12": {
        "ICA boundary": [
            {
                "id": 662,
                "degree": 2,
                "label": 12,
                "coords": [
                    -10.62363,
                    226.24121,
                    -346.75
                ]
            }
        ],
        "ACA end": [
            {
                "id": 807,
                "degree": 1,
                "label": 12,
                "coords": [
                    1.60449,
                    252.25684,
                    -335.01562
                ]
            }
        ]
    }
}