{
    "1": {
        "BA start": [
            {
                "id": 0,
                "degree": 1,
                "label": 1,
                "coords": [
                    -1.89528,
                    -3.12132,
                    -70.89548
                ]
            }
        ],
        "BA bifurcation": [
            {
                "id": 79,
                "degree": 3,
                "label": 1,
                "coords": [
                    -0.43963,
                    -2.0672,
                    -50.97569
                ]
            }
        ],
        "R-PCA boundary": [
            {
                "id": 87,
                "degree": 2,
                "label": 1,
                "coords": [
                    1.57932,
                    -1.53082,
                    -50.51249
                ]
            }
        ],
        "L-PCA boundary": [
            {
                "id": 189,
                "degree": 2,
                "label": 1,
                "coords": [
                    -1.74636,
                    -1.27468,
                    -48.57159
                ]
            }
        ]
    },
    "2": {
        "BA boundary": [
            {
                "id": 87,
                "degree": 2,
                "label": 2,
                "coords": [
                    1.57932,
                    -1.53082,
                    -50.51249
                ]
            }
        ],
        "PCA end": [
            {
                "id": 179,
                "degree": 1,
                "label": 2,
                "coords": [
                    16.82594,
                    -12.82913,
                    -60.34304
                ]
            }
        ]
    },
    "3": {
        "BA boundary": [
            {
                "id": 189,
                "degree": 2,
                "label": 3,
                "coords": [
                    -1.74636,
                    -1.27468,
                    -48.57159
                ]
            }
        ],
        "PCA end": [
            {
                "id": 280,
                "degree": 1,
                "label": 3,
                "coords": [
                    -18.79176,
                    -9.8781,
                    -57.99966
                ]
            }
        ]
    },
    "4": {
        "ICA start": [
            {
                "id": 281,
                "degree": 1,
                "label": 4,
                "coords": [
                    10.04826,
                    9.42531,
                    -62.31117
                ]
            }
        ],
        "MCA boundary": [
            {
                "id": 373,
                "degree": 2,
                "label": 4,
                "coords": [
                    18.61647,
                    6.92474,
                    -52.50927
                ]
            }
        ]
    },
    "5": {
        "ICA boundary": [
            {
                "id": 373,
                "degree": 2,
                "label": 5,
                "coords": [
                    18.61647,
                    6.92474,
                    -52.50927
                ]
            }
        ],
        "MCA end": [
            {
                "id": 436,
                "degree": 1,
                "label": 5,
                "coords": [
                    32.80889,
                    15.62913,
                    -51.39904
                ]
            }
        ]
    },
    "6": {
        "ICA start": [
            {
                "id": 437,
                "degree": 1,
                "label": 6,
                "coords": [
                    -12.27615,
                    8.28317,
                    -63.72406
                ]
            }
        ],
        "ICA bifurcation": [
            {
                "id": 529,
                "degree": 3,
                "label": 6,
                "coords": [
                    -14.63447,
                    9.89768,
                    -49.09716
                ]
            }
        ],
        "ACA boundary": [
            {
                "id": 594,
                "degree": 2,
                "label": 6,
                "coords": [
                    -13.15457,
                    9.54611,
                    -46.81629
                ]
            }
        ],
        "MCA boundary": [
            {
                "id": 538,
                "degree": 2,
                "label": 6,
                "coords": [
                    -17.07129,
                    11.16617,
                    -49.02967
                ]
            }
        ]
    },
    "7": {
        "ICA boundary": [
            {
                "id": 538,
                "degree": 2,
                "label": 7,
                "coords": [
                    -17.07129,
                    11.16617,
                    -49.02967
                ]
            }
        ],
        "MCA end": [
            {
                "id": 585,
                "degree": 1,
                "label": 7,
                "coords": [
                    -28.87706,
                    14.75952,
                    -53.72023
                ]
            }
        ]
    },
    "10": {
        "R-ACA boundary": [
            {
                "id": 770,
                "degree": 2,
                "label": 10,
                "coords": [
                    1.07011,
                    10.95568,
                    -51.67728
                ]
            }
        ],
        "L-ACA boundary": [
            {
                "id": 755,
                "degree": 2,
                "label": 10,
                "coords": [
                    -1.37836,
                    12.30665,
                    -50.16298
                ]
            }
        ]
    },
    "11": {
        "Acom boundary": [
            {
                "id": 770,
                "degree": 2,
                "label": 11,
                "coords": [
                    1.07011,
                    10.95568,
                    -51.67728
                ]
            }
        ],
        "ACA end": [
            {
                "id": 867,
                "degree": 1,
                "label": 11,
                "coords": [
                    -2.79474,
                    23.22797,
                    -36.11104
                ]
            }
        ]
    },
    "12": {
        "ICA boundary": [
            {
                "id": 594,
                "degree": 2,
                "label": 12,
                "coords": [
                    -13.15457,
                    9.54611,
                    -46.81629
                ]
            }
        ],
        "Acom bifurcation": [
            {
                "id": 645,
                "degree": 3,
                "label": 12,
                "coords": [
                    -1.70409,
                    13.303,
                    -49.15586
                ]
            }
        ],
        "Acom boundary": [
            {
                "id": 755,
                "degree": 2,
                "label": 12,
                "coords": [
                    -1.37836,
                    12.30665,
                    -50.16298
                ]
            }
        ],
        "ACA end": [
            {
                "id": 751,
                "degree": 1,
                "label": 12,
                "coords": [
                    -2.90459,
                    24.80677,
                    -32.67386
                ]
            }
        ]
    }
}