{
    "1": {
        "BA start": [
            {
                "id": 0,
                "degree": 1,
                "label": 1,
                "coords": [
                    -2.29492,
                    195.12695,
                    -137.25
                ]
            }
        ],
        "BA bifurcation": [
            {
                "id": 43,
                "degree": 3,
                "label": 1,
                "coords": [
                    -1.5293,
                    196.37695,
                    -126.5
                ]
            }
        ],
        "R-PCA boundary": [
            {
                "id": 53,
                "degree": 2,
                "label": 1,
                "coords": [
                    0.9707,
                    196.16133,
                    -125.10312
                ]
            }
        ],
        "L-PCA boundary": [
            {
                "id": 182,
                "degree": 2,
                "label": 1,
                "coords": [
                    -3.7793,
                    196.76133,
                    -124.88438
                ]
            }
        ]
    },
    "2": {
        "BA boundary": [
            {
                "id": 53,
                "degree": 2,
                "label": 2,
                "coords": [
                    0.9707,
                    196.16133,
                    -125.10312
                ]
            }
        ],
        "PCA end": [
            {
                "id": 172,
                "degree": 1,
                "label": 2,
                "coords": [
                    16.9707,
                    179.54883,
                    -123.01562
                ]
            }
        ]
    },
    "3": {
        "BA boundary": [
            {
                "id": 182,
                "degree": 2,
                "label": 3,
                "coords": [
                    -3.7793,
                    196.76133,
                    -124.88438
                ]
            }
        ],
        "PCA end": [
            {
                "id": 303,
                "degree": 1,
                "label": 3,
                "coords": [
                    -21.01367,
                    181.37695,
                    -122.0
                ]
            }
        ]
    },
    "4": {
        "ICA start": [
            {
                "id": 304,
                "degree": 1,
                "label": 4,
                "coords": [
                    8.98633,
                    213.43945,
                    -127.25
                ]
            }
        ],
        "ICA bifurcation": [
            {
                "id": 343,
                "degree": 3,
                "label": 4,
                "coords": [
                    13.4707,
                    208.37695,
                    -119.0
                ]
            }
        ],
        "ACA boundary": [
            {
                "id": 582,
                "degree": 2,
                "label": 4,
                "coords": [
                    11.2207,
                    209.12383,
                    -116.96875
                ]
            }
        ],
        "MCA boundary": [
            {
                "id": 356,
                "degree": 2,
                "label": 4,
                "coords": [
                    16.66758,
                    207.62695,
                    -117.57812
                ]
            }
        ]
    },
    "5": {
        "ICA boundary": [
            {
                "id": 356,
                "degree": 2,
                "label": 5,
                "coords": [
                    16.66758,
                    207.62695,
                    -117.57812
                ]
            }
        ],
        "MCA end": [
            {
                "id": 426,
                "degree": 1,
                "label": 5,
                "coords": [
                    29.62695,
                    212.29883,
                    -124.75
                ]
            }
        ]
    },
    "6": {
        "ICA start": [
            {
                "id": 427,
                "degree": 1,
                "label": 6,
                "coords": [
                    -10.01367,
                    213.61133,
                    -128.25
                ]
            }
        ],
        "ICA bifurcation": [
            {
                "id": 462,
                "degree": 3,
                "label": 6,
                "coords": [
                    -16.0293,
                    209.62695,
                    -122.5
                ]
            }
        ],
        "ACA boundary": [
            {
                "id": 696,
                "degree": 2,
                "label": 6,
                "coords": [
                    -14.5293,
                    209.28008,
                    -121.18125
                ]
            }
        ],
        "MCA boundary": [
            {
                "id": 474,
                "degree": 2,
                "label": 6,
                "coords": [
                    -18.7793,
                    210.03008,
                    -121.5
                ]
            }
        ]
    },
    "7": {
        "ICA boundary": [
            {
                "id": 474,
                "degree": 2,
                "label": 7,
                "coords": [
                    -18.7793,
                    210.03008,
                    -121.5
                ]
            }
        ],
        "MCA end": [
            {
                "id": 504,
                "degree": 3,
                "label": 7,
                "coords": [
                    -26.0293,
                    212.37695,
                    -123.0
                ]
            }
        ]
    },
    "10": {
        "R-ACA boundary": [
            {
                "id": 821,
                "degree": 2,
                "label": 10,
                "coords": [
                    -0.70367,
                    213.88008,
                    -117.1275
                ]
            }
        ],
        "L-ACA boundary": [
            {
                "id": 826,
                "degree": 2,
                "label": 10,
                "coords": [
                    -2.02617,
                    213.59258,
                    -117.17812
                ]
            }
        ]
    },
    "11": {
        "ICA boundary": [
            {
                "id": 582,
                "degree": 2,
                "label": 11,
                "coords": [
                    11.2207,
                    209.12383,
                    -116.96875
                ]
            }
        ],
        "Acom bifurcation": [
            {
                "id": 627,
                "degree": 3,
                "label": 11,
                "coords": [
                    0.11445,
                    214.12695,
                    -116.90312
                ]
            }
        ],
        "Acom boundary": [
            {
                "id": 821,
                "degree": 2,
                "label": 11,
                "coords": [
                    -0.70367,
                    213.88008,
                    -117.1275
                ]
            }
        ],
        "ACA end": [
            {
                "id": 689,
                "degree": 1,
                "label": 11,
                "coords": [
                    0.95508,
                    226.87695,
                    -107.65625
                ]
            }
        ]
    },
    "12": {
        "ICA boundary": [
            {
                "id": 696,
                "degree": 2,
                "label": 12,
                "coords": [
                    -14.5293,
                    209.28008,
                    -121.18125
                ]
            }
        ],
        "Acom bifurcation": [
            {
                "id": 749,
                "degree": 3,
                "label": 12,