{
    "1": {
        "BA start": [
            {
                "id": 0,
                "degree": 1,
                "label": 1,
                "coords": [
                    -0.34863,
                    193.36621,
                    -74.86786
                ]
            }
        ],
        "BA bifurcation": [
            {
                "id": 61,
                "degree": 3,
                "label": 1,
                "coords": [
                    1.31803,
                    195.70475,
                    -59.77932
                ]
            }
        ],
        "R-PCA boundary": [
            {
                "id": 68,
                "degree": 2,
                "label": 1,
                "coords": [
                    3.15137,
                    196.91621,
                    -58.11786
                ]
            }
        ],
        "L-PCA boundary": [
            {
                "id": 180,
                "degree": 2,
                "label": 1,
                "coords": [
                    -1.02676,
                    197.78809,
                    -59.49286
                ]
            }
        ]
    },
    "2": {
        "BA boundary": [
            {
                "id": 68,
                "degree": 2,
                "label": 2,
                "coords": [
                    3.15137,
                    196.91621,
                    -58.11786
                ]
            }
        ],
        "PCA end": [
            {
                "id": 170,
                "degree": 1,
                "label": 2,
                "coords": [
                    20.41699,
                    183.03809,
                    -59.27411
                ]
            }
        ]
    },
    "3": {
        "BA boundary": [
            {
                "id": 180,
                "degree": 2,
                "label": 3,
                "coords": [
                    -1.02676,
                    197.78809,
                    -59.49286
                ]
            }
        ],
        "PCA end": [
            {
                "id": 287,
                "degree": 1,
                "label": 3,
                "coords": [
                    -14.11426,
                    184.28809,
                    -63.19598
                ]
            }
        ]
    },
    "4": {
        "ICA start": [
            {
                "id": 288,
                "degree": 1,
                "label": 4,
                "coords": [
                    9.83887,
                    208.94434,
                    -67.96161
                ]
            }
        ],
        "ICA bifurcation": [
            {
                "id": 321,
                "degree": 3,
                "label": 4,
                "coords": [
                    17.2347,
                    207.28809,
                    -64.11265
                ]
            }
        ],
        "ACA boundary": [
            {
                "id": 522,
                "degree": 2,
                "label": 4,
                "coords": [
                    16.63262,
                    206.69434,
                    -62.19911
                ]
            }
        ],
        "MCA boundary": [
            {
                "id": 331,
                "degree": 2,
                "label": 4,
                "coords": [
                    19.90137,
                    207.57246,
                    -64.29598
                ]
            }
        ]
    },
    "5": {
        "ICA boundary": [
            {
                "id": 331,
                "degree": 2,
                "label": 5,
                "coords": [
                    19.90137,
                    207.57246,
                    -64.29598
                ]
            }
        ],
        "MCA end": [
            {
                "id": 410,
                "degree": 1,
                "label": 5,
                "coords": [
                    34.90137,
                    221.53809,
                    -67.19598
                ]
            }
        ]
    },
    "6": {
        "ICA start": [
            {
                "id": 411,
                "degree": 1,
                "label": 6,
                "coords": [
                    -8.52051,
                    205.44434,
                    -68.96161
                ]
            }
        ],
        "ICA bifurcation": [
            {
                "id": 433,
                "degree": 3,
                "label": 6,
                "coords": [
                    -10.84863,
                    205.03809,
                    -63.69598
                ]
            }
        ],
        "ACA boundary": [
            {
                "id": 648,
                "degree": 2,
                "label": 6,
                "coords": [
                    -8.59863,
                    204.77246,
                    -62.99598
                ]
            }
        ],
        "MCA boundary": [
            {
                "id": 440,
                "degree": 2,
                "label": 6,
                "coords": [
                    -12.59863,
                    204.94121,
                    -62.74286
                ]
            }
        ]
    },
    "7": {
        "ICA boundary": [
            {
                "id": 440,
                "degree": 2,
                "label": 7,
                "coords": [
                    -12.59863,
                    204.94121,
                    -62.74286
                ]
            }
        ],
        "MCA end": [
            {
                "id": 501,
                "degree": 3,
                "label": 7,
                "coords": [
                    -26.09863,
                    213.28809,
                    -63.94598
                ]
            }
        ]
    },
    "11": {
        "ICA boundary": [
            {
                "id": 522,
                "degree": 2,
                "label": 11,
                "coords": [
                    16.63262,
                    206.69434,
                    -62.19911
                ]
            }
        ],
        "ACA end": [
            {
                "id": 639,
                "degree": 1,
                "label": 11,
                "coords": [
                    3.72949,
                    223.02246,
                    -56.36786
                ]
            }
        ]
    },
    "12": {
        "ICA boundary": [
            {
                "id": 648,
                "degree": 2,
                "label": 12,
                "coords": [
                    -8.59863,
                    204.77246,
                    -62.99598
                ]
            }
        ],
        "ACA end": [
            {
                "id": 741,
                "degree": 1,
                "label": 12,
                "coords": [
                    2.65137,
                    221.19434,
                    -56.19598
                ]
            }
        ]
    }
}