{
    "1": {
        "BA start": [
            {
                "id": 0,
                "degree": 1,
                "label": 1,
                "coords": [
                    2.74486,
                    -8.67337,
                    16.33705
                ]
            }
        ],
        "BA bifurcation": [
            {
                "id": 35,
                "degree": 3,
                "label": 1,
                "coords": [
                    0.05611,
                    -9.48258,
                    25.00343
                ]
            }
        ],
        "R-PCA boundary": [
            {
                "id": 43,
                "degree": 2,
                "label": 1,
                "coords": [
                    1.58212,
                    -9.7137,
                    26.59739
                ]
            }
        ],
        "L-PCA boundary": [
            {
                "id": 155,
                "degree": 2,
                "label": 1,
                "coords": [
                    -2.46178,
                    -9.78557,
                    25.69041
                ]
            }
        ]
    },
    "2": {
        "BA boundary": [
            {
                "id": 43,
                "degree": 2,
                "label": 2,
                "coords": [
                    1.58212,
                    -9.7137,
                    26.59739
                ]
            }
        ],
        "PCA end": [
            {
                "id": 145,
                "degree": 1,
                "label": 2,
                "coords": [
                    16.9079,
                    -22.38445,
                    30.55683
                ]
            }
        ]
    },
    "3": {
        "BA boundary": [
            {
                "id": 155,
                "degree": 2,
                "label": 3,
                "coords": [
                    -2.46178,
                    -9.78557,
                    25.69041
                ]
            }
        ],
        "PCA end": [
            {
                "id": 254,
                "degree": 1,
                "label": 3,
                "coords": [
                    -14.82454,
                    -23.29772,
                    26.99141
                ]
            }
        ]
    },
    "4": {
        "ICA start": [
            {
                "id": 255,
                "degree": 1,
                "label": 4,
                "coords": [
                    12.57109,
                    8.28527,
                    18.69022
                ]
            }
        ],
        "ICA bifurcation": [
            {
                "id": 338,
                "degree": 3,
                "label": 4,
                "coords": [
                    14.35468,
                    3.31761,
                    30.98411
                ]
            }
        ],
        "ACA boundary": [
            {
                "id": 737,
                "degree": 2,
                "label": 4,
                "coords": [
                    12.55098,
                    4.35478,
                    31.92702
                ]
            }
        ],
        "MCA boundary": [
            {
                "id": 346,
                "degree": 2,
                "label": 4,
                "coords": [
                    16.10911,
                    3.51955,
                    32.39208
                ]
            }
        ]
    },
    "5": {
        "ICA boundary": [
            {
                "id": 346,
                "degree": 2,
                "label": 5,
                "coords": [
                    16.10911,
                    3.51955,
                    32.39208
                ]
            }
        ],
        "MCA end": [
            {
                "id": 388,
                "degree": 4,
                "label": 5,
                "coords": [
                    26.24573,
                    7.56715,
                    31.87531
                ]
            }
        ]
    },
    "6": {
        "ICA start": [
            {
                "id": 464,
                "degree": 1,
                "label": "6",
                "coords": [
                    -9.68235,
                    1.31818,
                    17.95959
                ]
            }
        ],
        "ICA bifurcation": [
            {
                "id": 556,
                "degree": 3,
                "label": 6,
                "coords": [
                    -13.14956,
                    1.242,
                    29.25384
                ]
            }
        ],
        "ACA boundary": [
            {
                "id": 854,
                "degree": 2,
                "label": 6,
                "coords": [
                    -11.63432,
                    1.6232,
                    31.1378
                ]
            }
        ],
        "MCA boundary": [
            {
                "id": 565,
                "degree": 2,
                "label": 6,
                "coords": [
                    -15.58612,
                    1.1908,
                    29.84262
                ]
            }
        ]
    },
    "7": {
        "ICA boundary": [
            {
                "id": 565,
                "degree": 2,
                "label": 7,
                "coords": [
                    -15.58612,
                    1.1908,
                    29.84262
                ]
            }
        ],
        "MCA end": [
            {
                "id": 587,
                "degree": 4,
                "label": 7,
                "coords": [
                    -21.16052,
                    1.07338,
                    32.07813
                ]
            }
        ]
    },
    "10": {
        "R-ACA boundary": [
            {
                "id": 955,
                "degree": 2,
                "label": 10,
                "coords": [
                    0.39003,
                    6.51823,
                    35.78283
                ]
            }
        ],
        "L-ACA boundary": [
            {
                "id": 970,
                "degree": 2,
                "label": 10,
                "coords": [
                    -2.87229,
                    6.33166,
                    34.18827
                ]
            }
        ]
    },
    "11": {
        "ICA boundary": [
            {
                "id": 737,
                "degree": 2,
                "label": 11,
                "coords": [
                    12.55098,
                    4.35478,
                    31.92702
                ]
            }
        ],
        "Acom bifurcation": [
            {
                "id": 789,
                "degree": 3,
                "label": 11,
                "coords": [
                    1.1699,
                    6.54049,
                    36.78999
                ]
            }
        ],
        "Acom boundary": [
            {
                "id": 955,
                "degree": 2,
                "label": 11,
                "coords": [
                    0.39003,
                    6.51823,
                    35.78283
                ]
            }
        ],
        "ACA end": [
            {
                "id": 846,
                "degree": 1,
                "label": 11,
                "coords": [
                    -2.26163,
                    19.95287,
                    46.54701
                ]
            }
        ]
    },
    "12": {
        "ICA boundary": [
            {
                "id": 854,
                "degree": 2,
                "label": 12,
                "coords": [
                    -11.63432,
                    1.6232,
                    31.1378
                ]
            }
        ],
        "Acom bifurcation": [
            {
                "id": 891,
                "degree": 3,
                "label": 12,