{
    "1": {
        "BA start": [
            {
                "id": 0,
                "degree": 1,
                "label": 1,
                "coords": [
                    -2.41895,
                    252.10254,
                    -171.8
                ]
            }
        ],
        "L-PCA boundary": [
            {
                "id": 36,
                "degree": 2,
                "label": 1,
                "coords": [
                    -5.36582,
                    251.54941,
                    -162.95
                ]
            }
        ]
    },
    "2": {
        "Pcom boundary": [
            {
                "id": 470,
                "degree": 2,
                "label": 2,
                "coords": [
                    3.46855,
                    251.09941,
                    -167.55
                ]
            }
        ],
        "PCA end": [
            {
                "id": 544,
                "degree": 1,
                "label": 2,
                "coords": [
                    16.9873,
                    238.10254,
                    -167.05
                ]
            }
        ]
    },
    "3": {
        "BA boundary": [
            {
                "id": 36,
                "degree": 2,
                "label": 3,
                "coords": [
                    -5.36582,
                    251.54941,
                    -162.95
                ]
            }
        ],
        "PCA end": [
            {
                "id": 131,
                "degree": 1,
                "label": 3,
                "coords": [
                    -19.16895,
                    239.86816,
                    -167.20625
                ]
            }
        ]
    },
    "4": {
        "ICA start": [
            {
                "id": 132,
                "degree": 1,
                "label": 4,
                "coords": [
                    7.6748,
                    265.36816,
                    -162.31563
                ]
            }
        ],
        "Pcom bifurcation": [
            {
                "id": 151,
                "degree": 3,
                "label": 4,
                "coords": [
                    9.1623,
                    260.93691,
                    -159.92188
                ]
            }
        ],
        "Pcom boundary": [
            {
                "id": 431,
                "degree": 2,
                "label": 4,
                "coords": [
                    8.08105,
                    258.36816,
                    -160.36875
                ]
            }
        ],
        "ACA boundary": [
            {
                "id": 183,
                "degree": 2,
                "label": 4,
                "coords": [
                    14.77793,
                    263.61816,
                    -157.56875
                ]
            }
        ]
    },
    "6": {
        "ICA start": [
            {
                "id": 311,
                "degree": 1,
                "label": 6,
                "coords": [
                    -8.15332,
                    262.61816,
                    -162.89375
                ]
            }
        ],
        "ICA bifurcation": [
            {
                "id": 350,
                "degree": 3,
                "label": 6,
                "coords": [
                    -10.66895,
                    258.36816,
                    -155.04999
                ]
            }
        ],
        "ACA boundary": [
            {
                "id": 549,
                "degree": 2,
                "label": 6,
                "coords": [
                    -9.41895,
                    258.64316,
                    -153.95625
                ]
            }
        ],
        "MCA boundary": [
            {
                "id": 358,
                "degree": 2,
                "label": 6,
                "coords": [
                    -12.66895,
                    258.56191,
                    -153.95
                ]
            }
        ]
    },
    "7": {
        "ICA boundary": [
            {
                "id": 358,
                "degree": 2,
                "label": 7,
                "coords": [
                    -12.66895,
                    258.56191,
                    -153.95
                ]
            }
        ],
        "MCA end": [
            {
                "id": 421,
                "degree": 1,
                "label": 7,
                "coords": [
                    -24.2627,
                    269.13379,
                    -158.47188
                ]
            }
        ]
    },
    "8": {
        "ICA boundary": [
            {
                "id": 431,
                "degree": 2,
                "label": 8,
                "coords": [
                    8.08105,
                    258.36816,
                    -160.36875
                ]
            }
        ],
        "PCA boundary": [
            {
                "id": 470,
                "degree": 2,
                "label": 8,
                "coords": [
                    3.46855,
                    251.09941,
                    -167.55
                ]
            }
        ]
    },
    "10": {
        "R-ACA boundary": [
            {
                "id": 664,
                "degree": 2,
                "label": 10,
                "coords": [
                    0.32793,
                    269.17129,
                    -158.57813
                ]
            }
        ],
        "L-ACA boundary": [
            {
                "id": 674,
                "degree": 2,
                "label": 10,
                "coords": [
                    -1.9627,
                    268.8916,
                    -158.31563
                ]
            }
        ]
    },
    "11": {
        "ICA boundary": [
            {
                "id": 183,
                "degree": 2,
                "label": 11,
                "coords": [
                    14.77793,
                    263.61816,
                    -157.56875
                ]
            }
        ],
        "Acom bifurcation": [
            {
                "id": 253,
                "degree": 3,
                "label": 11,
                "coords": [
                    1.2873,
                    269.26816,
                    -158.15312
                ]
            }
        ],
        "Acom boundary": [
            {
                "id": 664,
                "degree": 2,
                "label": 11,
                "coords": [
                    0.32793,
                    269.17129,
                    -158.57813
                ]
            }
        ],
        "ACA end": [
            {
                "id": 310,
                "degree": 1,
                "label": 11,
                "coords": [
                    -0.65332,
                    273.10254,
                    -145.04999
                ]
            }
        ]
    },
    "12": {
        "ICA boundary": [
            {
                "id": 549,
                "degree": 2,
                "label": 12,
                "coords": [
                    -9.41895,
                    258.64316,
                    -153.95625
                ]
            }
        ],
        "Acom bifurcation": [
            {
                "id": 600,
                "degree": 3,
                "label": 12,
                "coords": [
                    -2.3752,
                    268.86816,
                    -157.97188
                ]
            }
        ],
        "Acom boundary": [
            {
                "id": 674,
                "degree": 2,
                "label": 12,
                "coords": [
                    -1.9627,
                    268.8916,
                    -158.31563
                ]
            }
        ],
        "ACA end": [
            {
                "id": 661,
                "degree": 1,
                "label": 12,