{
    "1": {
        "BA start": [
            {
                "id": 0,
                "degree": 1,
                "label": 1,
                "coords": [
                    -2.98194,
                    2.62625,
                    18.62691
                ]
            }
        ],
        "BA bifurcation": [
            {
                "id": 55,
                "degree": 3,
                "label": 1,
                "coords": [
                    1.20637,
                    -3.94291,
                    31.1415
                ]
            }
        ],
        "R-PCA boundary": [
            {
                "id": 63,
                "degree": 2,
                "label": 1,
                "coords": [
                    3.03596,
                    -3.92895,
                    30.24893
                ]
            }
        ],
        "L-PCA boundary": [
            {
                "id": 150,
                "degree": 2,
                "label": 1,
                "coords": [
                    0.81408,
                    -3.66834,
                    33.18169
                ]
            }
        ]
    },
    "2": {
        "BA boundary": [
            {
                "id": 63,
                "degree": 2,
                "label": 2,
                "coords": [
                    3.03596,
                    -3.92895,
                    30.24893
                ]
            }
        ],
        "PCA end": [
            {
                "id": 142,
                "degree": 1,
                "label": 2,
                "coords": [
                    21.2199,
                    -7.04035,
                    18.52851
                ]
            }
        ]
    },
    "3": {
        "BA boundary": [
            {
                "id": 150,
                "degree": 2,
                "label": 3,
                "coords": [
                    0.81408,
                    -3.66834,
                    33.18169
                ]
            }
        ],
        "Pcom bifurcation": [
            {
                "id": 195,
                "degree": 3,
                "label": 3,
                "coords": [
                    -9.36728,
                    -4.78772,
                    28.84227
                ]
            }
        ],
        "Pcom boundary": [
            {
                "id": 580,
                "degree": 2,
                "label": 3,
                "coords": [
                    -9.15947,
                    -4.08987,
                    28.89089
                ]
            }
        ],
        "PCA end": [
            {
                "id": 250,
                "degree": 1,
                "label": 3,
                "coords": [
                    -18.61455,
                    -8.48106,
                    16.89916
                ]
            }
        ]
    },
    "4": {
        "ICA start": [
            {
                "id": 251,
                "degree": 1,
                "label": 4,
                "coords": [
                    12.33241,
                    19.50809,
                    24.59953
                ]
            }
        ],
        "ICA bifurcation": [
            {
                "id": 343,
                "degree": 3,
                "label": 4,
                "coords": [
                    13.34558,
                    6.7855,
                    32.19192
                ]
            }
        ],
        "ACA boundary": [
            {
                "id": 589,
                "degree": 2,
                "label": 4,
                "coords": [
                    11.48472,
                    6.77049,
                    33.4655
                ]
            }
        ],
        "MCA boundary": [
            {
                "id": 354,
                "degree": 2,
                "label": 4,
                "coords": [
                    15.97777,
                    7.10561,
                    33.63677
                ]
            }
        ]
    },
    "5": {
        "ICA boundary": [
            {
                "id": 354,
                "degree": 2,
                "label": 5,
                "coords": [
                    15.97777,
                    7.10561,
                    33.63677
                ]
            }
        ],
        "MCA end": [
            {
                "id": 394,
                "degree": 1,
                "label": 5,
                "coords": [
                    25.18667,
                    13.52305,
                    31.07524
                ]
            }
        ]
    },
    "6": {
        "ICA start": [
            {
                "id": 395,
                "degree": 1,
                "label": 6,
                "coords": [
                    -15.2263,
                    19.85687,
                    24.09943
                ]
            }
        ],
        "Pcom bifurcation": [
            {
                "id": 466,
                "degree": 3,
                "label": 6,
                "coords": [
                    -13.58672,
                    7.80052,
                    26.68698
                ]
            }
        ],
        "Pcom boundary": [
            {
                "id": 535,
                "degree": 2,
                "label": 6,
                "coords": [
                    -11.7537,
                    7.97835,
                    25.69277
                ]
            }
        ],
        "ICA bifurcation": [
            {
                "id": 490,
                "degree": 3,
                "label": 6,
                "coords": [
                    -19.26262,
                    5.55361,
                    28.37578
                ]
            }
        ],
        "ACA boundary": [
            {
                "id": 715,
                "degree": 2,
                "label": 6,
                "coords": [
                    -17.49267,
                    4.85706,
                    29.48723
                ]
            }
        ],
        "MCA boundary": [
            {
                "id": 498,
                "degree": 2,
                "label": 6,
                "coords": [
                    -21.45978,
                    5.61132,
                    28.62515
                ]
            }
        ]
    },
    "7": {
        "ICA boundary": [
            {
                "id": 498,
                "degree": 2,
                "label": 7,
                "coords": [
                    -21.45978,
                    5.61132,
                    28.62515
                ]
            }
        ],
        "MCA end": [
            {
                "id": 526,
                "degree": 1,
                "label": 7,
                "coords": [
                    -28.57279,
                    6.58304,
                    29.51119
                ]
            }
        ]
    },
    "9": {
        "ICA boundary": [
            {
                "id": 535,
                "degree": 2,
                "label": 9,
                "coords": [
                    -11.7537,
                    7.97835,
                    25.69277
                ]
            }
        ],
        "PCA boundary": [
            {
                "id": 580,
                "degree": 2,
                "label": 9,
                "coords": [
                    -9.15947,
                    -4.08987,
                    28.89089
                ]
            }
        ]
    },
    "10": {
        "R-ACA boundary": [
            {
                "id": 857,
                "degree": 2,
                "label": 10,
                "coords": [
                    -1.80033,
                    12.82238,
                    33.20222
                ]
            }
        ],
        "L-ACA boundary": [
            {
                "id": 866,
                "degree": 2,
                "label": 10,