{
    "1": {
        "BA start": [
            {
                "id": 0,
                "degree": 1,
                "label": 1,
                "coords": [
                    -3.93368,
                    -22.10725,
                    6.1856
                ]
            }
        ],
        "BA bifurcation": [
            {
                "id": 35,
                "degree": 3,
                "label": 1,
                "coords": [
                    -6.01425,
                    -24.90428,
                    14.64952
                ]
            }
        ],
        "R-PCA boundary": [
            {
                "id": 44,
                "degree": 2,
                "label": 1,
                "coords": [
                    -3.68059,
                    -25.95825,
                    14.35172
                ]
            }
        ],
        "L-PCA boundary": [
            {
                "id": 213,
                "degree": 2,
                "label": 1,
                "coords": [
                    -6.58067,
                    -25.60207,
                    16.20489
                ]
            }
        ]
    },
    "2": {
        "BA boundary": [
            {
                "id": 44,
                "degree": 2,
                "label": 2,
                "coords": [
                    -3.68059,
                    -25.95825,
                    14.35172
                ]
            }
        ],
        "Pcom bifurcation": [
            {
                "id": 62,
                "degree": 3,
                "label": 2,
                "coords": [
                    0.2959,
                    -25.79194,
                    13.2823
                ]
            }
        ],
        "Pcom boundary": [
            {
                "id": 710,
                "degree": 2,
                "label": 2,
                "coords": [
                    0.77931,
                    -25.0613,
                    14.42379
                ]
            }
        ],
        "PCA end": [
            {
                "id": 207,
                "degree": 1,
                "label": 2,
                "coords": [
                    11.67281,
                    -45.9559,
                    20.59699
                ]
            }
        ]
    },
    "3": {
        "BA boundary": [
            {
                "id": 213,
                "degree": 2,
                "label": 3,
                "coords": [
                    -6.58067,
                    -25.60207,
                    16.20489
                ]
            }
        ],
        "Pcom bifurcation": [
            {
                "id": 229,
                "degree": 3,
                "label": 3,
                "coords": [
                    -8.53134,
                    -23.73679,
                    18.7274
                ]
            }
        ],
        "Pcom boundary": [
            {
                "id": 777,
                "degree": 2,
                "label": 3,
                "coords": [
                    -8.26306,
                    -23.13595,
                    18.10439
                ]
            }
        ],
        "PCA end": [
            {
                "id": 318,
                "degree": 1,
                "label": 3,
                "coords": [
                    -20.33137,
                    -36.43892,
                    12.78271
                ]
            }
        ]
    },
    "4": {
        "ICA start": [
            {
                "id": 319,
                "degree": 1,
                "label": 4,
                "coords": [
                    6.54132,
                    -0.20344,
                    2.77337
                ]
            }
        ],
        "Pcom bifurcation": [
            {
                "id": 390,
                "degree": 3,
                "label": 4,
                "coords": [
                    8.57886,
                    -9.84144,
                    11.91144
                ]
            }
        ],
        "Pcom boundary": [
            {
                "id": 650,
                "degree": 2,
                "label": 4,
                "coords": [
                    8.27322,
                    -12.36124,
                    11.4523
                ]
            }
        ],
        "ICA bifurcation": [
            {
                "id": 419,
                "degree": 3,
                "label": 4,
                "coords": [
                    14.70116,
                    -5.78211,
                    14.35036
                ]
            }
        ],
        "ACA boundary": [
            {
                "id": 787,
                "degree": 2,
                "label": 4,
                "coords": [
                    12.68106,
                    -4.72069,
                    15.40633
                ]
            }
        ],
        "MCA boundary": [
            {
                "id": 431,
                "degree": 2,
                "label": 4,
                "coords": [
                    17.74408,
                    -5.77125,
                    14.62182
                ]
            }
        ]
    },
    "5": {
        "ICA boundary": [
            {
                "id": 431,
                "degree": 2,
                "label": 5,
                "coords": [
                    17.74408,
                    -5.77125,
                    14.62182
                ]
            }
        ],
        "MCA end": [
            {
                "id": 470,
                "degree": 1,
                "label": 5,
                "coords": [
                    26.79117,
                    -3.54634,
                    10.65185
                ]
            }
        ]
    },
    "6": {
        "ICA start": [
            {
                "id": 471,
                "degree": 1,
                "label": 6,
                "coords": [
                    -11.78619,
                    -8.65975,
                    5.73222
                ]
            }
        ],
        "Pcom bifurcation": [
            {
                "id": 542,
                "degree": 3,
                "label": 6,
                "coords": [
                    -11.93841,
                    -11.03588,
                    15.12711
                ]
            }
        ],
        "Pcom boundary": [
            {
                "id": 719,
                "degree": 2,
                "label": 6,
                "coords": [
                    -11.37882,
                    -12.2622,
                    14.00972
                ]
            }
        ],
        "MCA boundary": [
            {
                "id": 563,
                "degree": 2,
                "label": 6,
                "coords": [
                    -14.72944,
                    -12.19918,
                    20.13434
                ]
            }
        ]
    },
    "7": {
        "ICA boundary": [
            {
                "id": 563,
                "degree": 2,
                "label": 7,
                "coords": [
                    -14.72944,
                    -12.19918,
                    20.13434
                ]
            }
        ],
        "MCA end": [
            {
                "id": 641,
                "degree": 1,
                "label": 7,
                "coords": [
                    -34.2344,
                    -10.88415,
                    17.05083
                ]
            }
        ]
    },
    "8": {
        "ICA boundary": [
            {
                "id": 650,
                "degree": 2,
                "label": 8,
                "coords": [
                    8.27322,
                    -12.36124,
                    11.4523
                ]
            }
        ],
        "PCA boundary": [
            {
                "id": 710,
                "degree": 2,
                "label": 8,