{
    "1": {
        "BA start": [
            {
                "id": 0,
                "degree": 1,
                "label": 1,
                "coords": [
                    -4.91723,
                    19.8415,
                    -0.9311
                ]
            }
        ],
        "L-PCA boundary": [
            {
                "id": 41,
                "degree": 2,
                "label": 1,
                "coords": [
                    -8.16779,
                    15.22894,
                    8.66491
                ]
            }
        ]
    },
    "2": {
        "Pcom boundary": [
            {
                "id": 571,
                "degree": 2,
                "label": 2,
                "coords": [
                    1.1943,
                    16.07625,
                    4.0079
                ]
            }
        ],
        "PCA end": [
            {
                "id": 658,
                "degree": 1,
                "label": 2,
                "coords": [
                    14.16051,
                    1.36531,
                    0.21295
                ]
            }
        ]
    },
    "3": {
        "BA boundary": [
            {
                "id": 41,
                "degree": 2,
                "label": 3,
                "coords": [
                    -8.16779,
                    15.22894,
                    8.66491
                ]
            }
        ],
        "PCA end": [
            {
                "id": 129,
                "degree": 1,
                "label": 3,
                "coords": [
                    -21.83144,
                    7.86082,
                    0.08509
                ]
            }
        ]
    },
    "4": {
        "ICA start": [
            {
                "id": 130,
                "degree": 1,
                "label": 4,
                "coords": [
                    10.73741,
                    35.77768,
                    7.5434
                ]
            }
        ],
        "Pcom bifurcation": [
            {
                "id": 201,
                "degree": 3,
                "label": 4,
                "coords": [
                    6.53164,
                    21.21344,
                    14.09821
                ]
            }
        ],
        "Pcom boundary": [
            {
                "id": 535,
                "degree": 2,
                "label": 4,
                "coords": [
                    5.72732,
                    19.49095,
                    13.05613
                ]
            }
        ],
        "ACA boundary": [
            {
                "id": 236,
                "degree": 2,
                "label": 4,
                "coords": [
                    12.71261,
                    23.85721,
                    17.47417
                ]
            }
        ]
    },
    "6": {
        "ICA start": [
            {
                "id": 370,
                "degree": 1,
                "label": 6,
                "coords": [
                    -15.93527,
                    36.32728,
                    7.96227
                ]
            }
        ],
        "ICA bifurcation": [
            {
                "id": 462,
                "degree": 3,
                "label": 6,
                "coords": [
                    -12.7296,
                    18.42567,
                    17.87381
                ]
            }
        ],
        "ACA boundary": [
            {
                "id": 664,
                "degree": 2,
                "label": 6,
                "coords": [
                    -11.60064,
                    18.59617,
                    19.3285
                ]
            }
        ],
        "MCA boundary": [
            {
                "id": 473,
                "degree": 2,
                "label": 6,
                "coords": [
                    -15.38477,
                    18.70971,
                    19.11616
                ]
            }
        ]
    },
    "7": {
        "ICA boundary": [
            {
                "id": 473,
                "degree": 2,
                "label": 7,
                "coords": [
                    -15.38477,
                    18.70971,
                    19.11616
                ]
            }
        ],
        "MCA end": [
            {
                "id": 528,
                "degree": 1,
                "label": 7,
                "coords": [
                    -25.40631,
                    29.0161,
                    19.699
                ]
            }
        ]
    },
    "8": {
        "ICA boundary": [
            {
                "id": 535,
                "degree": 2,
                "label": 8,
                "coords": [
                    5.72732,
                    19.49095,
                    13.05613
                ]
            }
        ],
        "PCA boundary": [
            {
                "id": 571,
                "degree": 2,
                "label": 8,
                "coords": [
                    1.1943,
                    16.07625,
                    4.0079
                ]
            }
        ]
    },
    "10": {
        "R-ACA boundary": [
            {
                "id": 783,
                "degree": 2,
                "label": 10,
                "coords": [
                    -1.76527,
                    29.37193,
                    18.76176
                ]
            }
        ],
        "L-ACA boundary": [
            {
                "id": 791,
                "degree": 2,
                "label": 10,
                "coords": [
                    -3.84107,
                    29.34598,
                    19.26171
                ]
            }
        ]
    },
    "11": {
        "ICA boundary": [
            {
                "id": 236,
                "degree": 2,
                "label": 11,
                "coords": [
                    12.71261,
                    23.85721,
                    17.47417
                ]
            }
        ],
        "Acom bifurcation": [
            {
                "id": 302,
                "degree": 3,
                "label": 11,
                "coords": [
                    -0.39963,
                    29.02231,
                    19.51876
                ]
            }
        ],
        "Acom boundary": [
            {
                "id": 783,
                "degree": 2,
                "label": 11,
                "coords": [
                    -1.76527,
                    29.37193,
                    18.76176
                ]
            }
        ],
        "ACA end": [
            {
                "id": 369,
                "degree": 1,
                "label": 11,
                "coords": [
                    -1.36645,
                    26.26324,
                    35.16504
                ]
            }
        ]
    },
    "12": {
        "ICA boundary": [
            {
                "id": 664,
                "degree": 2,
                "label": 12,
                "coords": [
                    -11.60064,
                    18.59617,
                    19.3285
                ]
            }
        ],
        "Acom bifurcation": [
            {
                "id": 710,
                "degree": 3,
                "label": 12,
                "coords": [
                    -4.6377,
                    29.2948,
                    19.82305
                ]
            }
        ],
        "Acom boundary": [
            {
                "id": 791,
                "degree": 2,
                "label": 12,
                "coords": [
                    -3.84107,
                    29.34598,
                    19.26171
                ]
            }
        ],
        "ACA end": [
            {
                "id": 778,
                "degree": 1,
                "label": 12,