{
    "1": {
        "BA start": [
            {
                "id": 0,
                "degree": 1,
                "label": 1,
                "coords": [
                    4.64706,
                    -2.72321,
                    -20.90083
                ]
            }
        ],
        "BA bifurcation": [
            {
                "id": 46,
                "degree": 3,
                "label": 1,
                "coords": [
                    1.99441,
                    -2.97351,
                    -9.31543
                ]
            }
        ],
        "R-PCA boundary": [
            {
                "id": 54,
                "degree": 2,
                "label": 1,
                "coords": [
                    3.79202,
                    -3.14313,
                    -7.87826
                ]
            }
        ],
        "L-PCA boundary": [
            {
                "id": 172,
                "degree": 2,
                "label": 1,
                "coords": [
                    -0.45518,
                    -3.06393,
                    -6.9945
                ]
            }
        ]
    },
    "2": {
        "BA boundary": [
            {
                "id": 54,
                "degree": 2,
                "label": 2,
                "coords": [
                    3.79202,
                    -3.14313,
                    -7.87826
                ]
            }
        ],
        "PCA end": [
            {
                "id": 159,
                "degree": 1,
                "label": 2,
                "coords": [
                    26.02453,
                    -16.68138,
                    -10.64828
                ]
            }
        ]
    },
    "3": {
        "BA boundary": [
            {
                "id": 172,
                "degree": 2,
                "label": 3,
                "coords": [
                    -0.45518,
                    -3.06393,
                    -6.9945
                ]
            }
        ],
        "PCA end": [
            {
                "id": 261,
                "degree": 1,
                "label": 3,
                "coords": [
                    -16.70669,
                    -15.08135,
                    -10.46934
                ]
            }
        ]
    },
    "4": {
        "ICA start": [
            {
                "id": 262,
                "degree": 1,
                "label": 4,
                "coords": [
                    13.68335,
                    11.2162,
                    -20.55335
                ]
            }
        ],
        "ICA bifurcation": [
            {
                "id": 354,
                "degree": 3,
                "label": 4,
                "coords": [
                    18.6829,
                    8.6412,
                    -3.11318
                ]
            }
        ],
        "ACA boundary": [
            {
                "id": 601,
                "degree": 2,
                "label": 4,
                "coords": [
                    17.6097,
                    9.53442,
                    -1.51858
                ]
            }
        ],
        "MCA boundary": [
            {
                "id": 362,
                "degree": 2,
                "label": 4,
                "coords": [
                    20.68392,
                    8.92541,
                    -2.91288
                ]
            }
        ]
    },
    "5": {
        "ICA boundary": [
            {
                "id": 362,
                "degree": 2,
                "label": 5,
                "coords": [
                    20.68392,
                    8.92541,
                    -2.91288
                ]
            }
        ],
        "MCA end": [
            {
                "id": 417,
                "degree": 1,
                "label": 5,
                "coords": [
                    30.82151,
                    16.84833,
                    -9.98382
                ]
            }
        ]
    },
    "6": {
        "ICA start": [
            {
                "id": 418,
                "degree": 1,
                "label": 6,
                "coords": [
                    -10.51245,
                    13.54414,
                    -22.22626
                ]
            }
        ],
        "ICA bifurcation": [
            {
                "id": 510,
                "degree": 3,
                "label": 6,
                "coords": [
                    -7.88628,
                    6.35706,
                    -3.72589
                ]
            }
        ],
        "ACA boundary": [
            {
                "id": 712,
                "degree": 2,
                "label": 6,
                "coords": [
                    -6.46399,
                    6.84495,
                    -2.18688
                ]
            }
        ],
        "MCA boundary": [
            {
                "id": 520,
                "degree": 2,
                "label": 6,
                "coords": [
                    -10.5444,
                    6.06466,
                    -3.5946
                ]
            }
        ]
    },
    "7": {
        "ICA boundary": [
            {
                "id": 520,
                "degree": 2,
                "label": 7,
                "coords": [
                    -10.5444,
                    6.06466,
                    -3.5946
                ]
            }
        ],
        "MCA end": [
            {
                "id": 561,
                "degree": 3,
                "label": 7,
                "coords": [
                    -20.56392,
                    10.5593,
                    -9.0982
                ]
            }
        ]
    },
    "10": {
        "R-ACA boundary": [
            {
                "id": 813,
                "degree": 2,
                "label": 10,
                "coords": [
                    4.73241,
                    12.27558,
                    0.95632
                ]
            }
        ],
        "L-ACA boundary": [
            {
                "id": 823,
                "degree": 2,
                "label": 10,
                "coords": [
                    3.11979,
                    13.01993,
                    -1.38453
                ]
            }
        ]
    },
    "11": {
        "ICA boundary": [
            {
                "id": 601,
                "degree": 2,
                "label": 11,
                "coords": [
                    17.6097,
                    9.53442,
                    -1.51858
                ]
            }
        ],
        "Acom bifurcation": [
            {
                "id": 650,
                "degree": 3,
                "label": 11,
                "coords": [
                    5.32796,
                    12.03862,
                    1.88002
                ]
            }
        ],
        "Acom boundary": [
            {
                "id": 813,
                "degree": 2,
                "label": 11,
                "coords": [
                    4.73241,
                    12.27558,
                    0.95632
                ]
            }
        ],
        "ACA end": [
            {
                "id": 706,
                "degree": 1,
                "label": 11,
                "coords": [
                    2.92449,
                    24.74286,
                    11.60854
                ]
            }
        ]
    },
    "12": {
        "ICA boundary": [
            {
                "id": 712,
                "degree": 2,
                "label": 12,
                "coords": [
                    -6.46399,
                    6.84495,
                    -2.18688
                ]
            }
        ],
        "Acom bifurcation": [
            {
                "id": 753,
                "degree": 3,
                "label": 12,