{
    "1": {
        "BA start": [
            {
                "id": 0,
                "degree": 1,
                "label": 1,
                "coords": [
                    -4.74512,
                    181.93457,
                    -92.25
                ]
            }
        ],
        "BA bifurcation": [
            {
                "id": 41,
                "degree": 3,
                "label": 1,
                "coords": [
                    -8.01074,
                    180.43457,
                    -82.0
                ]
            }
        ],
        "R-PCA boundary": [
            {
                "id": 47,
                "degree": 2,
                "label": 1,
                "coords": [
                    -6.76074,
                    179.9002,
                    -80.51875
                ]
            }
        ],
        "L-PCA boundary": [
            {
                "id": 134,
                "degree": 2,
                "label": 1,
                "coords": [
                    -10.01074,
                    180.4877,
                    -80.93125
                ]
            }
        ]
    },
    "2": {
        "BA boundary": [
            {
                "id": 47,
                "degree": 2,
                "label": 2,
                "coords": [
                    -6.76074,
                    179.9002,
                    -80.51875
                ]
            }
        ],
        "Pcom bifurcation": [
            {
                "id": 76,
                "degree": 3,
                "label": 2,
                "coords": [
                    -0.01074,
                    179.01582,
                    -79.94688
                ]
            }
        ],
        "Pcom boundary": [
            {
                "id": 462,
                "degree": 2,
                "label": 2,
                "coords": [
                    -0.04512,
                    179.9377,
                    -80.21875
                ]
            }
        ],
        "PCA end": [
            {
                "id": 125,
                "degree": 1,
                "label": 2,
                "coords": [
                    11.31738,
                    172.93457,
                    -86.5
                ]
            }
        ]
    },
    "3": {
        "BA boundary": [
            {
                "id": 134,
                "degree": 2,
                "label": 3,
                "coords": [
                    -10.01074,
                    180.4877,
                    -80.93125
                ]
            }
        ],
        "Pcom bifurcation": [
            {
                "id": 162,
                "degree": 3,
                "label": 3,
                "coords": [
                    -15.97116,
                    183.96061,
                    -81.66146
                ]
            }
        ],
        "Pcom boundary": [
            {
                "id": 514,
                "degree": 2,
                "label": 3,
                "coords": [
                    -15.01387,
                    184.55957,
                    -81.59375
                ]
            }
        ],
        "PCA end": [
            {
                "id": 211,
                "degree": 1,
                "label": 3,
                "coords": [
                    -21.91699,
                    175.43457,
                    -88.65625
                ]
            }
        ]
    },
    "4": {
        "ICA start": [
            {
                "id": 212,
                "degree": 1,
                "label": 4,
                "coords": [
                    2.72363,
                    195.91895,
                    -82.73438
                ]
            }
        ],
        "Pcom bifurcation": [
            {
                "id": 231,
                "degree": 3,
                "label": 4,
                "coords": [
                    5.23926,
                    191.65332,
                    -83.01875
                ]
            }
        ],
        "Pcom boundary": [
            {
                "id": 414,
                "degree": 2,
                "label": 4,
                "coords": [
                    4.22051,
                    191.21895,
                    -84.5
                ]
            }
        ],
        "MCA boundary": [
            {
                "id": 248,
                "degree": 2,
                "label": 4,
                "coords": [
                    9.23926,
                    191.04395,
                    -81.65625
                ]
            }
        ]
    },
    "5": {
        "ICA boundary": [
            {
                "id": 248,
                "degree": 2,
                "label": 5,
                "coords": [
                    9.23926,
                    191.04395,
                    -81.65625
                ]
            }
        ],
        "MCA end": [
            {
                "id": 297,
                "degree": 1,
                "label": 5,
                "coords": [
                    20.98926,
                    195.93457,
                    -80.9375
                ]
            }
        ]
    },
    "6": {
        "ICA start": [
            {
                "id": 298,
                "degree": 1,
                "label": 6,
                "coords": [
                    -18.52637,
                    195.93457,
                    -84.82812
                ]
            }
        ],
        "Pcom bifurcation": [
            {
                "id": 316,
                "degree": 3,
                "label": 6,
                "coords": [
                    -19.26074,
                    191.45332,
                    -84.63438
                ]
            }
        ],
        "Pcom boundary": [
            {
                "id": 475,
                "degree": 2,
                "label": 6,
                "coords": [
                    -17.26074,
                    192.04707,
                    -86.75938
                ]
            }
        ],
        "ICA bifurcation": [
            {
                "id": 342,
                "degree": 3,
                "label": 6,
                "coords": [
                    -21.67741,
                    187.0179,
                    -79.83333
                ]
            }
        ],
        "ACA boundary": [
            {
                "id": 521,
                "degree": 2,
                "label": 6,
                "coords": [
                    -20.26074,
                    187.13145,
                    -79.26875
                ]
            }
        ],
        "MCA boundary": [
            {
                "id": 349,
                "degree": 2,
                "label": 6,
                "coords": [
                    -23.51074,
                    186.65332,
                    -78.85
                ]
            }
        ]
    },
    "7": {
        "ICA boundary": [
            {
                "id": 349,
                "degree": 2,
                "label": 7,
                "coords": [
                    -23.51074,
                    186.65332,
                    -78.85
                ]
            }
        ],
        "MCA end": [
            {
                "id": 409,
                "degree": 1,
                "label": 7,
                "coords": [
                    -32.85449,
                    197.93457,
                    -82.25
                ]
            }
        ]
    },
    "8": {
        "ICA boundary": [
            {
                "id": 414,
                "degree": 2,
                "label": 8,
                "coords": [
                    4.22051,
                    191.21895,
                    -84.5
                ]
            }
        ],
        "PCA boundary": [
            {
                "id": 462,
                "degree": 2,
                "label": 8,