{
    "1": {
        "BA start": [
            {
                "id": 0,
                "degree": 1,
                "label": 1,
                "coords": [
                    -9.03223,
                    201.99902,
                    1169.07001
                ]
            }
        ],
        "BA bifurcation": [
            {
                "id": 54,
                "degree": 3,
                "label": 1,
                "coords": [
                    -9.9541,
                    206.24902,
                    1182.30426
                ]
            }
        ],
        "R-PCA boundary": [
            {
                "id": 63,
                "degree": 2,
                "label": 1,
                "coords": [
                    -7.9541,
                    205.89902,
                    1183.78251
                ]
            }
        ],
        "L-PCA boundary": [
            {
                "id": 167,
                "degree": 2,
                "label": 1,
                "coords": [
                    -11.9541,
                    207.59902,
                    1184.07001
                ]
            }
        ]
    },
    "2": {
        "BA boundary": [
            {
                "id": 63,
                "degree": 2,
                "label": 2,
                "coords": [
                    -7.9541,
                    205.89902,
                    1183.78251
                ]
            }
        ],
        "Pcom bifurcation": [
            {
                "id": 98,
                "degree": 3,
                "label": 2,
                "coords": [
                    -1.38535,
                    210.42715,
                    1182.20748
                ]
            }
        ],
        "Pcom boundary": [
            {
                "id": 509,
                "degree": 2,
                "label": 2,
                "coords": [
                    -1.79348,
                    210.8409,
                    1181.60375
                ]
            }
        ],
        "PCA end": [
            {
                "id": 157,
                "degree": 1,
                "label": 2,
                "coords": [
                    7.70215,
                    197.99902,
                    1184.71063
                ]
            }
        ]
    },
    "3": {
        "BA boundary": [
            {
                "id": 167,
                "degree": 2,
                "label": 3,
                "coords": [
                    -11.9541,
                    207.59902,
                    1184.07001
                ]
            }
        ],
        "PCA end": [
            {
                "id": 276,
                "degree": 1,
                "label": 3,
                "coords": [
                    -28.93848,
                    197.7334,
                    1191.30438
                ]
            }
        ]
    },
    "4": {
        "ICA start": [
            {
                "id": 277,
                "degree": 1,
                "label": 4,
                "coords": [
                    -1.9541,
                    222.4209,
                    1177.64813
                ]
            }
        ],
        "Pcom bifurcation": [
            {
                "id": 292,
                "degree": 3,
                "label": 4,
                "coords": [
                    0.40632,
                    219.29485,
                    1180.19702
                ]
            }
        ],
        "Pcom boundary": [
            {
                "id": 484,
                "degree": 2,
                "label": 4,
                "coords": [
                    0.09277,
                    216.99902,
                    1178.80751
                ]
            }
        ],
        "ICA bifurcation": [
            {
                "id": 314,
                "degree": 3,
                "label": 4,
                "coords": [
                    4.7959,
                    220.49902,
                    1184.30426
                ]
            }
        ],
        "ACA boundary": [
            {
                "id": 516,
                "degree": 2,
                "label": 4,
                "coords": [
                    4.02402,
                    220.6459,
                    1185.80126
                ]
            }
        ],
        "MCA boundary": [
            {
                "id": 324,
                "degree": 2,
                "label": 4,
                "coords": [
                    7.2959,
                    221.41777,
                    1184.71688
                ]
            }
        ]
    },
    "5": {
        "ICA boundary": [
            {
                "id": 324,
                "degree": 2,
                "label": 5,
                "coords": [
                    7.2959,
                    221.41777,
                    1184.71688
                ]
            }
        ],
        "MCA end": [
            {
                "id": 383,
                "degree": 1,
                "label": 5,
                "coords": [
                    19.78027,
                    228.49902,
                    1179.82001
                ]
            }
        ]
    },
    "6": {
        "ICA start": [
            {
                "id": 384,
                "degree": 1,
                "label": 6,
                "coords": [
                    -19.1416,
                    222.49902,
                    1178.32001
                ]
            }
        ],
        "ICA bifurcation": [
            {
                "id": 423,
                "degree": 3,
                "label": 6,
                "coords": [
                    -22.4541,
                    219.24902,
                    1185.30426
                ]
            }
        ],
        "ACA boundary": [
            {
                "id": 656,
                "degree": 2,
                "label": 6,
                "coords": [
                    -20.2041,
                    218.82402,
                    1186.45751
                ]
            }
        ],
        "MCA boundary": [
            {
                "id": 430,
                "degree": 2,
                "label": 6,
                "coords": [
                    -24.2041,
                    219.84902,
                    1185.33876
                ]
            }
        ]
    },
    "7": {
        "ICA boundary": [
            {
                "id": 430,
                "degree": 2,
                "label": 7,
                "coords": [
                    -24.2041,
                    219.84902,
                    1185.33876
                ]
            }
        ],
        "MCA end": [
            {
                "id": 476,
                "degree": 1,
                "label": 7,
                "coords": [
                    -35.61035,
                    223.26465,
                    1183.89813
                ]
            }
        ]
    },
    "8": {
        "ICA boundary": [
            {
                "id": 484,
                "degree": 2,
                "label": 8,
                "coords": [
                    0.09277,
                    216.99902,
                    1178.80751
                ]
            }
        ],
        "PCA boundary": [
            {
                "id": 509,
                "degree": 2,
                "label": 8,
                "coords": [
                    -1.79348,
                    210.8409,
                    1181.60375
                ]
            }
        ]
    },
    "11": {
        "ICA boundary": [
            {
                "id": 516,
                "degree": 2,
                "label": 11,
                "coords": [
                    4.02402,
                    220.6459,
                    1185.80126
                ]
            }
        ],
        "ACA end": [
            {
                "id": 647,
                "degree": 1,
                "label": 11,