{
    "1": {
        "BA start": [
            {
                "id": 0,
                "degree": 1,
                "label": 1,
                "coords": [
                    6.01,
                    -11.09795,
                    -16.13902
                ]
            }
        ],
        "BA bifurcation": [
            {
                "id": 67,
                "degree": 3,
                "label": 1,
                "coords": [
                    -7.50957,
                    -11.12128,
                    -3.49164
                ]
            }
        ],
        "R-PCA boundary": [
            {
                "id": 77,
                "degree": 2,
                "label": 1,
                "coords": [
                    -7.14679,
                    -12.67817,
                    -1.42839
                ]
            }
        ],
        "L-PCA boundary": [
            {
                "id": 194,
                "degree": 2,
                "label": 1,
                "coords": [
                    -8.9462,
                    -10.53076,
                    -3.68422
                ]
            }
        ]
    },
    "2": {
        "BA boundary": [
            {
                "id": 77,
                "degree": 2,
                "label": 2,
                "coords": [
                    -7.14679,
                    -12.67817,
                    -1.42839
                ]
            }
        ],
        "Pcom bifurcation": [
            {
                "id": 116,
                "degree": 3,
                "label": 2,
                "coords": [
                    2.78938,
                    -11.73285,
                    -1.97286
                ]
            }
        ],
        "Pcom boundary": [
            {
                "id": 684,
                "degree": 2,
                "label": 2,
                "coords": [
                    3.01973,
                    -10.89684,
                    -1.5983
                ]
            }
        ],
        "PCA end": [
            {
                "id": 188,
                "degree": 1,
                "label": 2,
                "coords": [
                    11.98522,
                    -23.37344,
                    -8.87334
                ]
            }
        ]
    },
    "3": {
        "BA boundary": [
            {
                "id": 194,
                "degree": 2,
                "label": 3,
                "coords": [
                    -8.9462,
                    -10.53076,
                    -3.68422
                ]
            }
        ],
        "PCA end": [
            {
                "id": 305,
                "degree": 1,
                "label": 3,
                "coords": [
                    -25.2942,
                    -20.44393,
                    -10.79731
                ]
            }
        ]
    },
    "4": {
        "ICA start": [
            {
                "id": 306,
                "degree": 1,
                "label": 4,
                "coords": [
                    13.93103,
                    7.55912,
                    -15.44198
                ]
            }
        ],
        "Pcom bifurcation": [
            {
                "id": 377,
                "degree": 3,
                "label": 4,
                "coords": [
                    8.48288,
                    0.01491,
                    -7.03334
                ]
            }
        ],
        "Pcom boundary": [
            {
                "id": 631,
                "degree": 2,
                "label": 4,
                "coords": [
                    8.76606,
                    -0.66242,
                    -8.39752
                ]
            }
        ],
        "ICA bifurcation": [
            {
                "id": 404,
                "degree": 3,
                "label": 4,
                "coords": [
                    13.47788,
                    1.29837,
                    -0.94459
                ]
            }
        ],
        "ACA boundary": [
            {
                "id": 693,
                "degree": 2,
                "label": 4,
                "coords": [
                    11.80791,
                    1.55031,
                    -0.24019
                ]
            }
        ],
        "MCA boundary": [
            {
                "id": 410,
                "degree": 2,
                "label": 4,
                "coords": [
                    14.81493,
                    2.75842,
                    -0.61503
                ]
            }
        ]
    },
    "5": {
        "ICA boundary": [
            {
                "id": 410,
                "degree": 2,
                "label": 5,
                "coords": [
                    14.81493,
                    2.75842,
                    -0.61503
                ]
            }
        ],
        "MCA end": [
            {
                "id": 461,
                "degree": 1,
                "label": 5,
                "coords": [
                    26.15499,
                    12.98778,
                    -0.63451
                ]
            }
        ]
    },
    "6": {
        "ICA start": [
            {
                "id": 462,
                "degree": 1,
                "label": 6,
                "coords": [
                    -17.21631,
                    13.14599,
                    -17.71708
                ]
            }
        ],
        "ICA bifurcation": [
            {
                "id": 554,
                "degree": 3,
                "label": 6,
                "coords": [
                    -19.13585,
                    0.0649,
                    -6.92116
                ]
            }
        ],
        "ACA boundary": [
            {
                "id": 846,
                "degree": 2,
                "label": 6,
                "coords": [
                    -17.76247,
                    -0.02904,
                    -5.07191
                ]
            }
        ],
        "MCA boundary": [
            {
                "id": 564,
                "degree": 2,
                "label": 6,
                "coords": [
                    -21.7428,
                    1.05707,
                    -5.56166
                ]
            }
        ]
    },
    "7": {
        "ICA boundary": [
            {
                "id": 564,
                "degree": 2,
                "label": 7,
                "coords": [
                    -21.7428,
                    1.05707,
                    -5.56166
                ]
            }
        ],
        "MCA end": [
            {
                "id": 626,
                "degree": 1,
                "label": 7,
                "coords": [
                    -35.39201,
                    11.46913,
                    -7.66663
                ]
            }
        ]
    },
    "8": {
        "ICA boundary": [
            {
                "id": 631,
                "degree": 2,
                "label": 8,
                "coords": [
                    8.76606,
                    -0.66242,
                    -8.39752
                ]
            }
        ],
        "PCA boundary": [
            {
                "id": 684,
                "degree": 2,
                "label": 8,
                "coords": [
                    3.01973,
                    -10.89684,
                    -1.5983
                ]
            }
        ]
    },
    "10": {
        "R-ACA boundary": [
            {
                "id": 748,
                "degree": 3,
                "label": 10,
                "coords": [
                    -1.19487,
                    3.33769,
                    -2.91435
                ]
            }
        ],
        "L-ACA boundary": [
            {
                "id": 905,
                "degree": 3,
                "label": 10,