{
    "1": {
        "BA start": [
            {
                "id": 0,
                "degree": 1,
                "label": 1,
                "coords": [
                    1.32422,
                    201.58203,
                    -140.13435
                ]
            }
        ],
        "BA bifurcation": [
            {
                "id": 25,
                "degree": 3,
                "label": 1,
                "coords": [
                    -0.09766,
                    202.00391,
                    -133.89999
                ]
            }
        ],
        "R-PCA boundary": [
            {
                "id": 33,
                "degree": 2,
                "label": 1,
                "coords": [
                    1.09922,
                    201.10703,
                    -131.89998
                ]
            }
        ],
        "L-PCA boundary": [
            {
                "id": 138,
                "degree": 2,
                "label": 1,
                "coords": [
                    -2.34766,
                    202.57266,
                    -133.24373
                ]
            }
        ]
    },
    "2": {
        "BA boundary": [
            {
                "id": 33,
                "degree": 2,
                "label": 2,
                "coords": [
                    1.09922,
                    201.10703,
                    -131.89998
                ]
            }
        ],
        "Pcom bifurcation": [
            {
                "id": 55,
                "degree": 3,
                "label": 2,
                "coords": [
                    4.57526,
                    202.206,
                    -126.7229
                ]
            }
        ],
        "Pcom boundary": [
            {
                "id": 527,
                "degree": 2,
                "label": 2,
                "coords": [
                    3.98047,
                    203.00078,
                    -126.98748
                ]
            }
        ],
        "PCA end": [
            {
                "id": 129,
                "degree": 1,
                "label": 2,
                "coords": [
                    21.83984,
                    194.25391,
                    -128.80623
                ]
            }
        ]
    },
    "3": {
        "BA boundary": [
            {
                "id": 138,
                "degree": 2,
                "label": 3,
                "coords": [
                    -2.34766,
                    202.57266,
                    -133.24373
                ]
            }
        ],
        "Pcom bifurcation": [
            {
                "id": 171,
                "degree": 3,
                "label": 3,
                "coords": [
                    -4.76328,
                    203.93203,
                    -125.39998
                ]
            }
        ],
        "Pcom boundary": [
            {
                "id": 577,
                "degree": 2,
                "label": 3,
                "coords": [
                    -5.20547,
                    204.01328,
                    -125.68123
                ]
            }
        ],
        "PCA end": [
            {
                "id": 244,
                "degree": 1,
                "label": 3,
                "coords": [
                    -16.61328,
                    188.75391,
                    -126.39998
                ]
            }
        ]
    },
    "4": {
        "ICA start": [
            {
                "id": 245,
                "degree": 1,
                "label": 4,
                "coords": [
                    9.55859,
                    218.50391,
                    -126.63435
                ]
            }
        ],
        "Pcom bifurcation": [
            {
                "id": 264,
                "degree": 3,
                "label": 4,
                "coords": [
                    12.15234,
                    213.83828,
                    -125.92186
                ]
            }
        ],
        "Pcom boundary": [
            {
                "id": 478,
                "degree": 2,
                "label": 4,
                "coords": [
                    11.96094,
                    213.68516,
                    -126.40545
                ]
            }
        ],
        "ICA bifurcation": [
            {
                "id": 295,
                "degree": 3,
                "label": 4,
                "coords": [
                    17.40234,
                    212.25391,
                    -119.64999
                ]
            }
        ],
        "ACA boundary": [
            {
                "id": 584,
                "degree": 2,
                "label": 4,
                "coords": [
                    15.95547,
                    211.40703,
                    -118.53124
                ]
            }
        ],
        "MCA boundary": [
            {
                "id": 299,
                "degree": 2,
                "label": 4,
                "coords": [
                    18.17109,
                    212.93516,
                    -119.01874
                ]
            }
        ]
    },
    "5": {
        "ICA boundary": [
            {
                "id": 299,
                "degree": 2,
                "label": 5,
                "coords": [
                    18.17109,
                    212.93516,
                    -119.01874
                ]
            }
        ],
        "MCA end": [
            {
                "id": 319,
                "degree": 3,
                "label": 5,
                "coords": [
                    23.31901,
                    216.42057,
                    -119.06666
                ]
            }
        ]
    },
    "6": {
        "ICA start": [
            {
                "id": 379,
                "degree": 1,
                "label": 6,
                "coords": [
                    -10.09766,
                    216.76953,
                    -127.30623
                ]
            }
        ],
        "Pcom bifurcation": [
            {
                "id": 393,
                "degree": 3,
                "label": 6,
                "coords": [
                    -12.71641,
                    213.57266,
                    -125.28123
                ]
            }
        ],
        "Pcom boundary": [
            {
                "id": 533,
                "degree": 2,
                "label": 6,
                "coords": [
                    -12.82891,
                    212.98828,
                    -126.39998
                ]
            }
        ],
        "ICA bifurcation": [
            {
                "id": 416,
                "degree": 3,
                "label": 6,
                "coords": [
                    -14.34766,
                    211.75391,
                    -119.64999
                ]
            }
        ],
        "ACA boundary": [
            {
                "id": 706,
                "degree": 2,
                "label": 6,
                "coords": [
                    -12.59766,
                    211.77578,
                    -119.22499
                ]
            }
        ],
        "MCA boundary": [
            {
                "id": 425,
                "degree": 2,
                "label": 6,
                "coords": [
                    -15.56328,
                    211.77266,
                    -117.55312
                ]
            }
        ]
    },
    "7": {
        "ICA boundary": [
            {
                "id": 425,
                "degree": 2,
                "label": 7,
                "coords": [
                    -15.56328,
                    211.77266,
                    -117.55312
                ]
            }
        ],
        "MCA end": [
            {
                "id": 477,
                "degree": 1,
                "label": 7,