{
    "1": {
        "BA start": [
            {
                "id": 0,
                "degree": 1,
                "label": 1,
                "coords": [
                    -0.17676,
                    204.23926,
                    -109.73438
                ]
            }
        ],
        "BA bifurcation": [
            {
                "id": 52,
                "degree": 2,
                "label": 1,
                "coords": [
                    0.65137,
                    205.06738,
                    -96.82812
                ]
            }
        ]
    },
    "2": {
        "Pcom boundary": [
            {
                "id": 348,
                "degree": 2,
                "label": 2,
                "coords": [
                    8.90449,
                    205.81738,
                    -95.16562
                ]
            }
        ],
        "PCA end": [
            {
                "id": 415,
                "degree": 1,
                "label": 2,
                "coords": [
                    22.87012,
                    190.89551,
                    -92.48438
                ]
            }
        ]
    },
    "3": {
        "Pcom boundary": [
            {
                "id": 448,
                "degree": 2,
                "label": 3,
                "coords": [
                    -8.84863,
                    207.31738,
                    -95.97812
                ]
            }
        ],
        "PCA end": [
            {
                "id": 521,
                "degree": 1,
                "label": 3,
                "coords": [
                    -22.08301,
                    197.58301,
                    -87.25
                ]
            }
        ]
    },
    "4": {
        "ICA start": [
            {
                "id": 57,
                "degree": 1,
                "label": 4,
                "coords": [
                    11.65137,
                    220.56738,
                    -93.3125
                ]
            }
        ],
        "Pcom bifurcation": [
            {
                "id": 76,
                "degree": 3,
                "label": 4,
                "coords": [
                    14.20137,
                    215.82051,
                    -92.0375
                ]
            }
        ],
        "Pcom boundary": [
            {
                "id": 306,
                "degree": 2,
                "label": 4,
                "coords": [
                    12.15137,
                    214.37363,
                    -93.4625
                ]
            }
        ],
        "ICA bifurcation": [
            {
                "id": 91,
                "degree": 3,
                "label": 4,
                "coords": [
                    17.65137,
                    215.06738,
                    -89.75
                ]
            }
        ],
        "ACA boundary": [
            {
                "id": 531,
                "degree": 2,
                "label": 4,
                "coords": [
                    17.88574,
                    217.01426,
                    -87.6
                ]
            }
        ],
        "MCA boundary": [
            {
                "id": 111,
                "degree": 2,
                "label": 4,
                "coords": [
                    22.65137,
                    215.26426,
                    -90.05625
                ]
            }
        ]
    },
    "5": {
        "ICA boundary": [
            {
                "id": 111,
                "degree": 2,
                "label": 5,
                "coords": [
                    22.65137,
                    215.26426,
                    -90.05625
                ]
            }
        ],
        "MCA end": [
            {
                "id": 184,
                "degree": 1,
                "label": 5,
                "coords": [
                    38.41699,
                    223.16113,
                    -92.25
                ]
            }
        ]
    },
    "6": {
        "ICA start": [
            {
                "id": 185,
                "degree": 1,
                "label": 6,
                "coords": [
                    -9.34863,
                    221.56738,
                    -89.75
                ]
            }
        ],
        "Pcom bifurcation": [
            {
                "id": 204,
                "degree": 3,
                "label": 6,
                "coords": [
                    -12.70905,
                    217.16947,
                    -88.83125
                ]
            }
        ],
        "Pcom boundary": [
            {
                "id": 420,
                "degree": 2,
                "label": 6,
                "coords": [
                    -12.16113,
                    215.50176,
                    -89.85
                ]
            }
        ],
        "ICA bifurcation": [
            {
                "id": 227,
                "degree": 3,
                "label": 6,
                "coords": [
                    -16.2653,
                    217.81738,
                    -83.58333
                ]
            }
        ],
        "ACA boundary": [
            {
                "id": 688,
                "degree": 2,
                "label": 6,
                "coords": [
                    -13.09863,
                    218.81738,
                    -82.29063
                ]
            }
        ],
        "MCA boundary": [
            {
                "id": 235,
                "degree": 2,
                "label": 6,
                "coords": [
                    -18.34863,
                    219.21738,
                    -82.07188
                ]
            }
        ]
    },
    "7": {
        "ICA boundary": [
            {
                "id": 235,
                "degree": 2,
                "label": 7,
                "coords": [
                    -18.34863,
                    219.21738,
                    -82.07188
                ]
            }
        ],
        "MCA end": [
            {
                "id": 275,
                "degree": 2,
                "label": 7,
                "coords": [
                    -27.84863,
                    225.56738,
                    -81.5
                ]
            }
        ]
    },
    "8": {
        "ICA boundary": [
            {
                "id": 306,
                "degree": 2,
                "label": 8,
                "coords": [
                    12.15137,
                    214.37363,
                    -93.4625
                ]
            }
        ],
        "PCA boundary": [
            {
                "id": 348,
                "degree": 2,
                "label": 8,
                "coords": [
                    8.90449,
                    205.81738,
                    -95.16562
                ]
            }
        ]
    },
    "9": {
        "ICA boundary": [
            {
                "id": 420,
                "degree": 2,
                "label": 9,
                "coords": [
                    -12.16113,
                    215.50176,
                    -89.85
                ]
            }
        ],
        "PCA boundary": [
            {
                "id": 448,
                "degree": 2,
                "label": 9,
                "coords": [
                    -8.84863,
                    207.31738,
                    -95.97812
                ]
            }
        ]
    },
    "11": {
        "ICA boundary": [
            {
                "id": 531,
                "degree": 2,
                "label": 11,
                "coords": [
                    17.88574,
                    217.01426,
                    -87.6
                ]
            }
        ],
        "ACA end": [
            {
                "id": 676,
                "degree": 1,
                "label": 11,