{
    "1": {
        "BA start": [
            {
                "id": 0,
                "degree": 1,
                "label": 1,
                "coords": [
                    -1.582,
                    2.72316,
                    -19.5207
                ]
            }
        ],
        "BA bifurcation": [
            {
                "id": 51,
                "degree": 3,
                "label": 1,
                "coords": [
                    -8.17946,
                    -0.32712,
                    -7.09483
                ]
            }
        ],
        "R-PCA boundary": [
            {
                "id": 61,
                "degree": 2,
                "label": 1,
                "coords": [
                    -5.5162,
                    -0.41812,
                    -5.91594
                ]
            }
        ],
        "L-PCA boundary": [
            {
                "id": 168,
                "degree": 2,
                "label": 1,
                "coords": [
                    -10.03314,
                    0.96783,
                    -5.0103
                ]
            }
        ]
    },
    "2": {
        "BA boundary": [
            {
                "id": 61,
                "degree": 2,
                "label": 2,
                "coords": [
                    -5.5162,
                    -0.41812,
                    -5.91594
                ]
            }
        ],
        "PCA end": [
            {
                "id": 157,
                "degree": 1,
                "label": 2,
                "coords": [
                    7.62313,
                    -12.74822,
                    -11.42388
                ]
            }
        ]
    },
    "3": {
        "BA boundary": [
            {
                "id": 168,
                "degree": 2,
                "label": 3,
                "coords": [
                    -10.03314,
                    0.96783,
                    -5.0103
                ]
            }
        ],
        "PCA end": [
            {
                "id": 272,
                "degree": 1,
                "label": 3,
                "coords": [
                    -22.19049,
                    -14.65039,
                    -7.94078
                ]
            }
        ]
    },
    "4": {
        "ICA start": [
            {
                "id": 273,
                "degree": 1,
                "label": "4",
                "coords": [
                    4.78481,
                    15.84136,
                    -12.0476
                ]
            }
        ],
        "ICA bifurcation": [
            {
                "id": 315,
                "degree": 3,
                "label": 4,
                "coords": [
                    10.63106,
                    11.26764,
                    -4.29289
                ]
            }
        ],
        "ACA boundary": [
            {
                "id": 488,
                "degree": 2,
                "label": 4,
                "coords": [
                    8.17847,
                    12.99021,
                    -2.84555
                ]
            }
        ],
        "MCA boundary": [
            {
                "id": 320,
                "degree": 2,
                "label": 4,
                "coords": [
                    11.87686,
                    11.66778,
                    -4.7346
                ]
            }
        ]
    },
    "5": {
        "ICA boundary": [
            {
                "id": 320,
                "degree": 2,
                "label": 5,
                "coords": [
                    11.87686,
                    11.66778,
                    -4.7346
                ]
            }
        ],
        "MCA end": [
            {
                "id": 382,
                "degree": 1,
                "label": 5,
                "coords": [
                    27.26266,
                    20.24287,
                    -7.76312
                ]
            }
        ]
    },
    "6": {
        "ICA start": [
            {
                "id": 383,
                "degree": 1,
                "label": 6,
                "coords": [
                    -8.49397,
                    17.06408,
                    -9.86926
                ]
            }
        ],
        "ICA bifurcation": [
            {
                "id": 420,
                "degree": 3,
                "label": 6,
                "coords": [
                    -16.65109,
                    13.53284,
                    -5.76893
                ]
            }
        ],
        "ACA boundary": [
            {
                "id": 622,
                "degree": 2,
                "label": 6,
                "coords": [
                    -16.24893,
                    12.74803,
                    -3.75977
                ]
            }
        ],
        "MCA boundary": [
            {
                "id": 430,
                "degree": 2,
                "label": 6,
                "coords": [
                    -18.65603,
                    15.65603,
                    -5.09076
                ]
            }
        ]
    },
    "7": {
        "ICA boundary": [
            {
                "id": 430,
                "degree": 2,
                "label": 7,
                "coords": [
                    -18.65603,
                    15.65603,
                    -5.09076
                ]
            }
        ],
        "MCA end": [
            {
                "id": 476,
                "degree": 1,
                "label": 7,
                "coords": [
                    -27.95414,
                    23.72537,
                    -2.05687
                ]
            }
        ]
    },
    "11": {
        "ICA boundary": [
            {
                "id": 488,
                "degree": 2,
                "label": 11,
                "coords": [
                    8.17847,
                    12.99021,
                    -2.84555
                ]
            }
        ],
        "ACA end": [
            {
                "id": 614,
                "degree": 1,
                "label": 11,
                "coords": [
                    -2.18405,
                    30.69193,
                    11.33066
                ]
            }
        ]
    },
    "12": {
        "ICA boundary": [
            {
                "id": 622,
                "degree": 2,
                "label": 12,
                "coords": [
                    -16.24893,
                    12.74803,
                    -3.75977
                ]
            }
        ],
        "ACA end": [
            {
                "id": 749,
                "degree": 1,
                "label": 12,
                "coords": [
                    -4.09852,
                    29.68907,
                    11.6497
                ]
            }
        ]
    }
}