{
    "1": {
        "BA start": [
            {
                "id": 0,
                "degree": 1,
                "label": 1,
                "coords": [
                    -5.95403,
                    -11.84305,
                    -27.99437
                ]
            }
        ],
        "BA bifurcation": [
            {
                "id": 30,
                "degree": 3,
                "label": 1,
                "coords": [
                    -6.33218,
                    -14.43077,
                    -20.3887
                ]
            }
        ],
        "R-PCA boundary": [
            {
                "id": 37,
                "degree": 2,
                "label": 1,
                "coords": [
                    -4.50283,
                    -15.95316,
                    -20.28607
                ]
            }
        ],
        "L-PCA boundary": [
            {
                "id": 159,
                "degree": 2,
                "label": 1,
                "coords": [
                    -8.16792,
                    -13.5267,
                    -17.85616
                ]
            }
        ]
    },
    "2": {
        "BA boundary": [
            {
                "id": 37,
                "degree": 2,
                "label": 2,
                "coords": [
                    -4.50283,
                    -15.95316,
                    -20.28607
                ]
            }
        ],
        "Pcom bifurcation": [
            {
                "id": 82,
                "degree": 3,
                "label": 2,
                "coords": [
                    4.81706,
                    -11.37771,
                    -23.9634
                ]
            }
        ],
        "Pcom boundary": [
            {
                "id": 557,
                "degree": 2,
                "label": 2,
                "coords": [
                    4.9134,
                    -10.63691,
                    -23.88523
                ]
            }
        ],
        "PCA end": [
            {
                "id": 149,
                "degree": 1,
                "label": 2,
                "coords": [
                    14.27173,
                    -27.21927,
                    -23.89917
                ]
            }
        ]
    },
    "3": {
        "BA boundary": [
            {
                "id": 159,
                "degree": 2,
                "label": 3,
                "coords": [
                    -8.16792,
                    -13.5267,
                    -17.85616
                ]
            }
        ],
        "Pcom bifurcation": [
            {
                "id": 175,
                "degree": 3,
                "label": 3,
                "coords": [
                    -11.72376,
                    -11.47036,
                    -15.8195
                ]
            }
        ],
        "Pcom boundary": [
            {
                "id": 596,
                "degree": 2,
                "label": 3,
                "coords": [
                    -10.92135,
                    -10.29005,
                    -15.40038
                ]
            }
        ],
        "PCA end": [
            {
                "id": 252,
                "degree": 1,
                "label": 3,
                "coords": [
                    -21.31453,
                    -24.12377,
                    -23.82376
                ]
            }
        ]
    },
    "4": {
        "ICA start": [
            {
                "id": 253,
                "degree": 1,
                "label": 4,
                "coords": [
                    7.90888,
                    1.50499,
                    -29.48966
                ]
            }
        ],
        "Pcom bifurcation": [
            {
                "id": 324,
                "degree": 3,
                "label": 4,
                "coords": [
                    7.19703,
                    -3.41529,
                    -21.35638
                ]
            }
        ],
        "Pcom boundary": [
            {
                "id": 536,
                "degree": 2,
                "label": 4,
                "coords": [
                    7.2231,
                    -5.22192,
                    -22.41759
                ]
            }
        ],
        "ICA bifurcation": [
            {
                "id": 344,
                "degree": 3,
                "label": 4,
                "coords": [
                    11.91518,
                    -1.27846,
                    -17.96731
                ]
            }
        ],
        "ACA boundary": [
            {
                "id": 607,
                "degree": 2,
                "label": 4,
                "coords": [
                    10.03158,
                    -0.52855,
                    -16.69844
                ]
            }
        ],
        "MCA boundary": [
            {
                "id": 351,
                "degree": 2,
                "label": 4,
                "coords": [
                    13.69665,
                    -1.37209,
                    -17.44265
                ]
            }
        ]
    },
    "5": {
        "ICA boundary": [
            {
                "id": 351,
                "degree": 2,
                "label": 5,
                "coords": [
                    13.69665,
                    -1.37209,
                    -17.44265
                ]
            }
        ],
        "MCA end": [
            {
                "id": 410,
                "degree": 1,
                "label": 5,
                "coords": [
                    19.07114,
                    2.77971,
                    -24.62609
                ]
            }
        ]
    },
    "6": {
        "ICA start": [
            {
                "id": 411,
                "degree": 1,
                "label": 6,
                "coords": [
                    -13.13958,
                    4.90423,
                    -28.74391
                ]
            }
        ],
        "Pcom bifurcation": [
            {
                "id": 462,
                "degree": 3,
                "label": 6,
                "coords": [
                    -12.24605,
                    -1.64407,
                    -21.08604
                ]
            }
        ],
        "Pcom boundary": [
            {
                "id": 565,
                "degree": 2,
                "label": 6,
                "coords": [
                    -11.01714,
                    -3.76342,
                    -21.02536
                ]
            }
        ],
        "ICA bifurcation": [
            {
                "id": 477,
                "degree": 3,
                "label": 6,
                "coords": [
                    -15.20332,
                    -1.98644,
                    -17.38807
                ]
            }
        ],
        "ACA boundary": [
            {
                "id": 713,
                "degree": 2,
                "label": 6,
                "coords": [
                    -13.50693,
                    -2.02858,
                    -15.80638
                ]
            }
        ],
        "MCA boundary": [
            {
                "id": 487,
                "degree": 2,
                "label": 6,
                "coords": [
                    -17.65644,
                    -1.57376,
                    -16.88897
                ]
            }
        ]
    },
    "7": {
        "ICA boundary": [
            {
                "id": 487,
                "degree": 2,
                "label": 7,
                "coords": [
                    -17.65644,
                    -1.57376,
                    -16.88897
                ]
            }
        ],
        "MCA end": [
            {
                "id": 530,
                "degree": 1,
                "label": 7,