{
    "1": {
        "BA start": [
            {
                "id": 0,
                "degree": 1,
                "label": 1,
                "coords": [
                    -6.42777,
                    -5.36615,
                    -52.76031
                ]
            }
        ],
        "BA bifurcation": [
            {
                "id": 40,
                "degree": 3,
                "label": 1,
                "coords": [
                    -7.14739,
                    -9.22853,
                    -43.5103
                ]
            }
        ],
        "R-PCA boundary": [
            {
                "id": 47,
                "degree": 2,
                "label": 1,
                "coords": [
                    -5.5393,
                    -9.38611,
                    -42.48843
                ]
            }
        ],
        "L-PCA boundary": [
            {
                "id": 130,
                "degree": 2,
                "label": 1,
                "coords": [
                    -8.7132,
                    -9.61036,
                    -41.76031
                ]
            }
        ]
    },
    "2": {
        "BA boundary": [
            {
                "id": 47,
                "degree": 2,
                "label": 2,
                "coords": [
                    -5.5393,
                    -9.38611,
                    -42.48843
                ]
            }
        ],
        "PCA end": [
            {
                "id": 123,
                "degree": 1,
                "label": 2,
                "coords": [
                    11.84796,
                    -17.03432,
                    -40.26031
                ]
            }
        ]
    },
    "3": {
        "BA boundary": [
            {
                "id": 130,
                "degree": 2,
                "label": 3,
                "coords": [
                    -8.7132,
                    -9.61036,
                    -41.76031
                ]
            }
        ],
        "Pcom bifurcation": [
            {
                "id": 144,
                "degree": 3,
                "label": 3,
                "coords": [
                    -12.18178,
                    -9.23718,
                    -39.27593
                ]
            }
        ],
        "Pcom boundary": [
            {
                "id": 541,
                "degree": 2,
                "label": 3,
                "coords": [
                    -12.42052,
                    -8.34354,
                    -39.51031
                ]
            }
        ],
        "PCA end": [
            {
                "id": 202,
                "degree": 1,
                "label": 3,
                "coords": [
                    -23.3627,
                    -19.72231,
                    -42.01031
                ]
            }
        ]
    },
    "4": {
        "ICA start": [
            {
                "id": 203,
                "degree": 1,
                "label": 4,
                "coords": [
                    2.25884,
                    9.01353,
                    -48.2603
                ]
            }
        ],
        "ICA bifurcation": [
            {
                "id": 295,
                "degree": 3,
                "label": 4,
                "coords": [
                    4.39952,
                    3.72982,
                    -35.0103
                ]
            }
        ],
        "ACA boundary": [
            {
                "id": 549,
                "degree": 2,
                "label": 4,
                "coords": [
                    2.99381,
                    4.51264,
                    -33.61031
                ]
            }
        ],
        "MCA boundary": [
            {
                "id": 304,
                "degree": 2,
                "label": 4,
                "coords": [
                    6.67513,
                    3.64869,
                    -34.01031
                ]
            }
        ]
    },
    "5": {
        "ICA boundary": [
            {
                "id": 304,
                "degree": 2,
                "label": 5,
                "coords": [
                    6.67513,
                    3.64869,
                    -34.01031
                ]
            }
        ],
        "MCA end": [
            {
                "id": 354,
                "degree": 1,
                "label": 5,
                "coords": [
                    18.77749,
                    7.72597,
                    -33.60406
                ]
            }
        ]
    },
    "6": {
        "ICA start": [
            {
                "id": 355,
                "degree": 1,
                "label": 6,
                "coords": [
                    -22.57938,
                    6.30352,
                    -48.86968
                ]
            }
        ],
        "Pcom bifurcation": [
            {
                "id": 425,
                "degree": 3,
                "label": 6,
                "coords": [
                    -18.7152,
                    2.23451,
                    -36.62072
                ]
            }
        ],
        "Pcom boundary": [
            {
                "id": 505,
                "degree": 2,
                "label": 6,
                "coords": [
                    -17.83114,
                    0.55655,
                    -37.74156
                ]
            }
        ],
        "ICA bifurcation": [
            {
                "id": 437,
                "degree": 3,
                "label": 6,
                "coords": [
                    -20.95071,
                    0.95876,
                    -33.5103
                ]
            }
        ],
        "ACA boundary": [
            {
                "id": 690,
                "degree": 2,
                "label": 6,
                "coords": [
                    -20.08435,
                    1.71667,
                    -31.52906
                ]
            }
        ],
        "MCA boundary": [
            {
                "id": 446,
                "degree": 2,
                "label": 6,
                "coords": [
                    -23.09793,
                    -0.03685,
                    -32.32593
                ]
            }
        ]
    },
    "7": {
        "ICA boundary": [
            {
                "id": 446,
                "degree": 2,
                "label": 7,
                "coords": [
                    -23.09793,
                    -0.03685,
                    -32.32593
                ]
            }
        ],
        "MCA end": [
            {
                "id": 498,
                "degree": 1,
                "label": 7,
                "coords": [
                    -36.03608,
                    -1.32787,
                    -31.26031
                ]
            }
        ]
    },
    "9": {
        "ICA boundary": [
            {
                "id": 505,
                "degree": 2,
                "label": 9,
                "coords": [
                    -17.83114,
                    0.55655,
                    -37.74156
                ]
            }
        ],
        "PCA boundary": [
            {
                "id": 541,
                "degree": 2,
                "label": 9,
                "coords": [
                    -12.42052,
                    -8.34354,
                    -39.51031
                ]
            }
        ]
    },
    "10": {
        "R-ACA boundary": [
            {
                "id": 812,
                "degree": 2,
                "label": 10,
                "coords": [
                    -9.3274,
                    9.67466,
                    -31.05489
                ]
            }
        ],
        "L-ACA boundary": [
            {
                "id": 819,
                "degree": 2,
                "label": 10,