{
    "1": {
        "BA start": [
            {
                "id": 0,
                "degree": 1,
                "label": 1,
                "coords": [
                    13.93358,
                    -0.44775,
                    -29.34971
                ]
            }
        ],
        "BA bifurcation": [
            {
                "id": 27,
                "degree": 3,
                "label": 1,
                "coords": [
                    12.40904,
                    0.80147,
                    -22.45588
                ]
            }
        ],
        "R-PCA boundary": [
            {
                "id": 36,
                "degree": 2,
                "label": 1,
                "coords": [
                    14.07148,
                    0.61658,
                    -20.26695
                ]
            }
        ],
        "L-PCA boundary": [
            {
                "id": 130,
                "degree": 2,
                "label": 1,
                "coords": [
                    11.18981,
                    2.68092,
                    -20.89041
                ]
            }
        ]
    },
    "2": {
        "BA boundary": [
            {
                "id": 36,
                "degree": 2,
                "label": 2,
                "coords": [
                    14.07148,
                    0.61658,
                    -20.26695
                ]
            }
        ],
        "PCA end": [
            {
                "id": 122,
                "degree": 1,
                "label": 2,
                "coords": [
                    29.69682,
                    -10.58521,
                    -18.86519
                ]
            }
        ]
    },
    "3": {
        "BA boundary": [
            {
                "id": 130,
                "degree": 2,
                "label": 3,
                "coords": [
                    11.18981,
                    2.68092,
                    -20.89041
                ]
            }
        ],
        "Pcom bifurcation": [
            {
                "id": 166,
                "degree": 3,
                "label": 3,
                "coords": [
                    3.49257,
                    1.52689,
                    -22.99674
                ]
            }
        ],
        "Pcom boundary": [
            {
                "id": 617,
                "degree": 2,
                "label": 3,
                "coords": [
                    3.00301,
                    2.01755,
                    -23.20821
                ]
            }
        ],
        "PCA end": [
            {
                "id": 268,
                "degree": 1,
                "label": 3,
                "coords": [
                    -4.71583,
                    -14.59082,
                    -15.09161
                ]
            }
        ]
    },
    "4": {
        "ICA start": [
            {
                "id": 269,
                "degree": 1,
                "label": 4,
                "coords": [
                    22.16073,
                    13.53317,
                    -28.94942
                ]
            }
        ],
        "ICA bifurcation": [
            {
                "id": 361,
                "degree": 3,
                "label": 4,
                "coords": [
                    24.31789,
                    9.4786,
                    -14.74961
                ]
            }
        ],
        "ACA boundary": [
            {
                "id": 625,
                "degree": 2,
                "label": 4,
                "coords": [
                    22.59762,
                    10.80423,
                    -13.19297
                ]
            }
        ],
        "MCA boundary": [
            {
                "id": 367,
                "degree": 2,
                "label": 4,
                "coords": [
                    25.98428,
                    9.50706,
                    -14.65756
                ]
            }
        ]
    },
    "5": {
        "ICA boundary": [
            {
                "id": 367,
                "degree": 2,
                "label": 5,
                "coords": [
                    25.98428,
                    9.50706,
                    -14.65756
                ]
            }
        ],
        "MCA end": [
            {
                "id": 415,
                "degree": 1,
                "label": 5,
                "coords": [
                    36.92305,
                    16.86099,
                    -19.54537
                ]
            }
        ]
    },
    "6": {
        "ICA start": [
            {
                "id": 416,
                "degree": 1,
                "label": 6,
                "coords": [
                    -0.73749,
                    13.50494,
                    -27.90434
                ]
            }
        ],
        "Pcom bifurcation": [
            {
                "id": 487,
                "degree": 3,
                "label": 6,
                "coords": [
                    -0.29058,
                    10.90577,
                    -18.49846
                ]
            }
        ],
        "Pcom boundary": [
            {
                "id": 575,
                "degree": 2,
                "label": 6,
                "coords": [
                    -0.73652,
                    10.29883,
                    -19.57846
                ]
            }
        ],
        "ICA bifurcation": [
            {
                "id": 510,
                "degree": 3,
                "label": 6,
                "coords": [
                    -2.56527,
                    9.1441,
                    -13.35894
                ]
            }
        ],
        "ACA boundary": [
            {
                "id": 777,
                "degree": 2,
                "label": 6,
                "coords": [
                    -0.58591,
                    9.22641,
                    -12.18236
                ]
            }
        ],
        "MCA boundary": [
            {
                "id": 521,
                "degree": 2,
                "label": 6,
                "coords": [
                    -5.14708,
                    10.2328,
                    -12.34702
                ]
            }
        ]
    },
    "7": {
        "ICA boundary": [
            {
                "id": 521,
                "degree": 2,
                "label": 7,
                "coords": [
                    -5.14708,
                    10.2328,
                    -12.34702
                ]
            }
        ],
        "MCA end": [
            {
                "id": 571,
                "degree": 1,
                "label": 7,
                "coords": [
                    -15.33898,
                    18.94667,
                    -15.13718
                ]
            }
        ]
    },
    "9": {
        "ICA boundary": [
            {
                "id": 575,
                "degree": 2,
                "label": 9,
                "coords": [
                    -0.73652,
                    10.29883,
                    -19.57846
                ]
            }
        ],
        "PCA boundary": [
            {
                "id": 617,
                "degree": 2,
                "label": 9,
                "coords": [
                    3.00301,
                    2.01755,
                    -23.20821
                ]
            }
        ]
    },
    "10": {
        "R-ACA boundary": [
            {
                "id": 676,
                "degree": 3,
                "label": 10,
                "coords": [
                    11.00558,
                    17.26153,
                    -16.63053
                ]
            }
        ],
        "L-ACA boundary": [
            {
                "id": 930,
                "degree": 2,
                "label": 10,