{
    "1": {
        "BA start": [
            {
                "id": 0,
                "degree": 1,
                "label": 1,
                "coords": [
                    -8.09132,
                    1.90176,
                    -36.54056
                ]
            }
        ],
        "BA bifurcation": [
            {
                "id": 43,
                "degree": 3,
                "label": 1,
                "coords": [
                    -10.42045,
                    -3.1363,
                    -26.79348
                ]
            }
        ],
        "R-PCA boundary": [
            {
                "id": 51,
                "degree": 2,
                "label": 1,
                "coords": [
                    -8.64945,
                    -4.34502,
                    -25.42671
                ]
            }
        ],
        "L-PCA boundary": [
            {
                "id": 120,
                "degree": 2,
                "label": 1,
                "coords": [
                    -12.97314,
                    -3.66438,
                    -25.78482
                ]
            }
        ]
    },
    "2": {
        "BA boundary": [
            {
                "id": 51,
                "degree": 2,
                "label": 2,
                "coords": [
                    -8.64945,
                    -4.34502,
                    -25.42671
                ]
            }
        ],
        "Pcom bifurcation": [
            {
                "id": 76,
                "degree": 3,
                "label": 2,
                "coords": [
                    -2.39506,
                    -3.98199,
                    -25.28242
                ]
            }
        ],
        "Pcom boundary": [
            {
                "id": 565,
                "degree": 2,
                "label": 2,
                "coords": [
                    -2.37845,
                    -2.77788,
                    -25.29545
                ]
            }
        ],
        "PCA end": [
            {
                "id": 110,
                "degree": 1,
                "label": 2,
                "coords": [
                    5.41669,
                    -4.60506,
                    -30.72106
                ]
            }
        ]
    },
    "3": {
        "BA boundary": [
            {
                "id": 120,
                "degree": 2,
                "label": 3,
                "coords": [
                    -12.97314,
                    -3.66438,
                    -25.78482
                ]
            }
        ],
        "Pcom bifurcation": [
            {
                "id": 145,
                "degree": 3,
                "label": 3,
                "coords": [
                    -18.80734,
                    -0.90088,
                    -26.21337
                ]
            }
        ],
        "Pcom boundary": [
            {
                "id": 612,
                "degree": 2,
                "label": 3,
                "coords": [
                    -18.37865,
                    -0.25119,
                    -25.6971
                ]
            }
        ],
        "PCA end": [
            {
                "id": 191,
                "degree": 1,
                "label": 3,
                "coords": [
                    -23.20693,
                    -6.94115,
                    -34.98515
                ]
            }
        ]
    },
    "4": {
        "ICA start": [
            {
                "id": 192,
                "degree": 1,
                "label": 4,
                "coords": [
                    -1.75111,
                    21.79927,
                    -28.47284
                ]
            }
        ],
        "Pcom bifurcation": [
            {
                "id": 263,
                "degree": 3,
                "label": 4,
                "coords": [
                    2.02003,
                    9.71694,
                    -26.14536
                ]
            }
        ],
        "Pcom boundary": [
            {
                "id": 263,
                "degree": 3,
                "label": 4,
                "coords": [
                    2.02003,
                    9.71694,
                    -26.14536
                ]
            }
        ],
        "MCA boundary": [
            {
                "id": 278,
                "degree": 2,
                "label": 4,
                "coords": [
                    5.75386,
                    9.46141,
                    -24.1878
                ]
            }
        ]
    },
    "5": {
        "ICA boundary": [
            {
                "id": 278,
                "degree": 2,
                "label": 5,
                "coords": [
                    5.75386,
                    9.46141,
                    -24.1878
                ]
            }
        ],
        "MCA end": [
            {
                "id": 336,
                "degree": 1,
                "label": 5,
                "coords": [
                    18.01891,
                    18.38657,
                    -22.65157
                ]
            }
        ]
    },
    "6": {
        "ICA start": [
            {
                "id": 337,
                "degree": 1,
                "label": 6,
                "coords": [
                    -24.79405,
                    14.83997,
                    -34.0463
                ]
            }
        ],
        "Pcom bifurcation": [
            {
                "id": 408,
                "degree": 3,
                "label": 6,
                "coords": [
                    -22.28014,
                    7.59753,
                    -27.74906
                ]
            }
        ],
        "Pcom boundary": [
            {
                "id": 576,
                "degree": 2,
                "label": 6,
                "coords": [
                    -20.63066,
                    7.95936,
                    -29.46662
                ]
            }
        ],
        "ICA bifurcation": [
            {
                "id": 437,
                "degree": 3,
                "label": 6,
                "coords": [
                    -24.91989,
                    1.00147,
                    -24.14394
                ]
            }
        ],
        "ACA boundary": [
            {
                "id": 620,
                "degree": 2,
                "label": 6,
                "coords": [
                    -23.24529,
                    1.15772,
                    -23.25144
                ]
            }
        ],
        "MCA boundary": [
            {
                "id": 446,
                "degree": 2,
                "label": 6,
                "coords": [
                    -26.98173,
                    -0.13601,
                    -22.88982
                ]
            }
        ]
    },
    "7": {
        "ICA boundary": [
            {
                "id": 446,
                "degree": 2,
                "label": 7,
                "coords": [
                    -26.98173,
                    -0.13601,
                    -22.88982
                ]
            }
        ],
        "MCA end": [
            {
                "id": 509,
                "degree": 1,
                "label": 7,
                "coords": [
                    -38.41361,
                    12.18152,
                    -24.76967
                ]
            }
        ]
    },
    "8": {
        "ICA boundary": [
            {
                "id": 263,
                "degree": 3,
                "label": 8,
                "coords": [
                    2.02003,
                    9.71694,
                    -26.14536
                ]
            }
        ],
        "PCA boundary": [
            {
                "id": 565,
                "degree": 2,
                "label": 8,