{
    "1": {
        "BA start": [
            {
                "id": 0,
                "degree": 1,
                "label": 1,
                "coords": [
                    14.41602,
                    199.37695,
                    1501.63196
                ]
            }
        ],
        "BA bifurcation": [
            {
                "id": 40,
                "degree": 3,
                "label": 1,
                "coords": [
                    15.90039,
                    201.62695,
                    1511.38208
                ]
            }
        ],
        "R-PCA boundary": [
            {
                "id": 47,
                "degree": 2,
                "label": 1,
                "coords": [
                    17.65039,
                    202.35195,
                    1510.84446
                ]
            }
        ],
        "L-PCA boundary": [
            {
                "id": 122,
                "degree": 2,
                "label": 1,
                "coords": [
                    15.14727,
                    202.17383,
                    1511.96321
                ]
            }
        ]
    },
    "2": {
        "BA boundary": [
            {
                "id": 47,
                "degree": 2,
                "label": 2,
                "coords": [
                    17.65039,
                    202.35195,
                    1510.84446
                ]
            }
        ],
        "Pcom bifurcation": [
            {
                "id": 65,
                "degree": 3,
                "label": 2,
                "coords": [
                    19.95352,
                    201.7457,
                    1506.66948
                ]
            }
        ],
        "Pcom boundary": [
            {
                "id": 452,
                "degree": 2,
                "label": 2,
                "coords": [
                    20.14852,
                    202.35383,
                    1506.19259
                ]
            }
        ],
        "PCA end": [
            {
                "id": 119,
                "degree": 1,
                "label": 2,
                "coords": [
                    30.21289,
                    189.62695,
                    1510.71008
                ]
            }
        ]
    },
    "3": {
        "BA boundary": [
            {
                "id": 122,
                "degree": 2,
                "label": 3,
                "coords": [
                    15.14727,
                    202.17383,
                    1511.96321
                ]
            }
        ],
        "PCA end": [
            {
                "id": 223,
                "degree": 1,
                "label": 3,
                "coords": [
                    -3.36523,
                    188.87695,
                    1508.21008
                ]
            }
        ]
    },
    "4": {
        "ICA start": [
            {
                "id": 224,
                "degree": 1,
                "label": 4,
                "coords": [
                    21.80664,
                    212.89258,
                    1506.22571
                ]
            }
        ],
        "Pcom bifurcation": [
            {
                "id": 243,
                "degree": 3,
                "label": 4,
                "coords": [
                    24.95039,
                    209.14883,
                    1506.76636
                ]
            }
        ],
        "Pcom boundary": [
            {
                "id": 429,
                "degree": 2,
                "label": 4,
                "coords": [
                    23.40039,
                    207.94883,
                    1505.93821
                ]
            }
        ],
        "ICA bifurcation": [
            {
                "id": 272,
                "degree": 3,
                "label": 4,
                "coords": [
                    31.73372,
                    209.04362,
                    1510.04875
                ]
            }
        ],
        "ACA boundary": [
            {
                "id": 465,
                "degree": 2,
                "label": 4,
                "coords": [
                    29.65039,
                    210.45508,
                    1512.14758
                ]
            }
        ],
        "MCA boundary": [
            {
                "id": 277,
                "degree": 2,
                "label": 4,
                "coords": [
                    33.15039,
                    209.90195,
                    1510.13196
                ]
            }
        ]
    },
    "5": {
        "ICA boundary": [
            {
                "id": 277,
                "degree": 2,
                "label": 5,
                "coords": [
                    33.15039,
                    209.90195,
                    1510.13196
                ]
            }
        ],
        "MCA end": [
            {
                "id": 323,
                "degree": 1,
                "label": 5,
                "coords": [
                    41.83789,
                    218.37695,
                    1507.03821
                ]
            }
        ]
    },
    "6": {
        "ICA start": [
            {
                "id": 324,
                "degree": 1,
                "label": 6,
                "coords": [
                    1.63477,
                    213.12695,
                    1504.80383
                ]
            }
        ],
        "ICA bifurcation": [
            {
                "id": 363,
                "degree": 3,
                "label": 6,
                "coords": [
                    -3.93294,
                    206.62695,
                    1512.21541
                ]
            }
        ],
        "ACA boundary": [
            {
                "id": 605,
                "degree": 2,
                "label": 6,
                "coords": [
                    -2.59961,
                    206.94883,
                    1513.18196
                ]
            }
        ],
        "MCA boundary": [
            {
                "id": 371,
                "degree": 2,
                "label": 6,
                "coords": [
                    -5.84961,
                    206.99883,
                    1513.05696
                ]
            }
        ]
    },
    "7": {
        "ICA boundary": [
            {
                "id": 371,
                "degree": 2,
                "label": 7,
                "coords": [
                    -5.84961,
                    206.99883,
                    1513.05696
                ]
            }
        ],
        "MCA end": [
            {
                "id": 423,
                "degree": 1,
                "label": 7,
                "coords": [
                    -17.67773,
                    215.11133,
                    1511.88196
                ]
            }
        ]
    },
    "8": {
        "ICA boundary": [
            {
                "id": 429,
                "degree": 2,
                "label": 8,
                "coords": [
                    23.40039,
                    207.94883,
                    1505.93821
                ]
            }
        ],
        "PCA boundary": [
            {
                "id": 452,
                "degree": 2,
                "label": 8,
                "coords": [
                    20.14852,
                    202.35383,
                    1506.19259
                ]
            }
        ]
    },
    "11": {
        "ICA boundary": [
            {
                "id": 465,
                "degree": 2,
                "label": 11,
                "coords": [
                    29.65039,
                    210.45508,
                    1512.14758
                ]
            }
        ],
        "ACA end": [
            {
                "id": 599,
                "degree": 1,