{
    "1": {
        "BA start": [
            {
                "id": 0,
                "degree": 1,
                "label": 1,
                "coords": [
                    -10.7946,
                    -6.6603,
                    -11.7767
                ]
            }
        ],
        "BA bifurcation": [
            {
                "id": 44,
                "degree": 3,
                "label": 1,
                "coords": [
                    -9.37336,
                    -8.03338,
                    -0.7533
                ]
            }
        ],
        "R-PCA boundary": [
            {
                "id": 50,
                "degree": 2,
                "label": 1,
                "coords": [
                    -7.94956,
                    -8.29107,
                    0.64007
                ]
            }
        ],
        "L-PCA boundary": [
            {
                "id": 140,
                "degree": 2,
                "label": 1,
                "coords": [
                    -11.17909,
                    -7.31875,
                    0.6306
                ]
            }
        ]
    },
    "2": {
        "BA boundary": [
            {
                "id": 50,
                "degree": 2,
                "label": 2,
                "coords": [
                    -7.94956,
                    -8.29107,
                    0.64007
                ]
            }
        ],
        "PCA end": [
            {
                "id": 133,
                "degree": 1,
                "label": 2,
                "coords": [
                    10.83181,
                    -14.32845,
                    -4.23357
                ]
            }
        ]
    },
    "3": {
        "BA boundary": [
            {
                "id": 140,
                "degree": 2,
                "label": 3,
                "coords": [
                    -11.17909,
                    -7.31875,
                    0.6306
                ]
            }
        ],
        "Pcom bifurcation": [
            {
                "id": 161,
                "degree": 3,
                "label": 3,
                "coords": [
                    -16.40554,
                    -4.72855,
                    1.39059
                ]
            }
        ],
        "Pcom boundary": [
            {
                "id": 575,
                "degree": 2,
                "label": 3,
                "coords": [
                    -16.10113,
                    -4.36061,
                    0.93649
                ]
            }
        ],
        "PCA end": [
            {
                "id": 226,
                "degree": 1,
                "label": 3,
                "coords": [
                    -26.62036,
                    -18.21928,
                    -8.33795
                ]
            }
        ]
    },
    "4": {
        "ICA start": [
            {
                "id": 227,
                "degree": 1,
                "label": 4,
                "coords": [
                    -2.30642,
                    7.8515,
                    -8.28931
                ]
            }
        ],
        "ICA bifurcation": [
            {
                "id": 319,
                "degree": 3,
                "label": 4,
                "coords": [
                    2.1396,
                    6.52964,
                    0.10998
                ]
            }
        ],
        "ACA boundary": [
            {
                "id": 582,
                "degree": 2,
                "label": 4,
                "coords": [
                    0.91411,
                    6.54275,
                    1.75617
                ]
            }
        ],
        "MCA boundary": [
            {
                "id": 329,
                "degree": 2,
                "label": 4,
                "coords": [
                    4.60663,
                    6.83197,
                    0.38669
                ]
            }
        ]
    },
    "5": {
        "ICA boundary": [
            {
                "id": 329,
                "degree": 2,
                "label": 5,
                "coords": [
                    4.60663,
                    6.83197,
                    0.38669
                ]
            }
        ],
        "MCA end": [
            {
                "id": 375,
                "degree": 1,
                "label": 5,
                "coords": [
                    14.97443,
                    14.44947,
                    1.50132
                ]
            }
        ]
    },
    "6": {
        "ICA start": [
            {
                "id": 376,
                "degree": 1,
                "label": 6,
                "coords": [
                    -23.97495,
                    12.31031,
                    -14.05871
                ]
            }
        ],
        "Pcom bifurcation": [
            {
                "id": 447,
                "degree": 3,
                "label": 6,
                "coords": [
                    -23.30461,
                    5.16498,
                    -3.29641
                ]
            }
        ],
        "Pcom boundary": [
            {
                "id": 522,
                "degree": 2,
                "label": 6,
                "coords": [
                    -23.26703,
                    4.18447,
                    -5.08589
                ]
            }
        ],
        "ICA bifurcation": [
            {
                "id": 465,
                "degree": 3,
                "label": 6,
                "coords": [
                    -27.32254,
                    3.73307,
                    -0.70348
                ]
            }
        ],
        "ACA boundary": [
            {
                "id": 713,
                "degree": 2,
                "label": 6,
                "coords": [
                    -26.37656,
                    3.83292,
                    0.89501
                ]
            }
        ],
        "MCA boundary": [
            {
                "id": 471,
                "degree": 2,
                "label": 6,
                "coords": [
                    -28.96829,
                    4.55474,
                    -0.6606
                ]
            }
        ]
    },
    "7": {
        "ICA boundary": [
            {
                "id": 471,
                "degree": 2,
                "label": 7,
                "coords": [
                    -28.96829,
                    4.55474,
                    -0.6606
                ]
            }
        ],
        "MCA end": [
            {
                "id": 515,
                "degree": 1,
                "label": 7,
                "coords": [
                    -39.31985,
                    10.8816,
                    -0.18673
                ]
            }
        ]
    },
    "9": {
        "ICA boundary": [
            {
                "id": 522,
                "degree": 2,
                "label": 9,
                "coords": [
                    -23.26703,
                    4.18447,
                    -5.08589
                ]
            }
        ],
        "PCA boundary": [
            {
                "id": 575,
                "degree": 2,
                "label": 9,
                "coords": [
                    -16.10113,
                    -4.36061,
                    0.93649
                ]
            }
        ]
    },
    "10": {
        "R-ACA boundary": [
            {
                "id": 842,
                "degree": 2,
                "label": 10,
                "coords": [
                    -12.09521,
                    7.66385,
                    3.63306
                ]
            }
        ],
        "L-ACA boundary": [
            {
                "id": 848,
                "degree": 2,
                "label": 10,