{
    "1": {
        "BA start": [
            {
                "id": 0,
                "degree": 1,
                "label": 1,
                "coords": [
                    8.12305,
                    196.2168,
                    607.47003
                ]
            }
        ],
        "BA bifurcation": [
            {
                "id": 59,
                "degree": 3,
                "label": 1,
                "coords": [
                    3.2168,
                    198.48242,
                    622.20441
                ]
            }
        ],
        "R-PCA boundary": [
            {
                "id": 65,
                "degree": 2,
                "label": 1,
                "coords": [
                    4.7168,
                    198.49805,
                    622.93566
                ]
            }
        ],
        "L-PCA boundary": [
            {
                "id": 214,
                "degree": 2,
                "label": 1,
                "coords": [
                    2.2168,
                    198.63555,
                    622.62316
                ]
            }
        ]
    },
    "2": {
        "BA boundary": [
            {
                "id": 65,
                "degree": 2,
                "label": 2,
                "coords": [
                    4.7168,
                    198.49805,
                    622.93566
                ]
            }
        ],
        "Pcom bifurcation": [
            {
                "id": 121,
                "degree": 3,
                "label": 2,
                "coords": [
                    17.28451,
                    199.30326,
                    616.07107
                ]
            }
        ],
        "Pcom boundary": [
            {
                "id": 630,
                "degree": 2,
                "label": 2,
                "coords": [
                    17.9668,
                    201.23242,
                    615.20441
                ]
            }
        ],
        "PCA end": [
            {
                "id": 210,
                "degree": 1,
                "label": 2,
                "coords": [
                    22.38867,
                    177.98242,
                    623.20441
                ]
            }
        ]
    },
    "3": {
        "BA boundary": [
            {
                "id": 214,
                "degree": 2,
                "label": 3,
                "coords": [
                    2.2168,
                    198.63555,
                    622.62316
                ]
            }
        ],
        "Pcom bifurcation": [
            {
                "id": 232,
                "degree": 3,
                "label": 3,
                "coords": [
                    -2.2832,
                    199.39492,
                    622.74816
                ]
            }
        ],
        "Pcom boundary": [
            {
                "id": 682,
                "degree": 2,
                "label": 3,
                "coords": [
                    -2.3082,
                    200.13555,
                    621.45441
                ]
            }
        ],
        "PCA end": [
            {
                "id": 350,
                "degree": 1,
                "label": 3,
                "coords": [
                    -13.75195,
                    174.1543,
                    621.20441
                ]
            }
        ]
    },
    "4": {
        "ICA start": [
            {
                "id": 351,
                "degree": 1,
                "label": 4,
                "coords": [
                    13.56055,
                    214.23242,
                    621.26691
                ]
            }
        ],
        "Pcom bifurcation": [
            {
                "id": 370,
                "degree": 3,
                "label": 4,
                "coords": [
                    15.96888,
                    209.42408,
                    622.61482
                ]
            }
        ],
        "Pcom boundary": [
            {
                "id": 602,
                "degree": 2,
                "label": 4,
                "coords": [
                    16.28867,
                    208.25742,
                    620.70441
                ]
            }
        ],
        "ICA bifurcation": [
            {
                "id": 389,
                "degree": 3,
                "label": 4,
                "coords": [
                    18.30013,
                    207.48242,
                    627.28774
                ]
            }
        ],
        "ACA boundary": [
            {
                "id": 697,
                "degree": 2,
                "label": 4,
                "coords": [
                    15.7168,
                    207.14805,
                    628.97316
                ]
            }
        ],
        "MCA boundary": [
            {
                "id": 400,
                "degree": 2,
                "label": 4,
                "coords": [
                    21.2168,
                    208.13555,
                    628.22941
                ]
            }
        ]
    },
    "5": {
        "ICA boundary": [
            {
                "id": 400,
                "degree": 2,
                "label": 5,
                "coords": [
                    21.2168,
                    208.13555,
                    628.22941
                ]
            }
        ],
        "MCA end": [
            {
                "id": 482,
                "degree": 1,
                "label": 5,
                "coords": [
                    38.88867,
                    221.48242,
                    629.95441
                ]
            }
        ]
    },
    "6": {
        "ICA start": [
            {
                "id": 483,
                "degree": 1,
                "label": 6,
                "coords": [
                    -8.51758,
                    215.82617,
                    620.87628
                ]
            }
        ],
        "Pcom bifurcation": [
            {
                "id": 502,
                "degree": 3,
                "label": 6,
                "coords": [
                    -11.71237,
                    211.20326,
                    621.75026
                ]
            }
        ],
        "Pcom boundary": [
            {
                "id": 640,
                "degree": 2,
                "label": 6,
                "coords": [
                    -11.72487,
                    209.98451,
                    620.74087
                ]
            }
        ],
        "ICA bifurcation": [
            {
                "id": 523,
                "degree": 3,
                "label": 6,
                "coords": [
                    -15.0332,
                    207.98242,
                    626.70441
                ]
            }
        ],
        "ACA boundary": [
            {
                "id": 830,
                "degree": 2,
                "label": 6,
                "coords": [
                    -12.0332,
                    206.93242,
                    628.25441
                ]
            }
        ],
        "MCA boundary": [
            {
                "id": 533,
                "degree": 2,
                "label": 6,
                "coords": [
                    -17.5332,
                    208.43555,
                    627.44191
                ]
            }
        ]
    },
    "7": {
        "ICA boundary": [
            {
                "id": 533,
                "degree": 2,
                "label": 7,
                "coords": [
                    -17.5332,
                    208.43555,
                    627.44191
                ]
            }
        ],
        "MCA end": [
            {
                "id": 595,
                "degree": 1,
                "label": 7,