{
    "1": {
        "BA start": [
            {
                "id": 0,
                "degree": 1,
                "label": 1,
                "coords": [
                    9.88888,
                    -12.24669,
                    -29.49503
                ]
            }
        ],
        "BA bifurcation": [
            {
                "id": 47,
                "degree": 3,
                "label": 1,
                "coords": [
                    3.61356,
                    -12.48188,
                    -17.57836
                ]
            }
        ],
        "R-PCA boundary": [
            {
                "id": 55,
                "degree": 2,
                "label": 1,
                "coords": [
                    5.72327,
                    -13.39102,
                    -16.79815
                ]
            }
        ],
        "L-PCA boundary": [
            {
                "id": 145,
                "degree": 2,
                "label": 1,
                "coords": [
                    2.51162,
                    -12.44226,
                    -16.34503
                ]
            }
        ]
    },
    "2": {
        "BA boundary": [
            {
                "id": 55,
                "degree": 2,
                "label": 2,
                "coords": [
                    5.72327,
                    -13.39102,
                    -16.79815
                ]
            }
        ],
        "PCA end": [
            {
                "id": 140,
                "degree": 1,
                "label": 2,
                "coords": [
                    18.40049,
                    -25.91978,
                    -16.74503
                ]
            }
        ]
    },
    "3": {
        "BA boundary": [
            {
                "id": 145,
                "degree": 2,
                "label": 3,
                "coords": [
                    2.51162,
                    -12.44226,
                    -16.34503
                ]
            }
        ],
        "Pcom bifurcation": [
            {
                "id": 164,
                "degree": 3,
                "label": 3,
                "coords": [
                    -2.18019,
                    -11.70268,
                    -14.51377
                ]
            }
        ],
        "Pcom boundary": [
            {
                "id": 586,
                "degree": 2,
                "label": 3,
                "coords": [
                    -2.41569,
                    -11.02196,
                    -14.70502
                ]
            }
        ],
        "PCA end": [
            {
                "id": 233,
                "degree": 1,
                "label": 3,
                "coords": [
                    -13.35394,
                    -23.75498,
                    -16.74503
                ]
            }
        ]
    },
    "4": {
        "ICA start": [
            {
                "id": 234,
                "degree": 1,
                "label": 4,
                "coords": [
                    13.17695,
                    -0.77188,
                    -25.99503
                ]
            }
        ],
        "ICA bifurcation": [
            {
                "id": 326,
                "degree": 3,
                "label": 4,
                "coords": [
                    19.30053,
                    -1.69051,
                    -13.74503
                ]
            }
        ],
        "ACA boundary": [
            {
                "id": 596,
                "degree": 2,
                "label": 4,
                "coords": [
                    17.61587,
                    -0.62659,
                    -11.79815
                ]
            }
        ],
        "MCA boundary": [
            {
                "id": 332,
                "degree": 2,
                "label": 4,
                "coords": [
                    20.86252,
                    -0.83226,
                    -13.83252
                ]
            }
        ]
    },
    "5": {
        "ICA boundary": [
            {
                "id": 332,
                "degree": 2,
                "label": 5,
                "coords": [
                    20.86252,
                    -0.83226,
                    -13.83252
                ]
            }
        ],
        "MCA end": [
            {
                "id": 351,
                "degree": 3,
                "label": 5,
                "coords": [
                    25.7571,
                    1.12687,
                    -13.99503
                ]
            }
        ]
    },
    "6": {
        "ICA start": [
            {
                "id": 424,
                "degree": 1,
                "label": 6,
                "coords": [
                    -3.34786,
                    -4.24975,
                    -28.49503
                ]
            }
        ],
        "Pcom bifurcation": [
            {
                "id": 481,
                "degree": 3,
                "label": 6,
                "coords": [
                    -3.96322,
                    -1.37624,
                    -21.1919
                ]
            }
        ],
        "Pcom boundary": [
            {
                "id": 547,
                "degree": 2,
                "label": 6,
                "coords": [
                    -3.95406,
                    -3.30946,
                    -22.18565
                ]
            }
        ],
        "ICA bifurcation": [
            {
                "id": 500,
                "degree": 3,
                "label": 6,
                "coords": [
                    -7.97139,
                    -1.0842,
                    -17.49503
                ]
            }
        ],
        "ACA boundary": [
            {
                "id": 707,
                "degree": 2,
                "label": 6,
                "coords": [
                    -6.24875,
                    -1.4992,
                    -15.64815
                ]
            }
        ],
        "MCA boundary": [
            {
                "id": 507,
                "degree": 2,
                "label": 6,
                "coords": [
                    -9.66398,
                    -0.18261,
                    -17.14503
                ]
            }
        ]
    },
    "7": {
        "ICA boundary": [
            {
                "id": 507,
                "degree": 2,
                "label": 7,
                "coords": [
                    -9.66398,
                    -0.18261,
                    -17.14503
                ]
            }
        ],
        "MCA end": [
            {
                "id": 540,
                "degree": 1,
                "label": 7,
                "coords": [
                    -17.66342,
                    3.77376,
                    -15.51065
                ]
            }
        ]
    },
    "9": {
        "ICA boundary": [
            {
                "id": 547,
                "degree": 2,
                "label": 9,
                "coords": [
                    -3.95406,
                    -3.30946,
                    -22.18565
                ]
            }
        ],
        "PCA boundary": [
            {
                "id": 586,
                "degree": 2,
                "label": 9,
                "coords": [
                    -2.41569,
                    -11.02196,
                    -14.70502
                ]
            }
        ]
    },
    "10": {
        "R-ACA boundary": [
            {
                "id": 810,
                "degree": 2,
                "label": 10,
                "coords": [
                    5.25941,
                    5.53436,
                    -13.7919
                ]
            }
        ],
        "L-ACA boundary": [
            {
                "id": 817,
                "degree": 2,
                "label": 10,