{
    "1": {
        "BA start": [
            {
                "id": 0,
                "degree": 1,
                "label": 1,
                "coords": [
                    1.74512,
                    143.06738,
                    -118.44507
                ]
            }
        ],
        "BA bifurcation": [
            {
                "id": 31,
                "degree": 3,
                "label": 1,
                "coords": [
                    -0.18197,
                    141.91113,
                    -110.5284
                ]
            }
        ],
        "R-PCA boundary": [
            {
                "id": 36,
                "degree": 2,
                "label": 1,
                "coords": [
                    0.99824,
                    142.18301,
                    -109.44194
                ]
            }
        ],
        "L-PCA boundary": [
            {
                "id": 137,
                "degree": 2,
                "label": 1,
                "coords": [
                    -2.29551,
                    142.16426,
                    -109.62319
                ]
            }
        ]
    },
    "2": {
        "BA boundary": [
            {
                "id": 36,
                "degree": 2,
                "label": 2,
                "coords": [
                    0.99824,
                    142.18301,
                    -109.44194
                ]
            }
        ],
        "Pcom bifurcation": [
            {
                "id": 57,
                "degree": 3,
                "label": 2,
                "coords": [
                    5.76178,
                    145.35592,
                    -106.86694
                ]
            }
        ],
        "Pcom boundary": [
            {
                "id": 494,
                "degree": 2,
                "label": 2,
                "coords": [
                    5.44199,
                    146.40175,
                    -107.34507
                ]
            }
        ],
        "PCA end": [
            {
                "id": 129,
                "degree": 1,
                "label": 2,
                "coords": [
                    16.88574,
                    130.91113,
                    -106.53882
                ]
            }
        ]
    },
    "3": {
        "BA boundary": [
            {
                "id": 137,
                "degree": 2,
                "label": 3,
                "coords": [
                    -2.29551,
                    142.16426,
                    -109.62319
                ]
            }
        ],
        "Pcom bifurcation": [
            {
                "id": 159,
                "degree": 3,
                "label": 3,
                "coords": [
                    -7.23509,
                    142.98717,
                    -106.94819
                ]
            }
        ],
        "Pcom boundary": [
            {
                "id": 543,
                "degree": 2,
                "label": 3,
                "coords": [
                    -7.39551,
                    144.15175,
                    -107.37319
                ]
            }
        ],
        "PCA end": [
            {
                "id": 215,
                "degree": 1,
                "label": 3,
                "coords": [
                    -17.59863,
                    131.16113,
                    -107.67944
                ]
            }
        ]
    },
    "4": {
        "ICA start": [
            {
                "id": 216,
                "degree": 1,
                "label": 4,
                "coords": [
                    7.15137,
                    162.91113,
                    -107.17944
                ]
            }
        ],
        "Pcom bifurcation": [
            {
                "id": 235,
                "degree": 3,
                "label": 4,
                "coords": [
                    5.67012,
                    159.02154,
                    -104.73465
                ]
            }
        ],
        "Pcom boundary": [
            {
                "id": 442,
                "degree": 2,
                "label": 4,
                "coords": [
                    5.17949,
                    158.12988,
                    -105.92632
                ]
            }
        ],
        "ICA bifurcation": [
            {
                "id": 257,
                "degree": 3,
                "label": 4,
                "coords": [
                    9.4847,
                    153.99447,
                    -100.61174
                ]
            }
        ],
        "ACA boundary": [
            {
                "id": 552,
                "degree": 2,
                "label": 4,
                "coords": [
                    8.25137,
                    154.18301,
                    -98.94819
                ]
            }
        ],
        "MCA boundary": [
            {
                "id": 264,
                "degree": 2,
                "label": 4,
                "coords": [
                    11.40137,
                    153.41426,
                    -100.44194
                ]
            }
        ]
    },
    "5": {
        "ICA boundary": [
            {
                "id": 264,
                "degree": 2,
                "label": 5,
                "coords": [
                    11.40137,
                    153.41426,
                    -100.44194
                ]
            }
        ],
        "MCA end": [
            {
                "id": 302,
                "degree": 3,
                "label": 5,
                "coords": [
                    20.4847,
                    156.5778,
                    -102.0284
                ]
            }
        ]
    },
    "6": {
        "ICA start": [
            {
                "id": 343,
                "degree": 1,
                "label": 6,
                "coords": [
                    -11.52051,
                    160.17676,
                    -107.17944
                ]
            }
        ],
        "Pcom bifurcation": [
            {
                "id": 362,
                "degree": 3,
                "label": 6,
                "coords": [
                    -12.67051,
                    155.66426,
                    -106.14194
                ]
            }
        ],
        "Pcom boundary": [
            {
                "id": 500,
                "degree": 2,
                "label": 6,
                "coords": [
                    -12.51113,
                    154.71113,
                    -107.02632
                ]
            }
        ],
        "ICA bifurcation": [
            {
                "id": 384,
                "degree": 3,
                "label": 6,
                "coords": [
                    -16.34863,
                    153.41113,
                    -100.94507
                ]
            }
        ],
        "ACA boundary": [
            {
                "id": 647,
                "degree": 2,
                "label": 6,
                "coords": [
                    -15.17051,
                    153.87988,
                    -100.07944
                ]
            }
        ],
        "MCA boundary": [
            {
                "id": 392,
                "degree": 2,
                "label": 6,
                "coords": [
                    -18.34863,
                    153.16113,
                    -100.46382
                ]
            }
        ]
    },
    "7": {
        "ICA boundary": [
            {
                "id": 392,
                "degree": 2,
                "label": 7,
                "coords": [
                    -18.34863,
                    153.16113,
                    -100.46382
                ]
            }
        ],
        "MCA end": [
            {
                "id": 437,
                "degree": 1,
                "label": 7,