{
    "1": {
        "BA start": [
            {
                "id": 0,
                "degree": 1,
                "label": 1,
                "coords": [
                    7.33691,
                    198.13184,
                    -17.11426
                ]
            }
        ],
        "L-PCA boundary": [
            {
                "id": 40,
                "degree": 2,
                "label": 1,
                "coords": [
                    4.86191,
                    196.65059,
                    -8.14238
                ]
            }
        ]
    },
    "2": {
        "Pcom boundary": [
            {
                "id": 436,
                "degree": 2,
                "label": 2,
                "coords": [
                    11.43691,
                    201.81309,
                    -7.16738
                ]
            }
        ],
        "PCA end": [
            {
                "id": 507,
                "degree": 1,
                "label": 2,
                "coords": [
                    28.91504,
                    190.63184,
                    -5.41113
                ]
            }
        ]
    },
    "3": {
        "BA boundary": [
            {
                "id": 40,
                "degree": 2,
                "label": 3,
                "coords": [
                    4.86191,
                    196.65059,
                    -8.14238
                ]
            }
        ],
        "Pcom bifurcation": [
            {
                "id": 69,
                "degree": 3,
                "label": 3,
                "coords": [
                    -0.33184,
                    200.00684,
                    -5.74238
                ]
            }
        ],
        "Pcom boundary": [
            {
                "id": 69,
                "degree": 3,
                "label": 3,
                "coords": [
                    -0.33184,
                    200.00684,
                    -5.74238
                ]
            }
        ],
        "PCA end": [
            {
                "id": 145,
                "degree": 1,
                "label": 3,
                "coords": [
                    -14.72559,
                    184.20996,
                    -6.39551
                ]
            }
        ]
    },
    "4": {
        "ICA start": [
            {
                "id": 146,
                "degree": 1,
                "label": 4,
                "coords": [
                    12.33691,
                    214.63184,
                    -8.97363
                ]
            }
        ],
        "Pcom bifurcation": [
            {
                "id": 165,
                "degree": 3,
                "label": 4,
                "coords": [
                    15.64629,
                    210.43496,
                    -7.29238
                ]
            }
        ],
        "Pcom boundary": [
            {
                "id": 396,
                "degree": 2,
                "label": 4,
                "coords": [
                    15.14941,
                    209.83496,
                    -8.64551
                ]
            }
        ],
        "ICA bifurcation": [
            {
                "id": 191,
                "degree": 3,
                "label": 4,
                "coords": [
                    19.91504,
                    210.13184,
                    -2.14551
                ]
            }
        ],
        "ACA boundary": [
            {
                "id": 570,
                "degree": 2,
                "label": 4,
                "coords": [
                    17.66191,
                    209.78496,
                    0.23574
                ]
            }
        ],
        "MCA boundary": [
            {
                "id": 200,
                "degree": 2,
                "label": 4,
                "coords": [
                    22.16191,
                    211.63184,
                    -1.51426
                ]
            }
        ]
    },
    "5": {
        "ICA boundary": [
            {
                "id": 200,
                "degree": 2,
                "label": 5,
                "coords": [
                    22.16191,
                    211.63184,
                    -1.51426
                ]
            }
        ],
        "MCA end": [
            {
                "id": 232,
                "degree": 3,
                "label": 5,
                "coords": [
                    27.16504,
                    219.38184,
                    -5.14551
                ]
            }
        ]
    },
    "6": {
        "ICA start": [
            {
                "id": 296,
                "degree": 1,
                "label": 6,
                "coords": [
                    -7.08496,
                    212.88184,
                    -9.39551
                ]
            }
        ],
        "Pcom bifurcation": [
            {
                "id": 315,
                "degree": 3,
                "label": 6,
                "coords": [
                    -8.71725,
                    208.01412,
                    -6.38509
                ]
            }
        ],
        "Pcom boundary": [
            {
                "id": 511,
                "degree": 2,
                "label": 6,
                "coords": [
                    -7.98288,
                    206.90163,
                    -7.17572
                ]
            }
        ],
        "ICA bifurcation": [
            {
                "id": 334,
                "degree": 3,
                "label": 6,
                "coords": [
                    -12.58496,
                    207.63184,
                    -1.64551
                ]
            }
        ],
        "ACA boundary": [
            {
                "id": 703,
                "degree": 2,
                "label": 6,
                "coords": [
                    -10.58496,
                    207.89746,
                    -0.20176
                ]
            }
        ],
        "MCA boundary": [
            {
                "id": 341,
                "degree": 2,
                "label": 6,
                "coords": [
                    -14.33496,
                    207.90059,
                    -1.64551
                ]
            }
        ]
    },
    "7": {
        "ICA boundary": [
            {
                "id": 341,
                "degree": 2,
                "label": 7,
                "coords": [
                    -14.33496,
                    207.90059,
                    -1.64551
                ]
            }
        ],
        "MCA end": [
            {
                "id": 391,
                "degree": 1,
                "label": 7,
                "coords": [
                    -24.83496,
                    214.89746,
                    -4.23926
                ]
            }
        ]
    },
    "8": {
        "ICA boundary": [
            {
                "id": 396,
                "degree": 2,
                "label": 8,
                "coords": [
                    15.14941,
                    209.83496,
                    -8.64551
                ]
            }
        ],
        "PCA boundary": [
            {
                "id": 436,
                "degree": 2,
                "label": 8,
                "coords": [
                    11.43691,
                    201.81309,
                    -7.16738
                ]
            }
        ]
    },
    "9": {
        "ICA boundary": [
            {
                "id": 511,
                "degree": 2,
                "label": 9,
                "coords": [
                    -7.98288,
                    206.90163,
                    -7.17572
                ]
            }
        ],
        "PCA boundary": [
            {
                "id": 69,
                "degree": 3,
                "label": 9,