{
    "1": {
        "BA start": [
            {
                "id": 0,
                "degree": 1,
                "label": 1,
                "coords": [
                    -2.42676,
                    196.34863,
                    -357.75
                ]
            }
        ],
        "BA bifurcation": [
            {
                "id": 52,
                "degree": 3,
                "label": 1,
                "coords": [
                    -3.35905,
                    194.09863,
                    -344.58333
                ]
            }
        ],
        "R-PCA boundary": [
            {
                "id": 61,
                "degree": 2,
                "label": 1,
                "coords": [
                    -1.06113,
                    195.21738,
                    -343.56875
                ]
            }
        ],
        "L-PCA boundary": [
            {
                "id": 170,
                "degree": 2,
                "label": 1,
                "coords": [
                    -4.69551,
                    194.82988,
                    -343.15312
                ]
            }
        ]
    },
    "2": {
        "BA boundary": [
            {
                "id": 61,
                "degree": 2,
                "label": 2,
                "coords": [
                    -1.06113,
                    195.21738,
                    -343.56875
                ]
            }
        ],
        "Pcom bifurcation": [
            {
                "id": 83,
                "degree": 3,
                "label": 2,
                "coords": [
                    2.57949,
                    199.47988,
                    -345.45
                ]
            }
        ],
        "Pcom boundary": [
            {
                "id": 571,
                "degree": 2,
                "label": 2,
                "coords": [
                    2.15449,
                    199.57363,
                    -346.25312
                ]
            }
        ],
        "PCA end": [
            {
                "id": 164,
                "degree": 1,
                "label": 2,
                "coords": [
                    20.30762,
                    185.09863,
                    -346.0
                ]
            }
        ]
    },
    "3": {
        "BA boundary": [
            {
                "id": 170,
                "degree": 2,
                "label": 3,
                "coords": [
                    -4.69551,
                    194.82988,
                    -343.15312
                ]
            }
        ],
        "Pcom bifurcation": [
            {
                "id": 200,
                "degree": 3,
                "label": 3,
                "coords": [
                    -11.71113,
                    196.47988,
                    -344.09688
                ]
            }
        ],
        "Pcom boundary": [
            {
                "id": 200,
                "degree": 3,
                "label": 3,
                "coords": [
                    -11.71113,
                    196.47988,
                    -344.09688
                ]
            }
        ],
        "PCA end": [
            {
                "id": 272,
                "degree": 1,
                "label": 3,
                "coords": [
                    -26.28613,
                    186.52051,
                    -343.75
                ]
            }
        ]
    },
    "4": {
        "ICA start": [
            {
                "id": 273,
                "degree": 1,
                "label": 4,
                "coords": [
                    4.80762,
                    210.84863,
                    -347.09375
                ]
            }
        ],
        "Pcom bifurcation": [
            {
                "id": 292,
                "degree": 3,
                "label": 4,
                "coords": [
                    9.10762,
                    207.28301,
                    -345.1
                ]
            }
        ],
        "Pcom boundary": [
            {
                "id": 525,
                "degree": 2,
                "label": 4,
                "coords": [
                    8.80449,
                    206.14551,
                    -346.24688
                ]
            }
        ],
        "ICA bifurcation": [
            {
                "id": 319,
                "degree": 3,
                "label": 4,
                "coords": [
                    15.30762,
                    206.34863,
                    -341.5
                ]
            }
        ],
        "ACA boundary": [
            {
                "id": 630,
                "degree": 2,
                "label": 4,
                "coords": [
                    14.30449,
                    205.15176,
                    -339.44688
                ]
            }
        ],
        "MCA boundary": [
            {
                "id": 326,
                "degree": 2,
                "label": 4,
                "coords": [
                    17.05762,
                    207.52676,
                    -341.5
                ]
            }
        ]
    },
    "5": {
        "ICA boundary": [
            {
                "id": 326,
                "degree": 2,
                "label": 5,
                "coords": [
                    17.05762,
                    207.52676,
                    -341.5
                ]
            }
        ],
        "MCA end": [
            {
                "id": 377,
                "degree": 1,
                "label": 5,
                "coords": [
                    26.30762,
                    218.52051,
                    -347.8125
                ]
            }
        ]
    },
    "6": {
        "ICA start": [
            {
                "id": 378,
                "degree": 1,
                "label": 6,
                "coords": [
                    -11.67676,
                    211.84863,
                    -347.5
                ]
            }
        ],
        "Pcom bifurcation": [
            {
                "id": 397,
                "degree": 3,
                "label": 6,
                "coords": [
                    -13.94238,
                    207.09863,
                    -345.21875
                ]
            }
        ],
        "Pcom boundary": [
            {
                "id": 579,
                "degree": 2,
                "label": 6,
                "coords": [
                    -13.57363,
                    205.59863,
                    -346.38125
                ]
            }
        ],
        "ICA bifurcation": [
            {
                "id": 427,
                "degree": 3,
                "label": 6,
                "coords": [
                    -18.27572,
                    204.5153,
                    -338.08333
                ]
            }
        ],
        "ACA boundary": [
            {
                "id": 773,
                "degree": 2,
                "label": 6,
                "coords": [
                    -16.44238,
                    204.59863,
                    -337.01875
                ]
            }
        ],
        "MCA boundary": [
            {
                "id": 437,
                "degree": 2,
                "label": 6,
                "coords": [
                    -20.94238,
                    204.76426,
                    -337.43125
                ]
            }
        ]
    },
    "7": {
        "ICA boundary": [
            {
                "id": 437,
                "degree": 2,
                "label": 7,
                "coords": [
                    -20.94238,
                    204.76426,
                    -337.43125
                ]
            }
        ],
        "MCA end": [
            {
                "id": 480,
                "degree": 3,
                "label": 7,