{
    "1": {
        "BA start": [
            {
                "id": 0,
                "degree": 1,
                "label": 1,
                "coords": [
                    -0.00014,
                    -15.61502,
                    20.77078
                ]
            }
        ],
        "BA bifurcation": [
            {
                "id": 28,
                "degree": 3,
                "label": 1,
                "coords": [
                    -0.15109,
                    -15.36396,
                    27.78532
                ]
            }
        ],
        "R-PCA boundary": [
            {
                "id": 33,
                "degree": 2,
                "label": 1,
                "coords": [
                    1.0922,
                    -15.73014,
                    28.24818
                ]
            }
        ],
        "L-PCA boundary": [
            {
                "id": 124,
                "degree": 2,
                "label": 1,
                "coords": [
                    -1.34528,
                    -15.08675,
                    28.6087
                ]
            }
        ]
    },
    "2": {
        "BA boundary": [
            {
                "id": 33,
                "degree": 2,
                "label": 2,
                "coords": [
                    1.0922,
                    -15.73014,
                    28.24818
                ]
            }
        ],
        "Pcom bifurcation": [
            {
                "id": 51,
                "degree": 3,
                "label": 2,
                "coords": [
                    5.7008,
                    -15.56685,
                    29.81237
                ]
            }
        ],
        "Pcom boundary": [
            {
                "id": 529,
                "degree": 2,
                "label": 2,
                "coords": [
                    5.60348,
                    -14.63829,
                    29.78584
                ]
            }
        ],
        "PCA end": [
            {
                "id": 119,
                "degree": 1,
                "label": 2,
                "coords": [
                    16.79264,
                    -26.97741,
                    26.45946
                ]
            }
        ]
    },
    "3": {
        "BA boundary": [
            {
                "id": 124,
                "degree": 2,
                "label": 3,
                "coords": [
                    -1.34528,
                    -15.08675,
                    28.6087
                ]
            }
        ],
        "PCA end": [
            {
                "id": 199,
                "degree": 1,
                "label": 3,
                "coords": [
                    -16.0787,
                    -21.92156,
                    30.13792
                ]
            }
        ]
    },
    "4": {
        "ICA start": [
            {
                "id": 200,
                "degree": 1,
                "label": 4,
                "coords": [
                    13.55973,
                    -5.58926,
                    20.46002
                ]
            }
        ],
        "Pcom bifurcation": [
            {
                "id": 264,
                "degree": 3,
                "label": 4,
                "coords": [
                    12.64,
                    -3.38947,
                    30.41893
                ]
            }
        ],
        "Pcom boundary": [
            {
                "id": 485,
                "degree": 2,
                "label": 4,
                "coords": [
                    11.47531,
                    -4.87295,
                    29.36363
                ]
            }
        ],
        "ICA bifurcation": [
            {
                "id": 290,
                "degree": 3,
                "label": 4,
                "coords": [
                    18.49422,
                    -4.28578,
                    34.01037
                ]
            }
        ],
        "ACA boundary": [
            {
                "id": 538,
                "degree": 2,
                "label": 4,
                "coords": [
                    16.98809,
                    -3.10715,
                    34.98241
                ]
            }
        ],
        "MCA boundary": [
            {
                "id": 297,
                "degree": 2,
                "label": 4,
                "coords": [
                    20.20864,
                    -4.94672,
                    34.37932
                ]
            }
        ]
    },
    "5": {
        "ICA boundary": [
            {
                "id": 297,
                "degree": 2,
                "label": 5,
                "coords": [
                    20.20864,
                    -4.94672,
                    34.37932
                ]
            }
        ],
        "MCA end": [
            {
                "id": 343,
                "degree": 1,
                "label": 5,
                "coords": [
                    29.5857,
                    -1.04693,
                    28.02694
                ]
            }
        ]
    },
    "6": {
        "ICA start": [
            {
                "id": 344,
                "degree": 1,
                "label": 6,
                "coords": [
                    -10.81878,
                    -4.08257,
                    22.95156
                ]
            }
        ],
        "ICA bifurcation": [
            {
                "id": 432,
                "degree": 3,
                "label": 6,
                "coords": [
                    -9.629,
                    -3.43677,
                    34.67343
                ]
            }
        ],
        "ACA boundary": [
            {
                "id": 633,
                "degree": 2,
                "label": 6,
                "coords": [
                    -8.00375,
                    -3.58086,
                    35.72607
                ]
            }
        ],
        "MCA boundary": [
            {
                "id": 440,
                "degree": 2,
                "label": 6,
                "coords": [
                    -11.7098,
                    -2.92668,
                    35.79551
                ]
            }
        ]
    },
    "7": {
        "ICA boundary": [
            {
                "id": 440,
                "degree": 2,
                "label": 7,
                "coords": [
                    -11.7098,
                    -2.92668,
                    35.79551
                ]
            }
        ],
        "MCA end": [
            {
                "id": 478,
                "degree": 1,
                "label": 7,
                "coords": [
                    -20.84972,
                    2.20078,
                    34.33638
                ]
            }
        ]
    },
    "8": {
        "ICA boundary": [
            {
                "id": 485,
                "degree": 2,
                "label": 8,
                "coords": [
                    11.47531,
                    -4.87295,
                    29.36363
                ]
            }
        ],
        "PCA boundary": [
            {
                "id": 529,
                "degree": 2,
                "label": 8,
                "coords": [
                    5.60348,
                    -14.63829,
                    29.78584
                ]
            }
        ]
    },
    "10": {
        "R-ACA boundary": [
            {
                "id": 731,
                "degree": 2,
                "label": 10,
                "coords": [
                    5.58487,
                    0.74884,
                    33.95003
                ]
            }
        ],
        "L-ACA boundary": [
            {
                "id": 735,
                "degree": 2,
                "label": 10,