{
    "1": {
        "BA start": [
            {
                "id": 0,
                "degree": 1,
                "label": 1,
                "coords": [
                    22.8898,
                    2.94849,
                    -15.02169
                ]
            }
        ],
        "BA bifurcation": [
            {
                "id": 71,
                "degree": 3,
                "label": 1,
                "coords": [
                    9.74242,
                    2.23224,
                    -0.142
                ]
            }
        ],
        "R-PCA boundary": [
            {
                "id": 85,
                "degree": 2,
                "label": 1,
                "coords": [
                    12.85371,
                    -0.24593,
                    1.605
                ]
            }
        ],
        "L-PCA boundary": [
            {
                "id": 210,
                "degree": 2,
                "label": 1,
                "coords": [
                    6.90709,
                    2.53589,
                    1.48855
                ]
            }
        ]
    },
    "2": {
        "BA boundary": [
            {
                "id": 85,
                "degree": 2,
                "label": 2,
                "coords": [
                    12.85371,
                    -0.24593,
                    1.605
                ]
            }
        ],
        "Pcom bifurcation": [
            {
                "id": 122,
                "degree": 3,
                "label": 2,
                "coords": [
                    21.38388,
                    1.80947,
                    2.60772
                ]
            }
        ],
        "Pcom boundary": [
            {
                "id": 724,
                "degree": 2,
                "label": 2,
                "coords": [
                    20.53826,
                    3.12846,
                    2.8058
                ]
            }
        ],
        "PCA end": [
            {
                "id": 198,
                "degree": 1,
                "label": 2,
                "coords": [
                    28.8369,
                    -9.18114,
                    -10.01675
                ]
            }
        ]
    },
    "3": {
        "BA boundary": [
            {
                "id": 210,
                "degree": 2,
                "label": 3,
                "coords": [
                    6.90709,
                    2.53589,
                    1.48855
                ]
            }
        ],
        "PCA end": [
            {
                "id": 329,
                "degree": 1,
                "label": 3,
                "coords": [
                    -7.91377,
                    -10.23728,
                    -9.72495
                ]
            }
        ]
    },
    "4": {
        "ICA start": [
            {
                "id": 330,
                "degree": 1,
                "label": 4,
                "coords": [
                    25.13782,
                    26.7721,
                    -7.80658
                ]
            }
        ],
        "Pcom bifurcation": [
            {
                "id": 401,
                "degree": 3,
                "label": 4,
                "coords": [
                    26.88479,
                    12.52423,
                    -1.76977
                ]
            }
        ],
        "Pcom boundary": [
            {
                "id": 674,
                "degree": 2,
                "label": 4,
                "coords": [
                    24.65539,
                    11.84454,
                    -3.37273
                ]
            }
        ],
        "ICA bifurcation": [
            {
                "id": 428,
                "degree": 3,
                "label": 4,
                "coords": [
                    33.63378,
                    10.95488,
                    -2.33269
                ]
            }
        ],
        "ACA boundary": [
            {
                "id": 738,
                "degree": 2,
                "label": 4,
                "coords": [
                    34.2741,
                    10.02565,
                    0.20328
                ]
            }
        ],
        "MCA boundary": [
            {
                "id": 436,
                "degree": 2,
                "label": 4,
                "coords": [
                    35.78162,
                    11.5983,
                    -2.91773
                ]
            }
        ]
    },
    "5": {
        "ICA boundary": [
            {
                "id": 436,
                "degree": 2,
                "label": 5,
                "coords": [
                    35.78162,
                    11.5983,
                    -2.91773
                ]
            }
        ],
        "MCA end": [
            {
                "id": 490,
                "degree": 1,
                "label": 5,
                "coords": [
                    47.12485,
                    21.57734,
                    -2.8757
                ]
            }
        ]
    },
    "6": {
        "ICA start": [
            {
                "id": 491,
                "degree": 1,
                "label": 6,
                "coords": [
                    -2.58898,
                    26.12359,
                    -6.35754
                ]
            }
        ],
        "ICA bifurcation": [
            {
                "id": 583,
                "degree": 3,
                "label": 6,
                "coords": [
                    -3.31272,
                    10.20743,
                    7.18384
                ]
            }
        ],
        "ACA boundary": [
            {
                "id": 899,
                "degree": 2,
                "label": 6,
                "coords": [
                    -2.52561,
                    7.33983,
                    8.68475
                ]
            }
        ],
        "MCA boundary": [
            {
                "id": 593,
                "degree": 2,
                "label": 6,
                "coords": [
                    -5.81988,
                    11.78218,
                    8.20732
                ]
            }
        ]
    },
    "7": {
        "ICA boundary": [
            {
                "id": 593,
                "degree": 2,
                "label": 7,
                "coords": [
                    -5.81988,
                    11.78218,
                    8.20732
                ]
            }
        ],
        "MCA end": [
            {
                "id": 631,
                "degree": 3,
                "label": 7,
                "coords": [
                    -14.21061,
                    19.49537,
                    6.51371
                ]
            }
        ]
    },
    "8": {
        "ICA boundary": [
            {
                "id": 674,
                "degree": 2,
                "label": 8,
                "coords": [
                    24.65539,
                    11.84454,
                    -3.37273
                ]
            }
        ],
        "PCA boundary": [
            {
                "id": 724,
                "degree": 2,
                "label": 8,
                "coords": [
                    20.53826,
                    3.12846,
                    2.8058
                ]
            }
        ]
    },
    "10": {
        "R-ACA boundary": [
            {
                "id": 821,
                "degree": 3,
                "label": 10,
                "coords": [
                    16.78493,
                    11.50542,
                    10.43036
                ]
            }
        ],
        "L-ACA boundary": [
            {
                "id": 963,
                "degree": 3,
                "label": 10,