{
    "1": {
        "BA start": [
            {
                "id": 0,
                "degree": 1,
                "label": 1,
                "coords": [
                    -1.77148,
                    210.66602,
                    -92.5
                ]
            }
        ],
        "BA bifurcation": [
            {
                "id": 46,
                "degree": 3,
                "label": 1,
                "coords": [
                    -4.66732,
                    212.59831,
                    -80.83333
                ]
            }
        ],
        "R-PCA boundary": [
            {
                "id": 53,
                "degree": 2,
                "label": 1,
                "coords": [
                    -3.33398,
                    213.04727,
                    -79.00312
                ]
            }
        ],
        "L-PCA boundary": [
            {
                "id": 177,
                "degree": 2,
                "label": 1,
                "coords": [
                    -6.83398,
                    213.66289,
                    -80.38125
                ]
            }
        ]
    },
    "2": {
        "BA boundary": [
            {
                "id": 53,
                "degree": 2,
                "label": 2,
                "coords": [
                    -3.33398,
                    213.04727,
                    -79.00312
                ]
            }
        ],
        "PCA end": [
            {
                "id": 169,
                "degree": 1,
                "label": 2,
                "coords": [
                    16.41602,
                    198.50977,
                    -81.75
                ]
            }
        ]
    },
    "3": {
        "BA boundary": [
            {
                "id": 177,
                "degree": 2,
                "label": 3,
                "coords": [
                    -6.83398,
                    213.66289,
                    -80.38125
                ]
            }
        ],
        "PCA end": [
            {
                "id": 278,
                "degree": 1,
                "label": 3,
                "coords": [
                    -21.81836,
                    195.25977,
                    -84.48438
                ]
            }
        ]
    },
    "4": {
        "ICA start": [
            {
                "id": 279,
                "degree": 1,
                "label": 4,
                "coords": [
                    5.25977,
                    224.93164,
                    -85.3125
                ]
            }
        ],
        "ICA bifurcation": [
            {
                "id": 318,
                "degree": 3,
                "label": 4,
                "coords": [
                    11.41602,
                    219.68164,
                    -78.5
                ]
            }
        ],
        "ACA boundary": [
            {
                "id": 563,
                "degree": 2,
                "label": 4,
                "coords": [
                    9.39727,
                    219.36289,
                    -77.05625
                ]
            }
        ],
        "MCA boundary": [
            {
                "id": 328,
                "degree": 2,
                "label": 4,
                "coords": [
                    13.91602,
                    219.83164,
                    -77.675
                ]
            }
        ]
    },
    "5": {
        "ICA boundary": [
            {
                "id": 328,
                "degree": 2,
                "label": 5,
                "coords": [
                    13.91602,
                    219.83164,
                    -77.675
                ]
            }
        ],
        "MCA end": [
            {
                "id": 407,
                "degree": 1,
                "label": 5,
                "coords": [
                    23.41602,
                    236.18164,
                    -80.4375
                ]
            }
        ]
    },
    "6": {
        "ICA start": [
            {
                "id": 408,
                "degree": 1,
                "label": 6,
                "coords": [
                    -12.09961,
                    222.93164,
                    -87.42188
                ]
            }
        ],
        "ICA bifurcation": [
            {
                "id": 447,
                "degree": 3,
                "label": 6,
                "coords": [
                    -21.66732,
                    220.01497,
                    -84.08333
                ]
            }
        ],
        "ACA boundary": [
            {
                "id": 707,
                "degree": 2,
                "label": 6,
                "coords": [
                    -20.58398,
                    219.73477,
                    -81.9
                ]
            }
        ],
        "MCA boundary": [
            {
                "id": 454,
                "degree": 2,
                "label": 6,
                "coords": [
                    -23.58086,
                    221.18477,
                    -84.50312
                ]
            }
        ]
    },
    "7": {
        "ICA boundary": [
            {
                "id": 454,
                "degree": 2,
                "label": 7,
                "coords": [
                    -23.58086,
                    221.18477,
                    -84.50312
                ]
            }
        ],
        "MCA end": [
            {
                "id": 463,
                "degree": 3,
                "label": 7,
                "coords": [
                    -25.58398,
                    222.93164,
                    -85.75
                ]
            }
        ]
    },
    "10": {
        "R-ACA boundary": [
            {
                "id": 840,
                "degree": 2,
                "label": 10,
                "coords": [
                    -4.98294,
                    222.43581,
                    -74.97708
                ]
            }
        ],
        "L-ACA boundary": [
            {
                "id": 846,
                "degree": 2,
                "label": 10,
                "coords": [
                    -6.16211,
                    223.43477,
                    -75.71875
                ]
            }
        ]
    },
    "11": {
        "ICA boundary": [
            {
                "id": 563,
                "degree": 2,
                "label": 11,
                "coords": [
                    9.39727,
                    219.36289,
                    -77.05625
                ]
            }
        ],
        "Acom bifurcation": [
            {
                "id": 614,
                "degree": 3,
                "label": 11,
                "coords": [
                    -3.90482,
                    221.94519,
                    -73.80521
                ]
            }
        ],
        "Acom boundary": [
            {
                "id": 840,
                "degree": 2,
                "label": 11,
                "coords": [
                    -4.98294,
                    222.43581,
                    -74.97708
                ]
            }
        ],
        "ACA end": [
            {
                "id": 698,
                "degree": 1,
                "label": 11,
                "coords": [
                    -10.31836,
                    240.68164,
                    -64.75
                ]
            }
        ]
    },
    "12": {
        "ICA boundary": [
            {
                "id": 707,
                "degree": 2,
                "label": 12,
                "coords": [
                    -20.58398,
                    219.73477,
                    -81.9
                ]
            }
        ],
        "Acom bifurcation": [
            {
                "id": 770,
                "degree": 3,
                "label": 12,