{
    "1": {
        "BA start": [
            {
                "id": 0,
                "degree": 1,
                "label": 1,
                "coords": [
                    6.87207,
                    173.00879,
                    -178.5
                ]
            }
        ],
        "BA bifurcation": [
            {
                "id": 18,
                "degree": 3,
                "label": 1,
                "coords": [
                    5.37207,
                    171.50879,
                    -174.0
                ]
            }
        ],
        "R-PCA boundary": [
            {
                "id": 26,
                "degree": 2,
                "label": 1,
                "coords": [
                    6.37207,
                    171.20566,
                    -172.0
                ]
            }
        ],
        "L-PCA boundary": [
            {
                "id": 136,
                "degree": 2,
                "label": 1,
                "coords": [
                    3.47207,
                    171.49316,
                    -172.93125
                ]
            }
        ]
    },
    "2": {
        "BA boundary": [
            {
                "id": 26,
                "degree": 2,
                "label": 2,
                "coords": [
                    6.37207,
                    171.20566,
                    -172.0
                ]
            }
        ],
        "PCA end": [
            {
                "id": 128,
                "degree": 1,
                "label": 2,
                "coords": [
                    21.85645,
                    156.25879,
                    -170.0
                ]
            }
        ]
    },
    "3": {
        "BA boundary": [
            {
                "id": 136,
                "degree": 2,
                "label": 3,
                "coords": [
                    3.47207,
                    171.49316,
                    -172.93125
                ]
            }
        ],
        "PCA end": [
            {
                "id": 231,
                "degree": 1,
                "label": 3,
                "coords": [
                    -12.39355,
                    158.25879,
                    -172.5
                ]
            }
        ]
    },
    "4": {
        "ICA start": [
            {
                "id": 232,
                "degree": 1,
                "label": 4,
                "coords": [
                    14.85645,
                    185.25879,
                    -168.48438
                ]
            }
        ],
        "ICA bifurcation": [
            {
                "id": 267,
                "degree": 3,
                "label": 4,
                "coords": [
                    20.4554,
                    183.59212,
                    -163.33333
                ]
            }
        ],
        "ACA boundary": [
            {
                "id": 441,
                "degree": 2,
                "label": 4,
                "coords": [
                    18.37207,
                    184.00879,
                    -162.75
                ]
            }
        ],
        "MCA boundary": [
            {
                "id": 274,
                "degree": 2,
                "label": 4,
                "coords": [
                    22.37207,
                    184.25879,
                    -163.0
                ]
            }
        ]
    },
    "5": {
        "ICA boundary": [
            {
                "id": 274,
                "degree": 2,
                "label": 5,
                "coords": [
                    22.37207,
                    184.25879,
                    -163.0
                ]
            }
        ],
        "MCA end": [
            {
                "id": 316,
                "degree": 1,
                "label": 5,
                "coords": [
                    32.12207,
                    189.75879,
                    -161.5
                ]
            }
        ]
    },
    "6": {
        "ICA start": [
            {
                "id": 317,
                "degree": 1,
                "label": 6,
                "coords": [
                    -0.44043,
                    189.25879,
                    -170.09375
                ]
            }
        ],
        "ICA bifurcation": [
            {
                "id": 356,
                "degree": 3,
                "label": 6,
                "coords": [
                    -6.96126,
                    183.25879,
                    -167.83333
                ]
            }
        ],
        "ACA boundary": [
            {
                "id": 583,
                "degree": 2,
                "label": 6,
                "coords": [
                    -5.35918,
                    182.40566,
                    -166.00313
                ]
            }
        ],
        "MCA boundary": [
            {
                "id": 365,
                "degree": 2,
                "label": 6,
                "coords": [
                    -9.37793,
                    184.20566,
                    -167.7
                ]
            }
        ]
    },
    "7": {
        "ICA boundary": [
            {
                "id": 365,
                "degree": 2,
                "label": 7,
                "coords": [
                    -9.37793,
                    184.20566,
                    -167.7
                ]
            }
        ],
        "MCA end": [
            {
                "id": 392,
                "degree": 3,
                "label": 7,
                "coords": [
                    -16.12793,
                    187.00879,
                    -168.0
                ]
            }
        ]
    },
    "10": {
        "R-ACA boundary": [
            {
                "id": 669,
                "degree": 2,
                "label": 10,
                "coords": [
                    5.85332,
                    186.25879,
                    -162.94063
                ]
            }
        ],
        "L-ACA boundary": [
            {
                "id": 673,
                "degree": 2,
                "label": 10,
                "coords": [
                    4.81374,
                    186.00337,
                    -162.67083
                ]
            }
        ]
    },
    "11": {
        "ICA boundary": [
            {
                "id": 441,
                "degree": 2,
                "label": 11,
                "coords": [
                    18.37207,
                    184.00879,
                    -162.75
                ]
            }
        ],
        "Acom bifurcation": [
            {
                "id": 486,
                "degree": 3,
                "label": 11,
                "coords": [
                    6.80957,
                    186.50879,
                    -163.71875
                ]
            }
        ],
        "Acom boundary": [
            {
                "id": 669,
                "degree": 2,
                "label": 11,
                "coords": [
                    5.85332,
                    186.25879,
                    -162.94063
                ]
            }
        ],
        "ACA end": [
            {
                "id": 574,
                "degree": 1,
                "label": 11,
                "coords": [
                    6.02832,
                    195.25879,
                    -150.8125
                ]
            }
        ]
    },
    "12": {
        "ICA boundary": [
            {
                "id": 583,
                "degree": 2,
                "label": 12,
                "coords": [
                    -5.35918,
                    182.40566,
                    -166.00313
                ]
            }
        ],
        "Acom bifurcation": [
            {
                "id": 621,
                "degree": 3,
                "label": 12,