{
    "1": {
        "BA start": [
            {
                "id": 0,
                "degree": 1,
                "label": 1,
                "coords": [
                    -4.13698,
                    -16.04375,
                    -66.25413
                ]
            }
        ],
        "BA bifurcation": [
            {
                "id": 32,
                "degree": 3,
                "label": 1,
                "coords": [
                    -4.80885,
                    -18.07244,
                    -58.47144
                ]
            }
        ],
        "R-PCA boundary": [
            {
                "id": 41,
                "degree": 2,
                "label": 1,
                "coords": [
                    -2.71198,
                    -18.26079,
                    -57.21991
                ]
            }
        ],
        "L-PCA boundary": [
            {
                "id": 136,
                "degree": 2,
                "label": 1,
                "coords": [
                    -6.0776,
                    -17.65213,
                    -56.38384
                ]
            }
        ]
    },
    "2": {
        "BA boundary": [
            {
                "id": 41,
                "degree": 2,
                "label": 2,
                "coords": [
                    -2.71198,
                    -18.26079,
                    -57.21991
                ]
            }
        ],
        "Pcom bifurcation": [
            {
                "id": 58,
                "degree": 3,
                "label": 2,
                "coords": [
                    0.94115,
                    -17.56541,
                    -54.61601
                ]
            }
        ],
        "Pcom boundary": [
            {
                "id": 631,
                "degree": 2,
                "label": 2,
                "coords": [
                    0.79115,
                    -16.69741,
                    -54.21447
                ]
            }
        ],
        "PCA end": [
            {
                "id": 128,
                "degree": 1,
                "label": 2,
                "coords": [
                    12.86302,
                    -29.53334,
                    -57.94901
                ]
            }
        ]
    },
    "3": {
        "BA boundary": [
            {
                "id": 136,
                "degree": 2,
                "label": 3,
                "coords": [
                    -6.0776,
                    -17.65213,
                    -56.38384
                ]
            }
        ],
        "PCA end": [
            {
                "id": 232,
                "degree": 1,
                "label": 3,
                "coords": [
                    -19.57448,
                    -29.1704,
                    -58.66802
                ]
            }
        ]
    },
    "4": {
        "ICA start": [
            {
                "id": 233,
                "degree": 1,
                "label": 4,
                "coords": [
                    6.67552,
                    -2.69538,
                    -58.1417
                ]
            }
        ],
        "Pcom bifurcation": [
            {
                "id": 304,
                "degree": 3,
                "label": 4,
                "coords": [
                    6.38073,
                    -6.547,
                    -47.48818
                ]
            }
        ],
        "Pcom boundary": [
            {
                "id": 592,
                "degree": 2,
                "label": 4,
                "coords": [
                    6.43177,
                    -7.23467,
                    -48.28996
                ]
            }
        ],
        "ICA bifurcation": [
            {
                "id": 325,
                "degree": 3,
                "label": 4,
                "coords": [
                    11.19115,
                    -5.4005,
                    -42.11649
                ]
            }
        ],
        "ACA boundary": [
            {
                "id": 639,
                "degree": 2,
                "label": 4,
                "coords": [
                    9.69115,
                    -5.2621,
                    -41.36819
                ]
            }
        ],
        "MCA boundary": [
            {
                "id": 333,
                "degree": 2,
                "label": 4,
                "coords": [
                    13.19115,
                    -5.11865,
                    -42.32627
                ]
            }
        ]
    },
    "5": {
        "ICA boundary": [
            {
                "id": 333,
                "degree": 2,
                "label": 5,
                "coords": [
                    13.19115,
                    -5.11865,
                    -42.32627
                ]
            }
        ],
        "MCA end": [
            {
                "id": 356,
                "degree": 3,
                "label": 5,
                "coords": [
                    18.94115,
                    -3.95822,
                    -44.93071
                ]
            }
        ]
    },
    "6": {
        "ICA start": [
            {
                "id": 396,
                "degree": 1,
                "label": 6,
                "coords": [
                    -18.63698,
                    2.11577,
                    -58.18002
                ]
            }
        ],
        "ICA bifurcation": [
            {
                "id": 488,
                "degree": 3,
                "label": 6,
                "coords": [
                    -18.89219,
                    -6.86654,
                    -45.20714
                ]
            }
        ],
        "ACA boundary": [
            {
                "id": 757,
                "degree": 2,
                "label": 6,
                "coords": [
                    -16.55885,
                    -7.07497,
                    -44.396
                ]
            }
        ],
        "MCA boundary": [
            {
                "id": 495,
                "degree": 2,
                "label": 6,
                "coords": [
                    -20.80885,
                    -5.82667,
                    -44.10383
                ]
            }
        ]
    },
    "7": {
        "ICA boundary": [
            {
                "id": 495,
                "degree": 2,
                "label": 7,
                "coords": [
                    -20.80885,
                    -5.82667,
                    -44.10383
                ]
            }
        ],
        "MCA end": [
            {
                "id": 522,
                "degree": 3,
                "label": 7,
                "coords": [
                    -27.64219,
                    -2.85042,
                    -46.11005
                ]
            }
        ]
    },
    "8": {
        "ICA boundary": [
            {
                "id": 592,
                "degree": 2,
                "label": 8,
                "coords": [
                    6.43177,
                    -7.23467,
                    -48.28996
                ]
            }
        ],
        "PCA boundary": [
            {
                "id": 631,
                "degree": 2,
                "label": 8,
                "coords": [
                    0.79115,
                    -16.69741,
                    -54.21447
                ]
            }
        ]
    },
    "10": {
        "R-ACA boundary": [
            {
                "id": 867,
                "degree": 2,
                "label": 10,
                "coords": [
                    -4.04948,
                    0.22284,
                    -43.20657
                ]
            }
        ],
        "L-ACA boundary": [
            {
                "id": 873,
                "degree": 2,
                "label": 10,