{
    "1": {
        "BA start": [
            {
                "id": 0,
                "degree": 1,
                "label": 1,
                "coords": [
                    4.32031,
                    166.83594,
                    1467.93359
                ]
            }
        ],
        "BA bifurcation": [
            {
                "id": 55,
                "degree": 3,
                "label": 1,
                "coords": [
                    -2.33594,
                    168.00781,
                    1481.43359
                ]
            }
        ],
        "R-PCA boundary": [
            {
                "id": 67,
                "degree": 2,
                "label": 1,
                "coords": [
                    -0.13594,
                    165.50781,
                    1483.85859
                ]
            }
        ],
        "L-PCA boundary": [
            {
                "id": 197,
                "degree": 2,
                "label": 1,
                "coords": [
                    -5.58594,
                    166.57344,
                    1481.96797
                ]
            }
        ]
    },
    "2": {
        "BA boundary": [
            {
                "id": 67,
                "degree": 2,
                "label": 2,
                "coords": [
                    -0.13594,
                    165.50781,
                    1483.85859
                ]
            }
        ],
        "PCA end": [
            {
                "id": 183,
                "degree": 1,
                "label": 2,
                "coords": [
                    21.22656,
                    155.27344,
                    1480.77734
                ]
            }
        ]
    },
    "3": {
        "BA boundary": [
            {
                "id": 197,
                "degree": 2,
                "label": 3,
                "coords": [
                    -5.58594,
                    166.57344,
                    1481.96797
                ]
            }
        ],
        "PCA end": [
            {
                "id": 318,
                "degree": 1,
                "label": 3,
                "coords": [
                    -25.52344,
                    156.25781,
                    1477.08984
                ]
            }
        ]
    },
    "4": {
        "ICA start": [
            {
                "id": 319,
                "degree": 1,
                "label": 4,
                "coords": [
                    6.17969,
                    183.39844,
                    1474.94922
                ]
            }
        ],
        "ICA bifurcation": [
            {
                "id": 358,
                "degree": 3,
                "label": 4,
                "coords": [
                    9.66406,
                    177.75781,
                    1481.93359
                ]
            }
        ],
        "ACA boundary": [
            {
                "id": 511,
                "degree": 2,
                "label": 4,
                "coords": [
                    7.91406,
                    179.23906,
                    1483.43047
                ]
            }
        ],
        "MCA boundary": [
            {
                "id": 369,
                "degree": 2,
                "label": 4,
                "coords": [
                    12.41406,
                    178.86094,
                    1482.99297
                ]
            }
        ]
    },
    "5": {
        "ICA boundary": [
            {
                "id": 369,
                "degree": 2,
                "label": 5,
                "coords": [
                    12.41406,
                    178.86094,
                    1482.99297
                ]
            }
        ],
        "MCA end": [
            {
                "id": 418,
                "degree": 1,
                "label": 5,
                "coords": [
                    24.64844,
                    179.25781,
                    1486.77734
                ]
            }
        ]
    },
    "6": {
        "ICA start": [
            {
                "id": 419,
                "degree": 1,
                "label": 6,
                "coords": [
                    -9.74219,
                    183.00781,
                    1473.44922
                ]
            }
        ],
        "ICA bifurcation": [
            {
                "id": 456,
                "degree": 3,
                "label": 6,
                "coords": [
                    -13.91927,
                    175.42448,
                    1479.10026
                ]
            }
        ],
        "ACA boundary": [
            {
                "id": 621,
                "degree": 2,
                "label": 6,
                "coords": [
                    -12.53594,
                    175.67969,
                    1480.68359
                ]
            }
        ],
        "MCA boundary": [
            {
                "id": 466,
                "degree": 2,
                "label": 6,
                "coords": [
                    -16.58594,
                    175.56094,
                    1479.48672
                ]
            }
        ]
    },
    "7": {
        "ICA boundary": [
            {
                "id": 466,
                "degree": 2,
                "label": 7,
                "coords": [
                    -16.58594,
                    175.56094,
                    1479.48672
                ]
            }
        ],
        "MCA end": [
            {
                "id": 503,
                "degree": 1,
                "label": 7,
                "coords": [
                    -25.74219,
                    177.52344,
                    1480.18359
                ]
            }
        ]
    },
    "10": {
        "R-ACA boundary": [
            {
                "id": 750,
                "degree": 2,
                "label": 10,
                "coords": [
                    -2.81281,
                    185.12969,
                    1480.86359
                ]
            }
        ],
        "L-ACA boundary": [
            {
                "id": 755,
                "degree": 2,
                "label": 10,
                "coords": [
                    -4.01484,
                    185.25859,
                    1480.36094
                ]
            }
        ]
    },
    "11": {
        "ICA boundary": [
            {
                "id": 511,
                "degree": 2,
                "label": 11,
                "coords": [
                    7.91406,
                    179.23906,
                    1483.43047
                ]
            }
        ],
        "Acom bifurcation": [
            {
                "id": 551,
                "degree": 3,
                "label": 11,
                "coords": [
                    -2.20469,
                    185.25781,
                    1481.31797
                ]
            }
        ],
        "Acom boundary": [
            {
                "id": 750,
                "degree": 2,
                "label": 11,
                "coords": [
                    -2.81281,
                    185.12969,
                    1480.86359
                ]
            }
        ],
        "ACA end": [
            {
                "id": 614,
                "degree": 1,
                "label": 11,
                "coords": [
                    -2.33594,
                    192.99219,
                    1495.68359
                ]
            }
        ]
    },
    "12": {
        "ICA boundary": [
            {
                "id": 621,
                "degree": 2,
                "label": 12,
                "coords": [
                    -12.53594,
                    175.67969,
                    1480.68359
                ]
            }
        ],
        "Acom bifurcation": [
            {
                "id": 666,