{
    "1": {
        "BA start": [
            {
                "id": 0,
                "degree": 1,
                "label": 1,
                "coords": [
                    -6.97266,
                    206.59766,
                    -158.42188
                ]
            }
        ],
        "BA bifurcation": [
            {
                "id": 36,
                "degree": 3,
                "label": 1,
                "coords": [
                    -8.97266,
                    199.58203,
                    -151.0
                ]
            }
        ],
        "R-PCA boundary": [
            {
                "id": 44,
                "degree": 2,
                "label": 1,
                "coords": [
                    -7.22266,
                    198.06328,
                    -150.95
                ]
            }
        ],
        "L-PCA boundary": [
            {
                "id": 138,
                "degree": 2,
                "label": 1,
                "coords": [
                    -10.21953,
                    199.12891,
                    -149.25
                ]
            }
        ]
    },
    "2": {
        "BA boundary": [
            {
                "id": 44,
                "degree": 2,
                "label": 2,
                "coords": [
                    -7.22266,
                    198.06328,
                    -150.95
                ]
            }
        ],
        "PCA end": [
            {
                "id": 130,
                "degree": 1,
                "label": 2,
                "coords": [
                    10.71484,
                    189.08203,
                    -156.32812
                ]
            }
        ]
    },
    "3": {
        "BA boundary": [
            {
                "id": 138,
                "degree": 2,
                "label": 3,
                "coords": [
                    -10.21953,
                    199.12891,
                    -149.25
                ]
            }
        ],
        "PCA end": [
            {
                "id": 250,
                "degree": 1,
                "label": 3,
                "coords": [
                    -26.97266,
                    190.33203,
                    -151.5
                ]
            }
        ]
    },
    "4": {
        "ICA start": [
            {
                "id": 251,
                "degree": 1,
                "label": 4,
                "coords": [
                    8.93359,
                    213.09766,
                    -146.42188
                ]
            }
        ],
        "ICA bifurcation": [
            {
                "id": 290,
                "degree": 3,
                "label": 4,
                "coords": [
                    11.52734,
                    204.83203,
                    -146.0
                ]
            }
        ],
        "ACA boundary": [
            {
                "id": 469,
                "degree": 2,
                "label": 4,
                "coords": [
                    11.25859,
                    205.06641,
                    -144.00313
                ]
            }
        ],
        "MCA boundary": [
            {
                "id": 304,
                "degree": 2,
                "label": 4,
                "coords": [
                    15.02422,
                    203.83203,
                    -146.52188
                ]
            }
        ]
    },
    "5": {
        "ICA boundary": [
            {
                "id": 304,
                "degree": 2,
                "label": 5,
                "coords": [
                    15.02422,
                    203.83203,
                    -146.52188
                ]
            }
        ],
        "MCA end": [
            {
                "id": 361,
                "degree": 1,
                "label": 5,
                "coords": [
                    28.83984,
                    209.16016,
                    -147.25
                ]
            }
        ]
    },
    "6": {
        "ICA start": [
            {
                "id": 362,
                "degree": 1,
                "label": 6,
                "coords": [
                    -10.47266,
                    217.08203,
                    -142.76562
                ]
            }
        ],
        "ICA bifurcation": [
            {
                "id": 399,
                "degree": 3,
                "label": 6,
                "coords": [
                    -15.72266,
                    209.08203,
                    -140.5
                ]
            }
        ],
        "ACA boundary": [
            {
                "id": 616,
                "degree": 2,
                "label": 6,
                "coords": [
                    -14.32266,
                    208.43203,
                    -139.46562
                ]
            }
        ],
        "MCA boundary": [
            {
                "id": 412,
                "degree": 2,
                "label": 6,
                "coords": [
                    -18.49141,
                    209.40391,
                    -139.075
                ]
            }
        ]
    },
    "7": {
        "ICA boundary": [
            {
                "id": 412,
                "degree": 2,
                "label": 7,
                "coords": [
                    -18.49141,
                    209.40391,
                    -139.075
                ]
            }
        ],
        "MCA end": [
            {
                "id": 461,
                "degree": 1,
                "label": 7,
                "coords": [
                    -27.12891,
                    219.83203,
                    -138.25
                ]
            }
        ]
    },
    "10": {
        "R-ACA boundary": [
            {
                "id": 520,
                "degree": 3,
                "label": 10,
                "coords": [
                    -0.07578,
                    214.31328,
                    -140.83125
                ]
            }
        ],
        "L-ACA boundary": [
            {
                "id": 663,
                "degree": 3,
                "label": 10,
                "coords": [
                    -2.44766,
                    213.36016,
                    -139.43125
                ]
            }
        ]
    },
    "11": {
        "ICA boundary": [
            {
                "id": 469,
                "degree": 2,
                "label": 11,
                "coords": [
                    11.25859,
                    205.06641,
                    -144.00313
                ]
            }
        ],
        "Acom bifurcation": [
            {
                "id": 520,
                "degree": 3,
                "label": 11,
                "coords": [
                    -0.07578,
                    214.31328,
                    -140.83125
                ]
            }
        ],
        "Acom boundary": [
            {
                "id": 520,
                "degree": 3,
                "label": 11,
                "coords": [
                    -0.07578,
                    214.31328,
                    -140.83125
                ]
            }
        ],
        "ACA end": [
            {
                "id": 610,
                "degree": 1,
                "label": 11,
                "coords": [
                    4.18359,
                    218.33203,
                    -118.0
                ]
            }
        ]
    },
    "12": {
        "ICA boundary": [
            {
                "id": 616,
                "degree": 2,
                "label": 12,
                "coords": [
                    -14.32266,
                    208.43203,
                    -139.46562
                ]
            }
        ],
        "Acom bifurcation": [
            {
                "id": 663,
                "degree": 3,
                "label": 12,