{
    "1": {
        "BA start": [
            {
                "id": 0,
                "degree": 1,
                "label": 1,
                "coords": [
                    1.61863,
                    -14.63987,
                    -46.11511
                ]
            }
        ],
        "BA bifurcation": [
            {
                "id": 49,
                "degree": 3,
                "label": 1,
                "coords": [
                    1.73857,
                    -10.13807,
                    -34.11271
                ]
            }
        ],
        "R-PCA boundary": [
            {
                "id": 54,
                "degree": 2,
                "label": 1,
                "coords": [
                    3.02342,
                    -9.60673,
                    -33.82774
                ]
            }
        ],
        "L-PCA boundary": [
            {
                "id": 144,
                "degree": 2,
                "label": 1,
                "coords": [
                    0.05614,
                    -9.04226,
                    -33.3533
                ]
            }
        ]
    },
    "2": {
        "BA boundary": [
            {
                "id": 54,
                "degree": 2,
                "label": 2,
                "coords": [
                    3.02342,
                    -9.60673,
                    -33.82774
                ]
            }
        ],
        "Pcom bifurcation": [
            {
                "id": 73,
                "degree": 3,
                "label": 2,
                "coords": [
                    7.83407,
                    -8.36518,
                    -34.79954
                ]
            }
        ],
        "Pcom boundary": [
            {
                "id": 565,
                "degree": 2,
                "label": 2,
                "coords": [
                    8.18187,
                    -7.58294,
                    -35.53851
                ]
            }
        ],
        "PCA end": [
            {
                "id": 137,
                "degree": 1,
                "label": 2,
                "coords": [
                    16.41132,
                    -22.44884,
                    -29.58167
                ]
            }
        ]
    },
    "3": {
        "BA boundary": [
            {
                "id": 144,
                "degree": 2,
                "label": 3,
                "coords": [
                    0.05614,
                    -9.04226,
                    -33.3533
                ]
            }
        ],
        "Pcom bifurcation": [
            {
                "id": 165,
                "degree": 3,
                "label": 3,
                "coords": [
                    -4.83576,
                    -6.66189,
                    -34.25009
                ]
            }
        ],
        "Pcom boundary": [
            {
                "id": 604,
                "degree": 2,
                "label": 3,
                "coords": [
                    -4.32113,
                    -5.71976,
                    -35.52266
                ]
            }
        ],
        "PCA end": [
            {
                "id": 224,
                "degree": 1,
                "label": 3,
                "coords": [
                    -14.40037,
                    -20.01346,
                    -28.80765
                ]
            }
        ]
    },
    "4": {
        "ICA start": [
            {
                "id": 225,
                "degree": 1,
                "label": 4,
                "coords": [
                    11.75784,
                    3.52611,
                    -44.99957
                ]
            }
        ],
        "Pcom bifurcation": [
            {
                "id": 284,
                "degree": 3,
                "label": 4,
                "coords": [
                    10.13225,
                    2.45828,
                    -37.61563
                ]
            }
        ],
        "Pcom boundary": [
            {
                "id": 530,
                "degree": 2,
                "label": 4,
                "coords": [
                    10.10108,
                    1.4292,
                    -38.29821
                ]
            }
        ],
        "ICA bifurcation": [
            {
                "id": 312,
                "degree": 3,
                "label": 4,
                "coords": [
                    12.07533,
                    4.07429,
                    -30.50229
                ]
            }
        ],
        "ACA boundary": [
            {
                "id": 616,
                "degree": 2,
                "label": 4,
                "coords": [
                    10.37583,
                    5.11161,
                    -29.40514
                ]
            }
        ],
        "MCA boundary": [
            {
                "id": 319,
                "degree": 2,
                "label": 4,
                "coords": [
                    13.83698,
                    3.9978,
                    -29.59952
                ]
            }
        ]
    },
    "5": {
        "ICA boundary": [
            {
                "id": 319,
                "degree": 2,
                "label": 5,
                "coords": [
                    13.83698,
                    3.9978,
                    -29.59952
                ]
            }
        ],
        "MCA end": [
            {
                "id": 333,
                "degree": 3,
                "label": 5,
                "coords": [
                    17.38288,
                    4.53821,
                    -28.82835
                ]
            }
        ]
    },
    "6": {
        "ICA start": [
            {
                "id": 386,
                "degree": 1,
                "label": 6,
                "coords": [
                    -9.00167,
                    2.6942,
                    -45.70085
                ]
            }
        ],
        "Pcom bifurcation": [
            {
                "id": 457,
                "degree": 3,
                "label": 6,
                "coords": [
                    -6.03033,
                    3.18562,
                    -35.99237
                ]
            }
        ],
        "Pcom boundary": [
            {
                "id": 576,
                "degree": 2,
                "label": 6,
                "coords": [
                    -6.21719,
                    0.80776,
                    -36.76316
                ]
            }
        ],
        "ICA bifurcation": [
            {
                "id": 480,
                "degree": 3,
                "label": 6,
                "coords": [
                    -7.6302,
                    5.3918,
                    -30.21729
                ]
            }
        ],
        "ACA boundary": [
            {
                "id": 705,
                "degree": 2,
                "label": 6,
                "coords": [
                    -5.31173,
                    6.33357,
                    -29.25315
                ]
            }
        ],
        "MCA boundary": [
            {
                "id": 490,
                "degree": 2,
                "label": 6,
                "coords": [
                    -9.85696,
                    5.96319,
                    -29.20659
                ]
            }
        ]
    },
    "7": {
        "ICA boundary": [
            {
                "id": 490,
                "degree": 2,
                "label": 7,
                "coords": [
                    -9.85696,
                    5.96319,
                    -29.20659
                ]
            }
        ],
        "MCA end": [
            {
                "id": 527,
                "degree": 1,
                "label": "7",