{
    "1": {
        "BA start": [
            {
                "id": 0,
                "degree": 1,
                "label": 1,
                "coords": [
                    5.37988,
                    215.54004,
                    -620.2392
                ]
            }
        ],
        "BA bifurcation": [
            {
                "id": 21,
                "degree": 3,
                "label": 1,
                "coords": [
                    8.37988,
                    218.30566,
                    -615.89545
                ]
            }
        ],
        "R-PCA boundary": [
            {
                "id": 27,
                "degree": 2,
                "label": 1,
                "coords": [
                    9.85801,
                    218.40566,
                    -615.07045
                ]
            }
        ],
        "L-PCA boundary": [
            {
                "id": 158,
                "degree": 2,
                "label": 1,
                "coords": [
                    7.03301,
                    218.70566,
                    -614.64545
                ]
            }
        ]
    },
    "2": {
        "BA boundary": [
            {
                "id": 27,
                "degree": 2,
                "label": 2,
                "coords": [
                    9.85801,
                    218.40566,
                    -615.07045
                ]
            }
        ],
        "Pcom bifurcation": [
            {
                "id": 55,
                "degree": 3,
                "label": 2,
                "coords": [
                    12.57988,
                    219.05566,
                    -608.39545
                ]
            }
        ],
        "Pcom boundary": [
            {
                "id": 55,
                "degree": 3,
                "label": 2,
                "coords": [
                    12.57988,
                    219.05566,
                    -608.39545
                ]
            }
        ],
        "PCA end": [
            {
                "id": 152,
                "degree": 1,
                "label": 2,
                "coords": [
                    25.28613,
                    201.97754,
                    -603.39545
                ]
            }
        ]
    },
    "3": {
        "BA boundary": [
            {
                "id": 158,
                "degree": 2,
                "label": 3,
                "coords": [
                    7.03301,
                    218.70566,
                    -614.64545
                ]
            }
        ],
        "Pcom bifurcation": [
            {
                "id": 190,
                "degree": 3,
                "label": 3,
                "coords": [
                    0.90176,
                    219.60879,
                    -609.04545
                ]
            }
        ],
        "Pcom boundary": [
            {
                "id": 588,
                "degree": 2,
                "label": 3,
                "coords": [
                    0.53426,
                    220.21316,
                    -609.62857
                ]
            }
        ],
        "PCA end": [
            {
                "id": 271,
                "degree": 1,
                "label": 3,
                "coords": [
                    -10.02637,
                    202.07129,
                    -603.39545
                ]
            }
        ]
    },
    "4": {
        "ICA start": [
            {
                "id": 272,
                "degree": 1,
                "label": 4,
                "coords": [
                    17.05176,
                    235.05566,
                    -609.66107
                ]
            }
        ],
        "Pcom bifurcation": [
            {
                "id": 291,
                "degree": 3,
                "label": 4,
                "coords": [
                    21.42988,
                    230.85566,
                    -608.04232
                ]
            }
        ],
        "Pcom boundary": [
            {
                "id": 487,
                "degree": 2,
                "label": 4,
                "coords": [
                    20.67988,
                    230.18691,
                    -609.64545
                ]
            }
        ],
        "ICA bifurcation": [
            {
                "id": 312,
                "degree": 3,
                "label": 4,
                "coords": [
                    24.12988,
                    229.05566,
                    -603.14545
                ]
            }
        ],
        "ACA boundary": [
            {
                "id": 594,
                "degree": 2,
                "label": 4,
                "coords": [
                    23.37988,
                    229.05879,
                    -601.94857
                ]
            }
        ],
        "MCA boundary": [
            {
                "id": 322,
                "degree": 2,
                "label": 4,
                "coords": [
                    26.62988,
                    229.40566,
                    -602.54545
                ]
            }
        ]
    },
    "5": {
        "ICA boundary": [
            {
                "id": 322,
                "degree": 2,
                "label": 5,
                "coords": [
                    26.62988,
                    229.40566,
                    -602.54545
                ]
            }
        ],
        "MCA end": [
            {
                "id": 376,
                "degree": 1,
                "label": 5,
                "coords": [
                    38.56738,
                    237.05566,
                    -602.9267
                ]
            }
        ]
    },
    "6": {
        "ICA start": [
            {
                "id": 377,
                "degree": 1,
                "label": 6,
                "coords": [
                    -2.60449,
                    233.38379,
                    -613.64545
                ]
            }
        ],
        "Pcom bifurcation": [
            {
                "id": 396,
                "degree": 3,
                "label": 6,
                "coords": [
                    -5.78887,
                    229.29316,
                    -611.8142
                ]
            }
        ],
        "Pcom boundary": [
            {
                "id": 541,
                "degree": 2,
                "label": 6,
                "coords": [
                    -6.26699,
                    228.38379,
                    -613.39232
                ]
            }
        ],
        "ICA bifurcation": [
            {
                "id": 422,
                "degree": 3,
                "label": 6,
                "coords": [
                    -7.37012,
                    227.55566,
                    -605.64545
                ]
            }
        ],
        "ACA boundary": [
            {
                "id": 736,
                "degree": 2,
                "label": 6,
                "coords": [
                    -6.37012,
                    227.85566,
                    -605.62982
                ]
            }
        ],
        "MCA boundary": [
            {
                "id": 428,
                "degree": 2,
                "label": 6,
                "coords": [
                    -8.87012,
                    227.02441,
                    -604.82045
                ]
            }
        ]
    },
    "7": {
        "ICA boundary": [
            {
                "id": 428,
                "degree": 2,
                "label": 7,
                "coords": [
                    -8.87012,
                    227.02441,
                    -604.82045
                ]
            }
        ],
        "MCA end": [
            {
                "id": 481,
                "degree": 1,
                "label": 7,