{
    "1": {
        "BA start": [
            {
                "id": 0,
                "degree": 1,
                "label": 1,
                "coords": [
                    10.19922,
                    206.44922,
                    -321.2807
                ]
            }
        ],
        "L-PCA boundary": [
            {
                "id": 87,
                "degree": 2,
                "label": 1,
                "coords": [
                    2.42734,
                    207.39922,
                    -299.79633
                ]
            }
        ]
    },
    "2": {
        "Pcom boundary": [
            {
                "id": 499,
                "degree": 2,
                "label": 2,
                "coords": [
                    11.44922,
                    208.52734,
                    -309.04633
                ]
            }
        ],
        "PCA end": [
            {
                "id": 604,
                "degree": 1,
                "label": 2,
                "coords": [
                    32.46484,
                    192.27734,
                    -310.79633
                ]
            }
        ]
    },
    "3": {
        "BA boundary": [
            {
                "id": 87,
                "degree": 2,
                "label": 3,
                "coords": [
                    2.42734,
                    207.39922,
                    -299.79633
                ]
            }
        ],
        "PCA end": [
            {
                "id": 227,
                "degree": 1,
                "label": 3,
                "coords": [
                    -19.95703,
                    195.08984,
                    -300.29633
                ]
            }
        ]
    },
    "4": {
        "ICA start": [
            {
                "id": 228,
                "degree": 1,
                "label": 4,
                "coords": [
                    15.77734,
                    221.27734,
                    -315.81195
                ]
            }
        ],
        "Pcom bifurcation": [
            {
                "id": 247,
                "degree": 3,
                "label": 4,
                "coords": [
                    18.89089,
                    218.20652,
                    -311.8557
                ]
            }
        ],
        "Pcom boundary": [
            {
                "id": 463,
                "degree": 2,
                "label": 4,
                "coords": [
                    17.44922,
                    217.43047,
                    -311.39945
                ]
            }
        ],
        "ICA bifurcation": [
            {
                "id": 275,
                "degree": 3,
                "label": 4,
                "coords": [
                    25.69922,
                    214.52734,
                    -308.54633
                ]
            }
        ],
        "ACA boundary": [
            {
                "id": 608,
                "degree": 2,
                "label": 4,
                "coords": [
                    26.15234,
                    215.52734,
                    -307.8932
                ]
            }
        ],
        "MCA boundary": [
            {
                "id": 287,
                "degree": 2,
                "label": 4,
                "coords": [
                    28.50234,
                    212.14297,
                    -309.97445
                ]
            }
        ]
    },
    "5": {
        "ICA boundary": [
            {
                "id": 287,
                "degree": 2,
                "label": 5,
                "coords": [
                    28.50234,
                    212.14297,
                    -309.97445
                ]
            }
        ],
        "MCA end": [
            {
                "id": 334,
                "degree": 1,
                "label": 5,
                "coords": [
                    38.52734,
                    216.43359,
                    -317.79633
                ]
            }
        ]
    },
    "6": {
        "ICA start": [
            {
                "id": 335,
                "degree": 1,
                "label": 6,
                "coords": [
                    -4.72266,
                    219.87109,
                    -311.79633
                ]
            }
        ],
        "ICA bifurcation": [
            {
                "id": 374,
                "degree": 3,
                "label": 6,
                "coords": [
                    -7.88411,
                    217.02734,
                    -301.87966
                ]
            }
        ],
        "ACA boundary": [
            {
                "id": 786,
                "degree": 2,
                "label": 6,
                "coords": [
                    -6.55078,
                    216.67734,
                    -300.19945
                ]
            }
        ],
        "MCA boundary": [
            {
                "id": 386,
                "degree": 2,
                "label": 6,
                "coords": [
                    -11.05078,
                    218.02734,
                    -301.31508
                ]
            }
        ]
    },
    "7": {
        "ICA boundary": [
            {
                "id": 386,
                "degree": 2,
                "label": 7,
                "coords": [
                    -11.05078,
                    218.02734,
                    -301.31508
                ]
            }
        ],
        "MCA end": [
            {
                "id": 399,
                "degree": 3,
                "label": 7,
                "coords": [
                    -14.30078,
                    219.27734,
                    -301.29633
                ]
            }
        ]
    },
    "8": {
        "ICA boundary": [
            {
                "id": 463,
                "degree": 2,
                "label": 8,
                "coords": [
                    17.44922,
                    217.43047,
                    -311.39945
                ]
            }
        ],
        "PCA boundary": [
            {
                "id": 499,
                "degree": 2,
                "label": 8,
                "coords": [
                    11.44922,
                    208.52734,
                    -309.04633
                ]
            }
        ]
    },
    "10": {
        "R-ACA boundary": [
            {
                "id": 982,
                "degree": 2,
                "label": 10,
                "coords": [
                    9.00625,
                    222.93281,
                    -309.00804
                ]
            }
        ],
        "L-ACA boundary": [
            {
                "id": 856,
                "degree": 3,
                "label": 10,
                "coords": [
                    7.43203,
                    223.33359,
                    -309.4557
                ]
            }
        ]
    },
    "11": {
        "ICA boundary": [
            {
                "id": 608,
                "degree": 2,
                "label": 11,
                "coords": [
                    26.15234,
                    215.52734,
                    -307.8932
                ]
            }
        ],
        "Acom bifurcation": [
            {
                "id": 683,
                "degree": 3,
                "label": 11,
                "coords": [
                    9.88047,
                    222.71172,
                    -308.90882
                ]
            }
        ],
        "Acom boundary": [
            {
                "id": 982,
                "degree": 2,
                "label": 11,
                "coords": [
                    9.00625,
                    222.93281,
                    -309.00804
                ]
            }
        ],
        "ACA end": [
            {
                "id": 779,
                "degree": 1,