{
    "1": {
        "BA start": [
            {
                "id": 0,
                "degree": 1,
                "label": 1,
                "coords": [
                    -3.19474,
                    -9.29954,
                    -49.64087
                ]
            }
        ],
        "BA bifurcation": [
            {
                "id": 42,
                "degree": 3,
                "label": 1,
                "coords": [
                    -3.88972,
                    -13.08081,
                    -39.14885
                ]
            }
        ],
        "R-PCA boundary": [
            {
                "id": 51,
                "degree": 2,
                "label": 1,
                "coords": [
                    -2.53354,
                    -14.80284,
                    -37.17566
                ]
            }
        ],
        "L-PCA boundary": [
            {
                "id": 160,
                "degree": 2,
                "label": 1,
                "coords": [
                    -6.64548,
                    -12.55667,
                    -37.12808
                ]
            }
        ]
    },
    "2": {
        "BA boundary": [
            {
                "id": 51,
                "degree": 2,
                "label": 2,
                "coords": [
                    -2.53354,
                    -14.80284,
                    -37.17566
                ]
            }
        ],
        "Pcom bifurcation": [
            {
                "id": 69,
                "degree": 3,
                "label": 2,
                "coords": [
                    1.64906,
                    -13.12745,
                    -35.44689
                ]
            }
        ],
        "Pcom boundary": [
            {
                "id": 626,
                "degree": 2,
                "label": 2,
                "coords": [
                    1.25223,
                    -12.62485,
                    -35.24047
                ]
            }
        ],
        "PCA end": [
            {
                "id": 149,
                "degree": 1,
                "label": 2,
                "coords": [
                    17.39796,
                    -21.23312,
                    -38.56589
                ]
            }
        ]
    },
    "3": {
        "BA boundary": [
            {
                "id": 160,
                "degree": 2,
                "label": 3,
                "coords": [
                    -6.64548,
                    -12.55667,
                    -37.12808
                ]
            }
        ],
        "PCA end": [
            {
                "id": 256,
                "degree": 1,
                "label": 3,
                "coords": [
                    -20.42313,
                    -25.5043,
                    -39.42291
                ]
            }
        ]
    },
    "4": {
        "ICA start": [
            {
                "id": 257,
                "degree": 1,
                "label": 4,
                "coords": [
                    10.81928,
                    8.02659,
                    -43.11183
                ]
            }
        ],
        "Pcom bifurcation": [
            {
                "id": 328,
                "degree": 3,
                "label": 4,
                "coords": [
                    6.55844,
                    1.9473,
                    -34.27873
                ]
            }
        ],
        "Pcom boundary": [
            {
                "id": 577,
                "degree": 2,
                "label": 4,
                "coords": [
                    5.4229,
                    0.20347,
                    -35.16208
                ]
            }
        ],
        "ICA bifurcation": [
            {
                "id": 355,
                "degree": 3,
                "label": 4,
                "coords": [
                    12.97503,
                    0.69014,
                    -31.13301
                ]
            }
        ],
        "ACA boundary": [
            {
                "id": 635,
                "degree": 2,
                "label": 4,
                "coords": [
                    12.16051,
                    0.10796,
                    -29.0642
                ]
            }
        ],
        "MCA boundary": [
            {
                "id": 364,
                "degree": 2,
                "label": 4,
                "coords": [
                    15.33069,
                    2.39957,
                    -30.48945
                ]
            }
        ]
    },
    "5": {
        "ICA boundary": [
            {
                "id": 364,
                "degree": 2,
                "label": 5,
                "coords": [
                    15.33069,
                    2.39957,
                    -30.48945
                ]
            }
        ],
        "MCA end": [
            {
                "id": 405,
                "degree": 1,
                "label": 5,
                "coords": [
                    23.88333,
                    11.80349,
                    -30.38249
                ]
            }
        ]
    },
    "6": {
        "ICA start": [
            {
                "id": 406,
                "degree": 1,
                "label": 6,
                "coords": [
                    -19.22844,
                    6.81977,
                    -42.27179
                ]
            }
        ],
        "ICA bifurcation": [
            {
                "id": 498,
                "degree": 3,
                "label": 6,
                "coords": [
                    -19.95896,
                    -3.96856,
                    -32.26164
                ]
            }
        ],
        "ACA boundary": [
            {
                "id": 795,
                "degree": 2,
                "label": 6,
                "coords": [
                    -18.21188,
                    -3.59506,
                    -31.04566
                ]
            }
        ],
        "MCA boundary": [
            {
                "id": 508,
                "degree": 2,
                "label": 6,
                "coords": [
                    -22.44517,
                    -4.21856,
                    -31.58989
                ]
            }
        ]
    },
    "7": {
        "ICA boundary": [
            {
                "id": 508,
                "degree": 2,
                "label": 7,
                "coords": [
                    -22.44517,
                    -4.21856,
                    -31.58989
                ]
            }
        ],
        "MCA end": [
            {
                "id": 570,
                "degree": 1,
                "label": 7,
                "coords": [
                    -37.74651,
                    3.07325,
                    -31.10902
                ]
            }
        ]
    },
    "8": {
        "ICA boundary": [
            {
                "id": 577,
                "degree": 2,
                "label": 8,
                "coords": [
                    5.4229,
                    0.20347,
                    -35.16208
                ]
            }
        ],
        "PCA boundary": [
            {
                "id": 626,
                "degree": 2,
                "label": 8,
                "coords": [
                    1.25223,
                    -12.62485,
                    -35.24047
                ]
            }
        ]
    },
    "11": {
        "ICA boundary": [
            {
                "id": 635,
                "degree": 2,
                "label": 11,
                "coords": [
                    12.16051,
                    0.10796,
                    -29.0642
                ]
            }
        ],
        "ACA end": [
            {
                "id": 788,
                "degree": 1,
                "label": 11,