{
    "1": {
        "BA start": [
            {
                "id": 0,
                "degree": 1,
                "label": 1,
                "coords": [
                    -1.49023,
                    162.33398,
                    -671.25
                ]
            }
        ],
        "BA bifurcation": [
            {
                "id": 46,
                "degree": 3,
                "label": 1,
                "coords": [
                    -7.49023,
                    160.08398,
                    -660.25
                ]
            }
        ],
        "R-PCA boundary": [
            {
                "id": 56,
                "degree": 2,
                "label": 1,
                "coords": [
                    -5.96836,
                    157.85273,
                    -658.15625
                ]
            }
        ],
        "L-PCA boundary": [
            {
                "id": 164,
                "degree": 2,
                "label": 1,
                "coords": [
                    -9.49023,
                    161.48086,
                    -658.61875
                ]
            }
        ]
    },
    "2": {
        "BA boundary": [
            {
                "id": 56,
                "degree": 2,
                "label": 2,
                "coords": [
                    -5.96836,
                    157.85273,
                    -658.15625
                ]
            }
        ],
        "PCA end": [
            {
                "id": 155,
                "degree": 1,
                "label": 2,
                "coords": [
                    12.25977,
                    149.83398,
                    -662.23438
                ]
            }
        ]
    },
    "3": {
        "BA boundary": [
            {
                "id": 164,
                "degree": 2,
                "label": 3,
                "coords": [
                    -9.49023,
                    161.48086,
                    -658.61875
                ]
            }
        ],
        "Pcom bifurcation": [
            {
                "id": 191,
                "degree": 3,
                "label": 3,
                "coords": [
                    -16.24023,
                    163.08398,
                    -659.41875
                ]
            }
        ],
        "Pcom boundary": [
            {
                "id": 485,
                "degree": 2,
                "label": 3,
                "coords": [
                    -15.56523,
                    163.83711,
                    -659.075
                ]
            }
        ],
        "PCA end": [
            {
                "id": 255,
                "degree": 1,
                "label": 3,
                "coords": [
                    -23.50586,
                    153.33398,
                    -667.25
                ]
            }
        ]
    },
    "4": {
        "ICA start": [
            {
                "id": 256,
                "degree": 1,
                "label": 4,
                "coords": [
                    -4.31836,
                    173.58398,
                    -662.15625
                ]
            }
        ],
        "ICA bifurcation": [
            {
                "id": 295,
                "degree": 3,
                "label": 4,
                "coords": [
                    2.75977,
                    166.08398,
                    -657.75
                ]
            }
        ],
        "ACA boundary": [
            {
                "id": 497,
                "degree": 2,
                "label": 4,
                "coords": [
                    1.02852,
                    165.90586,
                    -655.59687
                ]
            }
        ],
        "MCA boundary": [
            {
                "id": 310,
                "degree": 2,
                "label": 4,
                "coords": [
                    6.50977,
                    166.26523,
                    -656.31562
                ]
            }
        ]
    },
    "5": {
        "ICA boundary": [
            {
                "id": 310,
                "degree": 2,
                "label": 5,
                "coords": [
                    6.50977,
                    166.26523,
                    -656.31562
                ]
            }
        ],
        "MCA end": [
            {
                "id": 359,
                "degree": 1,
                "label": 5,
                "coords": [
                    15.43164,
                    176.58398,
                    -657.51562
                ]
            }
        ]
    },
    "6": {
        "ICA start": [
            {
                "id": 360,
                "degree": 1,
                "label": 6,
                "coords": [
                    -20.41211,
                    171.08398,
                    -664.48438
                ]
            }
        ],
        "Pcom bifurcation": [
            {
                "id": 373,
                "degree": 3,
                "label": 6,
                "coords": [
                    -21.22461,
                    167.69439,
                    -663.82602
                ]
            }
        ],
        "Pcom boundary": [
            {
                "id": 445,
                "degree": 2,
                "label": 6,
                "coords": [
                    -20.73711,
                    166.83086,
                    -665.29375
                ]
            }
        ],
        "ICA bifurcation": [
            {
                "id": 398,
                "degree": 3,
                "label": 6,
                "coords": [
                    -22.74023,
                    163.33398,
                    -658.75
                ]
            }
        ],
        "ACA boundary": [
            {
                "id": 614,
                "degree": 2,
                "label": 6,
                "coords": [
                    -20.24023,
                    163.85273,
                    -656.95938
                ]
            }
        ],
        "MCA boundary": [
            {
                "id": 411,
                "degree": 2,
                "label": 6,
                "coords": [
                    -25.74023,
                    162.38398,
                    -656.77188
                ]
            }
        ]
    },
    "7": {
        "ICA boundary": [
            {
                "id": 411,
                "degree": 2,
                "label": 7,
                "coords": [
                    -25.74023,
                    162.38398,
                    -656.77188
                ]
            }
        ],
        "MCA end": [
            {
                "id": 440,
                "degree": 1,
                "label": 7,
                "coords": [
                    -32.74023,
                    162.58398,
                    -656.75
                ]
            }
        ]
    },
    "9": {
        "ICA boundary": [
            {
                "id": 445,
                "degree": 2,
                "label": 9,
                "coords": [
                    -20.73711,
                    166.83086,
                    -665.29375
                ]
            }
        ],
        "PCA boundary": [
            {
                "id": 485,
                "degree": 2,
                "label": 9,
                "coords": [
                    -15.56523,
                    163.83711,
                    -659.075
                ]
            }
        ]
    },
    "10": {
        "R-ACA boundary": [
            {
                "id": 715,
                "degree": 2,
                "label": 10,
                "coords": [
                    -9.49023,
                    173.95586,
                    -658.21563
                ]
            }
        ],
        "L-ACA boundary": [
            {
                "id": 726,
                "degree": 2,
                "label": 10,