{
    "1": {
        "BA bifurcation": [
            {
                "id": 0,
                "degree": 3,
                "label": 1,
                "coords": [
                    -2.98145,
                    218.35254,
                    -185.89999
                ]
            }
        ],
        "R-PCA boundary": [
            {
                "id": 11,
                "degree": 2,
                "label": 1,
                "coords": [
                    -0.23145,
                    217.84004,
                    -185.59687
                ]
            }
        ],
        "L-PCA boundary": [
            {
                "id": 118,
                "degree": 2,
                "label": 1,
                "coords": [
                    -4.23145,
                    218.04941,
                    -187.07499
                ]
            },
            {
                "id": 149,
                "degree": 2,
                "label": 1,
                "coords": [
                    -4.0429,
                    219.53796,
                    -184.3802
                ]
            }
        ]
    },
    "2": {
        "BA boundary": [
            {
                "id": 11,
                "degree": 2,
                "label": 2,
                "coords": [
                    -0.23145,
                    217.84004,
                    -185.59687
                ]
            }
        ],
        "PCA end": [
            {
                "id": 113,
                "degree": 1,
                "label": 2,
                "coords": [
                    16.50293,
                    202.85254,
                    -178.64999
                ]
            }
        ]
    },
    "3": {
        "BA boundary": [
            {
                "id": 118,
                "degree": 2,
                "label": 3,
                "coords": [
                    -4.23145,
                    218.04941,
                    -187.07499
                ]
            },
            {
                "id": 149,
                "degree": 2,
                "label": 3,
                "coords": [
                    -4.0429,
                    219.53796,
                    -184.3802
                ]
            }
        ],
        "Pcom bifurcation": [
            {
                "id": 143,
                "degree": 5,
                "label": 3,
                "coords": [
                    -8.58859,
                    218.88825,
                    -184.04285
                ]
            }
        ],
        "Pcom boundary": [
            {
                "id": 491,
                "degree": 2,
                "label": 3,
                "coords": [
                    -9.41761,
                    220.07084,
                    -184.21384
                ]
            }
        ],
        "PCA end": [
            {
                "id": 250,
                "degree": 1,
                "label": 3,
                "coords": [
                    -22.0752,
                    203.11816,
                    -181.88437
                ]
            }
        ]
    },
    "4": {
        "ICA start": [
            {
                "id": 251,
                "degree": 1,
                "label": 4,
                "coords": [
                    7.26855,
                    235.10254,
                    -181.22812
                ]
            }
        ],
        "ICA bifurcation": [
            {
                "id": 290,
                "degree": 3,
                "label": 4,
                "coords": [
                    15.35189,
                    231.68587,
                    -176.81666
                ]
            }
        ],
        "ACA boundary": [
            {
                "id": 499,
                "degree": 2,
                "label": 4,
                "coords": [
                    14.47168,
                    233.29941,
                    -175.70312
                ]
            }
        ],
        "MCA boundary": [
            {
                "id": 299,
                "degree": 2,
                "label": 4,
                "coords": [
                    17.76855,
                    231.99941,
                    -177.59999
                ]
            }
        ]
    },
    "5": {
        "ICA boundary": [
            {
                "id": 299,
                "degree": 2,
                "label": 5,
                "coords": [
                    17.76855,
                    231.99941,
                    -177.59999
                ]
            }
        ],
        "MCA end": [
            {
                "id": 346,
                "degree": 1,
                "label": 5,
                "coords": [
                    27.76855,
                    240.08691,
                    -183.47812
                ]
            }
        ]
    },
    "6": {
        "ICA start": [
            {
                "id": 347,
                "degree": 1,
                "label": 6,
                "coords": [
                    -11.98145,
                    233.93066,
                    -185.38437
                ]
            }
        ],
        "Pcom bifurcation": [
            {
                "id": 366,
                "degree": 3,
                "label": 6,
                "coords": [
                    -15.03145,
                    229.75879,
                    -184.08124
                ]
            }
        ],
        "Pcom boundary": [
            {
                "id": 459,
                "degree": 2,
                "label": 6,
                "coords": [
                    -14.89082,
                    228.10254,
                    -185.18749
                ]
            }
        ],
        "ICA bifurcation": [
            {
                "id": 397,
                "degree": 3,
                "label": 6,
                "coords": [
                    -21.06478,
                    231.10254,
                    -177.98333
                ]
            }
        ],
        "ACA boundary": [
            {
                "id": 655,
                "degree": 2,
                "label": 6,
                "coords": [
                    -18.48145,
                    231.83066,
                    -176.99999
                ]
            }
        ],
        "MCA boundary": [
            {
                "id": 403,
                "degree": 2,
                "label": 6,
                "coords": [
                    -22.73145,
                    231.37441,
                    -177.54999
                ]
            }
        ]
    },
    "7": {
        "ICA boundary": [
            {
                "id": 403,
                "degree": 2,
                "label": 7,
                "coords": [
                    -22.73145,
                    231.37441,
                    -177.54999
                ]
            }
        ],
        "MCA end": [
            {
                "id": 453,
                "degree": 1,
                "label": 7,
                "coords": [
                    -35.23145,
                    234.50879,
                    -179.14999
                ]
            }
        ]
    },
    "9": {
        "ICA boundary": [
            {
                "id": 459,
                "degree": 2,
                "label": 9,
                "coords": [
                    -14.89082,
                    228.10254,
                    -185.18749
                ]
            }
        ],
        "PCA boundary": [
            {
                "id": 491,
                "degree": 2,
                "label": 9,
                "coords": [
                    -9.41761,
                    220.07084,
                    -184.21384
                ]
            }
        ]
    },
    "10": {
        "R-ACA boundary": [
            {
                "id": 797,
                "degree": 2,
                "label": 10,