{
    "1": {
        "BA start": [
            {
                "id": 0,
                "degree": 1,
                "label": 1,
                "coords": [
                    3.14941,
                    176.7959,
                    -285.27405
                ]
            }
        ],
        "L-PCA boundary": [
            {
                "id": 42,
                "degree": 2,
                "label": 1,
                "coords": [
                    3.09941,
                    185.4959,
                    -276.69905
                ]
            }
        ]
    },
    "2": {
        "Pcom boundary": [
            {
                "id": 427,
                "degree": 2,
                "label": 2,
                "coords": [
                    9.45566,
                    188.5459,
                    -276.27405
                ]
            }
        ],
        "PCA end": [
            {
                "id": 506,
                "degree": 1,
                "label": 2,
                "coords": [
                    21.88379,
                    176.5459,
                    -268.1178
                ]
            }
        ]
    },
    "3": {
        "BA boundary": [
            {
                "id": 42,
                "degree": 2,
                "label": 3,
                "coords": [
                    3.09941,
                    185.4959,
                    -276.69905
                ]
            }
        ],
        "PCA end": [
            {
                "id": 153,
                "degree": 1,
                "label": 3,
                "coords": [
                    -15.19434,
                    175.06152,
                    -264.19592
                ]
            }
        ]
    },
    "4": {
        "ICA start": [
            {
                "id": 154,
                "degree": 1,
                "label": 4,
                "coords": [
                    10.64941,
                    204.2959,
                    -275.94592
                ]
            }
        ],
        "Pcom bifurcation": [
            {
                "id": 173,
                "degree": 3,
                "label": 4,
                "coords": [
                    13.36816,
                    200.67715,
                    -272.1178
                ]
            }
        ],
        "Pcom boundary": [
            {
                "id": 383,
                "degree": 2,
                "label": 4,
                "coords": [
                    12.91816,
                    199.2959,
                    -273.02405
                ]
            }
        ],
        "ICA bifurcation": [
            {
                "id": 193,
                "degree": 3,
                "label": 4,
                "coords": [
                    16.98275,
                    201.37923,
                    -267.36259
                ]
            }
        ],
        "ACA boundary": [
            {
                "id": 514,
                "degree": 2,
                "label": 4,
                "coords": [
                    15.14941,
                    202.24902,
                    -265.86467
                ]
            }
        ],
        "MCA boundary": [
            {
                "id": 201,
                "degree": 2,
                "label": 4,
                "coords": [
                    19.14941,
                    202.29277,
                    -267.1928
                ]
            }
        ]
    },
    "5": {
        "ICA boundary": [
            {
                "id": 201,
                "degree": 2,
                "label": 5,
                "coords": [
                    19.14941,
                    202.29277,
                    -267.1928
                ]
            }
        ],
        "MCA end": [
            {
                "id": 253,
                "degree": 3,
                "label": 5,
                "coords": [
                    31.64941,
                    204.5459,
                    -271.94592
                ]
            }
        ]
    },
    "6": {
        "ICA start": [
            {
                "id": 276,
                "degree": 1,
                "label": 6,
                "coords": [
                    -8.85059,
                    202.88965,
                    -273.6803
                ]
            }
        ],
        "MCA boundary": [
            {
                "id": 315,
                "degree": 2,
                "label": 6,
                "coords": [
                    -15.85059,
                    201.0459,
                    -265.94592
                ]
            }
        ]
    },
    "7": {
        "ICA boundary": [
            {
                "id": 315,
                "degree": 2,
                "label": 7,
                "coords": [
                    -15.85059,
                    201.0459,
                    -265.94592
                ]
            }
        ],
        "MCA end": [
            {
                "id": 350,
                "degree": 3,
                "label": 7,
                "coords": [
                    -24.68392,
                    202.46257,
                    -269.77926
                ]
            }
        ]
    },
    "8": {
        "ICA boundary": [
            {
                "id": 383,
                "degree": 2,
                "label": 8,
                "coords": [
                    12.91816,
                    199.2959,
                    -273.02405
                ]
            }
        ],
        "PCA boundary": [
            {
                "id": 427,
                "degree": 2,
                "label": 8,
                "coords": [
                    9.45566,
                    188.5459,
                    -276.27405
                ]
            }
        ]
    },
    "10": {
        "R-ACA boundary": [
            {
                "id": 633,
                "degree": 2,
                "label": 10,
                "coords": [
                    2.33848,
                    205.24121,
                    -266.10764
                ]
            }
        ],
        "L-ACA boundary": [
            {
                "id": 650,
                "degree": 2,
                "label": 10,
                "coords": [
                    -0.79746,
                    207.0459,
                    -268.1928
                ]
            }
        ]
    },
    "11": {
        "ICA boundary": [
            {
                "id": 514,
                "degree": 2,
                "label": 11,
                "coords": [
                    15.14941,
                    202.24902,
                    -265.86467
                ]
            }
        ],
        "Acom bifurcation": [
            {
                "id": 564,
                "degree": 3,
                "label": 11,
                "coords": [
                    2.90566,
                    205.0459,
                    -265.82717
                ]
            }
        ],
        "Acom boundary": [
            {
                "id": 633,
                "degree": 2,
                "label": 11,
                "coords": [
                    2.33848,
                    205.24121,
                    -266.10764
                ]
            }
        ],
        "ACA end": [
            {
                "id": 632,
                "degree": 1,
                "label": 11,
                "coords": [
                    0.49316,
                    220.0459,
                    -255.71155
                ]
            }
        ]
    },
    "12": {
        "Acom boundary": [
            {
                "id": 650,
                "degree": 2,
                "label": 12,
                "coords": [
                    -0.79746,
                    207.0459,
                    -268.1928
                ]
            }
        ],
        "ACA end": [
            {
                "id": 714,
                "degree": 1,