{
    "1": {
        "BA start": [
            {
                "id": 0,
                "degree": 1,
                "label": 1,
                "coords": [
                    5.62608,
                    1.21896,
                    -59.37504
                ]
            }
        ],
        "BA bifurcation": [
            {
                "id": 53,
                "degree": 3,
                "label": 1,
                "coords": [
                    3.1955,
                    -1.13303,
                    -46.73104
                ]
            }
        ],
        "R-PCA boundary": [
            {
                "id": 60,
                "degree": 2,
                "label": 1,
                "coords": [
                    4.93444,
                    -2.05592,
                    -45.64033
                ]
            }
        ],
        "L-PCA boundary": [
            {
                "id": 204,
                "degree": 2,
                "label": 1,
                "coords": [
                    1.47801,
                    -1.36486,
                    -46.09189
                ]
            }
        ]
    },
    "2": {
        "BA boundary": [
            {
                "id": 60,
                "degree": 2,
                "label": 2,
                "coords": [
                    4.93444,
                    -2.05592,
                    -45.64033
                ]
            }
        ],
        "Pcom bifurcation": [
            {
                "id": 93,
                "degree": 3,
                "label": 2,
                "coords": [
                    13.17888,
                    0.0719,
                    -45.78492
                ]
            }
        ],
        "Pcom boundary": [
            {
                "id": 725,
                "degree": 2,
                "label": 2,
                "coords": [
                    12.5911,
                    0.7372,
                    -45.68687
                ]
            }
        ],
        "PCA end": [
            {
                "id": 198,
                "degree": 1,
                "label": 2,
                "coords": [
                    19.05798,
                    -19.22723,
                    -53.61094
                ]
            }
        ]
    },
    "3": {
        "BA boundary": [
            {
                "id": 204,
                "degree": 2,
                "label": 3,
                "coords": [
                    1.47801,
                    -1.36486,
                    -46.09189
                ]
            }
        ],
        "Pcom bifurcation": [
            {
                "id": 235,
                "degree": 3,
                "label": 3,
                "coords": [
                    -6.14786,
                    -0.09088,
                    -47.70788
                ]
            }
        ],
        "Pcom boundary": [
            {
                "id": 776,
                "degree": 2,
                "label": 3,
                "coords": [
                    -6.1539,
                    1.36911,
                    -47.14084
                ]
            }
        ],
        "PCA end": [
            {
                "id": 335,
                "degree": 1,
                "label": 3,
                "coords": [
                    -15.54926,
                    -16.93908,
                    -56.02816
                ]
            }
        ]
    },
    "4": {
        "ICA start": [
            {
                "id": 336,
                "degree": 1,
                "label": 4,
                "coords": [
                    17.16557,
                    19.26692,
                    -54.11745
                ]
            }
        ],
        "Pcom bifurcation": [
            {
                "id": 403,
                "degree": 3,
                "label": 4,
                "coords": [
                    16.11706,
                    9.39213,
                    -45.16894
                ]
            }
        ],
        "Pcom boundary": [
            {
                "id": 679,
                "degree": 2,
                "label": 4,
                "coords": [
                    15.6837,
                    7.78584,
                    -47.16966
                ]
            }
        ],
        "ICA bifurcation": [
            {
                "id": 424,
                "degree": 3,
                "label": 4,
                "coords": [
                    20.30818,
                    7.87877,
                    -39.66887
                ]
            }
        ],
        "ACA boundary": [
            {
                "id": 788,
                "degree": 2,
                "label": 4,
                "coords": [
                    18.67125,
                    8.34417,
                    -38.24413
                ]
            }
        ],
        "MCA boundary": [
            {
                "id": 432,
                "degree": 2,
                "label": 4,
                "coords": [
                    22.47126,
                    8.04366,
                    -39.42055
                ]
            }
        ]
    },
    "5": {
        "ICA boundary": [
            {
                "id": 432,
                "degree": 2,
                "label": 5,
                "coords": [
                    22.47126,
                    8.04366,
                    -39.42055
                ]
            }
        ],
        "MCA end": [
            {
                "id": 476,
                "degree": 1,
                "label": 5,
                "coords": [
                    31.64521,
                    15.43692,
                    -43.22379
                ]
            }
        ]
    },
    "6": {
        "Pcom bifurcation": [
            {
                "id": 560,
                "degree": 3,
                "label": 6,
                "coords": [
                    -8.55653,
                    10.95338,
                    -47.66029
                ]
            }
        ],
        "Pcom boundary": [
            {
                "id": 733,
                "degree": 2,
                "label": 6,
                "coords": [
                    -7.17821,
                    9.12804,
                    -49.13106
                ]
            }
        ],
        "ICA bifurcation": [
            {
                "id": 584,
                "degree": 3,
                "label": 6,
                "coords": [
                    -14.16158,
                    10.31192,
                    -42.89834
                ]
            }
        ],
        "ACA boundary": [
            {
                "id": 947,
                "degree": 2,
                "label": 6,
                "coords": [
                    -12.91038,
                    10.67592,
                    -41.25308
                ]
            }
        ],
        "MCA boundary": [
            {
                "id": 599,
                "degree": 2,
                "label": 6,
                "coords": [
                    -18.12956,
                    10.92454,
                    -41.8314
                ]
            }
        ],
        "ICA start": [
            {
                "id": 477,
                "degree": 1,
                "label": "6",
                "coords": [
                    -7.19883,
                    17.0388,
                    -57.42532
                ]
            }
        ]
    },
    "7": {
        "ICA boundary": [
            {
                "id": 599,
                "degree": 2,
                "label": 7,
                "coords": [
                    -18.12956,
                    10.92454,
                    -41.8314
                ]
            }
        ],
        "MCA end": [
            {
                "id": 671,
                "degree": 1,
                "label": 7,