{
    "1": {
        "BA start": [
            {
                "id": 0,
                "degree": 1,
                "label": 1,
                "coords": [
                    -7.1709,
                    262.25488,
                    1199.25433
                ]
            }
        ],
        "BA bifurcation": [
            {
                "id": 37,
                "degree": 3,
                "label": 1,
                "coords": [
                    -9.63444,
                    260.85384,
                    1208.58767
                ]
            }
        ],
        "R-PCA boundary": [
            {
                "id": 47,
                "degree": 2,
                "label": 1,
                "coords": [
                    -7.46777,
                    258.53926,
                    1210.03558
                ]
            }
        ],
        "L-PCA boundary": [
            {
                "id": 161,
                "degree": 2,
                "label": 1,
                "coords": [
                    -11.9709,
                    261.17676,
                    1210.65433
                ]
            }
        ]
    },
    "2": {
        "BA boundary": [
            {
                "id": 47,
                "degree": 2,
                "label": 2,
                "coords": [
                    -7.46777,
                    258.53926,
                    1210.03558
                ]
            }
        ],
        "PCA end": [
            {
                "id": 150,
                "degree": 1,
                "label": 2,
                "coords": [
                    12.37598,
                    247.02051,
                    1196.16058
                ]
            }
        ]
    },
    "3": {
        "BA boundary": [
            {
                "id": 161,
                "degree": 2,
                "label": 3,
                "coords": [
                    -11.9709,
                    261.17676,
                    1210.65433
                ]
            }
        ],
        "PCA end": [
            {
                "id": 281,
                "degree": 1,
                "label": 3,
                "coords": [
                    -32.45215,
                    247.02051,
                    1198.08246
                ]
            }
        ]
    },
    "4": {
        "ICA start": [
            {
                "id": 282,
                "degree": 1,
                "label": 4,
                "coords": [
                    -0.46777,
                    271.25488,
                    1200.09808
                ]
            }
        ],
        "ICA bifurcation": [
            {
                "id": 321,
                "degree": 3,
                "label": 4,
                "coords": [
                    5.86556,
                    267.02051,
                    1206.671
                ]
            }
        ],
        "ACA boundary": [
            {
                "id": 533,
                "degree": 2,
                "label": 4,
                "coords": [
                    4.61035,
                    267.47051,
                    1208.49808
                ]
            }
        ],
        "MCA boundary": [
            {
                "id": 332,
                "degree": 2,
                "label": 4,
                "coords": [
                    8.78223,
                    267.02363,
                    1207.15746
                ]
            }
        ]
    },
    "5": {
        "ICA boundary": [
            {
                "id": 332,
                "degree": 2,
                "label": 5,
                "coords": [
                    8.78223,
                    267.02363,
                    1207.15746
                ]
            }
        ],
        "MCA end": [
            {
                "id": 409,
                "degree": 1,
                "label": 5,
                "coords": [
                    22.59473,
                    279.02051,
                    1200.76996
                ]
            }
        ]
    },
    "6": {
        "ICA start": [
            {
                "id": 410,
                "degree": 1,
                "label": 6,
                "coords": [
                    -17.2334,
                    272.77051,
                    1199.17621
                ]
            }
        ],
        "ICA bifurcation": [
            {
                "id": 443,
                "degree": 3,
                "label": 6,
                "coords": [
                    -21.21777,
                    268.27051,
                    1204.75433
                ]
            }
        ],
        "ACA boundary": [
            {
                "id": 666,
                "degree": 2,
                "label": 6,
                "coords": [
                    -19.56777,
                    269.36738,
                    1206.30433
                ]
            }
        ],
        "MCA boundary": [
            {
                "id": 451,
                "degree": 2,
                "label": 6,
                "coords": [
                    -22.9834,
                    267.75176,
                    1206.20121
                ]
            }
        ]
    },
    "7": {
        "ICA boundary": [
            {
                "id": 451,
                "degree": 2,
                "label": 7,
                "coords": [
                    -22.9834,
                    267.75176,
                    1206.20121
                ]
            }
        ],
        "MCA end": [
            {
                "id": 526,
                "degree": 1,
                "label": 7,
                "coords": [
                    -39.21777,
                    274.77051,
                    1209.08246
                ]
            }
        ]
    },
    "11": {
        "ICA boundary": [
            {
                "id": 533,
                "degree": 2,
                "label": 11,
                "coords": [
                    4.61035,
                    267.47051,
                    1208.49808
                ]
            }
        ],
        "ACA end": [
            {
                "id": 658,
                "degree": 1,
                "label": 11,
                "coords": [
                    -7.38965,
                    288.02051,
                    1227.00433
                ]
            }
        ]
    },
    "12": {
        "ICA boundary": [
            {
                "id": 666,
                "degree": 2,
                "label": 12,
                "coords": [
                    -19.56777,
                    269.36738,
                    1206.30433
                ]
            }
        ],
        "ACA end": [
            {
                "id": 811,
                "degree": 1,
                "label": 12,
                "coords": [
                    -8.71777,
                    286.02051,
                    1221.75433
                ]
            }
        ]
    }
}