{
    "1": {
        "BA start": [
            {
                "id": 0,
                "degree": 1,
                "label": 1,
                "coords": [
                    2.69171,
                    -5.64754,
                    -35.39144
                ]
            }
        ],
        "BA bifurcation": [
            {
                "id": 40,
                "degree": 3,
                "label": 1,
                "coords": [
                    1.30122,
                    -7.71013,
                    -25.48519
                ]
            }
        ],
        "R-PCA boundary": [
            {
                "id": 45,
                "degree": 2,
                "label": 1,
                "coords": [
                    2.42411,
                    -8.1031,
                    -24.53831
                ]
            }
        ],
        "L-PCA boundary": [
            {
                "id": 144,
                "degree": 2,
                "label": 1,
                "coords": [
                    0.26503,
                    -7.41574,
                    -23.98519
                ]
            }
        ]
    },
    "2": {
        "BA boundary": [
            {
                "id": 45,
                "degree": 2,
                "label": 2,
                "coords": [
                    2.42411,
                    -8.1031,
                    -24.53831
                ]
            }
        ],
        "PCA end": [
            {
                "id": 138,
                "degree": 1,
                "label": 2,
                "coords": [
                    18.26481,
                    -17.55717,
                    -24.89144
                ]
            }
        ]
    },
    "3": {
        "BA boundary": [
            {
                "id": 144,
                "degree": 2,
                "label": 3,
                "coords": [
                    0.26503,
                    -7.41574,
                    -23.98519
                ]
            }
        ],
        "Pcom bifurcation": [
            {
                "id": 184,
                "degree": 3,
                "label": 3,
                "coords": [
                    -3.58081,
                    -2.87749,
                    -20.91123
                ]
            }
        ],
        "Pcom boundary": [
            {
                "id": 575,
                "degree": 2,
                "label": 3,
                "coords": [
                    -2.72154,
                    -2.83304,
                    -21.92269
                ]
            }
        ],
        "PCA end": [
            {
                "id": 251,
                "degree": 1,
                "label": 3,
                "coords": [
                    -15.44724,
                    -18.88222,
                    -22.48519
                ]
            }
        ]
    },
    "4": {
        "ICA start": [
            {
                "id": 252,
                "degree": 1,
                "label": 4,
                "coords": [
                    13.75904,
                    11.89852,
                    -30.73519
                ]
            }
        ],
        "ICA bifurcation": [
            {
                "id": 344,
                "degree": 3,
                "label": 4,
                "coords": [
                    16.91905,
                    4.40219,
                    -15.98519
                ]
            }
        ],
        "ACA boundary": [
            {
                "id": 585,
                "degree": 2,
                "label": 4,
                "coords": [
                    14.90863,
                    4.54054,
                    -15.23519
                ]
            }
        ],
        "MCA boundary": [
            {
                "id": 348,
                "degree": 2,
                "label": 4,
                "coords": [
                    17.93973,
                    4.04749,
                    -15.46644
                ]
            }
        ]
    },
    "5": {
        "ICA boundary": [
            {
                "id": 348,
                "degree": 2,
                "label": 5,
                "coords": [
                    17.93973,
                    4.04749,
                    -15.46644
                ]
            }
        ],
        "MCA end": [
            {
                "id": 376,
                "degree": 1,
                "label": 5,
                "coords": [
                    24.76974,
                    8.91668,
                    -11.90185
                ]
            }
        ]
    },
    "6": {
        "ICA start": [
            {
                "id": 377,
                "degree": 1,
                "label": 6,
                "coords": [
                    -10.498,
                    9.9276,
                    -30.40706
                ]
            }
        ],
        "Pcom bifurcation": [
            {
                "id": 448,
                "degree": 3,
                "label": 6,
                "coords": [
                    -8.18631,
                    3.97619,
                    -22.86435
                ]
            }
        ],
        "Pcom boundary": [
            {
                "id": 538,
                "degree": 2,
                "label": 6,
                "coords": [
                    -7.02808,
                    2.77665,
                    -23.93206
                ]
            }
        ],
        "ICA bifurcation": [
            {
                "id": 476,
                "degree": 3,
                "label": 6,
                "coords": [
                    -12.22054,
                    1.57221,
                    -16.98519
                ]
            }
        ],
        "ACA boundary": [
            {
                "id": 731,
                "degree": 2,
                "label": 6,
                "coords": [
                    -10.20573,
                    1.35272,
                    -16.06644
                ]
            }
        ],
        "MCA boundary": [
            {
                "id": 484,
                "degree": 2,
                "label": 6,
                "coords": [
                    -14.22015,
                    1.51086,
                    -16.11644
                ]
            }
        ]
    },
    "7": {
        "ICA boundary": [
            {
                "id": 484,
                "degree": 2,
                "label": 7,
                "coords": [
                    -14.22015,
                    1.51086,
                    -16.11644
                ]
            }
        ],
        "MCA end": [
            {
                "id": 533,
                "degree": 1,
                "label": 7,
                "coords": [
                    -25.78915,
                    7.09652,
                    -13.73519
                ]
            }
        ]
    },
    "9": {
        "ICA boundary": [
            {
                "id": 538,
                "degree": 2,
                "label": 9,
                "coords": [
                    -7.02808,
                    2.77665,
                    -23.93206
                ]
            }
        ],
        "PCA boundary": [
            {
                "id": 575,
                "degree": 2,
                "label": 9,
                "coords": [
                    -2.72154,
                    -2.83304,
                    -21.92269
                ]
            }
        ]
    },
    "10": {
        "R-ACA boundary": [
            {
                "id": 832,
                "degree": 2,
                "label": 10,
                "coords": [
                    -0.21196,
                    11.15752,
                    -16.27269
                ]
            }
        ],
        "L-ACA boundary": [
            {
                "id": 839,
                "degree": 2,
                "label": 10,