{
    "1": {
        "BA start": [
            {
                "id": 0,
                "degree": 1,
                "label": 1,
                "coords": [
                    1.97852,
                    165.42773,
                    -200.58035
                ]
            }
        ],
        "BA bifurcation": [
            {
                "id": 56,
                "degree": 3,
                "label": 1,
                "coords": [
                    0.84831,
                    166.42773,
                    -186.42931
                ]
            }
        ],
        "R-PCA boundary": [
            {
                "id": 65,
                "degree": 2,
                "label": 1,
                "coords": [
                    2.98164,
                    165.86836,
                    -184.69598
                ]
            }
        ],
        "L-PCA boundary": [
            {
                "id": 227,
                "degree": 2,
                "label": 1,
                "coords": [
                    -1.81836,
                    165.80273,
                    -184.76473
                ]
            }
        ]
    },
    "2": {
        "BA boundary": [
            {
                "id": 65,
                "degree": 2,
                "label": 2,
                "coords": [
                    2.98164,
                    165.86836,
                    -184.69598
                ]
            }
        ],
        "Pcom bifurcation": [
            {
                "id": 90,
                "degree": 3,
                "label": 2,
                "coords": [
                    8.31289,
                    168.09648,
                    -180.31473
                ]
            }
        ],
        "Pcom boundary": [
            {
                "id": 664,
                "degree": 2,
                "label": 2,
                "coords": [
                    7.18164,
                    168.64961,
                    -180.24598
                ]
            }
        ],
        "PCA end": [
            {
                "id": 185,
                "degree": 3,
                "label": 2,
                "coords": [
                    22.43164,
                    157.42773,
                    -176.59598
                ]
            }
        ]
    },
    "3": {
        "BA boundary": [
            {
                "id": 227,
                "degree": 2,
                "label": 3,
                "coords": [
                    -1.81836,
                    165.80273,
                    -184.76473
                ]
            }
        ],
        "PCA end": [
            {
                "id": 311,
                "degree": 1,
                "label": 3,
                "coords": [
                    -14.06836,
                    157.17773,
                    -184.84598
                ]
            }
        ]
    },
    "4": {
        "ICA start": [
            {
                "id": 312,
                "degree": 1,
                "label": 4,
                "coords": [
                    9.43164,
                    188.17773,
                    -184.31473
                ]
            }
        ],
        "Pcom bifurcation": [
            {
                "id": 327,
                "degree": 3,
                "label": 4,
                "coords": [
                    10.27122,
                    185.77045,
                    -180.7064
                ]
            }
        ],
        "Pcom boundary": [
            {
                "id": 603,
                "degree": 2,
                "label": 4,
                "coords": [
                    10.19727,
                    183.92773,
                    -181.2491
                ]
            }
        ],
        "ICA bifurcation": [
            {
                "id": 346,
                "degree": 3,
                "label": 4,
                "coords": [
                    11.43164,
                    189.67773,
                    -177.34598
                ]
            }
        ],
        "ACA boundary": [
            {
                "id": 675,
                "degree": 2,
                "label": 4,
                "coords": [
                    9.68164,
                    191.25586,
                    -177.72723
                ]
            }
        ],
        "MCA boundary": [
            {
                "id": 355,
                "degree": 2,
                "label": 4,
                "coords": [
                    13.43164,
                    191.19648,
                    -176.43035
                ]
            }
        ]
    },
    "5": {
        "ICA boundary": [
            {
                "id": 355,
                "degree": 2,
                "label": 5,
                "coords": [
                    13.43164,
                    191.19648,
                    -176.43035
                ]
            }
        ],
        "MCA end": [
            {
                "id": 395,
                "degree": 3,
                "label": 5,
                "coords": [
                    23.59831,
                    193.01107,
                    -176.09598
                ]
            }
        ]
    },
    "6": {
        "ICA start": [
            {
                "id": 470,
                "degree": 1,
                "label": 6,
                "coords": [
                    -10.00586,
                    185.92773,
                    -187.83035
                ]
            }
        ],
        "ICA bifurcation": [
            {
                "id": 507,
                "degree": 3,
                "label": 6,
                "coords": [
                    -13.56836,
                    180.92773,
                    -181.09598
                ]
            }
        ],
        "ACA boundary": [
            {
                "id": 804,
                "degree": 2,
                "label": 6,
                "coords": [
                    -11.06836,
                    181.99961,
                    -179.8991
                ]
            }
        ],
        "MCA boundary": [
            {
                "id": 512,
                "degree": 2,
                "label": 6,
                "coords": [
                    -14.81836,
                    180.54336,
                    -181.1116
                ]
            }
        ]
    },
    "7": {
        "ICA boundary": [
            {
                "id": 512,
                "degree": 2,
                "label": 7,
                "coords": [
                    -14.81836,
                    180.54336,
                    -181.1116
                ]
            }
        ],
        "MCA end": [
            {
                "id": 597,
                "degree": 1,
                "label": 7,
                "coords": [
                    -28.56836,
                    188.59961,
                    -181.33035
                ]
            }
        ]
    },
    "8": {
        "ICA boundary": [
            {
                "id": 603,
                "degree": 2,
                "label": 8,
                "coords": [
                    10.19727,
                    183.92773,
                    -181.2491
                ]
            }
        ],
        "PCA boundary": [
            {
                "id": 664,
                "degree": 2,
                "label": 8,
                "coords": [
                    7.18164,
                    168.64961,
                    -180.24598
                ]
            }
        ]
    },
    "10": {
        "R-ACA boundary": [
            {
                "id": 913,
                "degree": 2,
                "label": 10,
                "coords": [
                    -5.2819,
                    192.40378,
                    -178.41681
                ]
            }
        ],
        "L-ACA boundary": [
            {
                "id": 917,
                "degree": 2,