{
    "1": {
        "BA start": [
            {
                "id": 0,
                "degree": 1,
                "label": 1,
                "coords": [
                    0.53067,
                    -25.56717,
                    -25.37895
                ]
            }
        ],
        "BA bifurcation": [
            {
                "id": 64,
                "degree": 3,
                "label": 1,
                "coords": [
                    0.23665,
                    -15.99085,
                    -10.12895
                ]
            }
        ],
        "R-PCA boundary": [
            {
                "id": 73,
                "degree": 2,
                "label": 1,
                "coords": [
                    0.85755,
                    -14.92417,
                    -8.11333
                ]
            }
        ]
    },
    "2": {
        "BA boundary": [
            {
                "id": 73,
                "degree": 2,
                "label": 2,
                "coords": [
                    0.85755,
                    -14.92417,
                    -8.11333
                ]
            }
        ],
        "Pcom bifurcation": [
            {
                "id": 94,
                "degree": 3,
                "label": 2,
                "coords": [
                    5.5353,
                    -12.83421,
                    -5.71645
                ]
            }
        ],
        "Pcom boundary": [
            {
                "id": 590,
                "degree": 2,
                "label": 2,
                "coords": [
                    5.69147,
                    -12.63296,
                    -6.34958
                ]
            }
        ],
        "PCA end": [
            {
                "id": 203,
                "degree": 1,
                "label": 2,
                "coords": [
                    19.0148,
                    -33.91426,
                    -2.37895
                ]
            }
        ]
    },
    "3": {
        "Pcom boundary": [
            {
                "id": 650,
                "degree": 2,
                "label": 3,
                "coords": [
                    -9.1053,
                    -15.1193,
                    -12.27895
                ]
            }
        ],
        "PCA end": [
            {
                "id": 708,
                "degree": 1,
                "label": 3,
                "coords": [
                    -17.22215,
                    -29.0154,
                    -9.62895
                ]
            }
        ]
    },
    "4": {
        "ICA start": [
            {
                "id": 213,
                "degree": 1,
                "label": 4,
                "coords": [
                    18.24958,
                    6.41196,
                    -18.7227
                ]
            }
        ],
        "Pcom bifurcation": [
            {
                "id": 284,
                "degree": 3,
                "label": 4,
                "coords": [
                    12.09786,
                    -3.65893,
                    -10.82687
                ]
            }
        ],
        "Pcom boundary": [
            {
                "id": 551,
                "degree": 2,
                "label": 4,
                "coords": [
                    11.40403,
                    -4.77026,
                    -12.3227
                ]
            }
        ],
        "ICA bifurcation": [
            {
                "id": 306,
                "degree": 3,
                "label": 4,
                "coords": [
                    17.3661,
                    -5.81054,
                    -7.87895
                ]
            }
        ],
        "ACA boundary": [
            {
                "id": 714,
                "degree": 2,
                "label": 4,
                "coords": [
                    16.00757,
                    -5.96782,
                    -6.38208
                ]
            }
        ],
        "MCA boundary": [
            {
                "id": 314,
                "degree": 2,
                "label": 4,
                "coords": [
                    19.3982,
                    -5.14891,
                    -7.64458
                ]
            }
        ]
    },
    "5": {
        "ICA boundary": [
            {
                "id": 314,
                "degree": 2,
                "label": 5,
                "coords": [
                    19.3982,
                    -5.14891,
                    -7.64458
                ]
            }
        ],
        "MCA end": [
            {
                "id": 354,
                "degree": 3,
                "label": 5,
                "coords": [
                    28.92206,
                    0.67192,
                    -10.37895
                ]
            }
        ]
    },
    "6": {
        "ICA start": [
            {
                "id": 388,
                "degree": 1,
                "label": 6,
                "coords": [
                    -14.57316,
                    8.65321,
                    -19.39458
                ]
            }
        ],
        "Pcom bifurcation": [
            {
                "id": 459,
                "degree": 3,
                "label": 6,
                "coords": [
                    -10.80214,
                    -2.19777,
                    -12.7352
                ]
            }
        ],
        "Pcom boundary": [
            {
                "id": 598,
                "degree": 2,
                "label": 6,
                "coords": [
                    -11.53829,
                    -2.56476,
                    -14.52895
                ]
            }
        ],
        "ICA bifurcation": [
            {
                "id": 477,
                "degree": 3,
                "label": 6,
                "coords": [
                    -14.49873,
                    -5.78169,
                    -9.71229
                ]
            }
        ],
        "ACA boundary": [
            {
                "id": 845,
                "degree": 2,
                "label": 6,
                "coords": [
                    -12.45662,
                    -6.73677,
                    -8.78208
                ]
            }
        ],
        "MCA boundary": [
            {
                "id": 486,
                "degree": 2,
                "label": 6,
                "coords": [
                    -16.9242,
                    -5.92077,
                    -8.8602
                ]
            }
        ]
    },
    "7": {
        "ICA boundary": [
            {
                "id": 486,
                "degree": 2,
                "label": 7,
                "coords": [
                    -16.9242,
                    -5.92077,
                    -8.8602
                ]
            }
        ],
        "MCA end": [
            {
                "id": 545,
                "degree": 1,
                "label": 7,
                "coords": [
                    -31.22738,
                    -1.60186,
                    -5.0352
                ]
            }
        ]
    },
    "8": {
        "ICA boundary": [
            {
                "id": 551,
                "degree": 2,
                "label": 8,
                "coords": [
                    11.40403,
                    -4.77026,
                    -12.3227
                ]
            }
        ],
        "PCA boundary": [
            {
                "id": 590,
                "degree": 2,
                "label": 8,
                "coords": [
                    5.69147,
                    -12.63296,
                    -6.34958
                ]
            }
        ]
    },
    "9": {
        "ICA boundary": [
            {
                "id": 598,
                "degree": 2,
                "label": 9,