{
    "1": {
        "BA start": [
            {
                "id": 0,
                "degree": 1,
                "label": 1,
                "coords": [
                    2.47849,
                    -8.31331,
                    -36.85828
                ]
            }
        ],
        "BA bifurcation": [
            {
                "id": 36,
                "degree": 3,
                "label": 1,
                "coords": [
                    1.04756,
                    -8.95366,
                    -27.93262
                ]
            }
        ],
        "R-PCA boundary": [
            {
                "id": 47,
                "degree": 2,
                "label": 1,
                "coords": [
                    3.57849,
                    -9.30659,
                    -25.75112
                ]
            }
        ],
        "L-PCA boundary": [
            {
                "id": 147,
                "degree": 2,
                "label": 1,
                "coords": [
                    -1.36366,
                    -9.07688,
                    -26.69762
                ]
            }
        ]
    },
    "2": {
        "BA boundary": [
            {
                "id": 47,
                "degree": 2,
                "label": 2,
                "coords": [
                    3.57849,
                    -9.30659,
                    -25.75112
                ]
            }
        ],
        "Pcom bifurcation": [
            {
                "id": 63,
                "degree": 3,
                "label": 2,
                "coords": [
                    7.30297,
                    -10.04043,
                    -23.54835
                ]
            }
        ],
        "Pcom boundary": [
            {
                "id": 588,
                "degree": 2,
                "label": 2,
                "coords": [
                    7.33245,
                    -8.91822,
                    -22.86162
                ]
            }
        ],
        "PCA end": [
            {
                "id": 137,
                "degree": 1,
                "label": 2,
                "coords": [
                    15.52089,
                    -25.55388,
                    -25.91045
                ]
            }
        ]
    },
    "3": {
        "BA boundary": [
            {
                "id": 147,
                "degree": 2,
                "label": 3,
                "coords": [
                    -1.36366,
                    -9.07688,
                    -26.69762
                ]
            }
        ],
        "Pcom bifurcation": [
            {
                "id": 165,
                "degree": 3,
                "label": 3,
                "coords": [
                    -6.09713,
                    -8.9658,
                    -24.83543
                ]
            }
        ],
        "Pcom boundary": [
            {
                "id": 646,
                "degree": 2,
                "label": 3,
                "coords": [
                    -5.83855,
                    -7.44369,
                    -24.22061
                ]
            }
        ],
        "PCA end": [
            {
                "id": 246,
                "degree": 1,
                "label": 3,
                "coords": [
                    -19.20822,
                    -24.01276,
                    -26.25761
                ]
            }
        ]
    },
    "4": {
        "ICA start": [
            {
                "id": 247,
                "degree": 1,
                "label": 4,
                "coords": [
                    11.22271,
                    0.57376,
                    -34.04161
                ]
            }
        ],
        "Pcom bifurcation": [
            {
                "id": 318,
                "degree": 3,
                "label": 4,
                "coords": [
                    13.86629,
                    1.8143,
                    -25.66401
                ]
            }
        ],
        "Pcom boundary": [
            {
                "id": 536,
                "degree": 2,
                "label": 4,
                "coords": [
                    14.02236,
                    0.37697,
                    -25.93905
                ]
            }
        ],
        "ICA bifurcation": [
            {
                "id": 336,
                "degree": 3,
                "label": 4,
                "coords": [
                    15.14718,
                    1.54963,
                    -20.99041
                ]
            }
        ],
        "ACA boundary": [
            {
                "id": 660,
                "degree": 2,
                "label": 4,
                "coords": [
                    13.63692,
                    1.1263,
                    -18.59083
                ]
            }
        ],
        "MCA boundary": [
            {
                "id": 345,
                "degree": 2,
                "label": 4,
                "coords": [
                    17.18775,
                    3.35024,
                    -19.50765
                ]
            }
        ]
    },
    "5": {
        "ICA boundary": [
            {
                "id": 345,
                "degree": 2,
                "label": 5,
                "coords": [
                    17.18775,
                    3.35024,
                    -19.50765
                ]
            }
        ],
        "MCA end": [
            {
                "id": 374,
                "degree": 3,
                "label": 5,
                "coords": [
                    24.59414,
                    7.62617,
                    -20.3634
                ]
            }
        ]
    },
    "6": {
        "ICA start": [
            {
                "id": 440,
                "degree": 1,
                "label": 6,
                "coords": [
                    -5.82458,
                    7.82367,
                    -33.10342
                ]
            }
        ],
        "Pcom bifurcation": [
            {
                "id": 455,
                "degree": 3,
                "label": 6,
                "coords": [
                    -8.51461,
                    4.35886,
                    -31.7398
                ]
            }
        ],
        "Pcom boundary": [
            {
                "id": 596,
                "degree": 2,
                "label": 6,
                "coords": [
                    -7.63367,
                    2.73083,
                    -31.66837
                ]
            }
        ],
        "ICA bifurcation": [
            {
                "id": 477,
                "degree": 3,
                "label": 6,
                "coords": [
                    -12.37164,
                    2.47503,
                    -26.51913
                ]
            }
        ],
        "ACA boundary": [
            {
                "id": 807,
                "degree": 2,
                "label": 6,
                "coords": [
                    -11.11071,
                    2.47334,
                    -25.39788
                ]
            }
        ],
        "MCA boundary": [
            {
                "id": 484,
                "degree": 2,
                "label": 6,
                "coords": [
                    -14.31999,
                    2.70172,
                    -25.97529
                ]
            }
        ]
    },
    "7": {
        "ICA boundary": [
            {
                "id": 484,
                "degree": 2,
                "label": 7,
                "coords": [
                    -14.31999,
                    2.70172,
                    -25.97529
                ]
            }
        ],
        "MCA end": [
            {
                "id": 532,
                "degree": 1,
                "label": 7,