{
    "1": {
        "BA start": [
            {
                "id": 0,
                "degree": 1,
                "label": 1,
                "coords": [
                    -9.2765,
                    -11.56481,
                    -22.39599
                ]
            }
        ],
        "R-PCA boundary": [
            {
                "id": 28,
                "degree": 2,
                "label": 1,
                "coords": [
                    -8.76321,
                    -11.77581,
                    -15.85309
                ]
            }
        ]
    },
    "2": {
        "BA boundary": [
            {
                "id": 28,
                "degree": 2,
                "label": 2,
                "coords": [
                    -8.76321,
                    -11.77581,
                    -15.85309
                ]
            }
        ],
        "PCA end": [
            {
                "id": 105,
                "degree": 1,
                "label": 2,
                "coords": [
                    7.90905,
                    -22.60415,
                    -16.51356
                ]
            }
        ]
    },
    "3": {
        "Pcom boundary": [
            {
                "id": 463,
                "degree": 2,
                "label": 3,
                "coords": [
                    -20.71999,
                    -10.48068,
                    -16.32761
                ]
            }
        ],
        "PCA end": [
            {
                "id": 528,
                "degree": 1,
                "label": 3,
                "coords": [
                    -32.82572,
                    -24.95226,
                    -17.55819
                ]
            }
        ]
    },
    "4": {
        "ICA start": [
            {
                "id": 106,
                "degree": 1,
                "label": 4,
                "coords": [
                    0.43958,
                    5.33643,
                    -20.58158
                ]
            }
        ],
        "ICA bifurcation": [
            {
                "id": 198,
                "degree": 3,
                "label": 4,
                "coords": [
                    1.03823,
                    -2.46036,
                    -10.98274
                ]
            }
        ],
        "ACA boundary": [
            {
                "id": 536,
                "degree": 2,
                "label": 4,
                "coords": [
                    -0.33731,
                    -1.92102,
                    -9.08641
                ]
            }
        ],
        "MCA boundary": [
            {
                "id": 207,
                "degree": 2,
                "label": 4,
                "coords": [
                    3.13052,
                    -2.58968,
                    -10.45567
                ]
            }
        ]
    },
    "5": {
        "ICA boundary": [
            {
                "id": 207,
                "degree": 2,
                "label": 5,
                "coords": [
                    3.13052,
                    -2.58968,
                    -10.45567
                ]
            }
        ],
        "MCA end": [
            {
                "id": 265,
                "degree": 1,
                "label": 5,
                "coords": [
                    17.18275,
                    -2.52784,
                    -7.11301
                ]
            }
        ]
    },
    "6": {
        "ICA start": [
            {
                "id": 266,
                "degree": 1,
                "label": 6,
                "coords": [
                    -26.7644,
                    8.85637,
                    -19.78835
                ]
            }
        ],
        "Pcom bifurcation": [
            {
                "id": 324,
                "degree": 3,
                "label": 6,
                "coords": [
                    -25.83227,
                    0.07706,
                    -13.32709
                ]
            }
        ],
        "Pcom boundary": [
            {
                "id": 410,
                "degree": 2,
                "label": 6,
                "coords": [
                    -26.05352,
                    0.57931,
                    -14.76726
                ]
            }
        ],
        "ICA bifurcation": [
            {
                "id": 342,
                "degree": 3,
                "label": 6,
                "coords": [
                    -28.79863,
                    -2.92626,
                    -9.87272
                ]
            }
        ],
        "ACA boundary": [
            {
                "id": 701,
                "degree": 2,
                "label": 6,
                "coords": [
                    -26.77277,
                    -3.72289,
                    -9.22389
                ]
            }
        ],
        "MCA boundary": [
            {
                "id": 349,
                "degree": 2,
                "label": 6,
                "coords": [
                    -30.58634,
                    -2.91258,
                    -9.01852
                ]
            }
        ]
    },
    "7": {
        "ICA boundary": [
            {
                "id": 349,
                "degree": 2,
                "label": 7,
                "coords": [
                    -30.58634,
                    -2.91258,
                    -9.01852
                ]
            }
        ],
        "MCA end": [
            {
                "id": 405,
                "degree": 1,
                "label": 7,
                "coords": [
                    -44.50674,
                    -7.39497,
                    -5.22488
                ]
            }
        ]
    },
    "9": {
        "ICA boundary": [
            {
                "id": 410,
                "degree": 2,
                "label": 9,
                "coords": [
                    -26.05352,
                    0.57931,
                    -14.76726
                ]
            }
        ],
        "PCA boundary": [
            {
                "id": 463,
                "degree": 2,
                "label": 9,
                "coords": [
                    -20.71999,
                    -10.48068,
                    -16.32761
                ]
            }
        ]
    },
    "10": {
        "R-ACA boundary": [
            {
                "id": 818,
                "degree": 2,
                "label": 10,
                "coords": [
                    -11.87917,
                    -0.15631,
                    -4.58149
                ]
            }
        ],
        "L-ACA boundary": [
            {
                "id": 750,
                "degree": 3,
                "label": 10,
                "coords": [
                    -15.5174,
                    0.13374,
                    -4.01056
                ]
            }
        ],
        "3rd-A2 bifurcation": [
            {
                "id": 826,
                "degree": 3,
                "label": 10,
                "coords": [
                    -13.8845,
                    -0.255,
                    -4.17357
                ]
            }
        ],
        "3rd-A2 boundary": [
            {
                "id": 837,
                "degree": 2,
                "label": 10,
                "coords": [
                    -14.06052,
                    -1.55022,
                    -2.7808
                ]
            }
        ]
    },
    "11": {
        "ICA boundary": [
            {
                "id": 536,
                "degree": 2,
                "label": 11,
                "coords": [
                    -0.33731,
                    -1.92102,
                    -9.08641
                ]
            }
        ],
        "Acom bifurcation": [
            {
                "id": 578,
                "degree": 3,
                "label": 11,