{
    "1": {
        "BA start": [
            {
                "id": 0,
                "degree": 1,
                "label": 1,
                "coords": [
                    1.2959,
                    197.75879,
                    92.14999
                ]
            }
        ],
        "BA bifurcation": [
            {
                "id": 37,
                "degree": 3,
                "label": 1,
                "coords": [
                    1.70736,
                    199.69108,
                    101.56666
                ]
            }
        ],
        "R-PCA boundary": [
            {
                "id": 47,
                "degree": 2,
                "label": 1,
                "coords": [
                    3.87402,
                    199.82754,
                    103.03437
                ]
            }
        ],
        "L-PCA boundary": [
            {
                "id": 152,
                "degree": 2,
                "label": 1,
                "coords": [
                    -0.47598,
                    200.17754,
                    103.34999
                ]
            }
        ]
    },
    "2": {
        "BA boundary": [
            {
                "id": 47,
                "degree": 2,
                "label": 2,
                "coords": [
                    3.87402,
                    199.82754,
                    103.03437
                ]
            }
        ],
        "Pcom bifurcation": [
            {
                "id": 64,
                "degree": 3,
                "label": 2,
                "coords": [
                    7.61569,
                    202.69213,
                    103.09999
                ]
            }
        ],
        "Pcom boundary": [
            {
                "id": 518,
                "degree": 2,
                "label": 2,
                "coords": [
                    6.70527,
                    203.52129,
                    103.20624
                ]
            }
        ],
        "PCA end": [
            {
                "id": 142,
                "degree": 1,
                "label": 2,
                "coords": [
                    20.3584,
                    191.52441,
                    103.16562
                ]
            }
        ]
    },
    "3": {
        "BA boundary": [
            {
                "id": 152,
                "degree": 2,
                "label": 3,
                "coords": [
                    -0.47598,
                    200.17754,
                    103.34999
                ]
            }
        ],
        "PCA end": [
            {
                "id": 243,
                "degree": 1,
                "label": 3,
                "coords": [
                    -16.3916,
                    191.77441,
                    105.13437
                ]
            }
        ]
    },
    "4": {
        "ICA start": [
            {
                "id": 244,
                "degree": 1,
                "label": 4,
                "coords": [
                    10.87402,
                    218.27441,
                    92.89999
                ]
            }
        ],
        "Pcom bifurcation": [
            {
                "id": 262,
                "degree": 3,
                "label": 4,
                "coords": [
                    11.05007,
                    215.01609,
                    96.79687
                ]
            }
        ],
        "Pcom boundary": [
            {
                "id": 469,
                "degree": 2,
                "label": 4,
                "coords": [
                    9.99381,
                    214.0067,
                    96.11874
                ]
            }
        ],
        "ICA bifurcation": [
            {
                "id": 290,
                "degree": 3,
                "label": 4,
                "coords": [
                    16.70736,
                    214.19108,
                    101.56666
                ]
            }
        ],
        "ACA boundary": [
            {
                "id": 526,
                "degree": 2,
                "label": 4,
                "coords": [
                    15.42715,
                    215.10254,
                    102.30624
                ]
            }
        ],
        "MCA boundary": [
            {
                "id": 296,
                "degree": 2,
                "label": 4,
                "coords": [
                    18.37402,
                    214.12129,
                    101.78437
                ]
            }
        ]
    },
    "5": {
        "ICA boundary": [
            {
                "id": 296,
                "degree": 2,
                "label": 5,
                "coords": [
                    18.37402,
                    214.12129,
                    101.78437
                ]
            }
        ],
        "MCA end": [
            {
                "id": 350,
                "degree": 1,
                "label": 5,
                "coords": [
                    31.62402,
                    214.19629,
                    98.05624
                ]
            }
        ]
    },
    "6": {
        "ICA start": [
            {
                "id": 351,
                "degree": 1,
                "label": 6,
                "coords": [
                    -7.53223,
                    216.94629,
                    93.64999
                ]
            }
        ],
        "ICA bifurcation": [
            {
                "id": 390,
                "degree": 3,
                "label": 6,
                "coords": [
                    -11.62598,
                    212.52441,
                    103.14999
                ]
            }
        ],
        "ACA boundary": [
            {
                "id": 664,
                "degree": 2,
                "label": 6,
                "coords": [
                    -10.62598,
                    212.67754,
                    103.79999
                ]
            }
        ],
        "MCA boundary": [
            {
                "id": 397,
                "degree": 2,
                "label": 6,
                "coords": [
                    -13.37598,
                    212.39316,
                    103.49999
                ]
            }
        ]
    },
    "7": {
        "ICA boundary": [
            {
                "id": 397,
                "degree": 2,
                "label": 7,
                "coords": [
                    -13.37598,
                    212.39316,
                    103.49999
                ]
            }
        ],
        "MCA end": [
            {
                "id": 465,
                "degree": 1,
                "label": 7,
                "coords": [
                    -29.11035,
                    218.02441,
                    98.24374
                ]
            }
        ]
    },
    "8": {
        "ICA boundary": [
            {
                "id": 469,
                "degree": 2,
                "label": 8,
                "coords": [
                    9.99381,
                    214.0067,
                    96.11874
                ]
            }
        ],
        "PCA boundary": [
            {
                "id": 518,
                "degree": 2,
                "label": 8,
                "coords": [
                    6.70527,
                    203.52129,
                    103.20624
                ]
            }
        ]
    },
    "10": {
        "R-ACA boundary": [
            {
                "id": 793,
                "degree": 2,
                "label": 10,
                "coords": [
                    2.89152,
                    221.09379,
                    99.94999
                ]
            }
        ],
        "L-ACA boundary": [
            {
                "id": 712,
                "degree": 3,
                "label": 10,