{
    "1": {
        "BA start": [
            {
                "id": 0,
                "degree": 1,
                "label": 1,
                "coords": [
                    -2.47363,
                    168.37402,
                    -164.73438
                ]
            }
        ],
        "BA bifurcation": [
            {
                "id": 57,
                "degree": 3,
                "label": 1,
                "coords": [
                    4.45345,
                    167.94173,
                    -151.16667
                ]
            }
        ],
        "R-PCA boundary": [
            {
                "id": 58,
                "degree": 2,
                "label": 1,
                "coords": [
                    4.94173,
                    168.2386,
                    -151.19792
                ]
            }
        ],
        "L-PCA boundary": [
            {
                "id": 153,
                "degree": 2,
                "label": 1,
                "coords": [
                    2.62012,
                    167.70215,
                    -150.35312
                ]
            }
        ]
    },
    "2": {
        "BA boundary": [
            {
                "id": 58,
                "degree": 2,
                "label": 2,
                "coords": [
                    4.94173,
                    168.2386,
                    -151.19792
                ]
            }
        ],
        "Pcom bifurcation": [
            {
                "id": 65,
                "degree": 3,
                "label": 2,
                "coords": [
                    6.62012,
                    168.63965,
                    -151.0875
                ]
            }
        ],
        "Pcom boundary": [
            {
                "id": 618,
                "degree": 2,
                "label": 2,
                "coords": [
                    6.76387,
                    169.3584,
                    -152.00313
                ]
            }
        ],
        "PCA end": [
            {
                "id": 146,
                "degree": 1,
                "label": 2,
                "coords": [
                    18.63574,
                    154.8584,
                    -150.5
                ]
            }
        ]
    },
    "3": {
        "BA boundary": [
            {
                "id": 153,
                "degree": 2,
                "label": 3,
                "coords": [
                    2.62012,
                    167.70215,
                    -150.35312
                ]
            }
        ],
        "Pcom bifurcation": [
            {
                "id": 194,
                "degree": 3,
                "label": 3,
                "coords": [
                    -6.87988,
                    168.47715,
                    -153.85
                ]
            }
        ],
        "Pcom boundary": [
            {
                "id": 675,
                "degree": 2,
                "label": 3,
                "coords": [
                    -6.58301,
                    169.36152,
                    -154.45312
                ]
            }
        ],
        "PCA end": [
            {
                "id": 265,
                "degree": 1,
                "label": 3,
                "coords": [
                    -20.64551,
                    158.3584,
                    -151.42188
                ]
            }
        ]
    },
    "4": {
        "ICA start": [
            {
                "id": 266,
                "degree": 1,
                "label": 4,
                "coords": [
                    6.87012,
                    185.8584,
                    -156.5
                ]
            }
        ],
        "Pcom bifurcation": [
            {
                "id": 285,
                "degree": 3,
                "label": 4,
                "coords": [
                    8.62012,
                    181.18965,
                    -156.33438
                ]
            }
        ],
        "Pcom boundary": [
            {
                "id": 561,
                "degree": 2,
                "label": 4,
                "coords": [
                    8.37012,
                    180.80527,
                    -157.25313
                ]
            }
        ],
        "ICA bifurcation": [
            {
                "id": 302,
                "degree": 3,
                "label": 4,
                "coords": [
                    13.03678,
                    178.52507,
                    -153.91667
                ]
            }
        ],
        "ACA boundary": [
            {
                "id": 683,
                "degree": 2,
                "label": 4,
                "coords": [
                    12.61699,
                    178.35527,
                    -152.25
                ]
            }
        ],
        "MCA boundary": [
            {
                "id": 309,
                "degree": 2,
                "label": 4,
                "coords": [
                    14.87012,
                    178.61152,
                    -154.7125
                ]
            }
        ]
    },
    "5": {
        "ICA boundary": [
            {
                "id": 309,
                "degree": 2,
                "label": 5,
                "coords": [
                    14.87012,
                    178.61152,
                    -154.7125
                ]
            }
        ],
        "MCA end": [
            {
                "id": 347,
                "degree": 3,
                "label": 5,
                "coords": [
                    23.87012,
                    183.3584,
                    -157.75
                ]
            }
        ]
    },
    "6": {
        "ICA start": [
            {
                "id": 410,
                "degree": 1,
                "label": 6,
                "coords": [
                    -11.22363,
                    186.84277,
                    -157.75
                ]
            }
        ],
        "Pcom bifurcation": [
            {
                "id": 429,
                "degree": 3,
                "label": 6,
                "coords": [
                    -11.48092,
                    182.79693,
                    -155.27709
                ]
            }
        ],
        "Pcom boundary": [
            {
                "id": 624,
                "degree": 2,
                "label": 6,
                "coords": [
                    -10.5778,
                    181.73131,
                    -155.34896
                ]
            }
        ],
        "ICA bifurcation": [
            {
                "id": 453,
                "degree": 3,
                "label": 6,
                "coords": [
                    -16.71322,
                    181.27507,
                    -150.33333
                ]
            }
        ],
        "ACA boundary": [
            {
                "id": 802,
                "degree": 2,
                "label": 6,
                "coords": [
                    -15.62676,
                    182.4084,
                    -149.14062
                ]
            }
        ],
        "MCA boundary": [
            {
                "id": 461,
                "degree": 2,
                "label": 6,
                "coords": [
                    -18.87988,
                    180.63027,
                    -150.31875
                ]
            }
        ]
    },
    "7": {
        "ICA boundary": [
            {
                "id": 461,
                "degree": 2,
                "label": 7,
                "coords": [
                    -18.87988,
                    180.63027,
                    -150.31875
                ]
            }
        ],
        "MCA end": [
            {
                "id": 495,
                "degree": 3,
                "label": 7,