{
    "1": {
        "BA start": [
            {
                "id": 0,
                "degree": 1,
                "label": 1,
                "coords": [
                    -10.15486,
                    1.31977,
                    -18.9592
                ]
            }
        ],
        "BA bifurcation": [
            {
                "id": 56,
                "degree": 3,
                "label": 1,
                "coords": [
                    -7.5316,
                    -6.53709,
                    -6.37732
                ]
            }
        ],
        "R-PCA boundary": [
            {
                "id": 64,
                "degree": 2,
                "label": 1,
                "coords": [
                    -5.48534,
                    -7.37047,
                    -6.91646
                ]
            }
        ],
        "L-PCA boundary": [
            {
                "id": 180,
                "degree": 2,
                "label": 1,
                "coords": [
                    -8.83084,
                    -5.74624,
                    -6.00275
                ]
            }
        ]
    },
    "2": {
        "BA boundary": [
            {
                "id": 64,
                "degree": 2,
                "label": 2,
                "coords": [
                    -5.48534,
                    -7.37047,
                    -6.91646
                ]
            }
        ],
        "Pcom bifurcation": [
            {
                "id": 99,
                "degree": 3,
                "label": 2,
                "coords": [
                    1.86075,
                    -2.91187,
                    -11.73088
                ]
            }
        ],
        "Pcom boundary": [
            {
                "id": 624,
                "degree": 2,
                "label": 2,
                "coords": [
                    0.78242,
                    -1.87184,
                    -11.33091
                ]
            }
        ],
        "PCA end": [
            {
                "id": 175,
                "degree": 1,
                "label": 2,
                "coords": [
                    13.99937,
                    -11.52461,
                    -20.81398
                ]
            }
        ]
    },
    "3": {
        "BA boundary": [
            {
                "id": 180,
                "degree": 2,
                "label": 3,
                "coords": [
                    -8.83084,
                    -5.74624,
                    -6.00275
                ]
            }
        ],
        "PCA end": [
            {
                "id": 283,
                "degree": 1,
                "label": 3,
                "coords": [
                    -22.63435,
                    -16.39097,
                    -16.14541
                ]
            }
        ]
    },
    "4": {
        "ICA start": [
            {
                "id": 284,
                "degree": 1,
                "label": 4,
                "coords": [
                    4.92195,
                    18.97958,
                    -18.59362
                ]
            }
        ],
        "Pcom bifurcation": [
            {
                "id": 350,
                "degree": 3,
                "label": 4,
                "coords": [
                    5.35231,
                    13.77687,
                    -8.04988
                ]
            }
        ],
        "Pcom boundary": [
            {
                "id": 572,
                "degree": 2,
                "label": 4,
                "coords": [
                    3.6572,
                    10.86659,
                    -7.26181
                ]
            }
        ],
        "ICA bifurcation": [
            {
                "id": 373,
                "degree": 3,
                "label": 4,
                "coords": [
                    11.28957,
                    13.81597,
                    -5.63
                ]
            }
        ],
        "ACA boundary": [
            {
                "id": 636,
                "degree": 2,
                "label": 4,
                "coords": [
                    9.61243,
                    14.66361,
                    -3.45436
                ]
            }
        ],
        "MCA boundary": [
            {
                "id": 387,
                "degree": 2,
                "label": 4,
                "coords": [
                    14.93104,
                    14.47824,
                    -5.65967
                ]
            }
        ]
    },
    "5": {
        "ICA boundary": [
            {
                "id": 387,
                "degree": 2,
                "label": 5,
                "coords": [
                    14.93104,
                    14.47824,
                    -5.65967
                ]
            }
        ],
        "MCA end": [
            {
                "id": 421,
                "degree": 1,
                "label": 5,
                "coords": [
                    21.90293,
                    20.03131,
                    -10.14506
                ]
            }
        ]
    },
    "6": {
        "ICA start": [
            {
                "id": 422,
                "degree": 1,
                "label": 6,
                "coords": [
                    -20.03743,
                    17.3017,
                    -13.71968
                ]
            }
        ],
        "ICA bifurcation": [
            {
                "id": 499,
                "degree": 3,
                "label": 6,
                "coords": [
                    -19.29259,
                    9.97538,
                    -1.54721
                ]
            }
        ],
        "ACA boundary": [
            {
                "id": 811,
                "degree": 2,
                "label": 6,
                "coords": [
                    -18.05152,
                    11.72986,
                    0.39932
                ]
            }
        ],
        "MCA boundary": [
            {
                "id": 512,
                "degree": 2,
                "label": 6,
                "coords": [
                    -22.49017,
                    9.23382,
                    -1.40748
                ]
            }
        ]
    },
    "7": {
        "ICA boundary": [
            {
                "id": 512,
                "degree": 2,
                "label": 7,
                "coords": [
                    -22.49017,
                    9.23382,
                    -1.40748
                ]
            }
        ],
        "MCA end": [
            {
                "id": 560,
                "degree": 1,
                "label": 7,
                "coords": [
                    -34.65598,
                    7.46842,
                    -2.98425
                ]
            }
        ]
    },
    "8": {
        "ICA boundary": [
            {
                "id": 572,
                "degree": 2,
                "label": 8,
                "coords": [
                    3.6572,
                    10.86659,
                    -7.26181
                ]
            }
        ],
        "PCA boundary": [
            {
                "id": 624,
                "degree": 2,
                "label": 8,
                "coords": [
                    0.78242,
                    -1.87184,
                    -11.33091
                ]
            }
        ]
    },
    "10": {
        "R-ACA boundary": [
            {
                "id": 964,
                "degree": 2,
                "label": 10,
                "coords": [
                    -4.69302,
                    17.45698,
                    -4.32813
                ]
            },
            {
                "id": 989,
                "degree": 2,
                "label": 10,