{
    "1": {
        "BA start": [
            {
                "id": 0,
                "degree": 1,
                "label": 1,
                "coords": [
                    4.23047,
                    212.21484,
                    -25.27332
                ]
            }
        ],
        "BA bifurcation": [
            {
                "id": 31,
                "degree": 3,
                "label": 1,
                "coords": [
                    7.73047,
                    212.19922,
                    -18.19519
                ]
            }
        ],
        "R-PCA boundary": [
            {
                "id": 41,
                "degree": 2,
                "label": 1,
                "coords": [
                    9.67422,
                    213.98359,
                    -16.74519
                ]
            }
        ],
        "L-PCA boundary": [
            {
                "id": 163,
                "degree": 2,
                "label": 1,
                "coords": [
                    6.17734,
                    213.18047,
                    -16.06707
                ]
            }
        ]
    },
    "2": {
        "BA boundary": [
            {
                "id": 41,
                "degree": 2,
                "label": 2,
                "coords": [
                    9.67422,
                    213.98359,
                    -16.74519
                ]
            }
        ],
        "Pcom bifurcation": [
            {
                "id": 63,
                "degree": 3,
                "label": 2,
                "coords": [
                    11.14193,
                    219.26693,
                    -15.35248
                ]
            }
        ],
        "Pcom boundary": [
            {
                "id": 506,
                "degree": 2,
                "label": 2,
                "coords": [
                    11.38802,
                    219.39973,
                    -15.97279
                ]
            }
        ],
        "PCA end": [
            {
                "id": 154,
                "degree": 1,
                "label": 2,
                "coords": [
                    23.48047,
                    202.44922,
                    -11.88269
                ]
            }
        ]
    },
    "3": {
        "BA boundary": [
            {
                "id": 163,
                "degree": 2,
                "label": 3,
                "coords": [
                    6.17734,
                    213.18047,
                    -16.06707
                ]
            }
        ],
        "Pcom bifurcation": [
            {
                "id": 181,
                "degree": 3,
                "label": 3,
                "coords": [
                    1.62005,
                    215.17734,
                    -16.45353
                ]
            }
        ],
        "Pcom boundary": [
            {
                "id": 181,
                "degree": 3,
                "label": 3,
                "coords": [
                    1.62005,
                    215.17734,
                    -16.45353
                ]
            }
        ],
        "PCA end": [
            {
                "id": 252,
                "degree": 1,
                "label": 3,
                "coords": [
                    -11.25391,
                    201.38672,
                    -15.85144
                ]
            }
        ]
    },
    "4": {
        "ICA start": [
            {
                "id": 253,
                "degree": 1,
                "label": 4,
                "coords": [
                    13.71484,
                    234.69922,
                    -17.78894
                ]
            }
        ],
        "Pcom bifurcation": [
            {
                "id": 272,
                "degree": 3,
                "label": 4,
                "coords": [
                    16.98047,
                    230.33359,
                    -17.09207
                ]
            }
        ],
        "Pcom boundary": [
            {
                "id": 457,
                "degree": 2,
                "label": 4,
                "coords": [
                    17.25547,
                    229.61484,
                    -17.94832
                ]
            }
        ],
        "ICA bifurcation": [
            {
                "id": 294,
                "degree": 3,
                "label": 4,
                "coords": [
                    21.98047,
                    228.94922,
                    -13.69519
                ]
            }
        ],
        "ACA boundary": [
            {
                "id": 570,
                "degree": 2,
                "label": 4,
                "coords": [
                    20.91172,
                    228.67734,
                    -11.79832
                ]
            }
        ],
        "MCA boundary": [
            {
                "id": 305,
                "degree": 2,
                "label": 4,
                "coords": [
                    24.73047,
                    229.74922,
                    -13.44832
                ]
            }
        ]
    },
    "5": {
        "ICA boundary": [
            {
                "id": 305,
                "degree": 2,
                "label": 5,
                "coords": [
                    24.73047,
                    229.74922,
                    -13.44832
                ]
            }
        ],
        "MCA end": [
            {
                "id": 343,
                "degree": 1,
                "label": 5,
                "coords": [
                    33.18359,
                    235.94922,
                    -14.33582
                ]
            }
        ]
    },
    "6": {
        "ICA start": [
            {
                "id": 344,
                "degree": 1,
                "label": 6,
                "coords": [
                    -3.75391,
                    230.77734,
                    -21.11707
                ]
            }
        ],
        "Pcom bifurcation": [
            {
                "id": 360,
                "degree": 3,
                "label": 6,
                "coords": [
                    -5.31953,
                    227.93047,
                    -18.44207
                ]
            }
        ],
        "Pcom boundary": [
            {
                "id": 511,
                "degree": 2,
                "label": 6,
                "coords": [
                    -4.86953,
                    226.44922,
                    -18.84519
                ]
            }
        ],
        "ICA bifurcation": [
            {
                "id": 381,
                "degree": 3,
                "label": 6,
                "coords": [
                    -8.85286,
                    225.53255,
                    -13.52852
                ]
            }
        ],
        "ACA boundary": [
            {
                "id": 742,
                "degree": 2,
                "label": 6,
                "coords": [
                    -7.36328,
                    226.02422,
                    -11.29519
                ]
            }
        ],
        "MCA boundary": [
            {
                "id": 391,
                "degree": 2,
                "label": 6,
                "coords": [
                    -11.51953,
                    224.92734,
                    -13.21707
                ]
            }
        ]
    },
    "7": {
        "ICA boundary": [
            {
                "id": 391,
                "degree": 2,
                "label": 7,
                "coords": [
                    -11.51953,
                    224.92734,
                    -13.21707
                ]
            }
        ],
        "MCA end": [
            {
                "id": 454,
                "degree": 1,
                "label": 7,