{
    "1": {
        "BA start": [
            {
                "id": 0,
                "degree": 1,
                "label": 1,
                "coords": [
                    4.5139,
                    -11.14089,
                    -0.79265
                ]
            }
        ],
        "BA bifurcation": [
            {
                "id": 27,
                "degree": 3,
                "label": 1,
                "coords": [
                    3.06787,
                    -12.58537,
                    6.09256
                ]
            }
        ],
        "R-PCA boundary": [
            {
                "id": 33,
                "degree": 2,
                "label": 1,
                "coords": [
                    4.40804,
                    -13.23994,
                    7.20303
                ]
            }
        ],
        "L-PCA boundary": [
            {
                "id": 135,
                "degree": 2,
                "label": 1,
                "coords": [
                    0.19726,
                    -11.25476,
                    7.43385
                ]
            }
        ]
    },
    "2": {
        "BA boundary": [
            {
                "id": 33,
                "degree": 2,
                "label": 2,
                "coords": [
                    4.40804,
                    -13.23994,
                    7.20303
                ]
            }
        ],
        "Pcom bifurcation": [
            {
                "id": 68,
                "degree": 3,
                "label": 2,
                "coords": [
                    11.01394,
                    -8.14967,
                    8.55763
                ]
            }
        ],
        "Pcom boundary": [
            {
                "id": 568,
                "degree": 2,
                "label": 2,
                "coords": [
                    10.63107,
                    -7.02246,
                    7.80237
                ]
            }
        ],
        "PCA end": [
            {
                "id": 123,
                "degree": 1,
                "label": 2,
                "coords": [
                    18.93426,
                    -20.36553,
                    8.78153
                ]
            }
        ]
    },
    "3": {
        "BA boundary": [
            {
                "id": 135,
                "degree": 2,
                "label": 3,
                "coords": [
                    0.19726,
                    -11.25476,
                    7.43385
                ]
            }
        ],
        "PCA end": [
            {
                "id": 240,
                "degree": 1,
                "label": 3,
                "coords": [
                    -17.4273,
                    -21.81367,
                    8.71031
                ]
            }
        ]
    },
    "4": {
        "ICA start": [
            {
                "id": 241,
                "degree": 1,
                "label": 4,
                "coords": [
                    14.71021,
                    2.55743,
                    2.60008
                ]
            }
        ],
        "Pcom bifurcation": [
            {
                "id": 312,
                "degree": 3,
                "label": 4,
                "coords": [
                    12.72687,
                    0.54107,
                    9.16764
                ]
            }
        ],
        "Pcom boundary": [
            {
                "id": 548,
                "degree": 2,
                "label": 4,
                "coords": [
                    12.38948,
                    -1.48771,
                    7.46607
                ]
            }
        ],
        "ICA bifurcation": [
            {
                "id": 332,
                "degree": 3,
                "label": 4,
                "coords": [
                    16.231,
                    0.33656,
                    13.98016
                ]
            }
        ],
        "ACA boundary": [
            {
                "id": 580,
                "degree": 2,
                "label": 4,
                "coords": [
                    14.69963,
                    -0.17412,
                    15.77398
                ]
            }
        ],
        "MCA boundary": [
            {
                "id": 343,
                "degree": 2,
                "label": 4,
                "coords": [
                    18.92832,
                    1.85427,
                    15.0763
                ]
            }
        ]
    },
    "5": {
        "ICA boundary": [
            {
                "id": 343,
                "degree": 2,
                "label": 5,
                "coords": [
                    18.92832,
                    1.85427,
                    15.0763
                ]
            }
        ],
        "MCA end": [
            {
                "id": 390,
                "degree": 1,
                "label": 5,
                "coords": [
                    29.81282,
                    7.34847,
                    12.27344
                ]
            }
        ]
    },
    "6": {
        "ICA start": [
            {
                "id": 391,
                "degree": 1,
                "label": 6,
                "coords": [
                    -9.00816,
                    4.1024,
                    -0.57601
                ]
            }
        ],
        "ICA bifurcation": [
            {
                "id": 483,
                "degree": 3,
                "label": 6,
                "coords": [
                    -9.68593,
                    -0.66114,
                    10.64401
                ]
            }
        ],
        "ACA boundary": [
            {
                "id": 682,
                "degree": 2,
                "label": 6,
                "coords": [
                    -8.70465,
                    -1.1736,
                    12.06631
                ]
            }
        ],
        "MCA boundary": [
            {
                "id": 493,
                "degree": 2,
                "label": 6,
                "coords": [
                    -12.21266,
                    0.72187,
                    10.60316
                ]
            }
        ]
    },
    "7": {
        "ICA boundary": [
            {
                "id": 493,
                "degree": 2,
                "label": 7,
                "coords": [
                    -12.21266,
                    0.72187,
                    10.60316
                ]
            }
        ],
        "MCA end": [
            {
                "id": 540,
                "degree": 1,
                "label": 7,
                "coords": [
                    -23.74501,
                    4.81997,
                    8.32834
                ]
            }
        ]
    },
    "8": {
        "ICA boundary": [
            {
                "id": 548,
                "degree": 2,
                "label": 8,
                "coords": [
                    12.38948,
                    -1.48771,
                    7.46607
                ]
            }
        ],
        "PCA boundary": [
            {
                "id": 568,
                "degree": 2,
                "label": 8,
                "coords": [
                    10.63107,
                    -7.02246,
                    7.80237
                ]
            }
        ]
    },
    "11": {
        "ICA boundary": [
            {
                "id": 580,
                "degree": 2,
                "label": 11,
                "coords": [
                    14.69963,
                    -0.17412,
                    15.77398
                ]
            }
        ],
        "ACA end": [
            {
                "id": 676,
                "degree": 1,
                "label": 11,