{
    "1": {
        "BA start": [
            {
                "id": 0,
                "degree": 1,
                "label": 1,
                "coords": [
                    -4.14062,
                    -17.10396,
                    -26.83803
                ]
            }
        ],
        "R-PCA boundary": [
            {
                "id": 77,
                "degree": 2,
                "label": 1,
                "coords": [
                    0.90625,
                    -3.97271,
                    -10.28178
                ]
            }
        ]
    },
    "2": {
        "BA boundary": [
            {
                "id": 77,
                "degree": 2,
                "label": 2,
                "coords": [
                    0.90625,
                    -3.97271,
                    -10.28178
                ]
            }
        ],
        "PCA end": [
            {
                "id": 200,
                "degree": 1,
                "label": 2,
                "coords": [
                    22.03125,
                    -23.35396,
                    -6.74428
                ]
            }
        ]
    },
    "3": {
        "Pcom boundary": [
            {
                "id": 545,
                "degree": 2,
                "label": 3,
                "coords": [
                    -7.35,
                    -2.85396,
                    -12.08803
                ]
            }
        ],
        "PCA end": [
            {
                "id": 626,
                "degree": 1,
                "label": 3,
                "coords": [
                    -18.29687,
                    -21.77583,
                    -7.33803
                ]
            }
        ]
    },
    "4": {
        "ICA start": [
            {
                "id": 201,
                "degree": 1,
                "label": 4,
                "coords": [
                    17.875,
                    12.14605,
                    -19.10365
                ]
            }
        ],
        "ICA bifurcation": [
            {
                "id": 293,
                "degree": 3,
                "label": 4,
                "coords": [
                    17.20313,
                    5.14604,
                    -3.08803
                ]
            }
        ],
        "ACA boundary": [
            {
                "id": 635,
                "degree": 2,
                "label": 4,
                "coords": [
                    16.7,
                    4.91792,
                    -0.83803
                ]
            }
        ],
        "MCA boundary": [
            {
                "id": 303,
                "degree": 2,
                "label": 4,
                "coords": [
                    19.70313,
                    4.44917,
                    -3.34115
                ]
            }
        ]
    },
    "5": {
        "ICA boundary": [
            {
                "id": 303,
                "degree": 2,
                "label": 5,
                "coords": [
                    19.70313,
                    4.44917,
                    -3.34115
                ]
            }
        ],
        "MCA end": [
            {
                "id": 356,
                "degree": 1,
                "label": 5,
                "coords": [
                    31.70313,
                    8.89604,
                    -2.16615
                ]
            }
        ]
    },
    "6": {
        "ICA start": [
            {
                "id": 357,
                "degree": 1,
                "label": 6,
                "coords": [
                    -12.125,
                    9.64605,
                    -18.41615
                ]
            }
        ],
        "Pcom bifurcation": [
            {
                "id": 428,
                "degree": 3,
                "label": 6,
                "coords": [
                    -2.98125,
                    8.05646,
                    -9.04219
                ]
            }
        ],
        "Pcom boundary": [
            {
                "id": 513,
                "degree": 2,
                "label": 6,
                "coords": [
                    -2.76562,
                    6.29604,
                    -10.65365
                ]
            }
        ],
        "ICA bifurcation": [
            {
                "id": 455,
                "degree": 3,
                "label": 6,
                "coords": [
                    -8.04687,
                    4.89604,
                    -2.58803
                ]
            }
        ],
        "ACA boundary": [
            {
                "id": 772,
                "degree": 2,
                "label": 6,
                "coords": [
                    -7.00937,
                    6.39604,
                    -0.85678
                ]
            }
        ],
        "MCA boundary": [
            {
                "id": 464,
                "degree": 2,
                "label": 6,
                "coords": [
                    -10.29687,
                    3.89917,
                    -2.1599
                ]
            }
        ]
    },
    "7": {
        "ICA boundary": [
            {
                "id": 464,
                "degree": 2,
                "label": 7,
                "coords": [
                    -10.29687,
                    3.89917,
                    -2.1599
                ]
            }
        ],
        "MCA end": [
            {
                "id": 507,
                "degree": 1,
                "label": 7,
                "coords": [
                    -21.04687,
                    2.89604,
                    -1.16615
                ]
            }
        ]
    },
    "9": {
        "ICA boundary": [
            {
                "id": 513,
                "degree": 2,
                "label": 9,
                "coords": [
                    -2.76562,
                    6.29604,
                    -10.65365
                ]
            }
        ],
        "PCA boundary": [
            {
                "id": 545,
                "degree": 2,
                "label": 9,
                "coords": [
                    -7.35,
                    -2.85396,
                    -12.08803
                ]
            }
        ]
    },
    "10": {
        "R-ACA boundary": [
            {
                "id": 903,
                "degree": 2,
                "label": 10,
                "coords": [
                    5.45,
                    13.03042,
                    -0.14115
                ]
            }
        ],
        "L-ACA boundary": [
            {
                "id": 913,
                "degree": 2,
                "label": 10,
                "coords": [
                    2.95313,
                    12.71792,
                    -0.6224
                ]
            }
        ],
        "3rd-A2 bifurcation": [
            {
                "id": 908,
                "degree": 3,
                "label": 10,
                "coords": [
                    4.20312,
                    12.89292,
                    -0.06928
                ]
            }
        ],
        "3rd-A2 boundary": [
            {
                "id": 922,
                "degree": 2,
                "label": 10,
                "coords": [
                    4.35313,
                    12.1898,
                    1.66197
                ]
            }
        ]
    },
    "11": {
        "ICA boundary": [
            {
                "id": 635,
                "degree": 2,
                "label": 11,
                "coords": [
                    16.7,
                    4.91792,
                    -0.83803
                ]
            }
        ],
        "Acom bifurcation": [
            {
                "id": 684,
                "degree": 3,
                "label": 11,