{
    "1": {
        "BA start": [
            {
                "id": 0,
                "degree": 1,
                "label": 1,
                "coords": [
                    -4.46966,
                    -9.81619,
                    -9.1854
                ]
            }
        ],
        "BA bifurcation": [
            {
                "id": 60,
                "degree": 3,
                "label": 1,
                "coords": [
                    -8.79343,
                    -9.46465,
                    4.49467
                ]
            }
        ],
        "R-PCA boundary": [
            {
                "id": 68,
                "degree": 2,
                "label": 1,
                "coords": [
                    -6.96768,
                    -10.75198,
                    5.72205
                ]
            }
        ],
        "L-PCA boundary": [
            {
                "id": 170,
                "degree": 2,
                "label": 1,
                "coords": [
                    -11.203,
                    -10.47161,
                    5.49342
                ]
            }
        ]
    },
    "2": {
        "BA boundary": [
            {
                "id": 68,
                "degree": 2,
                "label": 2,
                "coords": [
                    -6.96768,
                    -10.75198,
                    5.72205
                ]
            }
        ],
        "Pcom bifurcation": [
            {
                "id": 91,
                "degree": 3,
                "label": 2,
                "coords": [
                    -1.24361,
                    -11.02324,
                    6.25273
                ]
            }
        ],
        "Pcom boundary": [
            {
                "id": 621,
                "degree": 2,
                "label": 2,
                "coords": [
                    -1.41274,
                    -9.55481,
                    6.83458
                ]
            }
        ],
        "PCA end": [
            {
                "id": 161,
                "degree": 1,
                "label": 2,
                "coords": [
                    10.74293,
                    -23.57385,
                    2.68826
                ]
            }
        ]
    },
    "3": {
        "BA boundary": [
            {
                "id": 170,
                "degree": 2,
                "label": 3,
                "coords": [
                    -11.203,
                    -10.47161,
                    5.49342
                ]
            }
        ],
        "PCA end": [
            {
                "id": 263,
                "degree": 1,
                "label": 3,
                "coords": [
                    -25.77546,
                    -20.64276,
                    0.69341
                ]
            }
        ]
    },
    "4": {
        "ICA start": [
            {
                "id": 264,
                "degree": 1,
                "label": 4,
                "coords": [
                    6.36128,
                    5.86964,
                    -2.18364
                ]
            }
        ],
        "Pcom bifurcation": [
            {
                "id": 335,
                "degree": 3,
                "label": 4,
                "coords": [
                    2.18651,
                    2.68026,
                    5.23117
                ]
            }
        ],
        "Pcom boundary": [
            {
                "id": 575,
                "degree": 2,
                "label": 4,
                "coords": [
                    1.22989,
                    1.76579,
                    3.39724
                ]
            }
        ],
        "ICA bifurcation": [
            {
                "id": 357,
                "degree": 3,
                "label": 4,
                "coords": [
                    6.51912,
                    -0.15889,
                    8.46222
                ]
            }
        ],
        "ACA boundary": [
            {
                "id": 634,
                "degree": 2,
                "label": 4,
                "coords": [
                    4.41378,
                    -0.74179,
                    9.9798
                ]
            }
        ],
        "MCA boundary": [
            {
                "id": 365,
                "degree": 2,
                "label": 4,
                "coords": [
                    8.55447,
                    0.53059,
                    8.92501
                ]
            }
        ]
    },
    "5": {
        "ICA boundary": [
            {
                "id": 365,
                "degree": 2,
                "label": 5,
                "coords": [
                    8.55447,
                    0.53059,
                    8.92501
                ]
            }
        ],
        "MCA end": [
            {
                "id": 411,
                "degree": 1,
                "label": 5,
                "coords": [
                    19.94959,
                    6.69428,
                    7.5429
                ]
            }
        ]
    },
    "6": {
        "ICA start": [
            {
                "id": 412,
                "degree": 1,
                "label": 6,
                "coords": [
                    -17.22028,
                    12.02545,
                    -5.36057
                ]
            }
        ],
        "ICA bifurcation": [
            {
                "id": 504,
                "degree": 3,
                "label": 6,
                "coords": [
                    -19.5183,
                    0.25865,
                    6.15209
                ]
            }
        ],
        "ACA boundary": [
            {
                "id": 725,
                "degree": 2,
                "label": 6,
                "coords": [
                    -17.71919,
                    0.53568,
                    7.14861
                ]
            }
        ],
        "MCA boundary": [
            {
                "id": 512,
                "degree": 2,
                "label": 6,
                "coords": [
                    -21.72169,
                    0.50578,
                    6.82438
                ]
            }
        ]
    },
    "7": {
        "ICA boundary": [
            {
                "id": 512,
                "degree": 2,
                "label": 7,
                "coords": [
                    -21.72169,
                    0.50578,
                    6.82438
                ]
            }
        ],
        "MCA end": [
            {
                "id": 568,
                "degree": 1,
                "label": 7,
                "coords": [
                    -28.8444,
                    11.20582,
                    3.30174
                ]
            }
        ]
    },
    "8": {
        "ICA boundary": [
            {
                "id": 575,
                "degree": 2,
                "label": 8,
                "coords": [
                    1.22989,
                    1.76579,
                    3.39724
                ]
            }
        ],
        "PCA boundary": [
            {
                "id": 621,
                "degree": 2,
                "label": 8,
                "coords": [
                    -1.41274,
                    -9.55481,
                    6.83458
                ]
            }
        ]
    },
    "10": {
        "R-ACA boundary": [
            {
                "id": 806,
                "degree": 2,
                "label": 10,
                "coords": [
                    -4.04909,
                    6.52148,
                    8.34521
                ]
            }
        ],
        "L-ACA boundary": [
            {
                "id": 823,
                "degree": 2,
                "label": 10,