{
    "1": {
        "BA start": [
            {
                "id": 0,
                "degree": 1,
                "label": 1,
                "coords": [
                    -1.81173,
                    -13.15759,
                    23.37819
                ]
            }
        ],
        "BA bifurcation": [
            {
                "id": 67,
                "degree": 3,
                "label": 1,
                "coords": [
                    6.07695,
                    -15.9559,
                    39.87819
                ]
            }
        ],
        "R-PCA boundary": [
            {
                "id": 72,
                "degree": 2,
                "label": 1,
                "coords": [
                    7.32291,
                    -15.68942,
                    39.97819
                ]
            }
        ],
        "L-PCA boundary": [
            {
                "id": 164,
                "degree": 2,
                "label": 1,
                "coords": [
                    4.33467,
                    -16.46145,
                    40.76257
                ]
            }
        ]
    },
    "2": {
        "BA boundary": [
            {
                "id": 72,
                "degree": 2,
                "label": 2,
                "coords": [
                    7.32291,
                    -15.68942,
                    39.97819
                ]
            }
        ],
        "PCA end": [
            {
                "id": 157,
                "degree": 1,
                "label": 2,
                "coords": [
                    20.47082,
                    -28.98142,
                    37.53444
                ]
            }
        ]
    },
    "3": {
        "BA boundary": [
            {
                "id": 164,
                "degree": 2,
                "label": 3,
                "coords": [
                    4.33467,
                    -16.46145,
                    40.76257
                ]
            }
        ],
        "Pcom bifurcation": [
            {
                "id": 202,
                "degree": 3,
                "label": 3,
                "coords": [
                    -4.57626,
                    -14.64182,
                    36.77819
                ]
            }
        ],
        "Pcom boundary": [
            {
                "id": 657,
                "degree": 2,
                "label": 3,
                "coords": [
                    -3.97596,
                    -13.86042,
                    36.27819
                ]
            }
        ],
        "PCA end": [
            {
                "id": 272,
                "degree": 1,
                "label": 3,
                "coords": [
                    -18.21617,
                    -25.33864,
                    38.12819
                ]
            }
        ]
    },
    "4": {
        "ICA start": [
            {
                "id": 273,
                "degree": 1,
                "label": 4,
                "coords": [
                    7.77826,
                    3.07317,
                    29.87819
                ]
            }
        ],
        "ICA bifurcation": [
            {
                "id": 365,
                "degree": 3,
                "label": 4,
                "coords": [
                    15.16873,
                    -5.81184,
                    38.62819
                ]
            }
        ],
        "ACA boundary": [
            {
                "id": 666,
                "degree": 2,
                "label": 4,
                "coords": [
                    15.15809,
                    -6.3277,
                    40.37819
                ]
            }
        ],
        "MCA boundary": [
            {
                "id": 376,
                "degree": 2,
                "label": 4,
                "coords": [
                    17.91054,
                    -5.26871,
                    38.27819
                ]
            }
        ]
    },
    "5": {
        "ICA boundary": [
            {
                "id": 376,
                "degree": 2,
                "label": 5,
                "coords": [
                    17.91054,
                    -5.26871,
                    38.27819
                ]
            }
        ],
        "MCA end": [
            {
                "id": 441,
                "degree": 1,
                "label": 5,
                "coords": [
                    33.50545,
                    4.72748,
                    36.12819
                ]
            }
        ]
    },
    "6": {
        "ICA start": [
            {
                "id": 442,
                "degree": 1,
                "label": 6,
                "coords": [
                    -10.99692,
                    4.52844,
                    27.47194
                ]
            }
        ],
        "Pcom bifurcation": [
            {
                "id": 513,
                "degree": 3,
                "label": 6,
                "coords": [
                    -8.79153,
                    -1.16887,
                    38.54694
                ]
            }
        ],
        "Pcom boundary": [
            {
                "id": 612,
                "degree": 2,
                "label": 6,
                "coords": [
                    -7.40698,
                    -2.36289,
                    38.32507
                ]
            }
        ],
        "ICA bifurcation": [
            {
                "id": 535,
                "degree": 3,
                "label": 6,
                "coords": [
                    -14.12871,
                    -3.02168,
                    42.87819
                ]
            }
        ],
        "ACA boundary": [
            {
                "id": 790,
                "degree": 2,
                "label": 6,
                "coords": [
                    -12.87579,
                    -1.80498,
                    44.67819
                ]
            }
        ],
        "MCA boundary": [
            {
                "id": 544,
                "degree": 2,
                "label": 6,
                "coords": [
                    -16.37141,
                    -3.50384,
                    43.07819
                ]
            }
        ]
    },
    "7": {
        "ICA boundary": [
            {
                "id": 544,
                "degree": 2,
                "label": 7,
                "coords": [
                    -16.37141,
                    -3.50384,
                    43.07819
                ]
            }
        ],
        "MCA end": [
            {
                "id": 607,
                "degree": 1,
                "label": 7,
                "coords": [
                    -23.53472,
                    7.83191,
                    40.61257
                ]
            }
        ]
    },
    "9": {
        "ICA boundary": [
            {
                "id": 612,
                "degree": 2,
                "label": 9,
                "coords": [
                    -7.40698,
                    -2.36289,
                    38.32507
                ]
            }
        ],
        "PCA boundary": [
            {
                "id": 657,
                "degree": 2,
                "label": 9,
                "coords": [
                    -3.97596,
                    -13.86042,
                    36.27819
                ]
            }
        ]
    },
    "10": {
        "R-ACA boundary": [
            {
                "id": 913,
                "degree": 2,
                "label": 10,
                "coords": [
                    1.80111,
                    1.37283,
                    44.32194
                ]
            }
        ],
        "L-ACA boundary": [
            {
                "id": 926,
                "degree": 2,
                "label": 10,