{
    "1": {
        "BA start": [
            {
                "id": 0,
                "degree": 1,
                "label": 1,
                "coords": [
                    7.99707,
                    204.56348,
                    -212.54834
                ]
            }
        ],
        "BA bifurcation": [
            {
                "id": 51,
                "degree": 3,
                "label": 1,
                "coords": [
                    3.80436,
                    204.8291,
                    -199.63167
                ]
            }
        ],
        "R-PCA boundary": [
            {
                "id": 62,
                "degree": 2,
                "label": 1,
                "coords": [
                    5.54395,
                    204.02598,
                    -197.39836
                ]
            }
        ],
        "L-PCA boundary": [
            {
                "id": 169,
                "degree": 2,
                "label": 1,
                "coords": [
                    0.9877,
                    204.8291,
                    -197.76711
                ]
            }
        ]
    },
    "2": {
        "BA boundary": [
            {
                "id": 62,
                "degree": 2,
                "label": 2,
                "coords": [
                    5.54395,
                    204.02598,
                    -197.39836
                ]
            }
        ],
        "PCA end": [
            {
                "id": 158,
                "degree": 1,
                "label": 2,
                "coords": [
                    20.46582,
                    193.3291,
                    -203.81398
                ]
            }
        ]
    },
    "3": {
        "BA boundary": [
            {
                "id": 169,
                "degree": 2,
                "label": 3,
                "coords": [
                    0.9877,
                    204.8291,
                    -197.76711
                ]
            }
        ],
        "PCA end": [
            {
                "id": 268,
                "degree": 1,
                "label": 3,
                "coords": [
                    -11.37793,
                    192.5791,
                    -203.79836
                ]
            }
        ]
    },
    "4": {
        "ICA start": [
            {
                "id": 269,
                "degree": 1,
                "label": 4,
                "coords": [
                    15.15332,
                    219.90723,
                    -208.03273
                ]
            }
        ],
        "ICA bifurcation": [
            {
                "id": 308,
                "degree": 3,
                "label": 4,
                "coords": [
                    20.3877,
                    216.24577,
                    -198.88167
                ]
            }
        ],
        "ACA boundary": [
            {
                "id": 448,
                "degree": 2,
                "label": 4,
                "coords": [
                    18.8877,
                    215.49473,
                    -198.10148
                ]
            }
        ],
        "MCA boundary": [
            {
                "id": 319,
                "degree": 2,
                "label": 4,
                "coords": [
                    22.64082,
                    217.5291,
                    -196.54836
                ]
            }
        ]
    },
    "5": {
        "ICA boundary": [
            {
                "id": 319,
                "degree": 2,
                "label": 5,
                "coords": [
                    22.64082,
                    217.5291,
                    -196.54836
                ]
            }
        ],
        "MCA end": [
            {
                "id": 361,
                "degree": 1,
                "label": 5,
                "coords": [
                    33.1377,
                    220.8291,
                    -194.81398
                ]
            }
        ]
    },
    "6": {
        "ICA start": [
            {
                "id": 362,
                "degree": 1,
                "label": 6,
                "coords": [
                    -5.03418,
                    218.81348,
                    -209.39211
                ]
            }
        ],
        "ICA bifurcation": [
            {
                "id": 401,
                "degree": 3,
                "label": 6,
                "coords": [
                    -13.1123,
                    216.0791,
                    -203.54834
                ]
            }
        ],
        "ACA boundary": [
            {
                "id": 590,
                "degree": 2,
                "label": 6,
                "coords": [
                    -11.34355,
                    215.52285,
                    -201.75461
                ]
            }
        ],
        "MCA boundary": [
            {
                "id": 411,
                "degree": 2,
                "label": 6,
                "coords": [
                    -15.30918,
                    217.9291,
                    -202.39523
                ]
            }
        ]
    },
    "7": {
        "ICA boundary": [
            {
                "id": 411,
                "degree": 2,
                "label": 7,
                "coords": [
                    -15.30918,
                    217.9291,
                    -202.39523
                ]
            }
        ],
        "MCA end": [
            {
                "id": 442,
                "degree": 1,
                "label": 7,
                "coords": [
                    -21.8623,
                    223.5791,
                    -202.22023
                ]
            }
        ]
    },
    "10": {
        "R-ACA boundary": [
            {
                "id": 728,
                "degree": 2,
                "label": 10,
                "coords": [
                    3.62758,
                    219.13377,
                    -200.64334
                ]
            }
        ],
        "L-ACA boundary": [
            {
                "id": 647,
                "degree": 3,
                "label": 10,
                "coords": [
                    2.17832,
                    218.78223,
                    -200.59523
                ]
            }
        ]
    },
    "11": {
        "ICA boundary": [
            {
                "id": 448,
                "degree": 2,
                "label": 11,
                "coords": [
                    18.8877,
                    215.49473,
                    -198.10148
                ]
            }
        ],
        "Acom bifurcation": [
            {
                "id": 508,
                "degree": 3,
                "label": 11,
                "coords": [
                    4.34726,
                    219.29777,
                    -200.66273
                ]
            }
        ],
        "Acom boundary": [
            {
                "id": 728,
                "degree": 2,
                "label": 11,
                "coords": [
                    3.62758,
                    219.13377,
                    -200.64334
                ]
            }
        ],
        "ACA end": [
            {
                "id": 581,
                "degree": 1,
                "label": 11,
                "coords": [
                    -0.5498,
                    233.84473,
                    -186.06398
                ]
            }
        ]
    },
    "12": {
        "ICA boundary": [
            {
                "id": 590,
                "degree": 2,
                "label": 12,
                "coords": [
                    -11.34355,
                    215.52285,
                    -201.75461
                ]
            }
        ],
        "Acom bifurcation": [
            {
                "id": 647,
                "degree": 3,