{
    "1": {
        "BA start": [
            {
                "id": 0,
                "degree": 1,
                "label": 1,
                "coords": [
                    0.75098,
                    197.89551,
                    62.049
                ]
            }
        ],
        "BA bifurcation": [
            {
                "id": 39,
                "degree": 3,
                "label": 1,
                "coords": [
                    3.09993,
                    200.0778,
                    71.96566
                ]
            }
        ],
        "R-PCA boundary": [
            {
                "id": 45,
                "degree": 2,
                "label": 1,
                "coords": [
                    4.7666,
                    200.15801,
                    73.13025
                ]
            }
        ],
        "L-PCA boundary": [
            {
                "id": 128,
                "degree": 2,
                "label": 1,
                "coords": [
                    1.78848,
                    201.03301,
                    72.95212
                ]
            }
        ]
    },
    "2": {
        "BA boundary": [
            {
                "id": 45,
                "degree": 2,
                "label": 2,
                "coords": [
                    4.7666,
                    200.15801,
                    73.13025
                ]
            }
        ],
        "PCA end": [
            {
                "id": 122,
                "degree": 1,
                "label": 2,
                "coords": [
                    21.00098,
                    190.91113,
                    68.549
                ]
            }
        ]
    },
    "3": {
        "BA boundary": [
            {
                "id": 128,
                "degree": 2,
                "label": 3,
                "coords": [
                    1.78848,
                    201.03301,
                    72.95212
                ]
            }
        ],
        "Pcom bifurcation": [
            {
                "id": 151,
                "degree": 3,
                "label": 3,
                "coords": [
                    -2.9834,
                    204.91113,
                    73.68025
                ]
            }
        ],
        "Pcom boundary": [
            {
                "id": 468,
                "degree": 2,
                "label": 3,
                "coords": [
                    -2.74902,
                    205.64238,
                    72.79587
                ]
            }
        ],
        "PCA end": [
            {
                "id": 234,
                "degree": 1,
                "label": 3,
                "coords": [
                    -17.57715,
                    190.23926,
                    72.049
                ]
            }
        ]
    },
    "4": {
        "ICA start": [
            {
                "id": 235,
                "degree": 1,
                "label": 4,
                "coords": [
                    9.0166,
                    216.83301,
                    64.14275
                ]
            }
        ],
        "ICA bifurcation": [
            {
                "id": 274,
                "degree": 3,
                "label": 4,
                "coords": [
                    17.0166,
                    212.16113,
                    67.299
                ]
            }
        ],
        "ACA boundary": [
            {
                "id": 476,
                "degree": 2,
                "label": 4,
                "coords": [
                    16.8416,
                    212.79238,
                    68.79587
                ]
            }
        ],
        "MCA boundary": [
            {
                "id": 286,
                "degree": 2,
                "label": 4,
                "coords": [
                    20.0166,
                    212.16113,
                    67.049
                ]
            }
        ]
    },
    "5": {
        "ICA boundary": [
            {
                "id": 286,
                "degree": 2,
                "label": 5,
                "coords": [
                    20.0166,
                    212.16113,
                    67.049
                ]
            }
        ],
        "MCA end": [
            {
                "id": 327,
                "degree": 1,
                "label": 5,
                "coords": [
                    30.03223,
                    217.39551,
                    64.7365
                ]
            }
        ]
    },
    "6": {
        "ICA start": [
            {
                "id": 328,
                "degree": 1,
                "label": 6,
                "coords": [
                    -7.15527,
                    217.91113,
                    63.06462
                ]
            }
        ],
        "Pcom bifurcation": [
            {
                "id": 347,
                "degree": 3,
                "label": 6,
                "coords": [
                    -9.40215,
                    214.26113,
                    66.849
                ]
            }
        ],
        "Pcom boundary": [
            {
                "id": 418,
                "degree": 2,
                "label": 6,
                "coords": [
                    -9.81152,
                    213.16113,
                    66.03337
                ]
            }
        ],
        "ICA bifurcation": [
            {
                "id": 365,
                "degree": 3,
                "label": 6,
                "coords": [
                    -13.2334,
                    214.41113,
                    70.299
                ]
            }
        ],
        "ACA boundary": [
            {
                "id": 613,
                "degree": 2,
                "label": 6,
                "coords": [
                    -11.4834,
                    214.65801,
                    71.62087
                ]
            }
        ],
        "MCA boundary": [
            {
                "id": 373,
                "degree": 2,
                "label": 6,
                "coords": [
                    -15.03652,
                    215.66426,
                    70.19587
                ]
            }
        ]
    },
    "7": {
        "ICA boundary": [
            {
                "id": 373,
                "degree": 2,
                "label": 7,
                "coords": [
                    -15.03652,
                    215.66426,
                    70.19587
                ]
            }
        ],
        "MCA end": [
            {
                "id": 414,
                "degree": 1,
                "label": 7,
                "coords": [
                    -23.9834,
                    223.17676,
                    69.3615
                ]
            }
        ]
    },
    "9": {
        "ICA boundary": [
            {
                "id": 418,
                "degree": 2,
                "label": 9,
                "coords": [
                    -9.81152,
                    213.16113,
                    66.03337
                ]
            }
        ],
        "PCA boundary": [
            {
                "id": 468,
                "degree": 2,
                "label": 9,
                "coords": [
                    -2.74902,
                    205.64238,
                    72.79587
                ]
            }
        ]
    },
    "10": {
        "R-ACA boundary": [
            {
                "id": 739,
                "degree": 2,
                "label": 10,
                "coords": [
                    2.84764,
                    217.1328,
                    71.87254
                ]
            }
        ],
        "L-ACA boundary": [
            {
                "id": 663,
                "degree": 3,
                "label": 10,