{
    "1": {
        "BA start": [
            {
                "id": 0,
                "degree": 1,
                "label": 1,
                "coords": [
                    -0.24609,
                    194.92578,
                    43.60001
                ]
            }
        ],
        "BA bifurcation": [
            {
                "id": 54,
                "degree": 3,
                "label": 1,
                "coords": [
                    1.35286,
                    193.02474,
                    56.93334
                ]
            }
        ],
        "R-PCA boundary": [
            {
                "id": 58,
                "degree": 2,
                "label": 1,
                "coords": [
                    2.51745,
                    192.55807,
                    57.4323
                ]
            }
        ],
        "L-PCA boundary": [
            {
                "id": 163,
                "degree": 2,
                "label": 1,
                "coords": [
                    -0.73047,
                    192.39766,
                    57.90313
                ]
            }
        ]
    },
    "2": {
        "BA boundary": [
            {
                "id": 58,
                "degree": 2,
                "label": 2,
                "coords": [
                    2.51745,
                    192.55807,
                    57.4323
                ]
            }
        ],
        "PCA end": [
            {
                "id": 154,
                "degree": 1,
                "label": 2,
                "coords": [
                    18.45703,
                    181.36328,
                    53.60001
                ]
            }
        ]
    },
    "3": {
        "BA boundary": [
            {
                "id": 163,
                "degree": 2,
                "label": 3,
                "coords": [
                    -0.73047,
                    192.39766,
                    57.90313
                ]
            }
        ],
        "PCA end": [
            {
                "id": 260,
                "degree": 1,
                "label": 3,
                "coords": [
                    -15.98047,
                    182.44141,
                    52.11563
                ]
            }
        ]
    },
    "4": {
        "ICA start": [
            {
                "id": 261,
                "degree": 1,
                "label": 4,
                "coords": [
                    8.19141,
                    208.76953,
                    46.83438
                ]
            }
        ],
        "ICA bifurcation": [
            {
                "id": 300,
                "degree": 3,
                "label": 4,
                "coords": [
                    14.01953,
                    201.19141,
                    52.10001
                ]
            }
        ],
        "ACA boundary": [
            {
                "id": 449,
                "degree": 2,
                "label": 4,
                "coords": [
                    12.86953,
                    200.72891,
                    52.92188
                ]
            }
        ],
        "MCA boundary": [
            {
                "id": 308,
                "degree": 2,
                "label": 4,
                "coords": [
                    16.01953,
                    201.22891,
                    52.77501
                ]
            }
        ]
    },
    "5": {
        "ICA boundary": [
            {
                "id": 308,
                "degree": 2,
                "label": 5,
                "coords": [
                    16.01953,
                    201.22891,
                    52.77501
                ]
            }
        ],
        "MCA end": [
            {
                "id": 350,
                "degree": 1,
                "label": 5,
                "coords": [
                    26.51953,
                    203.70703,
                    55.60001
                ]
            }
        ]
    },
    "6": {
        "ICA start": [
            {
                "id": 351,
                "degree": 1,
                "label": 6,
                "coords": [
                    -10.13672,
                    207.44141,
                    44.85001
                ]
            }
        ],
        "ICA bifurcation": [
            {
                "id": 390,
                "degree": 3,
                "label": 6,
                "coords": [
                    -14.98047,
                    199.94141,
                    50.60001
                ]
            }
        ],
        "ACA boundary": [
            {
                "id": 588,
                "degree": 2,
                "label": 6,
                "coords": [
                    -14.03359,
                    200.13516,
                    51.36876
                ]
            }
        ],
        "MCA boundary": [
            {
                "id": 398,
                "degree": 2,
                "label": 6,
                "coords": [
                    -16.98047,
                    200.02266,
                    51.20313
                ]
            }
        ]
    },
    "7": {
        "ICA boundary": [
            {
                "id": 398,
                "degree": 2,
                "label": 7,
                "coords": [
                    -16.98047,
                    200.02266,
                    51.20313
                ]
            }
        ],
        "MCA end": [
            {
                "id": 444,
                "degree": 1,
                "label": 7,
                "coords": [
                    -28.48047,
                    200.28516,
                    54.35001
                ]
            }
        ]
    },
    "10": {
        "R-ACA boundary": [
            {
                "id": 729,
                "degree": 2,
                "label": 10,
                "coords": [
                    0.26432,
                    206.4237,
                    54.17188
                ]
            }
        ],
        "L-ACA boundary": [
            {
                "id": 644,
                "degree": 3,
                "label": 10,
                "coords": [
                    -1.10755,
                    206.55182,
                    54.13126
                ]
            }
        ]
    },
    "11": {
        "ICA boundary": [
            {
                "id": 449,
                "degree": 2,
                "label": 11,
                "coords": [
                    12.86953,
                    200.72891,
                    52.92188
                ]
            }
        ],
        "Acom bifurcation": [
            {
                "id": 503,
                "degree": 3,
                "label": 11,
                "coords": [
                    1.04141,
                    206.19141,
                    54.70001
                ]
            }
        ],
        "Acom boundary": [
            {
                "id": 729,
                "degree": 2,
                "label": 11,
                "coords": [
                    0.26432,
                    206.4237,
                    54.17188
                ]
            }
        ],
        "ACA end": [
            {
                "id": 584,
                "degree": 1,
                "label": 11,
                "coords": [
                    -3.48047,
                    223.28516,
                    63.35001
                ]
            }
        ]
    },
    "12": {
        "ICA boundary": [
            {
                "id": 588,
                "degree": 2,
                "label": 12,
                "coords": [
                    -14.03359,
                    200.13516,
                    51.36876
                ]
            }
        ],
        "Acom bifurcation": [
            {
                "id": 644,
                "degree": 3,
                "label": 12,