{
    "1": {
        "BA start": [
            {
                "id": 0,
                "degree": 1,
                "label": 1,
                "coords": [
                    5.73346,
                    -15.10313,
                    -42.34133
                ]
            }
        ],
        "BA bifurcation": [
            {
                "id": 49,
                "degree": 3,
                "label": 1,
                "coords": [
                    0.06298,
                    -13.00889,
                    -30.11882
                ]
            }
        ],
        "R-PCA boundary": [
            {
                "id": 59,
                "degree": 2,
                "label": 1,
                "coords": [
                    1.07031,
                    -14.27971,
                    -27.7493
                ]
            }
        ],
        "L-PCA boundary": [
            {
                "id": 168,
                "degree": 2,
                "label": 1,
                "coords": [
                    -2.49352,
                    -12.34665,
                    -28.82756
                ]
            }
        ]
    },
    "2": {
        "BA boundary": [
            {
                "id": 59,
                "degree": 2,
                "label": 2,
                "coords": [
                    1.07031,
                    -14.27971,
                    -27.7493
                ]
            }
        ],
        "PCA end": [
            {
                "id": 157,
                "degree": 1,
                "label": 2,
                "coords": [
                    12.37358,
                    -26.21486,
                    -36.05507
                ]
            }
        ]
    },
    "3": {
        "BA boundary": [
            {
                "id": 168,
                "degree": 2,
                "label": 3,
                "coords": [
                    -2.49352,
                    -12.34665,
                    -28.82756
                ]
            }
        ],
        "PCA end": [
            {
                "id": 280,
                "degree": 1,
                "label": 3,
                "coords": [
                    -17.42048,
                    -25.81145,
                    -28.66019
                ]
            }
        ]
    },
    "4": {
        "ICA start": [
            {
                "id": 281,
                "degree": 1,
                "label": 4,
                "coords": [
                    9.18648,
                    4.00229,
                    -41.02373
                ]
            }
        ],
        "ICA bifurcation": [
            {
                "id": 373,
                "degree": 3,
                "label": 4,
                "coords": [
                    16.42992,
                    -6.65086,
                    -27.93685
                ]
            }
        ],
        "ACA boundary": [
            {
                "id": 581,
                "degree": 2,
                "label": 4,
                "coords": [
                    15.44918,
                    -6.74472,
                    -25.82503
                ]
            }
        ],
        "MCA boundary": [
            {
                "id": 384,
                "degree": 2,
                "label": 4,
                "coords": [
                    19.25442,
                    -6.4407,
                    -27.74198
                ]
            }
        ]
    },
    "5": {
        "ICA boundary": [
            {
                "id": 384,
                "degree": 2,
                "label": 5,
                "coords": [
                    19.25442,
                    -6.4407,
                    -27.74198
                ]
            }
        ],
        "MCA end": [
            {
                "id": 425,
                "degree": 1,
                "label": 5,
                "coords": [
                    26.97967,
                    0.85435,
                    -29.69077
                ]
            }
        ]
    },
    "6": {
        "ICA start": [
            {
                "id": 426,
                "degree": 1,
                "label": 6,
                "coords": [
                    -9.85563,
                    4.30684,
                    -38.54677
                ]
            }
        ],
        "ICA bifurcation": [
            {
                "id": 518,
                "degree": 3,
                "label": 6,
                "coords": [
                    -13.14736,
                    -4.51132,
                    -25.07865
                ]
            }
        ],
        "ACA boundary": [
            {
                "id": 767,
                "degree": 2,
                "label": 6,
                "coords": [
                    -11.10294,
                    -4.51939,
                    -23.35836
                ]
            }
        ],
        "MCA boundary": [
            {
                "id": 527,
                "degree": 2,
                "label": 6,
                "coords": [
                    -15.30641,
                    -3.8937,
                    -24.50648
                ]
            }
        ]
    },
    "7": {
        "ICA boundary": [
            {
                "id": 527,
                "degree": 2,
                "label": 7,
                "coords": [
                    -15.30641,
                    -3.8937,
                    -24.50648
                ]
            }
        ],
        "MCA end": [
            {
                "id": 573,
                "degree": 1,
                "label": 7,
                "coords": [
                    -25.93559,
                    2.70746,
                    -23.55295
                ]
            }
        ]
    },
    "10": {
        "R-ACA boundary": [
            {
                "id": 957,
                "degree": 2,
                "label": 10,
                "coords": [
                    2.83686,
                    3.04606,
                    -24.57022
                ]
            }
        ],
        "L-ACA boundary": [
            {
                "id": 964,
                "degree": 2,
                "label": 10,
                "coords": [
                    1.04806,
                    3.42173,
                    -25.29714
                ]
            }
        ]
    },
    "11": {
        "ICA boundary": [
            {
                "id": 581,
                "degree": 2,
                "label": 11,
                "coords": [
                    15.44918,
                    -6.74472,
                    -25.82503
                ]
            }
        ],
        "Acom bifurcation": [
            {
                "id": 636,
                "degree": 3,
                "label": 11,
                "coords": [
                    3.64288,
                    3.12067,
                    -24.06132
                ]
            }
        ],
        "Acom boundary": [
            {
                "id": 957,
                "degree": 2,
                "label": 11,
                "coords": [
                    2.83686,
                    3.04606,
                    -24.57022
                ]
            }
        ],
        "ACA end": [
            {
                "id": 759,
                "degree": 1,
                "label": 11,
                "coords": [
                    4.24338,
                    10.82281,
                    -4.0304
                ]
            }
        ]
    },
    "12": {
        "ICA boundary": [
            {
                "id": 767,
                "degree": 2,
                "label": 12,
                "coords": [
                    -11.10294,
                    -4.51939,
                    -23.35836
                ]
            }
        ],
        "Acom bifurcation": [
            {
                "id": 819,
                "degree": 3,
                "label": 12,