{
    "1": {
        "BA start": [
            {
                "id": 0,
                "degree": 1,
                "label": 1,
                "coords": [
                    3.6416,
                    208.33691,
                    -154.15625
                ]
            }
        ],
        "BA bifurcation": [
            {
                "id": 35,
                "degree": 3,
                "label": 1,
                "coords": [
                    2.21452,
                    208.60254,
                    -145.33333
                ]
            }
        ],
        "R-PCA boundary": [
            {
                "id": 43,
                "degree": 2,
                "label": 1,
                "coords": [
                    3.59473,
                    208.91191,
                    -143.25313
                ]
            }
        ],
        "L-PCA boundary": [
            {
                "id": 152,
                "degree": 2,
                "label": 1,
                "coords": [
                    -0.70215,
                    209.02754,
                    -144.0
                ]
            }
        ]
    },
    "2": {
        "BA boundary": [
            {
                "id": 43,
                "degree": 2,
                "label": 2,
                "coords": [
                    3.59473,
                    208.91191,
                    -143.25313
                ]
            }
        ],
        "PCA end": [
            {
                "id": 140,
                "degree": 1,
                "label": 2,
                "coords": [
                    19.31348,
                    197.60254,
                    -150.90625
                ]
            }
        ]
    },
    "3": {
        "BA boundary": [
            {
                "id": 152,
                "degree": 2,
                "label": 3,
                "coords": [
                    -0.70215,
                    209.02754,
                    -144.0
                ]
            }
        ],
        "PCA end": [
            {
                "id": 262,
                "degree": 1,
                "label": 3,
                "coords": [
                    -18.03027,
                    196.75879,
                    -147.5
                ]
            }
        ]
    },
    "4": {
        "ICA start": [
            {
                "id": 263,
                "degree": 1,
                "label": 4,
                "coords": [
                    11.06348,
                    223.75879,
                    -151.21875
                ]
            }
        ],
        "ICA bifurcation": [
            {
                "id": 299,
                "degree": 3,
                "label": 4,
                "coords": [
                    17.79785,
                    219.60254,
                    -145.75
                ]
            }
        ],
        "ACA boundary": [
            {
                "id": 461,
                "degree": 2,
                "label": 4,
                "coords": [
                    15.94785,
                    220.27441,
                    -144.57188
                ]
            }
        ],
        "MCA boundary": [
            {
                "id": 308,
                "degree": 2,
                "label": 4,
                "coords": [
                    19.79785,
                    220.79941,
                    -145.00313
                ]
            }
        ]
    },
    "5": {
        "ICA boundary": [
            {
                "id": 308,
                "degree": 2,
                "label": 5,
                "coords": [
                    19.79785,
                    220.79941,
                    -145.00313
                ]
            }
        ],
        "MCA end": [
            {
                "id": 351,
                "degree": 1,
                "label": 5,
                "coords": [
                    30.21973,
                    225.85254,
                    -146.5
                ]
            }
        ]
    },
    "6": {
        "ICA start": [
            {
                "id": 352,
                "degree": 1,
                "label": 6,
                "coords": [
                    -7.46777,
                    225.33691,
                    -151.98438
                ]
            }
        ],
        "ICA bifurcation": [
            {
                "id": 391,
                "degree": 3,
                "label": 6,
                "coords": [
                    -14.45215,
                    222.60254,
                    -146.0
                ]
            }
        ],
        "ACA boundary": [
            {
                "id": 599,
                "degree": 2,
                "label": 6,
                "coords": [
                    -12.70215,
                    222.93066,
                    -143.92188
                ]
            }
        ],
        "MCA boundary": [
            {
                "id": 402,
                "degree": 2,
                "label": 6,
                "coords": [
                    -16.95215,
                    223.90566,
                    -144.84688
                ]
            }
        ]
    },
    "7": {
        "ICA boundary": [
            {
                "id": 402,
                "degree": 2,
                "label": 7,
                "coords": [
                    -16.95215,
                    223.90566,
                    -144.84688
                ]
            }
        ],
        "MCA end": [
            {
                "id": 452,
                "degree": 1,
                "label": 7,
                "coords": [
                    -29.28027,
                    226.60254,
                    -145.0
                ]
            }
        ]
    },
    "10": {
        "R-ACA boundary": [
            {
                "id": 508,
                "degree": 3,
                "label": 10,
                "coords": [
                    4.43535,
                    225.80254,
                    -143.75313
                ]
            }
        ],
        "L-ACA boundary": [
            {
                "id": 656,
                "degree": 3,
                "label": 10,
                "coords": [
                    1.03848,
                    225.50254,
                    -143.87187
                ]
            }
        ]
    },
    "11": {
        "ICA boundary": [
            {
                "id": 461,
                "degree": 2,
                "label": 11,
                "coords": [
                    15.94785,
                    220.27441,
                    -144.57188
                ]
            }
        ],
        "Acom bifurcation": [
            {
                "id": 508,
                "degree": 3,
                "label": 11,
                "coords": [
                    4.43535,
                    225.80254,
                    -143.75313
                ]
            }
        ],
        "Acom boundary": [
            {
                "id": 508,
                "degree": 3,
                "label": 11,
                "coords": [
                    4.43535,
                    225.80254,
                    -143.75313
                ]
            }
        ],
        "ACA end": [
            {
                "id": 590,
                "degree": 1,
                "label": 11,
                "coords": [
                    2.2041,
                    241.60254,
                    -127.90625
                ]
            }
        ]
    },
    "12": {
        "ICA boundary": [
            {
                "id": 599,
                "degree": 2,
                "label": 12,
                "coords": [
                    -12.70215,
                    222.93066,
                    -143.92188
                ]
            }
        ],
        "Acom bifurcation": [
            {
                "id": 656,
                "degree": 3,