{
    "1": {
        "BA start": [
            {
                "id": 0,
                "degree": 1,
                "label": 1,
                "coords": [
                    -4.11539,
                    -8.415,
                    -17.36777
                ]
            }
        ],
        "BA bifurcation": [
            {
                "id": 60,
                "degree": 3,
                "label": 1,
                "coords": [
                    -8.26001,
                    -7.90577,
                    -2.10905
                ]
            }
        ],
        "R-PCA boundary": [
            {
                "id": 71,
                "degree": 2,
                "label": 1,
                "coords": [
                    -6.88785,
                    -9.57565,
                    0.56701
                ]
            }
        ],
        "L-PCA boundary": [
            {
                "id": 186,
                "degree": 2,
                "label": 1,
                "coords": [
                    -11.39589,
                    -7.27228,
                    -0.00014
                ]
            }
        ]
    },
    "2": {
        "BA boundary": [
            {
                "id": 71,
                "degree": 2,
                "label": 2,
                "coords": [
                    -6.88785,
                    -9.57565,
                    0.56701
                ]
            }
        ],
        "PCA end": [
            {
                "id": 172,
                "degree": 1,
                "label": 2,
                "coords": [
                    13.19514,
                    -18.90345,
                    -7.66273
                ]
            }
        ]
    },
    "3": {
        "BA boundary": [
            {
                "id": 186,
                "degree": 2,
                "label": 3,
                "coords": [
                    -11.39589,
                    -7.27228,
                    -0.00014
                ]
            }
        ],
        "PCA end": [
            {
                "id": 297,
                "degree": 1,
                "label": 3,
                "coords": [
                    -23.84294,
                    -19.38972,
                    -3.14142
                ]
            }
        ]
    },
    "4": {
        "ICA start": [
            {
                "id": 298,
                "degree": 1,
                "label": 4,
                "coords": [
                    6.39923,
                    11.09866,
                    -12.69616
                ]
            }
        ],
        "ICA bifurcation": [
            {
                "id": 390,
                "degree": 3,
                "label": 4,
                "coords": [
                    10.00784,
                    2.84245,
                    2.12019
                ]
            }
        ],
        "ACA boundary": [
            {
                "id": 631,
                "degree": 2,
                "label": 4,
                "coords": [
                    8.34361,
                    3.9918,
                    3.68594
                ]
            }
        ],
        "MCA boundary": [
            {
                "id": 399,
                "degree": 2,
                "label": 4,
                "coords": [
                    12.23941,
                    3.69574,
                    1.73136
                ]
            }
        ]
    },
    "5": {
        "ICA boundary": [
            {
                "id": 399,
                "degree": 2,
                "label": 5,
                "coords": [
                    12.23941,
                    3.69574,
                    1.73136
                ]
            }
        ],
        "MCA end": [
            {
                "id": 457,
                "degree": 1,
                "label": 5,
                "coords": [
                    20.55457,
                    11.59722,
                    -9.24011
                ]
            }
        ]
    },
    "6": {
        "ICA start": [
            {
                "id": 458,
                "degree": 1,
                "label": 6,
                "coords": [
                    -19.07269,
                    9.84827,
                    -11.75618
                ]
            }
        ],
        "ICA bifurcation": [
            {
                "id": 550,
                "degree": 3,
                "label": 6,
                "coords": [
                    -20.42308,
                    4.92429,
                    5.67922
                ]
            }
        ],
        "ACA boundary": [
            {
                "id": 784,
                "degree": 2,
                "label": 6,
                "coords": [
                    -18.98154,
                    4.66207,
                    7.4985
                ]
            }
        ],
        "MCA boundary": [
            {
                "id": 557,
                "degree": 2,
                "label": 6,
                "coords": [
                    -21.75909,
                    6.84058,
                    6.59238
                ]
            }
        ]
    },
    "7": {
        "ICA boundary": [
            {
                "id": 557,
                "degree": 2,
                "label": 7,
                "coords": [
                    -21.75909,
                    6.84058,
                    6.59238
                ]
            }
        ],
        "MCA end": [
            {
                "id": 622,
                "degree": 1,
                "label": 7,
                "coords": [
                    -34.14551,
                    17.32756,
                    0.38348
                ]
            }
        ]
    },
    "10": {
        "R-ACA boundary": [
            {
                "id": 688,
                "degree": 3,
                "label": 10,
                "coords": [
                    -4.13838,
                    10.09368,
                    2.92211
                ]
            }
        ],
        "L-ACA boundary": [
            {
                "id": 952,
                "degree": 2,
                "label": 10,
                "coords": [
                    -7.01489,
                    8.79056,
                    2.30757
                ]
            }
        ],
        "3rd-A2 bifurcation": [
            {
                "id": 944,
                "degree": 3,
                "label": 10,
                "coords": [
                    -4.94765,
                    9.81529,
                    2.62857
                ]
            }
        ],
        "3rd-A2 boundary": [
            {
                "id": 955,
                "degree": 2,
                "label": 10,
                "coords": [
                    -5.26837,
                    10.57706,
                    3.41898
                ]
            }
        ]
    },
    "11": {
        "ICA boundary": [
            {
                "id": 631,
                "degree": 2,
                "label": 11,
                "coords": [
                    8.34361,
                    3.9918,
                    3.68594
                ]
            }
        ],
        "Acom bifurcation": [
            {
                "id": 688,
                "degree": 3,
                "label": 11,
                "coords": [
                    -4.13838,
                    10.09368,
                    2.92211
                ]
            }
        ],
        "Acom boundary": [
            {
                "id": 688,
                "degree": 3,
                "label": 11,
                "coords": [
                    -4.13838,
                    10.09368,
                    2.92211
                ]
            }
        ],
        "ACA end": [
            {
                "id": 776,
                "degree": 1,
                "label": 11,