{
    "1": {
        "BA start": [
            {
                "id": 0,
                "degree": 1,
                "label": 1,
                "coords": [
                    -5.48633,
                    179.81836,
                    -188.98438
                ]
            }
        ],
        "BA bifurcation": [
            {
                "id": 78,
                "degree": 3,
                "label": 1,
                "coords": [
                    -11.90299,
                    193.81315,
                    -175.58333
                ]
            }
        ],
        "R-PCA boundary": [
            {
                "id": 84,
                "degree": 2,
                "label": 1,
                "coords": [
                    -10.23633,
                    193.14648,
                    -175.01875
                ]
            }
        ],
        "L-PCA boundary": [
            {
                "id": 220,
                "degree": 2,
                "label": 1,
                "coords": [
                    -12.70195,
                    194.57148,
                    -174.0
                ]
            }
        ]
    },
    "2": {
        "BA boundary": [
            {
                "id": 84,
                "degree": 2,
                "label": 2,
                "coords": [
                    -10.23633,
                    193.14648,
                    -175.01875
                ]
            }
        ],
        "Pcom bifurcation": [
            {
                "id": 103,
                "degree": 3,
                "label": 2,
                "coords": [
                    -5.50508,
                    192.74336,
                    -175.3
                ]
            }
        ],
        "Pcom boundary": [
            {
                "id": 668,
                "degree": 2,
                "label": 2,
                "coords": [
                    -5.28695,
                    193.36898,
                    -175.11312
                ]
            }
        ],
        "PCA end": [
            {
                "id": 214,
                "degree": 1,
                "label": 2,
                "coords": [
                    10.5918,
                    180.97461,
                    -163.0
                ]
            }
        ]
    },
    "3": {
        "BA boundary": [
            {
                "id": 220,
                "degree": 2,
                "label": 3,
                "coords": [
                    -12.70195,
                    194.57148,
                    -174.0
                ]
            }
        ],
        "Pcom bifurcation": [
            {
                "id": 239,
                "degree": 3,
                "label": 3,
                "coords": [
                    -15.09674,
                    197.56732,
                    -173.28021
                ]
            }
        ],
        "Pcom boundary": [
            {
                "id": 735,
                "degree": 2,
                "label": 3,
                "coords": [
                    -14.67018,
                    197.71654,
                    -173.81615
                ]
            }
        ],
        "PCA end": [
            {
                "id": 362,
                "degree": 1,
                "label": 3,
                "coords": [
                    -27.14258,
                    184.14648,
                    -162.25
                ]
            }
        ]
    },
    "4": {
        "ICA start": [
            {
                "id": 363,
                "degree": 1,
                "label": 4,
                "coords": [
                    0.7793,
                    204.30273,
                    -189.0
                ]
            }
        ],
        "Pcom bifurcation": [
            {
                "id": 382,
                "degree": 3,
                "label": 4,
                "coords": [
                    5.01367,
                    203.14648,
                    -185.60938
                ]
            }
        ],
        "Pcom boundary": [
            {
                "id": 602,
                "degree": 2,
                "label": 4,
                "coords": [
                    3.81992,
                    201.64648,
                    -184.76562
                ]
            }
        ],
        "ICA bifurcation": [
            {
                "id": 407,
                "degree": 3,
                "label": 4,
                "coords": [
                    10.01367,
                    207.14648,
                    -186.0
                ]
            }
        ],
        "ACA boundary": [
            {
                "id": 740,
                "degree": 2,
                "label": 4,
                "coords": [
                    8.76367,
                    208.37461,
                    -185.98438
                ]
            }
        ],
        "MCA boundary": [
            {
                "id": 419,
                "degree": 2,
                "label": 4,
                "coords": [
                    13.01367,
                    208.14336,
                    -185.51562
                ]
            }
        ]
    },
    "5": {
        "ICA boundary": [
            {
                "id": 419,
                "degree": 2,
                "label": 5,
                "coords": [
                    13.01367,
                    208.14336,
                    -185.51562
                ]
            }
        ],
        "MCA end": [
            {
                "id": 466,
                "degree": 1,
                "label": 5,
                "coords": [
                    24.74805,
                    207.39648,
                    -190.0
                ]
            }
        ]
    },
    "6": {
        "ICA start": [
            {
                "id": 467,
                "degree": 1,
                "label": 6,
                "coords": [
                    -17.75195,
                    206.39648,
                    -189.25
                ]
            }
        ],
        "Pcom bifurcation": [
            {
                "id": 486,
                "degree": 3,
                "label": 6,
                "coords": [
                    -17.12383,
                    205.28086,
                    -184.5
                ]
            }
        ],
        "Pcom boundary": [
            {
                "id": 675,
                "degree": 2,
                "label": 6,
                "coords": [
                    -16.56758,
                    203.64648,
                    -184.75312
                ]
            }
        ],
        "MCA boundary": [
            {
                "id": 503,
                "degree": 2,
                "label": 6,
                "coords": [
                    -19.6582,
                    206.88086,
                    -180.73438
                ]
            }
        ]
    },
    "7": {
        "ICA boundary": [
            {
                "id": 503,
                "degree": 2,
                "label": 7,
                "coords": [
                    -19.6582,
                    206.88086,
                    -180.73438
                ]
            }
        ],
        "MCA end": [
            {
                "id": 596,
                "degree": 1,
                "label": 7,
                "coords": [
                    -42.48633,
                    206.14648,
                    -186.21875
                ]
            }
        ]
    },
    "8": {
        "ICA boundary": [
            {
                "id": 602,
                "degree": 2,
                "label": 8,
                "coords": [
                    3.81992,
                    201.64648,
                    -184.76562
                ]
            }
        ],
        "PCA boundary": [
            {
                "id": 668,
                "degree": 2,
                "label": 8,