{
    "1": {
        "BA start": [
            {
                "id": 0,
                "degree": 1,
                "label": 1,
                "coords": [
                    -1.11252,
                    2.03215,
                    -59.06201
                ]
            }
        ],
        "BA bifurcation": [
            {
                "id": 58,
                "degree": 3,
                "label": 1,
                "coords": [
                    -2.2615,
                    4.47984,
                    -45.17723
                ]
            }
        ],
        "R-PCA boundary": [
            {
                "id": 71,
                "degree": 2,
                "label": 1,
                "coords": [
                    -0.05718,
                    3.97546,
                    -41.93217
                ]
            }
        ],
        "L-PCA boundary": [
            {
                "id": 184,
                "degree": 2,
                "label": 1,
                "coords": [
                    -5.99255,
                    5.67248,
                    -43.59502
                ]
            }
        ]
    },
    "2": {
        "BA boundary": [
            {
                "id": 71,
                "degree": 2,
                "label": 2,
                "coords": [
                    -0.05718,
                    3.97546,
                    -41.93217
                ]
            }
        ],
        "PCA end": [
            {
                "id": 170,
                "degree": 1,
                "label": 2,
                "coords": [
                    19.11488,
                    -6.64066,
                    -51.28421
                ]
            }
        ]
    },
    "3": {
        "BA boundary": [
            {
                "id": 184,
                "degree": 2,
                "label": 3,
                "coords": [
                    -5.99255,
                    5.67248,
                    -43.59502
                ]
            }
        ],
        "PCA end": [
            {
                "id": 294,
                "degree": 1,
                "label": 3,
                "coords": [
                    -23.04026,
                    -10.18831,
                    -55.67021
                ]
            }
        ]
    },
    "4": {
        "ICA start": [
            {
                "id": 295,
                "degree": 1,
                "label": 4,
                "coords": [
                    12.67902,
                    22.67337,
                    -48.85902
                ]
            }
        ],
        "ICA bifurcation": [
            {
                "id": 387,
                "degree": 3,
                "label": 4,
                "coords": [
                    12.23581,
                    8.11869,
                    -40.02505
                ]
            }
        ],
        "ACA boundary": [
            {
                "id": 644,
                "degree": 2,
                "label": 4,
                "coords": [
                    11.08202,
                    7.49616,
                    -37.78228
                ]
            }
        ],
        "MCA boundary": [
            {
                "id": 398,
                "degree": 2,
                "label": 4,
                "coords": [
                    15.18497,
                    7.14858,
                    -39.44602
                ]
            }
        ]
    },
    "5": {
        "ICA boundary": [
            {
                "id": 398,
                "degree": 2,
                "label": 5,
                "coords": [
                    15.18497,
                    7.14858,
                    -39.44602
                ]
            }
        ],
        "MCA end": [
            {
                "id": 468,
                "degree": 1,
                "label": 5,
                "coords": [
                    27.4214,
                    16.47372,
                    -39.64589
                ]
            }
        ]
    },
    "6": {
        "ICA start": [
            {
                "id": 469,
                "degree": 1,
                "label": 6,
                "coords": [
                    -18.70461,
                    19.41916,
                    -50.74795
                ]
            }
        ],
        "ICA bifurcation": [
            {
                "id": 561,
                "degree": 3,
                "label": 6,
                "coords": [
                    -24.04994,
                    7.47009,
                    -40.53933
                ]
            }
        ],
        "ACA boundary": [
            {
                "id": 788,
                "degree": 2,
                "label": 6,
                "coords": [
                    -23.2444,
                    8.61404,
                    -39.17657
                ]
            }
        ],
        "MCA boundary": [
            {
                "id": 573,
                "degree": 2,
                "label": 6,
                "coords": [
                    -27.27285,
                    6.71218,
                    -39.47908
                ]
            }
        ]
    },
    "7": {
        "ICA boundary": [
            {
                "id": 573,
                "degree": 2,
                "label": 7,
                "coords": [
                    -27.27285,
                    6.71218,
                    -39.47908
                ]
            }
        ],
        "MCA end": [
            {
                "id": 635,
                "degree": 1,
                "label": 7,
                "coords": [
                    -38.98943,
                    16.34697,
                    -44.1863
                ]
            }
        ]
    },
    "10": {
        "R-ACA boundary": [
            {
                "id": 933,
                "degree": 2,
                "label": 10,
                "coords": [
                    -5.8336,
                    11.0684,
                    -34.51306
                ]
            }
        ],
        "L-ACA boundary": [
            {
                "id": 950,
                "degree": 2,
                "label": 10,
                "coords": [
                    -7.03088,
                    15.01615,
                    -36.90328
                ]
            }
        ]
    },
    "11": {
        "ICA boundary": [
            {
                "id": 644,
                "degree": 2,
                "label": 11,
                "coords": [
                    11.08202,
                    7.49616,
                    -37.78228
                ]
            }
        ],
        "Acom bifurcation": [
            {
                "id": 710,
                "degree": 3,
                "label": 11,
                "coords": [
                    -5.5141,
                    10.72767,
                    -34.03242
                ]
            }
        ],
        "Acom boundary": [
            {
                "id": 933,
                "degree": 2,
                "label": 11,
                "coords": [
                    -5.8336,
                    11.0684,
                    -34.51306
                ]
            }
        ],
        "ACA end": [
            {
                "id": 782,
                "degree": 1,
                "label": 11,
                "coords": [
                    -8.09458,
                    24.07934,
                    -17.98521
                ]
            }
        ]
    },
    "12": {
        "ICA boundary": [
            {
                "id": 788,
                "degree": 2,
                "label": 12,
                "coords": [
                    -23.2444,
                    8.61404,
                    -39.17657
                ]
            }
        ],
        "Acom bifurcation": [
            {
                "id": 852,
                "degree": 3,
                "label": 12,