{
    "1": {
        "BA start": [
            {
                "id": 0,
                "degree": 1,
                "label": 1,
                "coords": [
                    -5.05492,
                    1.77964,
                    -58.3153
                ]
            }
        ],
        "BA bifurcation": [
            {
                "id": 30,
                "degree": 3,
                "label": 1,
                "coords": [
                    -3.74409,
                    -3.49099,
                    -50.92118
                ]
            }
        ],
        "R-PCA boundary": [
            {
                "id": 38,
                "degree": 2,
                "label": 1,
                "coords": [
                    -2.14583,
                    -5.14712,
                    -50.68749
                ]
            }
        ],
        "L-PCA boundary": [
            {
                "id": 183,
                "degree": 2,
                "label": 1,
                "coords": [
                    -4.94512,
                    -3.21667,
                    -49.19388
                ]
            }
        ]
    },
    "2": {
        "BA boundary": [
            {
                "id": 38,
                "degree": 2,
                "label": 2,
                "coords": [
                    -2.14583,
                    -5.14712,
                    -50.68749
                ]
            }
        ],
        "Pcom bifurcation": [
            {
                "id": 59,
                "degree": 3,
                "label": 2,
                "coords": [
                    2.9371,
                    -4.8322,
                    -50.68724
                ]
            }
        ],
        "Pcom boundary": [
            {
                "id": 694,
                "degree": 2,
                "label": 2,
                "coords": [
                    2.07104,
                    -3.95496,
                    -49.63023
                ]
            }
        ],
        "PCA end": [
            {
                "id": 176,
                "degree": 1,
                "label": 2,
                "coords": [
                    14.60575,
                    -22.00083,
                    -55.29195
                ]
            }
        ]
    },
    "3": {
        "BA boundary": [
            {
                "id": 183,
                "degree": 2,
                "label": 3,
                "coords": [
                    -4.94512,
                    -3.21667,
                    -49.19388
                ]
            }
        ],
        "PCA end": [
            {
                "id": 301,
                "degree": 1,
                "label": 3,
                "coords": [
                    -21.06972,
                    -21.03989,
                    -50.75756
                ]
            }
        ]
    },
    "4": {
        "ICA start": [
            {
                "id": 302,
                "degree": 1,
                "label": 4,
                "coords": [
                    5.22779,
                    18.33634,
                    -59.60433
                ]
            }
        ],
        "Pcom bifurcation": [
            {
                "id": 373,
                "degree": 3,
                "label": 4,
                "coords": [
                    4.35549,
                    10.18896,
                    -51.67854
                ]
            }
        ],
        "Pcom boundary": [
            {
                "id": 644,
                "degree": 2,
                "label": 4,
                "coords": [
                    2.86082,
                    8.77312,
                    -52.03649
                ]
            }
        ],
        "ICA bifurcation": [
            {
                "id": 402,
                "degree": 3,
                "label": 4,
                "coords": [
                    11.97527,
                    9.20442,
                    -50.60012
                ]
            }
        ],
        "ACA boundary": [
            {
                "id": 705,
                "degree": 2,
                "label": 4,
                "coords": [
                    11.67161,
                    8.73598,
                    -48.54116
                ]
            }
        ],
        "MCA boundary": [
            {
                "id": 410,
                "degree": 2,
                "label": 4,
                "coords": [
                    13.86552,
                    10.58718,
                    -50.96799
                ]
            }
        ]
    },
    "5": {
        "ICA boundary": [
            {
                "id": 410,
                "degree": 2,
                "label": 5,
                "coords": [
                    13.86552,
                    10.58718,
                    -50.96799
                ]
            }
        ],
        "MCA end": [
            {
                "id": 467,
                "degree": 1,
                "label": 5,
                "coords": [
                    26.60865,
                    21.1068,
                    -54.92059
                ]
            }
        ]
    },
    "6": {
        "ICA start": [
            {
                "id": 468,
                "degree": 1,
                "label": 6,
                "coords": [
                    -19.26067,
                    20.1455,
                    -56.29958
                ]
            }
        ],
        "ICA bifurcation": [
            {
                "id": 560,
                "degree": 3,
                "label": 6,
                "coords": [
                    -16.73524,
                    6.84048,
                    -46.54665
                ]
            }
        ],
        "ACA boundary": [
            {
                "id": 845,
                "degree": 2,
                "label": 6,
                "coords": [
                    -15.20526,
                    6.71381,
                    -45.27734
                ]
            }
        ],
        "MCA boundary": [
            {
                "id": 571,
                "degree": 2,
                "label": 6,
                "coords": [
                    -19.58682,
                    7.72077,
                    -45.44696
                ]
            }
        ]
    },
    "7": {
        "ICA boundary": [
            {
                "id": 571,
                "degree": 2,
                "label": 7,
                "coords": [
                    -19.58682,
                    7.72077,
                    -45.44696
                ]
            }
        ],
        "MCA end": [
            {
                "id": 639,
                "degree": 1,
                "label": 7,
                "coords": [
                    -36.28408,
                    13.12552,
                    -40.0688
                ]
            }
        ]
    },
    "8": {
        "ICA boundary": [
            {
                "id": 644,
                "degree": 2,
                "label": 8,
                "coords": [
                    2.86082,
                    8.77312,
                    -52.03649
                ]
            }
        ],
        "PCA boundary": [
            {
                "id": 694,
                "degree": 2,
                "label": 8,
                "coords": [
                    2.07104,
                    -3.95496,
                    -49.63023
                ]
            }
        ]
    },
    "11": {
        "ICA boundary": [
            {
                "id": 705,
                "degree": 2,
                "label": 11,
                "coords": [
                    11.67161,
                    8.73598,
                    -48.54116
                ]
            }
        ],
        "ACA end": [
            {
                "id": 839,
                "degree": 1,
                "label": 11,