{
    "1": {
        "BA start": [
            {
                "id": 0,
                "degree": 1,
                "label": 1,
                "coords": [
                    -1.48926,
                    168.65137,
                    -141.73438
                ]
            }
        ],
        "BA bifurcation": [
            {
                "id": 52,
                "degree": 3,
                "label": 1,
                "coords": [
                    -6.39551,
                    168.66699,
                    -129.25
                ]
            }
        ],
        "R-PCA boundary": [
            {
                "id": 64,
                "degree": 2,
                "label": 1,
                "coords": [
                    -3.87676,
                    167.57012,
                    -127.975
                ]
            }
        ],
        "L-PCA boundary": [
            {
                "id": 167,
                "degree": 2,
                "label": 1,
                "coords": [
                    -8.39551,
                    167.59199,
                    -128.59688
                ]
            }
        ]
    },
    "2": {
        "BA boundary": [
            {
                "id": 64,
                "degree": 2,
                "label": 2,
                "coords": [
                    -3.87676,
                    167.57012,
                    -127.975
                ]
            }
        ],
        "Pcom bifurcation": [
            {
                "id": 87,
                "degree": 3,
                "label": 2,
                "coords": [
                    1.96491,
                    168.81178,
                    -127.24584
                ]
            }
        ],
        "Pcom boundary": [
            {
                "id": 518,
                "degree": 2,
                "label": 2,
                "coords": [
                    1.63283,
                    169.58657,
                    -126.9148
                ]
            }
        ],
        "PCA end": [
            {
                "id": 159,
                "degree": 1,
                "label": 2,
                "coords": [
                    15.10449,
                    156.41699,
                    -127.82812
                ]
            }
        ]
    },
    "3": {
        "BA boundary": [
            {
                "id": 167,
                "degree": 2,
                "label": 3,
                "coords": [
                    -8.39551,
                    167.59199,
                    -128.59688
                ]
            }
        ],
        "PCA end": [
            {
                "id": 271,
                "degree": 1,
                "label": 3,
                "coords": [
                    -21.47363,
                    153.41699,
                    -131.25
                ]
            }
        ]
    },
    "4": {
        "ICA start": [
            {
                "id": 272,
                "degree": 1,
                "label": 4,
                "coords": [
                    1.35449,
                    184.66699,
                    -130.17188
                ]
            }
        ],
        "Pcom bifurcation": [
            {
                "id": 282,
                "degree": 3,
                "label": 4,
                "coords": [
                    3.38366,
                    182.49928,
                    -129.74791
                ]
            }
        ],
        "Pcom boundary": [
            {
                "id": 471,
                "degree": 2,
                "label": 4,
                "coords": [
                    3.24824,
                    181.31699,
                    -131.67188
                ]
            }
        ],
        "ICA bifurcation": [
            {
                "id": 304,
                "degree": 3,
                "label": 4,
                "coords": [
                    7.68783,
                    180.41699,
                    -125.83333
                ]
            }
        ],
        "ACA boundary": [
            {
                "id": 526,
                "degree": 2,
                "label": 4,
                "coords": [
                    5.85449,
                    179.93574,
                    -124.40312
                ]
            }
        ],
        "MCA boundary": [
            {
                "id": 312,
                "degree": 2,
                "label": 4,
                "coords": [
                    9.85449,
                    181.26074,
                    -125.12812
                ]
            }
        ]
    },
    "5": {
        "ICA boundary": [
            {
                "id": 312,
                "degree": 2,
                "label": 5,
                "coords": [
                    9.85449,
                    181.26074,
                    -125.12812
                ]
            }
        ],
        "MCA end": [
            {
                "id": 353,
                "degree": 1,
                "label": 5,
                "coords": [
                    19.16699,
                    187.16699,
                    -126.57812
                ]
            }
        ]
    },
    "6": {
        "ICA start": [
            {
                "id": 354,
                "degree": 1,
                "label": 6,
                "coords": [
                    -12.09863,
                    183.40137,
                    -134.15625
                ]
            }
        ],
        "ICA bifurcation": [
            {
                "id": 393,
                "degree": 3,
                "label": 6,
                "coords": [
                    -18.39551,
                    177.41699,
                    -129.5
                ]
            }
        ],
        "ACA boundary": [
            {
                "id": 633,
                "degree": 2,
                "label": 6,
                "coords": [
                    -16.14551,
                    177.78887,
                    -128.05312
                ]
            }
        ],
        "MCA boundary": [
            {
                "id": 404,
                "degree": 2,
                "label": 6,
                "coords": [
                    -21.14551,
                    177.51699,
                    -128.21875
                ]
            }
        ]
    },
    "7": {
        "ICA boundary": [
            {
                "id": 404,
                "degree": 2,
                "label": 7,
                "coords": [
                    -21.14551,
                    177.51699,
                    -128.21875
                ]
            }
        ],
        "MCA end": [
            {
                "id": 464,
                "degree": 1,
                "label": 7,
                "coords": [
                    -28.83301,
                    187.83887,
                    -133.76562
                ]
            }
        ]
    },
    "8": {
        "ICA boundary": [
            {
                "id": 471,
                "degree": 2,
                "label": 8,
                "coords": [
                    3.24824,
                    181.31699,
                    -131.67188
                ]
            }
        ],
        "PCA boundary": [
            {
                "id": 518,
                "degree": 2,
                "label": 8,
                "coords": [
                    1.63283,
                    169.58657,
                    -126.9148
                ]
            }
        ]
    },
    "10": {
        "R-ACA boundary": [
            {
                "id": 743,
                "degree": 2,
                "label": 10,
                "coords": [
                    -3.96738,
                    185.09199,
                    -127.5
                ]
            }
        ],
        "L-ACA boundary": [
            {
                "id": 756,
                "degree": 2,
                "label": 10,