{
    "1": {
        "BA start": [
            {
                "id": 0,
                "degree": 1,
                "label": 1,
                "coords": [
                    -25.79688,
                    182.96875,
                    -90.47983
                ]
            }
        ],
        "BA bifurcation": [
            {
                "id": 49,
                "degree": 3,
                "label": 1,
                "coords": [
                    -25.28646,
                    179.71354,
                    -78.07879
                ]
            }
        ],
        "R-PCA boundary": [
            {
                "id": 55,
                "degree": 2,
                "label": 1,
                "coords": [
                    -23.70312,
                    179.19375,
                    -77.74858
                ]
            }
        ],
        "L-PCA boundary": [
            {
                "id": 216,
                "degree": 2,
                "label": 1,
                "coords": [
                    -26.95312,
                    180.54688,
                    -77.74858
                ]
            }
        ]
    },
    "2": {
        "BA boundary": [
            {
                "id": 55,
                "degree": 2,
                "label": 2,
                "coords": [
                    -23.70312,
                    179.19375,
                    -77.74858
                ]
            }
        ],
        "Pcom bifurcation": [
            {
                "id": 97,
                "degree": 3,
                "label": 2,
                "coords": [
                    -14.61875,
                    182.59375,
                    -82.17983
                ]
            }
        ],
        "Pcom boundary": [
            {
                "id": 593,
                "degree": 2,
                "label": 2,
                "coords": [
                    -15.4375,
                    183.3,
                    -82.06108
                ]
            }
        ],
        "PCA end": [
            {
                "id": 210,
                "degree": 1,
                "label": 2,
                "coords": [
                    3.3125,
                    165.78125,
                    -81.51108
                ]
            }
        ]
    },
    "3": {
        "BA boundary": [
            {
                "id": 216,
                "degree": 2,
                "label": 3,
                "coords": [
                    -26.95312,
                    180.54688,
                    -77.74858
                ]
            }
        ],
        "PCA end": [
            {
                "id": 321,
                "degree": 1,
                "label": 3,
                "coords": [
                    -37.89062,
                    165.79688,
                    -86.57358
                ]
            }
        ]
    },
    "4": {
        "ICA start": [
            {
                "id": 322,
                "degree": 1,
                "label": 4,
                "coords": [
                    -14.9375,
                    204.45312,
                    -84.82358
                ]
            }
        ],
        "Pcom bifurcation": [
            {
                "id": 341,
                "degree": 3,
                "label": 4,
                "coords": [
                    -12.71458,
                    199.77916,
                    -82.83086
                ]
            }
        ],
        "Pcom boundary": [
            {
                "id": 536,
                "degree": 2,
                "label": 4,
                "coords": [
                    -13.775,
                    197.24375,
                    -82.34545
                ]
            }
        ],
        "ICA bifurcation": [
            {
                "id": 363,
                "degree": 3,
                "label": 4,
                "coords": [
                    -7.70312,
                    201.04688,
                    -79.24545
                ]
            }
        ],
        "ACA boundary": [
            {
                "id": 603,
                "degree": 2,
                "label": 4,
                "coords": [
                    -9.45312,
                    202.47188,
                    -78.37983
                ]
            }
        ],
        "MCA boundary": [
            {
                "id": 374,
                "degree": 2,
                "label": 4,
                "coords": [
                    -4.95312,
                    201.80312,
                    -79.14858
                ]
            }
        ]
    },
    "5": {
        "ICA boundary": [
            {
                "id": 374,
                "degree": 2,
                "label": 5,
                "coords": [
                    -4.95312,
                    201.80312,
                    -79.14858
                ]
            }
        ],
        "MCA end": [
            {
                "id": 417,
                "degree": 1,
                "label": 5,
                "coords": [
                    4.28125,
                    207.54688,
                    -84.3392
                ]
            }
        ]
    },
    "6": {
        "ICA start": [
            {
                "id": 418,
                "degree": 1,
                "label": 6,
                "coords": [
                    -33.95312,
                    201.79688,
                    -85.97983
                ]
            }
        ],
        "ICA bifurcation": [
            {
                "id": 454,
                "degree": 3,
                "label": 6,
                "coords": [
                    -37.95312,
                    196.04688,
                    -79.24545
                ]
            }
        ],
        "ACA boundary": [
            {
                "id": 792,
                "degree": 2,
                "label": 6,
                "coords": [
                    -37.0375,
                    197.81562,
                    -78.01733
                ]
            }
        ],
        "MCA boundary": [
            {
                "id": 465,
                "degree": 2,
                "label": 6,
                "coords": [
                    -40.70312,
                    195.1125,
                    -79.27045
                ]
            }
        ]
    },
    "7": {
        "ICA boundary": [
            {
                "id": 465,
                "degree": 2,
                "label": 7,
                "coords": [
                    -40.70312,
                    195.1125,
                    -79.27045
                ]
            }
        ],
        "MCA end": [
            {
                "id": 526,
                "degree": 1,
                "label": 7,
                "coords": [
                    -55.95312,
                    191.3125,
                    -82.74545
                ]
            }
        ]
    },
    "8": {
        "ICA boundary": [
            {
                "id": 536,
                "degree": 2,
                "label": 8,
                "coords": [
                    -13.775,
                    197.24375,
                    -82.34545
                ]
            }
        ],
        "PCA boundary": [
            {
                "id": 593,
                "degree": 2,
                "label": 8,
                "coords": [
                    -15.4375,
                    183.3,
                    -82.06108
                ]
            }
        ]
    },
    "10": {
        "R-ACA boundary": [
            {
                "id": 943,
                "degree": 2,
                "label": 10,
                "coords": [
                    -24.07188,
                    203.925,
                    -82.4392
                ]
            }
        ],
        "L-ACA boundary": [
            {
                "id": 958,
                "degree": 2,
                "label": 10,