{
    "1": {
        "BA start": [
            {
                "id": 0,
                "degree": 1,
                "label": 1,
                "coords": [
                    5.91529,
                    -5.88053,
                    -15.14615
                ]
            }
        ],
        "BA bifurcation": [
            {
                "id": 41,
                "degree": 3,
                "label": 1,
                "coords": [
                    0.73164,
                    -7.9585,
                    -4.92041
                ]
            }
        ],
        "R-PCA boundary": [
            {
                "id": 50,
                "degree": 2,
                "label": 1,
                "coords": [
                    2.54254,
                    -9.55147,
                    -4.90773
                ]
            }
        ],
        "L-PCA boundary": [
            {
                "id": 125,
                "degree": 2,
                "label": 1,
                "coords": [
                    -1.34117,
                    -8.67002,
                    -4.29912
                ]
            }
        ]
    },
    "2": {
        "BA boundary": [
            {
                "id": 50,
                "degree": 2,
                "label": 2,
                "coords": [
                    2.54254,
                    -9.55147,
                    -4.90773
                ]
            }
        ],
        "PCA end": [
            {
                "id": 117,
                "degree": 1,
                "label": 2,
                "coords": [
                    13.27922,
                    -9.50616,
                    -16.01698
                ]
            }
        ]
    },
    "3": {
        "BA boundary": [
            {
                "id": 125,
                "degree": 2,
                "label": 3,
                "coords": [
                    -1.34117,
                    -8.67002,
                    -4.29912
                ]
            }
        ],
        "PCA end": [
            {
                "id": 238,
                "degree": 1,
                "label": 3,
                "coords": [
                    -19.16391,
                    -22.8982,
                    -9.56507
                ]
            }
        ]
    },
    "4": {
        "ICA start": [
            {
                "id": 239,
                "degree": 1,
                "label": 4,
                "coords": [
                    16.00195,
                    13.48045,
                    -10.52184
                ]
            }
        ],
        "ICA bifurcation": [
            {
                "id": 331,
                "degree": 3,
                "label": 4,
                "coords": [
                    20.07013,
                    -1.7061,
                    3.3468
                ]
            }
        ],
        "ACA boundary": [
            {
                "id": 551,
                "degree": 2,
                "label": 4,
                "coords": [
                    19.96903,
                    -1.00725,
                    4.37979
                ]
            }
        ],
        "MCA boundary": [
            {
                "id": 335,
                "degree": 2,
                "label": 4,
                "coords": [
                    21.19576,
                    -2.09948,
                    3.68422
                ]
            }
        ]
    },
    "5": {
        "ICA boundary": [
            {
                "id": 335,
                "degree": 2,
                "label": 5,
                "coords": [
                    21.19576,
                    -2.09948,
                    3.68422
                ]
            }
        ],
        "MCA end": [
            {
                "id": 393,
                "degree": 1,
                "label": 5,
                "coords": [
                    34.50274,
                    -1.1144,
                    2.98426
                ]
            }
        ]
    },
    "6": {
        "ICA start": [
            {
                "id": 394,
                "degree": 1,
                "label": 6,
                "coords": [
                    -6.07606,
                    17.35397,
                    -7.12366
                ]
            }
        ],
        "ICA bifurcation": [
            {
                "id": 486,
                "degree": 3,
                "label": 6,
                "coords": [
                    -11.70479,
                    0.51571,
                    2.04195
                ]
            }
        ],
        "ACA boundary": [
            {
                "id": 747,
                "degree": 2,
                "label": 6,
                "coords": [
                    -10.59707,
                    0.44335,
                    2.83336
                ]
            }
        ],
        "MCA boundary": [
            {
                "id": 493,
                "degree": 2,
                "label": 6,
                "coords": [
                    -13.65959,
                    0.29661,
                    2.89659
                ]
            }
        ]
    },
    "7": {
        "ICA boundary": [
            {
                "id": 493,
                "degree": 2,
                "label": 7,
                "coords": [
                    -13.65959,
                    0.29661,
                    2.89659
                ]
            }
        ],
        "MCA end": [
            {
                "id": 547,
                "degree": 1,
                "label": 7,
                "coords": [
                    -25.46929,
                    6.57307,
                    2.58049
                ]
            }
        ]
    },
    "10": {
        "R-ACA boundary": [
            {
                "id": 887,
                "degree": 2,
                "label": 10,
                "coords": [
                    5.18179,
                    5.39129,
                    3.40724
                ]
            }
        ],
        "L-ACA boundary": [
            {
                "id": 892,
                "degree": 2,
                "label": 10,
                "coords": [
                    3.9871,
                    5.60371,
                    4.6262
                ]
            }
        ]
    },
    "11": {
        "ICA boundary": [
            {
                "id": 551,
                "degree": 2,
                "label": 11,
                "coords": [
                    19.96903,
                    -1.00725,
                    4.37979
                ]
            }
        ],
        "Acom bifurcation": [
            {
                "id": 613,
                "degree": 3,
                "label": 11,
                "coords": [
                    6.20403,
                    6.05556,
                    2.54314
                ]
            }
        ],
        "Acom boundary": [
            {
                "id": 887,
                "degree": 2,
                "label": 11,
                "coords": [
                    5.18179,
                    5.39129,
                    3.40724
                ]
            }
        ],
        "ACA end": [
            {
                "id": 743,
                "degree": 1,
                "label": 11,
                "coords": [
                    12.45625,
                    24.17549,
                    26.07207
                ]
            }
        ]
    },
    "12": {
        "ICA boundary": [
            {
                "id": 747,
                "degree": 2,
                "label": 12,
                "coords": [
                    -10.59707,
                    0.44335,
                    2.83336
                ]
            }
        ],
        "Acom bifurcation": [
            {
                "id": 797,
                "degree": 3,
                "label": 12,