{
    "1": {
        "BA start": [
            {
                "id": 0,
                "degree": 1,
                "label": 1,
                "coords": [
                    -3.07674,
                    -4.42714,
                    -33.62465
                ]
            }
        ],
        "BA bifurcation": [
            {
                "id": 29,
                "degree": 3,
                "label": 1,
                "coords": [
                    0.54407,
                    -5.04962,
                    -26.39599
                ]
            }
        ],
        "R-PCA boundary": [
            {
                "id": 37,
                "degree": 2,
                "label": 1,
                "coords": [
                    2.49733,
                    -3.44858,
                    -26.47803
                ]
            }
        ],
        "L-PCA boundary": [
            {
                "id": 159,
                "degree": 2,
                "label": 1,
                "coords": [
                    0.5918,
                    -4.60527,
                    -23.31024
                ]
            }
        ]
    },
    "2": {
        "BA boundary": [
            {
                "id": 37,
                "degree": 2,
                "label": 2,
                "coords": [
                    2.49733,
                    -3.44858,
                    -26.47803
                ]
            }
        ],
        "Pcom bifurcation": [
            {
                "id": 53,
                "degree": 3,
                "label": 2,
                "coords": [
                    6.35046,
                    -3.40989,
                    -24.70493
                ]
            }
        ],
        "Pcom boundary": [
            {
                "id": 53,
                "degree": 3,
                "label": 2,
                "coords": [
                    6.35046,
                    -3.40989,
                    -24.70493
                ]
            }
        ],
        "PCA end": [
            {
                "id": 147,
                "degree": 1,
                "label": 2,
                "coords": [
                    26.38171,
                    -17.3714,
                    -20.13155
                ]
            }
        ]
    },
    "3": {
        "BA boundary": [
            {
                "id": 159,
                "degree": 2,
                "label": 3,
                "coords": [
                    0.5918,
                    -4.60527,
                    -23.31024
                ]
            }
        ],
        "Pcom bifurcation": [
            {
                "id": 172,
                "degree": 3,
                "label": 3,
                "coords": [
                    -1.38924,
                    -3.48565,
                    -20.81307
                ]
            }
        ],
        "Pcom boundary": [
            {
                "id": 665,
                "degree": 2,
                "label": 3,
                "coords": [
                    -1.50682,
                    -2.65643,
                    -21.17243
                ]
            }
        ],
        "PCA end": [
            {
                "id": 253,
                "degree": 1,
                "label": 3,
                "coords": [
                    -16.62287,
                    -17.81003,
                    -23.89084
                ]
            }
        ]
    },
    "4": {
        "ICA start": [
            {
                "id": 254,
                "degree": 1,
                "label": 4,
                "coords": [
                    14.81572,
                    17.22065,
                    -29.22909
                ]
            }
        ],
        "Pcom bifurcation": [
            {
                "id": 325,
                "degree": 3,
                "label": 4,
                "coords": [
                    12.87542,
                    9.21508,
                    -20.89099
                ]
            }
        ],
        "Pcom boundary": [
            {
                "id": 581,
                "degree": 2,
                "label": 4,
                "coords": [
                    12.81609,
                    7.82853,
                    -22.26449
                ]
            }
        ],
        "ICA bifurcation": [
            {
                "id": 353,
                "degree": 3,
                "label": 4,
                "coords": [
                    18.13193,
                    9.62792,
                    -15.55365
                ]
            }
        ],
        "ACA boundary": [
            {
                "id": 674,
                "degree": 2,
                "label": 4,
                "coords": [
                    16.40844,
                    8.63106,
                    -14.50555
                ]
            }
        ],
        "MCA boundary": [
            {
                "id": 361,
                "degree": 2,
                "label": 4,
                "coords": [
                    20.24247,
                    10.06024,
                    -14.65142
                ]
            }
        ]
    },
    "5": {
        "ICA boundary": [
            {
                "id": 361,
                "degree": 2,
                "label": 5,
                "coords": [
                    20.24247,
                    10.06024,
                    -14.65142
                ]
            }
        ],
        "MCA end": [
            {
                "id": 411,
                "degree": 1,
                "label": 5,
                "coords": [
                    31.91639,
                    16.50629,
                    -14.44924
                ]
            }
        ]
    },
    "6": {
        "ICA start": [
            {
                "id": 412,
                "degree": 1,
                "label": 6,
                "coords": [
                    -13.86143,
                    6.36333,
                    -28.70446
                ]
            }
        ],
        "Pcom bifurcation": [
            {
                "id": 483,
                "degree": 3,
                "label": 6,
                "coords": [
                    -10.48393,
                    6.33328,
                    -21.35974
                ]
            }
        ],
        "Pcom boundary": [
            {
                "id": 626,
                "degree": 2,
                "label": 6,
                "coords": [
                    -9.24507,
                    5.28714,
                    -22.23594
                ]
            }
        ],
        "ICA bifurcation": [
            {
                "id": 504,
                "degree": 3,
                "label": 6,
                "coords": [
                    -13.93373,
                    3.82526,
                    -16.53843
                ]
            }
        ],
        "ACA boundary": [
            {
                "id": 803,
                "degree": 2,
                "label": 6,
                "coords": [
                    -12.53628,
                    4.48281,
                    -15.33747
                ]
            }
        ],
        "MCA boundary": [
            {
                "id": 513,
                "degree": 2,
                "label": 6,
                "coords": [
                    -16.21942,
                    3.83762,
                    -16.05588
                ]
            }
        ]
    },
    "7": {
        "ICA boundary": [
            {
                "id": 513,
                "degree": 2,
                "label": 7,
                "coords": [
                    -16.21942,
                    3.83762,
                    -16.05588
                ]
            }
        ],
        "MCA end": [
            {
                "id": 576,
                "degree": 1,
                "label": 7,