{
    "1": {
        "BA start": [
            {
                "id": 0,
                "degree": 1,
                "label": 1,
                "coords": [
                    -0.03789,
                    -5.42244,
                    2.60912
                ]
            }
        ],
        "BA bifurcation": [
            {
                "id": 30,
                "degree": 3,
                "label": 1,
                "coords": [
                    0.18557,
                    -8.42182,
                    9.85379
                ]
            }
        ],
        "R-PCA boundary": [
            {
                "id": 37,
                "degree": 2,
                "label": 1,
                "coords": [
                    2.00613,
                    -8.82963,
                    10.7928
                ]
            }
        ],
        "L-PCA boundary": [
            {
                "id": 119,
                "degree": 2,
                "label": 1,
                "coords": [
                    -1.65321,
                    -8.34656,
                    11.72296
                ]
            }
        ]
    },
    "2": {
        "BA boundary": [
            {
                "id": 37,
                "degree": 2,
                "label": 2,
                "coords": [
                    2.00613,
                    -8.82963,
                    10.7928
                ]
            }
        ],
        "Pcom bifurcation": [
            {
                "id": 55,
                "degree": 3,
                "label": 2,
                "coords": [
                    6.10348,
                    -6.78619,
                    12.15737
                ]
            }
        ],
        "Pcom boundary": [
            {
                "id": 575,
                "degree": 2,
                "label": 2,
                "coords": [
                    5.45409,
                    -5.97444,
                    12.3702
                ]
            }
        ],
        "PCA end": [
            {
                "id": 111,
                "degree": 1,
                "label": 2,
                "coords": [
                    16.92748,
                    -11.66761,
                    7.33094
                ]
            }
        ]
    },
    "3": {
        "BA boundary": [
            {
                "id": 119,
                "degree": 2,
                "label": 3,
                "coords": [
                    -1.65321,
                    -8.34656,
                    11.72296
                ]
            }
        ],
        "PCA end": [
            {
                "id": 211,
                "degree": 1,
                "label": 3,
                "coords": [
                    -18.0978,
                    -15.60433,
                    9.97018
                ]
            }
        ]
    },
    "4": {
        "ICA start": [
            {
                "id": 212,
                "degree": 1,
                "label": 4,
                "coords": [
                    13.37771,
                    11.31356,
                    0.96791
                ]
            }
        ],
        "Pcom bifurcation": [
            {
                "id": 283,
                "degree": 3,
                "label": 4,
                "coords": [
                    10.11355,
                    6.77205,
                    11.22914
                ]
            }
        ],
        "Pcom boundary": [
            {
                "id": 526,
                "degree": 2,
                "label": 4,
                "coords": [
                    9.36865,
                    6.1145,
                    10.37038
                ]
            }
        ],
        "ICA bifurcation": [
            {
                "id": 312,
                "degree": 3,
                "label": 4,
                "coords": [
                    15.72499,
                    3.684,
                    15.29444
                ]
            }
        ],
        "ACA boundary": [
            {
                "id": 582,
                "degree": 2,
                "label": 4,
                "coords": [
                    14.62118,
                    4.21639,
                    16.64802
                ]
            }
        ],
        "MCA boundary": [
            {
                "id": 319,
                "degree": 2,
                "label": 4,
                "coords": [
                    17.42778,
                    3.33261,
                    14.88885
                ]
            }
        ]
    },
    "5": {
        "ICA boundary": [
            {
                "id": 319,
                "degree": 2,
                "label": 5,
                "coords": [
                    17.42778,
                    3.33261,
                    14.88885
                ]
            }
        ],
        "MCA end": [
            {
                "id": 373,
                "degree": 1,
                "label": 5,
                "coords": [
                    30.80982,
                    5.10625,
                    11.71928
                ]
            }
        ]
    },
    "6": {
        "ICA start": [
            {
                "id": 374,
                "degree": 1,
                "label": 6,
                "coords": [
                    -14.61519,
                    12.73662,
                    4.00576
                ]
            }
        ],
        "ICA bifurcation": [
            {
                "id": 466,
                "degree": 3,
                "label": 6,
                "coords": [
                    -12.14057,
                    3.07979,
                    17.12397
                ]
            }
        ],
        "ACA boundary": [
            {
                "id": 717,
                "degree": 2,
                "label": 6,
                "coords": [
                    -10.98147,
                    2.91458,
                    18.01582
                ]
            }
        ],
        "MCA boundary": [
            {
                "id": 472,
                "degree": 2,
                "label": 6,
                "coords": [
                    -13.77827,
                    3.17687,
                    17.48902
                ]
            }
        ]
    },
    "7": {
        "ICA boundary": [
            {
                "id": 472,
                "degree": 2,
                "label": 7,
                "coords": [
                    -13.77827,
                    3.17687,
                    17.48902
                ]
            }
        ],
        "MCA end": [
            {
                "id": 523,
                "degree": 1,
                "label": 7,
                "coords": [
                    -26.43214,
                    7.91639,
                    16.26032
                ]
            }
        ]
    },
    "8": {
        "ICA boundary": [
            {
                "id": 526,
                "degree": 2,
                "label": 8,
                "coords": [
                    9.36865,
                    6.1145,
                    10.37038
                ]
            }
        ],
        "PCA boundary": [
            {
                "id": 575,
                "degree": 2,
                "label": 8,
                "coords": [
                    5.45409,
                    -5.97444,
                    12.3702
                ]
            }
        ]
    },
    "10": {
        "R-ACA boundary": [
            {
                "id": 853,
                "degree": 2,
                "label": 10,
                "coords": [
                    3.65132,
                    11.2094,
                    17.06193
                ]
            }
        ],
        "L-ACA boundary": [
            {
                "id": 866,
                "degree": 2,
                "label": 10,