{
    "1": {
        "BA start": [
            {
                "id": 0,
                "degree": 1,
                "label": "1",
                "coords": [
                    1.85146,
                    20.52025,
                    52.71211
                ]
            }
        ],
        "BA bifurcation": [
            {
                "id": 16,
                "degree": 3,
                "label": 1,
                "coords": [
                    -0.20874,
                    19.96442,
                    56.68772
                ]
            }
        ],
        "R-PCA boundary": [
            {
                "id": 21,
                "degree": 2,
                "label": 1,
                "coords": [
                    0.70753,
                    19.09713,
                    57.89273
                ]
            }
        ],
        "L-PCA boundary": [
            {
                "id": 131,
                "degree": 2,
                "label": 1,
                "coords": [
                    -2.19151,
                    21.00673,
                    57.56715
                ]
            }
        ]
    },
    "2": {
        "BA boundary": [
            {
                "id": 21,
                "degree": 2,
                "label": 2,
                "coords": [
                    0.70753,
                    19.09713,
                    57.89273
                ]
            }
        ],
        "PCA end": [
            {
                "id": 123,
                "degree": 1,
                "label": 2,
                "coords": [
                    17.6506,
                    10.20621,
                    51.82805
                ]
            }
        ]
    },
    "3": {
        "BA boundary": [
            {
                "id": 131,
                "degree": 2,
                "label": 3,
                "coords": [
                    -2.19151,
                    21.00673,
                    57.56715
                ]
            }
        ],
        "Pcom bifurcation": [
            {
                "id": 160,
                "degree": 3,
                "label": 3,
                "coords": [
                    -4.57428,
                    26.32862,
                    56.03953
                ]
            }
        ],
        "Pcom boundary": [
            {
                "id": 495,
                "degree": 2,
                "label": 3,
                "coords": [
                    -3.39342,
                    26.41966,
                    55.28297
                ]
            }
        ],
        "PCA end": [
            {
                "id": 229,
                "degree": 1,
                "label": 3,
                "coords": [
                    -16.82293,
                    11.78358,
                    53.65601
                ]
            }
        ]
    },
    "4": {
        "ICA start": [
            {
                "id": 230,
                "degree": 1,
                "label": 4,
                "coords": [
                    9.74079,
                    39.30184,
                    50.2974
                ]
            }
        ],
        "ICA bifurcation": [
            {
                "id": 285,
                "degree": 3,
                "label": 4,
                "coords": [
                    14.48814,
                    28.7184,
                    58.57188
                ]
            }
        ],
        "ACA boundary": [
            {
                "id": 504,
                "degree": 2,
                "label": 4,
                "coords": [
                    13.76335,
                    28.84158,
                    60.24651
                ]
            }
        ],
        "MCA boundary": [
            {
                "id": 295,
                "degree": 2,
                "label": 4,
                "coords": [
                    17.16077,
                    29.12687,
                    58.74143
                ]
            }
        ]
    },
    "5": {
        "ICA boundary": [
            {
                "id": 295,
                "degree": 2,
                "label": 5,
                "coords": [
                    17.16077,
                    29.12687,
                    58.74143
                ]
            }
        ],
        "MCA end": [
            {
                "id": 345,
                "degree": 1,
                "label": 5,
                "coords": [
                    27.76109,
                    36.84883,
                    57.924
                ]
            }
        ]
    },
    "6": {
        "ICA start": [
            {
                "id": 346,
                "degree": 1,
                "label": 6,
                "coords": [
                    -6.28669,
                    38.39614,
                    50.28594
                ]
            }
        ],
        "Pcom bifurcation": [
            {
                "id": 369,
                "degree": 3,
                "label": 6,
                "coords": [
                    -7.5539,
                    33.50866,
                    54.09911
                ]
            }
        ],
        "Pcom boundary": [
            {
                "id": 461,
                "degree": 2,
                "label": 6,
                "coords": [
                    -6.87025,
                    31.70303,
                    53.2844
                ]
            }
        ],
        "ICA bifurcation": [
            {
                "id": 401,
                "degree": 3,
                "label": 6,
                "coords": [
                    -13.40239,
                    30.4907,
                    59.89148
                ]
            }
        ],
        "ACA boundary": [
            {
                "id": 671,
                "degree": 2,
                "label": 6,
                "coords": [
                    -12.53555,
                    30.41798,
                    61.39632
                ]
            }
        ],
        "MCA boundary": [
            {
                "id": 410,
                "degree": 2,
                "label": 6,
                "coords": [
                    -15.81736,
                    30.28901,
                    60.5772
                ]
            }
        ]
    },
    "7": {
        "ICA boundary": [
            {
                "id": 410,
                "degree": 2,
                "label": 7,
                "coords": [
                    -15.81736,
                    30.28901,
                    60.5772
                ]
            }
        ],
        "MCA end": [
            {
                "id": 454,
                "degree": 1,
                "label": 7,
                "coords": [
                    -25.94058,
                    34.61415,
                    60.53877
                ]
            }
        ]
    },
    "9": {
        "ICA boundary": [
            {
                "id": 461,
                "degree": 2,
                "label": 9,
                "coords": [
                    -6.87025,
                    31.70303,
                    53.2844
                ]
            }
        ],
        "PCA boundary": [
            {
                "id": 495,
                "degree": 2,
                "label": 9,
                "coords": [
                    -3.39342,
                    26.41966,
                    55.28297
                ]
            }
        ]
    },
    "10": {
        "R-ACA boundary": [
            {
                "id": 839,
                "degree": 2,
                "label": 10,
                "coords": [
                    0.79321,
                    38.57788,
                    59.26881
                ]
            }
        ],
        "L-ACA boundary": [
            {
                "id": 847,
                "degree": 2,
                "label": 10,