{
    "1": {
        "BA start": [
            {
                "id": 0,
                "degree": 1,
                "label": 1,
                "coords": [
                    -21.41406,
                    227.85156,
                    -105.04037
                ]
            }
        ],
        "BA bifurcation": [
            {
                "id": 65,
                "degree": 3,
                "label": 1,
                "coords": [
                    -19.83073,
                    236.6849,
                    -90.88933
                ]
            }
        ],
        "R-PCA boundary": [
            {
                "id": 74,
                "degree": 2,
                "label": 1,
                "coords": [
                    -17.71719,
                    236.22031,
                    -89.13725
                ]
            }
        ],
        "L-PCA boundary": [
            {
                "id": 170,
                "degree": 2,
                "label": 1,
                "coords": [
                    -21.08906,
                    238.10156,
                    -89.37787
                ]
            }
        ]
    },
    "2": {
        "BA boundary": [
            {
                "id": 74,
                "degree": 2,
                "label": 2,
                "coords": [
                    -17.71719,
                    236.22031,
                    -89.13725
                ]
            }
        ],
        "Pcom bifurcation": [
            {
                "id": 99,
                "degree": 3,
                "label": 2,
                "coords": [
                    -11.75365,
                    237.61512,
                    -89.50079
                ]
            }
        ],
        "Pcom boundary": [
            {
                "id": 99,
                "degree": 3,
                "label": 2,
                "coords": [
                    -11.75365,
                    237.61512,
                    -89.50079
                ]
            }
        ],
        "PCA end": [
            {
                "id": 163,
                "degree": 1,
                "label": 2,
                "coords": [
                    1.24219,
                    226.86719,
                    -84.39975
                ]
            }
        ]
    },
    "3": {
        "BA boundary": [
            {
                "id": 170,
                "degree": 2,
                "label": 3,
                "coords": [
                    -21.08906,
                    238.10156,
                    -89.37787
                ]
            }
        ],
        "Pcom bifurcation": [
            {
                "id": 205,
                "degree": 3,
                "label": 3,
                "coords": [
                    -24.5724,
                    241.44324,
                    -94.35079
                ]
            }
        ],
        "Pcom boundary": [
            {
                "id": 587,
                "degree": 2,
                "label": 3,
                "coords": [
                    -24.25823,
                    241.28553,
                    -95.20559
                ]
            }
        ],
        "PCA end": [
            {
                "id": 279,
                "degree": 1,
                "label": 3,
                "coords": [
                    -33.24219,
                    224.60156,
                    -85.056
                ]
            }
        ]
    },
    "4": {
        "ICA start": [
            {
                "id": 280,
                "degree": 1,
                "label": 4,
                "coords": [
                    -9.42969,
                    251.86719,
                    -100.806
                ]
            }
        ],
        "Pcom bifurcation": [
            {
                "id": 298,
                "degree": 3,
                "label": 4,
                "coords": [
                    -8.07969,
                    247.77031,
                    -96.856
                ]
            }
        ],
        "Pcom boundary": [
            {
                "id": 509,
                "degree": 2,
                "label": 4,
                "coords": [
                    -8.63281,
                    246.60156,
                    -96.88412
                ]
            }
        ],
        "ICA bifurcation": [
            {
                "id": 322,
                "degree": 3,
                "label": 4,
                "coords": [
                    -2.66406,
                    249.35156,
                    -93.306
                ]
            }
        ],
        "ACA boundary": [
            {
                "id": 597,
                "degree": 2,
                "label": 4,
                "coords": [
                    -4.91406,
                    250.77969,
                    -92.80912
                ]
            }
        ],
        "MCA boundary": [
            {
                "id": 328,
                "degree": 2,
                "label": 4,
                "coords": [
                    -1.16406,
                    249.55469,
                    -92.90912
                ]
            }
        ]
    },
    "5": {
        "ICA boundary": [
            {
                "id": 328,
                "degree": 2,
                "label": 5,
                "coords": [
                    -1.16406,
                    249.55469,
                    -92.90912
                ]
            }
        ],
        "MCA end": [
            {
                "id": 393,
                "degree": 1,
                "label": 5,
                "coords": [
                    13.58594,
                    254.28906,
                    -100.46225
                ]
            }
        ]
    },
    "6": {
        "ICA start": [
            {
                "id": 394,
                "degree": 1,
                "label": 6,
                "coords": [
                    -26.16406,
                    251.17969,
                    -102.306
                ]
            }
        ],
        "Pcom bifurcation": [
            {
                "id": 408,
                "degree": 3,
                "label": 6,
                "coords": [
                    -25.21719,
                    248.10469,
                    -99.656
                ]
            }
        ],
        "Pcom boundary": [
            {
                "id": 555,
                "degree": 2,
                "label": 6,
                "coords": [
                    -24.91094,
                    247.36719,
                    -100.306
                ]
            }
        ],
        "ICA bifurcation": [
            {
                "id": 433,
                "degree": 3,
                "label": 6,
                "coords": [
                    -29.4974,
                    244.35156,
                    -94.47267
                ]
            }
        ],
        "ACA boundary": [
            {
                "id": 735,
                "degree": 2,
                "label": 6,
                "coords": [
                    -28.43594,
                    244.47031,
                    -93.33725
                ]
            }
        ],
        "MCA boundary": [
            {
                "id": 440,
                "degree": 2,
                "label": 6,
                "coords": [
                    -31.41406,
                    244.43281,
                    -93.97787
                ]
            }
        ]
    },
    "7": {
        "ICA boundary": [
            {
                "id": 440,
                "degree": 2,
                "label": 7,
                "coords": [
                    -31.41406,
                    244.43281,
                    -93.97787
                ]
            }
        ],
        "MCA end": [
            {
                "id": 475,
                "degree": 3,
                "label": 7,