{
    "1": {
        "BA start": [
            {
                "id": 0,
                "degree": 1,
                "label": 1,
                "coords": [
                    -0.53613,
                    193.19434,
                    -399.75
                ]
            }
        ],
        "BA bifurcation": [
            {
                "id": 42,
                "degree": 3,
                "label": 1,
                "coords": [
                    0.21387,
                    193.36621,
                    -389.25
                ]
            }
        ],
        "R-PCA boundary": [
            {
                "id": 50,
                "degree": 2,
                "label": 1,
                "coords": [
                    2.06387,
                    193.01309,
                    -387.75312
                ]
            }
        ],
        "L-PCA boundary": [
            {
                "id": 142,
                "degree": 2,
                "label": 1,
                "coords": [
                    -2.03926,
                    193.76621,
                    -387.54688
                ]
            }
        ]
    },
    "2": {
        "BA boundary": [
            {
                "id": 50,
                "degree": 2,
                "label": 2,
                "coords": [
                    2.06387,
                    193.01309,
                    -387.75312
                ]
            }
        ],
        "PCA end": [
            {
                "id": 132,
                "degree": 1,
                "label": 2,
                "coords": [
                    17.71387,
                    182.11621,
                    -390.07812
                ]
            }
        ]
    },
    "3": {
        "BA boundary": [
            {
                "id": 142,
                "degree": 2,
                "label": 3,
                "coords": [
                    -2.03926,
                    193.76621,
                    -387.54688
                ]
            }
        ],
        "PCA end": [
            {
                "id": 224,
                "degree": 1,
                "label": 3,
                "coords": [
                    -16.45801,
                    182.11621,
                    -389.76562
                ]
            }
        ]
    },
    "4": {
        "ICA start": [
            {
                "id": 225,
                "degree": 1,
                "label": 4,
                "coords": [
                    9.77637,
                    208.61621,
                    -388.01562
                ]
            }
        ],
        "ICA bifurcation": [
            {
                "id": 264,
                "degree": 3,
                "label": 4,
                "coords": [
                    17.5472,
                    202.19954,
                    -384.66667
                ]
            }
        ],
        "ACA boundary": [
            {
                "id": 528,
                "degree": 2,
                "label": 4,
                "coords": [
                    17.63574,
                    202.92246,
                    -383.1
                ]
            }
        ],
        "MCA boundary": [
            {
                "id": 272,
                "degree": 2,
                "label": 4,
                "coords": [
                    19.71387,
                    201.33809,
                    -384.25
                ]
            }
        ]
    },
    "5": {
        "ICA boundary": [
            {
                "id": 272,
                "degree": 2,
                "label": 5,
                "coords": [
                    19.71387,
                    201.33809,
                    -384.25
                ]
            }
        ],
        "MCA end": [
            {
                "id": 305,
                "degree": 3,
                "label": 5,
                "coords": [
                    27.96387,
                    201.36621,
                    -385.75
                ]
            }
        ]
    },
    "6": {
        "ICA start": [
            {
                "id": 361,
                "degree": 1,
                "label": 6,
                "coords": [
                    -7.02051,
                    209.63184,
                    -389.65625
                ]
            }
        ],
        "ICA bifurcation": [
            {
                "id": 400,
                "degree": 3,
                "label": 6,
                "coords": [
                    -14.03613,
                    202.61621,
                    -384.5
                ]
            }
        ],
        "ACA boundary": [
            {
                "id": 660,
                "degree": 2,
                "label": 6,
                "coords": [
                    -12.43613,
                    203.36621,
                    -383.31875
                ]
            }
        ],
        "MCA boundary": [
            {
                "id": 406,
                "degree": 2,
                "label": 6,
                "coords": [
                    -15.53613,
                    202.38496,
                    -384.42812
                ]
            }
        ]
    },
    "7": {
        "ICA boundary": [
            {
                "id": 406,
                "degree": 2,
                "label": 7,
                "coords": [
                    -15.53613,
                    202.38496,
                    -384.42812
                ]
            }
        ],
        "MCA end": [
            {
                "id": 438,
                "degree": 3,
                "label": 7,
                "coords": [
                    -23.53613,
                    200.36621,
                    -383.75
                ]
            }
        ]
    },
    "10": {
        "R-ACA boundary": [
            {
                "id": 793,
                "degree": 2,
                "label": 10,
                "coords": [
                    2.45189,
                    209.11178,
                    -383.80703
                ]
            }
        ],
        "L-ACA boundary": [
            {
                "id": 800,
                "degree": 2,
                "label": 10,
                "coords": [
                    0.8459,
                    208.2136,
                    -383.21692
                ]
            }
        ]
    },
    "11": {
        "ICA boundary": [
            {
                "id": 528,
                "degree": 2,
                "label": 11,
                "coords": [
                    17.63574,
                    202.92246,
                    -383.1
                ]
            }
        ],
        "Acom bifurcation": [
            {
                "id": 586,
                "degree": 3,
                "label": 11,
                "coords": [
                    3.11908,
                    209.4735,
                    -383.97812
                ]
            }
        ],
        "Acom boundary": [
            {
                "id": 793,
                "degree": 2,
                "label": 11,
                "coords": [
                    2.45189,
                    209.11178,
                    -383.80703
                ]
            }
        ],
        "ACA end": [
            {
                "id": 653,
                "degree": 1,
                "label": 11,
                "coords": [
                    0.37012,
                    216.10059,
                    -368.0
                ]
            }
        ]
    },
    "12": {
        "ICA boundary": [
            {
                "id": 660,
                "degree": 2,
                "label": 12,
                "coords": [
                    -12.43613,
                    203.36621,
                    -383.31875
                ]
            }
        ],
        "Acom bifurcation": [
            {
                "id": 714,
                "degree": 3,
                "label": 12,