{
    "1": {
        "BA start": [
            {
                "id": 0,
                "degree": 1,
                "label": 1,
                "coords": [
                    2.18179,
                    -13.74066,
                    -46.57365
                ]
            }
        ],
        "BA bifurcation": [
            {
                "id": 50,
                "degree": 3,
                "label": 1,
                "coords": [
                    -0.72305,
                    -15.43154,
                    -34.07365
                ]
            }
        ],
        "R-PCA boundary": [
            {
                "id": 60,
                "degree": 2,
                "label": 1,
                "coords": [
                    0.8557,
                    -15.81671,
                    -31.57365
                ]
            }
        ],
        "L-PCA boundary": [
            {
                "id": 163,
                "degree": 2,
                "label": 1,
                "coords": [
                    -2.04202,
                    -14.30779,
                    -32.62677
                ]
            }
        ]
    },
    "2": {
        "BA boundary": [
            {
                "id": 60,
                "degree": 2,
                "label": 2,
                "coords": [
                    0.8557,
                    -15.81671,
                    -31.57365
                ]
            }
        ],
        "PCA end": [
            {
                "id": 156,
                "degree": 1,
                "label": 2,
                "coords": [
                    15.70242,
                    -27.65078,
                    -40.80802
                ]
            }
        ]
    },
    "3": {
        "BA boundary": [
            {
                "id": 163,
                "degree": 2,
                "label": 3,
                "coords": [
                    -2.04202,
                    -14.30779,
                    -32.62677
                ]
            }
        ],
        "PCA end": [
            {
                "id": 254,
                "degree": 1,
                "label": 3,
                "coords": [
                    -18.41351,
                    -22.49313,
                    -40.80802
                ]
            }
        ]
    },
    "4": {
        "ICA start": [
            {
                "id": 255,
                "degree": 1,
                "label": 4,
                "coords": [
                    10.39339,
                    4.01196,
                    -44.05802
                ]
            }
        ],
        "ICA bifurcation": [
            {
                "id": 347,
                "degree": 3,
                "label": 4,
                "coords": [
                    15.60948,
                    -3.69226,
                    -32.82365
                ]
            }
        ],
        "ACA boundary": [
            {
                "id": 581,
                "degree": 2,
                "label": 4,
                "coords": [
                    15.15113,
                    -2.82729,
                    -31.52052
                ]
            }
        ],
        "MCA boundary": [
            {
                "id": 358,
                "degree": 2,
                "label": 4,
                "coords": [
                    18.35464,
                    -3.52916,
                    -32.72677
                ]
            }
        ]
    },
    "5": {
        "ICA boundary": [
            {
                "id": 358,
                "degree": 2,
                "label": 5,
                "coords": [
                    18.35464,
                    -3.52916,
                    -32.72677
                ]
            }
        ],
        "MCA end": [
            {
                "id": 422,
                "degree": 1,
                "label": 5,
                "coords": [
                    33.12189,
                    5.04923,
                    -33.9174
                ]
            }
        ]
    },
    "6": {
        "ICA start": [
            {
                "id": 423,
                "degree": 1,
                "label": 6,
                "coords": [
                    -13.4061,
                    8.09205,
                    -46.82365
                ]
            }
        ],
        "ICA bifurcation": [
            {
                "id": 515,
                "degree": 3,
                "label": 6,
                "coords": [
                    -15.83507,
                    -5.56041,
                    -33.07365
                ]
            }
        ],
        "ACA boundary": [
            {
                "id": 709,
                "degree": 2,
                "label": 6,
                "coords": [
                    -14.56966,
                    -6.0988,
                    -32.02052
                ]
            }
        ],
        "MCA boundary": [
            {
                "id": 520,
                "degree": 2,
                "label": 6,
                "coords": [
                    -17.08305,
                    -5.63142,
                    -33.2549
                ]
            }
        ]
    },
    "7": {
        "ICA boundary": [
            {
                "id": 520,
                "degree": 2,
                "label": 7,
                "coords": [
                    -17.08305,
                    -5.63142,
                    -33.2549
                ]
            }
        ],
        "MCA end": [
            {
                "id": 575,
                "degree": 1,
                "label": 7,
                "coords": [
                    -28.71124,
                    4.61575,
                    -33.4174
                ]
            }
        ]
    },
    "11": {
        "ICA boundary": [
            {
                "id": 581,
                "degree": 2,
                "label": 11,
                "coords": [
                    15.15113,
                    -2.82729,
                    -31.52052
                ]
            }
        ],
        "ACA end": [
            {
                "id": 704,
                "degree": 1,
                "label": 11,
                "coords": [
                    -1.98639,
                    4.77911,
                    -15.57364
                ]
            }
        ]
    },
    "12": {
        "ICA boundary": [
            {
                "id": 709,
                "degree": 2,
                "label": 12,
                "coords": [
                    -14.56966,
                    -6.0988,
                    -32.02052
                ]
            }
        ],
        "ACA end": [
            {
                "id": 842,
                "degree": 1,
                "label": 12,
                "coords": [
                    -2.26037,
                    7.28289,
                    -15.82364
                ]
            }
        ]
    }
}