{
    "1": {
        "BA start": [
            {
                "id": 0,
                "degree": 1,
                "label": 1,
                "coords": [
                    -2.60547,
                    194.67578,
                    -169.42188
                ]
            }
        ],
        "BA bifurcation": [
            {
                "id": 44,
                "degree": 3,
                "label": 1,
                "coords": [
                    -1.85547,
                    196.01953,
                    -158.75
                ]
            }
        ],
        "R-PCA boundary": [
            {
                "id": 52,
                "degree": 2,
                "label": 1,
                "coords": [
                    -0.10547,
                    194.93828,
                    -157.57188
                ]
            }
        ],
        "L-PCA boundary": [
            {
                "id": 166,
                "degree": 2,
                "label": 1,
                "coords": [
                    -3.35859,
                    197.28828,
                    -155.75
                ]
            }
        ]
    },
    "2": {
        "BA boundary": [
            {
                "id": 52,
                "degree": 2,
                "label": 2,
                "coords": [
                    -0.10547,
                    194.93828,
                    -157.57188
                ]
            }
        ],
        "Pcom bifurcation": [
            {
                "id": 99,
                "degree": 3,
                "label": 2,
                "coords": [
                    9.32578,
                    197.61328,
                    -162.6
                ]
            }
        ],
        "Pcom boundary": [
            {
                "id": 469,
                "degree": 2,
                "label": 2,
                "coords": [
                    9.54453,
                    198.76953,
                    -162.77188
                ]
            }
        ],
        "PCA end": [
            {
                "id": 154,
                "degree": 1,
                "label": 2,
                "coords": [
                    17.64453,
                    185.26953,
                    -158.23438
                ]
            }
        ]
    },
    "3": {
        "BA boundary": [
            {
                "id": 166,
                "degree": 2,
                "label": 3,
                "coords": [
                    -3.35859,
                    197.28828,
                    -155.75
                ]
            }
        ],
        "PCA end": [
            {
                "id": 275,
                "degree": 1,
                "label": 3,
                "coords": [
                    -16.02734,
                    182.26953,
                    -154.5
                ]
            }
        ]
    },
    "4": {
        "ICA start": [
            {
                "id": 276,
                "degree": 1,
                "label": 4,
                "coords": [
                    8.47266,
                    208.76953,
                    -164.25
                ]
            }
        ],
        "Pcom bifurcation": [
            {
                "id": 295,
                "degree": 3,
                "label": 4,
                "coords": [
                    12.39453,
                    206.23516,
                    -162.58125
                ]
            }
        ],
        "Pcom boundary": [
            {
                "id": 450,
                "degree": 2,
                "label": 4,
                "coords": [
                    11.99766,
                    204.51953,
                    -163.22812
                ]
            }
        ],
        "ICA bifurcation": [
            {
                "id": 313,
                "degree": 3,
                "label": 4,
                "coords": [
                    16.47786,
                    208.85286,
                    -160.66667
                ]
            }
        ],
        "ACA boundary": [
            {
                "id": 482,
                "degree": 2,
                "label": 4,
                "coords": [
                    14.39453,
                    210.59766,
                    -159.11562
                ]
            }
        ],
        "MCA boundary": [
            {
                "id": 327,
                "degree": 2,
                "label": 4,
                "coords": [
                    20.14453,
                    209.61953,
                    -159.7
                ]
            }
        ]
    },
    "5": {
        "ICA boundary": [
            {
                "id": 327,
                "degree": 2,
                "label": 5,
                "coords": [
                    20.14453,
                    209.61953,
                    -159.7
                ]
            }
        ],
        "MCA end": [
            {
                "id": 360,
                "degree": 1,
                "label": 5,
                "coords": [
                    28.37891,
                    210.36328,
                    -163.0
                ]
            }
        ]
    },
    "6": {
        "ICA start": [
            {
                "id": 361,
                "degree": 1,
                "label": 6,
                "coords": [
                    -4.52734,
                    211.48828,
                    -166.0
                ]
            }
        ],
        "ICA bifurcation": [
            {
                "id": 400,
                "degree": 3,
                "label": 6,
                "coords": [
                    -10.6888,
                    208.85286,
                    -158.66667
                ]
            }
        ],
        "ACA boundary": [
            {
                "id": 598,
                "degree": 2,
                "label": 6,
                "coords": [
                    -8.10547,
                    209.30703,
                    -157.075
                ]
            }
        ],
        "MCA boundary": [
            {
                "id": 413,
                "degree": 2,
                "label": 6,
                "coords": [
                    -14.10547,
                    209.40078,
                    -158.03438
                ]
            }
        ]
    },
    "7": {
        "ICA boundary": [
            {
                "id": 413,
                "degree": 2,
                "label": 7,
                "coords": [
                    -14.10547,
                    209.40078,
                    -158.03438
                ]
            }
        ],
        "MCA end": [
            {
                "id": 444,
                "degree": 1,
                "label": 7,
                "coords": [
                    -21.83984,
                    211.67578,
                    -159.59375
                ]
            }
        ]
    },
    "8": {
        "ICA boundary": [
            {
                "id": 450,
                "degree": 2,
                "label": 8,
                "coords": [
                    11.99766,
                    204.51953,
                    -163.22812
                ]
            }
        ],
        "PCA boundary": [
            {
                "id": 469,
                "degree": 2,
                "label": 8,
                "coords": [
                    9.54453,
                    198.76953,
                    -162.77188
                ]
            }
        ]
    },
    "10": {
        "R-ACA boundary": [
            {
                "id": 530,
                "degree": 3,
                "label": 10,
                "coords": [
                    3.37266,
                    214.41953,
                    -157.08281
                ]
            }
        ],
        "L-ACA boundary": [
            {
                "id": 635,
                "degree": 3,
                "label": 10,