{
    "1": {
        "BA start": [
            {
                "id": 0,
                "degree": 1,
                "label": 1,
                "coords": [
                    1.76433,
                    -4.75689,
                    -16.98465
                ]
            }
        ],
        "BA bifurcation": [
            {
                "id": 29,
                "degree": 3,
                "label": 1,
                "coords": [
                    5.09235,
                    -6.00918,
                    -10.0523
                ]
            }
        ],
        "R-PCA boundary": [
            {
                "id": 35,
                "degree": 2,
                "label": 1,
                "coords": [
                    6.58713,
                    -5.07105,
                    -10.83867
                ]
            }
        ],
        "L-PCA boundary": [
            {
                "id": 115,
                "degree": 2,
                "label": 1,
                "coords": [
                    3.97063,
                    -5.60504,
                    -8.99598
                ]
            }
        ]
    },
    "2": {
        "BA boundary": [
            {
                "id": 35,
                "degree": 2,
                "label": 2,
                "coords": [
                    6.58713,
                    -5.07105,
                    -10.83867
                ]
            }
        ],
        "Pcom bifurcation": [
            {
                "id": 53,
                "degree": 3,
                "label": 2,
                "coords": [
                    8.10351,
                    -4.08511,
                    -14.86604
                ]
            }
        ],
        "Pcom boundary": [
            {
                "id": 520,
                "degree": 2,
                "label": 2,
                "coords": [
                    8.31968,
                    -3.20924,
                    -15.33849
                ]
            }
        ],
        "PCA end": [
            {
                "id": 110,
                "degree": 1,
                "label": 2,
                "coords": [
                    16.52594,
                    -17.56318,
                    -16.56469
                ]
            }
        ]
    },
    "3": {
        "BA boundary": [
            {
                "id": 115,
                "degree": 2,
                "label": 3,
                "coords": [
                    3.97063,
                    -5.60504,
                    -8.99598
                ]
            }
        ],
        "PCA end": [
            {
                "id": 207,
                "degree": 1,
                "label": 3,
                "coords": [
                    -15.72204,
                    -14.07105,
                    -15.09414
                ]
            }
        ]
    },
    "4": {
        "ICA start": [
            {
                "id": 208,
                "degree": 1,
                "label": 4,
                "coords": [
                    9.66852,
                    8.47872,
                    -17.78215
                ]
            }
        ],
        "Pcom bifurcation": [
            {
                "id": 279,
                "degree": 3,
                "label": 4,
                "coords": [
                    15.02009,
                    1.93551,
                    -11.94075
                ]
            }
        ],
        "Pcom boundary": [
            {
                "id": 499,
                "degree": 2,
                "label": 4,
                "coords": [
                    12.89811,
                    2.50345,
                    -13.33991
                ]
            }
        ],
        "ICA bifurcation": [
            {
                "id": 302,
                "degree": 3,
                "label": 4,
                "coords": [
                    20.7289,
                    1.17262,
                    -9.84017
                ]
            }
        ],
        "ACA boundary": [
            {
                "id": 529,
                "degree": 2,
                "label": 4,
                "coords": [
                    20.34931,
                    1.35087,
                    -8.03971
                ]
            }
        ],
        "MCA boundary": [
            {
                "id": 306,
                "degree": 2,
                "label": 4,
                "coords": [
                    21.72584,
                    1.4549,
                    -10.1322
                ]
            }
        ]
    },
    "5": {
        "ICA boundary": [
            {
                "id": 306,
                "degree": 2,
                "label": 5,
                "coords": [
                    21.72584,
                    1.4549,
                    -10.1322
                ]
            }
        ],
        "MCA end": [
            {
                "id": 355,
                "degree": 1,
                "label": 5,
                "coords": [
                    31.66081,
                    10.18682,
                    -10.2071
                ]
            }
        ]
    },
    "6": {
        "ICA start": [
            {
                "id": 356,
                "degree": 1,
                "label": 6,
                "coords": [
                    -7.77238,
                    9.68495,
                    -15.19577
                ]
            }
        ],
        "ICA bifurcation": [
            {
                "id": 448,
                "degree": 3,
                "label": 6,
                "coords": [
                    -13.92496,
                    1.312,
                    -3.99077
                ]
            }
        ],
        "ACA boundary": [
            {
                "id": 665,
                "degree": 2,
                "label": 6,
                "coords": [
                    -12.13803,
                    1.13983,
                    -3.65268
                ]
            }
        ],
        "MCA boundary": [
            {
                "id": 455,
                "degree": 2,
                "label": 6,
                "coords": [
                    -15.5555,
                    1.27473,
                    -2.6882
                ]
            }
        ]
    },
    "7": {
        "ICA boundary": [
            {
                "id": 455,
                "degree": 2,
                "label": 7,
                "coords": [
                    -15.5555,
                    1.27473,
                    -2.6882
                ]
            }
        ],
        "MCA end": [
            {
                "id": 491,
                "degree": 1,
                "label": 7,
                "coords": [
                    -23.90215,
                    5.75548,
                    -0.3854
                ]
            }
        ]
    },
    "8": {
        "ICA boundary": [
            {
                "id": 499,
                "degree": 2,
                "label": 8,
                "coords": [
                    12.89811,
                    2.50345,
                    -13.33991
                ]
            }
        ],
        "PCA boundary": [
            {
                "id": 520,
                "degree": 2,
                "label": 8,
                "coords": [
                    8.31968,
                    -3.20924,
                    -15.33849
                ]
            }
        ]
    },
    "11": {
        "ICA boundary": [
            {
                "id": 529,
                "degree": 2,
                "label": 11,
                "coords": [
                    20.34931,
                    1.35087,
                    -8.03971
                ]
            }
        ],
        "ACA end": [
            {
                "id": 658,
                "degree": 1,
                "label": 11,