{
    "1": {
        "BA start": [
            {
                "id": 0,
                "degree": 1,
                "label": 1,
                "coords": [
                    -1.72146,
                    3.13768,
                    -4.07233
                ]
            }
        ],
        "BA bifurcation": [
            {
                "id": 50,
                "degree": 3,
                "label": 1,
                "coords": [
                    -5.44179,
                    -0.93545,
                    7.7894
                ]
            }
        ],
        "R-PCA boundary": [
            {
                "id": 61,
                "degree": 2,
                "label": 1,
                "coords": [
                    -3.37381,
                    -3.42713,
                    8.48901
                ]
            }
        ],
        "L-PCA boundary": [
            {
                "id": 175,
                "degree": 2,
                "label": 1,
                "coords": [
                    -7.88896,
                    -0.74574,
                    9.57614
                ]
            }
        ]
    },
    "2": {
        "BA boundary": [
            {
                "id": 61,
                "degree": 2,
                "label": 2,
                "coords": [
                    -3.37381,
                    -3.42713,
                    8.48901
                ]
            }
        ],
        "PCA end": [
            {
                "id": 165,
                "degree": 1,
                "label": 2,
                "coords": [
                    17.04595,
                    -10.77553,
                    -6.22171
                ]
            }
        ]
    },
    "3": {
        "BA boundary": [
            {
                "id": 175,
                "degree": 2,
                "label": 3,
                "coords": [
                    -7.88896,
                    -0.74574,
                    9.57614
                ]
            }
        ],
        "PCA end": [
            {
                "id": 291,
                "degree": 1,
                "label": 3,
                "coords": [
                    -26.88817,
                    -11.42592,
                    -6.90793
                ]
            }
        ]
    },
    "4": {
        "ICA start": [
            {
                "id": 292,
                "degree": 1,
                "label": 4,
                "coords": [
                    9.87067,
                    21.13336,
                    -1.9271
                ]
            }
        ],
        "ICA bifurcation": [
            {
                "id": 384,
                "degree": 3,
                "label": 4,
                "coords": [
                    10.66372,
                    5.74476,
                    7.69936
                ]
            }
        ],
        "ACA boundary": [
            {
                "id": 646,
                "degree": 2,
                "label": 4,
                "coords": [
                    8.83134,
                    6.00764,
                    9.43048
                ]
            }
        ],
        "MCA boundary": [
            {
                "id": 396,
                "degree": 2,
                "label": 4,
                "coords": [
                    13.64622,
                    6.07953,
                    8.79871
                ]
            }
        ]
    },
    "5": {
        "ICA boundary": [
            {
                "id": 396,
                "degree": 2,
                "label": 5,
                "coords": [
                    13.64622,
                    6.07953,
                    8.79871
                ]
            }
        ],
        "MCA end": [
            {
                "id": 475,
                "degree": 1,
                "label": 5,
                "coords": [
                    27.49804,
                    19.98607,
                    5.1946
                ]
            }
        ]
    },
    "6": {
        "ICA start": [
            {
                "id": 476,
                "degree": 1,
                "label": 6,
                "coords": [
                    -19.72187,
                    22.63514,
                    -2.01911
                ]
            }
        ],
        "ICA bifurcation": [
            {
                "id": 558,
                "degree": 3,
                "label": 6,
                "coords": [
                    -17.53425,
                    7.2408,
                    4.65616
                ]
            }
        ],
        "ACA boundary": [
            {
                "id": 790,
                "degree": 2,
                "label": 6,
                "coords": [
                    -15.55795,
                    8.1598,
                    6.2009
                ]
            }
        ],
        "MCA boundary": [
            {
                "id": 565,
                "degree": 2,
                "label": 6,
                "coords": [
                    -19.05747,
                    6.29547,
                    5.84631
                ]
            }
        ]
    },
    "7": {
        "ICA boundary": [
            {
                "id": 565,
                "degree": 2,
                "label": 7,
                "coords": [
                    -19.05747,
                    6.29547,
                    5.84631
                ]
            }
        ],
        "MCA end": [
            {
                "id": 638,
                "degree": 1,
                "label": 7,
                "coords": [
                    -35.33136,
                    12.62404,
                    9.01183
                ]
            }
        ]
    },
    "11": {
        "ICA boundary": [
            {
                "id": 646,
                "degree": 2,
                "label": 11,
                "coords": [
                    8.83134,
                    6.00764,
                    9.43048
                ]
            }
        ],
        "ACA end": [
            {
                "id": 782,
                "degree": 1,
                "label": 11,
                "coords": [
                    -4.22054,
                    23.94391,
                    32.86145
                ]
            }
        ]
    },
    "12": {
        "ICA boundary": [
            {
                "id": 790,
                "degree": 2,
                "label": 12,
                "coords": [
                    -15.55795,
                    8.1598,
                    6.2009
                ]
            }
        ],
        "ACA end": [
            {
                "id": 938,
                "degree": 1,
                "label": 12,
                "coords": [
                    -5.029,
                    23.70659,
                    25.29343
                ]
            }
        ]
    }
}