{
    "1": {
        "BA start": [
            {
                "id": 0,
                "degree": 1,
                "label": 1,
                "coords": [
                    10.23047,
                    205.69141,
                    1157.26404
                ]
            }
        ],
        "BA bifurcation": [
            {
                "id": 37,
                "degree": 3,
                "label": 1,
                "coords": [
                    9.16276,
                    207.83203,
                    1166.57133
                ]
            }
        ],
        "R-PCA boundary": [
            {
                "id": 47,
                "degree": 2,
                "label": 1,
                "coords": [
                    10.94609,
                    206.91641,
                    1169.15154
                ]
            }
        ],
        "L-PCA boundary": [
            {
                "id": 155,
                "degree": 2,
                "label": 1,
                "coords": [
                    7.49609,
                    208.54766,
                    1167.87341
                ]
            }
        ]
    },
    "2": {
        "BA boundary": [
            {
                "id": 47,
                "degree": 2,
                "label": 2,
                "coords": [
                    10.94609,
                    206.91641,
                    1169.15154
                ]
            }
        ],
        "Pcom bifurcation": [
            {
                "id": 66,
                "degree": 3,
                "label": 2,
                "coords": [
                    15.60651,
                    208.881,
                    1170.3995
                ]
            }
        ],
        "Pcom boundary": [
            {
                "id": 506,
                "degree": 2,
                "label": 2,
                "coords": [
                    15.32443,
                    209.5387,
                    1170.22866
                ]
            }
        ],
        "PCA end": [
            {
                "id": 146,
                "degree": 1,
                "label": 2,
                "coords": [
                    29.83984,
                    198.08203,
                    1171.24841
                ]
            }
        ]
    },
    "3": {
        "BA boundary": [
            {
                "id": 155,
                "degree": 2,
                "label": 3,
                "coords": [
                    7.49609,
                    208.54766,
                    1167.87341
                ]
            }
        ],
        "PCA end": [
            {
                "id": 250,
                "degree": 1,
                "label": 3,
                "coords": [
                    -8.50391,
                    198.08203,
                    1172.65466
                ]
            }
        ]
    },
    "4": {
        "ICA start": [
            {
                "id": 251,
                "degree": 1,
                "label": 4,
                "coords": [
                    19.32422,
                    225.83203,
                    1161.74841
                ]
            }
        ],
        "Pcom bifurcation": [
            {
                "id": 270,
                "degree": 3,
                "label": 4,
                "coords": [
                    22.99609,
                    221.96328,
                    1164.33591
                ]
            }
        ],
        "Pcom boundary": [
            {
                "id": 446,
                "degree": 2,
                "label": 4,
                "coords": [
                    22.24297,
                    220.93516,
                    1163.32966
                ]
            }
        ],
        "ICA bifurcation": [
            {
                "id": 292,
                "degree": 3,
                "label": 4,
                "coords": [
                    28.57943,
                    221.83203,
                    1167.82133
                ]
            }
        ],
        "ACA boundary": [
            {
                "id": 515,
                "degree": 2,
                "label": 4,
                "coords": [
                    27.87422,
                    222.42891,
                    1169.84841
                ]
            }
        ],
        "MCA boundary": [
            {
                "id": 302,
                "degree": 2,
                "label": 4,
                "coords": [
                    31.24297,
                    223.00078,
                    1167.98591
                ]
            }
        ]
    },
    "5": {
        "ICA boundary": [
            {
                "id": 302,
                "degree": 2,
                "label": 5,
                "coords": [
                    31.24297,
                    223.00078,
                    1167.98591
                ]
            }
        ],
        "MCA end": [
            {
                "id": 341,
                "degree": 1,
                "label": 5,
                "coords": [
                    39.51172,
                    230.22266,
                    1163.71716
                ]
            }
        ]
    },
    "6": {
        "ICA start": [
            {
                "id": 342,
                "degree": 1,
                "label": 6,
                "coords": [
                    0.23047,
                    226.08203,
                    1161.13904
                ]
            }
        ],
        "ICA bifurcation": [
            {
                "id": 381,
                "degree": 3,
                "label": 6,
                "coords": [
                    -5.08724,
                    220.58203,
                    1168.32133
                ]
            }
        ],
        "ACA boundary": [
            {
                "id": 672,
                "degree": 2,
                "label": 6,
                "coords": [
                    -3.50391,
                    220.83203,
                    1169.00154
                ]
            }
        ],
        "MCA boundary": [
            {
                "id": 390,
                "degree": 2,
                "label": 6,
                "coords": [
                    -7.50391,
                    220.92891,
                    1169.15154
                ]
            }
        ]
    },
    "7": {
        "ICA boundary": [
            {
                "id": 390,
                "degree": 2,
                "label": 7,
                "coords": [
                    -7.50391,
                    220.92891,
                    1169.15154
                ]
            }
        ],
        "MCA end": [
            {
                "id": 442,
                "degree": 1,
                "label": 7,
                "coords": [
                    -19.25391,
                    229.09766,
                    1166.63904
                ]
            }
        ]
    },
    "8": {
        "ICA boundary": [
            {
                "id": 446,
                "degree": 2,
                "label": 8,
                "coords": [
                    22.24297,
                    220.93516,
                    1163.32966
                ]
            }
        ],
        "PCA boundary": [
            {
                "id": 506,
                "degree": 2,
                "label": 8,
                "coords": [
                    15.32443,
                    209.5387,
                    1170.22866
                ]
            }
        ]
    },
    "11": {
        "ICA boundary": [
            {
                "id": 515,
                "degree": 2,
                "label": 11,
                "coords": [
                    27.87422,
                    222.42891,
                    1169.84841
                ]
            }
        ],
        "ACA end": [
            {
                "id": 666,
                "degree": 1,
                "label": 11,