outer_fold,inner_auc_mean,inner_auc_std,inner_auc_n_folds,C,l1_ratio,feature_select_enabled,feature_select_mode,feature_select_k_kin,feature_select_kin_method,feature_select_max_abs_corr,feature_select_max_zero_rate
0,0.5454872967584832,0.02918725842629297,3,0.5,0.25,True,block_kinematic,0,topk_auc,0.9,0.9
0,0.5454872967584832,0.02918725842629297,3,0.5,0.25,True,block_kinematic,0,topk_auc,0.9,0.95
0,0.5454872967584832,0.02918725842629297,3,0.5,0.25,True,block_kinematic,0,topk_auc,0.95,0.9
0,0.5454872967584832,0.02918725842629297,3,0.5,0.25,True,block_kinematic,0,topk_auc,0.95,0.95
0,0.5454872967584832,0.02918725842629297,3,0.5,0.25,True,block_kinematic,0,mrmr,0.9,0.9
0,0.5454872967584832,0.02918725842629297,3,0.5,0.25,True,block_kinematic,0,mrmr,0.9,0.95
0,0.5454872967584832,0.02918725842629297,3,0.5,0.25,True,block_kinematic,0,mrmr,0.95,0.9
0,0.5454872967584832,0.02918725842629297,3,0.5,0.25,True,block_kinematic,0,mrmr,0.95,0.95
0,0.5310582700413208,0.01175435315035758,3,0.5,0.25,True,block_kinematic,8,topk_auc,0.9,0.9
0,0.5310582700413208,0.01175435315035758,3,0.5,0.25,True,block_kinematic,8,topk_auc,0.9,0.95
0,0.5401937046004843,0.016603767476288698,3,0.5,0.25,True,block_kinematic,8,topk_auc,0.95,0.9
0,0.5401937046004843,0.016603767476288698,3,0.5,0.25,True,block_kinematic,8,topk_auc,0.95,0.95
0,0.5362239847409339,0.012701737328711632,3,0.5,0.25,True,block_kinematic,8,mrmr,0.9,0.9
0,0.5362239847409339,0.012701737328711632,3,0.5,0.25,True,block_kinematic,8,mrmr,0.9,0.95
0,0.5345909818367446,0.017585474586272753,3,0.5,0.25,True,block_kinematic,8,mrmr,0.95,0.9
0,0.5345909818367446,0.017585474586272753,3,0.5,0.25,True,block_kinematic,8,mrmr,0.95,0.95
0,0.5256575815897849,0.006772507522162317,3,0.5,0.25,True,block_kinematic,16,topk_auc,0.9,0.9
0,0.5256575815897849,0.006772507522162317,3,0.5,0.25,True,block_kinematic,16,topk_auc,0.9,0.95
0,0.5279929188827495,0.015936146164044557,3,0.5,0.25,True,block_kinematic,16,topk_auc,0.95,0.9
0,0.5279929188827495,0.015936146164044557,3,0.5,0.25,True,block_kinematic,16,topk_auc,0.95,0.95
0,0.5331155191324684,0.004971398766650515,3,0.5,0.25,True,block_kinematic,16,mrmr,0.9,0.9
0,0.5359034719204211,0.008531842777804244,3,0.5,0.25,True,block_kinematic,16,mrmr,0.9,0.95
0,0.5283331781213136,0.005576505896168864,3,0.5,0.25,True,block_kinematic,16,mrmr,0.95,0.9
0,0.5320267068148424,0.010689215720180592,3,0.5,0.25,True,block_kinematic,16,mrmr,0.95,0.95
0,0.5241485758434912,0.011158700430972139,3,0.5,0.25,True,block_kinematic,32,topk_auc,0.9,0.9
0,0.5241485758434912,0.011158700430972139,3,0.5,0.25,True,block_kinematic,32,topk_auc,0.9,0.95
0,0.5374456757931335,0.008619830492565235,3,0.5,0.25,True,block_kinematic,32,topk_auc,0.95,0.9
0,0.5374456757931335,0.008619830492565235,3,0.5,0.25,True,block_kinematic,32,topk_auc,0.95,0.95
0,0.5325720183771031,0.015274836580210732,3,0.5,0.25,True,block_kinematic,32,mrmr,0.9,0.9
0,0.5332740940791788,0.01512530141421682,3,0.5,0.25,True,block_kinematic,32,mrmr,0.9,0.95
0,0.531284189758766,0.015549003360927875,3,0.5,0.25,True,block_kinematic,32,mrmr,0.95,0.9
0,0.5338177672923435,0.015579462600367354,3,0.5,0.25,True,block_kinematic,32,mrmr,0.95,0.95
0,0.5470309665224921,0.030513529472495346,3,0.5,0.5,True,block_kinematic,0,topk_auc,0.9,0.9
0,0.5470309665224921,0.030513529472495346,3,0.5,0.5,True,block_kinematic,0,topk_auc,0.9,0.95
0,0.5470309665224921,0.030513529472495346,3,0.5,0.5,True,block_kinematic,0,topk_auc,0.95,0.9
0,0.5470309665224921,0.030513529472495346,3,0.5,0.5,True,block_kinematic,0,topk_auc,0.95,0.95
0,0.5470309665224921,0.030513529472495346,3,0.5,0.5,True,block_kinematic,0,mrmr,0.9,0.9
0,0.5470309665224921,0.030513529472495346,3,0.5,0.5,True,block_kinematic,0,mrmr,0.9,0.95
0,0.5470309665224921,0.030513529472495346,3,0.5,0.5,True,block_kinematic,0,mrmr,0.95,0.9
0,0.5470309665224921,0.030513529472495346,3,0.5,0.5,True,block_kinematic,0,mrmr,0.95,0.95
0,0.5334853548836599,0.010840817129418364,3,0.5,0.5,True,block_kinematic,8,topk_auc,0.9,0.9
0,0.5334853548836599,0.010840817129418364,3,0.5,0.5,True,block_kinematic,8,topk_auc,0.9,0.95
0,0.542251988438429,0.018117860956746685,3,0.5,0.5,True,block_kinematic,8,topk_auc,0.95,0.9
0,0.542251988438429,0.018117860956746685,3,0.5,0.5,True,block_kinematic,8,topk_auc,0.95,0.95
0,0.537180004552886,0.013100192023884826,3,0.5,0.5,True,block_kinematic,8,mrmr,0.9,0.9
0,0.537180004552886,0.013100192023884826,3,0.5,0.5,True,block_kinematic,8,mrmr,0.9,0.95
0,0.5362544235425591,0.01820398467180452,3,0.5,0.5,True,block_kinematic,8,mrmr,0.95,0.9
0,0.5362544235425591,0.01820398467180452,3,0.5,0.5,True,block_kinematic,8,mrmr,0.95,0.95
0,0.5270189634596414,0.00713834788716,3,0.5,0.5,True,block_kinematic,16,topk_auc,0.9,0.9
0,0.5270189634596414,0.00713834788716,3,0.5,0.5,True,block_kinematic,16,topk_auc,0.9,0.95
0,0.5300213675213675,0.015893289352612118,3,0.5,0.5,True,block_kinematic,16,topk_auc,0.95,0.9
0,0.5300213675213675,0.015893289352612118,3,0.5,0.5,True,block_kinematic,16,topk_auc,0.95,0.95
0,0.5339723757096638,0.0034224557980760345,3,0.5,0.5,True,block_kinematic,16,mrmr,0.9,0.9
0,0.5366484033856915,0.007132920701430847,3,0.5,0.5,True,block_kinematic,16,mrmr,0.9,0.95
0,0.5308315742637776,0.005633264159239882,3,0.5,0.5,True,block_kinematic,16,mrmr,0.95,0.9
0,0.5335890020212054,0.00949721110786417,3,0.5,0.5,True,block_kinematic,16,mrmr,0.95,0.95
0,0.5248818664072902,0.01260761948399844,3,0.5,0.5,True,block_kinematic,32,topk_auc,0.9,0.9
0,0.5248818664072902,0.01260761948399844,3,0.5,0.5,True,block_kinematic,32,topk_auc,0.9,0.95
0,0.5370067706932115,0.006350049246566471,3,0.5,0.5,True,block_kinematic,32,topk_auc,0.95,0.9
0,0.5370067706932115,0.006350049246566471,3,0.5,0.5,True,block_kinematic,32,topk_auc,0.95,0.95
0,0.5338099204624628,0.012666426059770584,3,0.5,0.5,True,block_kinematic,32,mrmr,0.9,0.9
0,0.5343797210322633,0.01256032111472615,3,0.5,0.5,True,block_kinematic,32,mrmr,0.9,0.95
0,0.5338500169008643,0.015566148423003733,3,0.5,0.5,True,block_kinematic,32,mrmr,0.95,0.9
0,0.536566744617592,0.015459625817293094,3,0.5,0.5,True,block_kinematic,32,mrmr,0.95,0.95
0,0.5491327959548299,0.03192459633220344,3,0.5,0.75,True,block_kinematic,0,topk_auc,0.9,0.9
0,0.5491327959548299,0.03192459633220344,3,0.5,0.75,True,block_kinematic,0,topk_auc,0.9,0.95
0,0.5491327959548299,0.03192459633220344,3,0.5,0.75,True,block_kinematic,0,topk_auc,0.95,0.9
0,0.5491327959548299,0.03192459633220344,3,0.5,0.75,True,block_kinematic,0,topk_auc,0.95,0.95
0,0.5491327959548299,0.03192459633220344,3,0.5,0.75,True,block_kinematic,0,mrmr,0.9,0.9
0,0.5491327959548299,0.03192459633220344,3,0.5,0.75,True,block_kinematic,0,mrmr,0.9,0.95
0,0.5491327959548299,0.03192459633220344,3,0.5,0.75,True,block_kinematic,0,mrmr,0.95,0.9
0,0.5491327959548299,0.03192459633220344,3,0.5,0.75,True,block_kinematic,0,mrmr,0.95,0.95
0,0.5348512206563053,0.010769699274062735,3,0.5,0.75,True,block_kinematic,8,topk_auc,0.9,0.9
0,0.5348512206563053,0.010769699274062735,3,0.5,0.75,True,block_kinematic,8,topk_auc,0.9,0.95
0,0.5439813952525817,0.01936508445528747,3,0.5,0.75,True,block_kinematic,8,topk_auc,0.95,0.9
0,0.5439813952525817,0.01936508445528747,3,0.5,0.75,True,block_kinematic,8,topk_auc,0.95,0.95
0,0.5375503576774764,0.013243962889261612,3,0.5,0.75,True,block_kinematic,8,mrmr,0.9,0.9
0,0.5375503576774764,0.013243962889261612,3,0.5,0.75,True,block_kinematic,8,mrmr,0.9,0.95
0,0.5373645343984327,0.018900454970700604,3,0.5,0.75,True,block_kinematic,8,mrmr,0.95,0.9
0,0.5373645343984327,0.018900454970700604,3,0.5,0.75,True,block_kinematic,8,mrmr,0.95,0.95
0,0.5286582610735153,0.006528309186932518,3,0.5,0.75,True,block_kinematic,16,topk_auc,0.9,0.9
0,0.5286582610735153,0.006528309186932518,3,0.5,0.75,True,block_kinematic,16,topk_auc,0.9,0.95
0,0.5316451439332796,0.015293075051190895,3,0.5,0.75,True,block_kinematic,16,topk_auc,0.95,0.9
0,0.5316451439332796,0.015293075051190895,3,0.5,0.75,True,block_kinematic,16,topk_auc,0.95,0.95
0,0.5341486275808309,0.0032047972077889147,3,0.5,0.75,True,block_kinematic,16,mrmr,0.9,0.9
0,0.5366822051144086,0.006785695914599673,3,0.5,0.75,True,block_kinematic,16,mrmr,0.9,0.95
0,0.5318275180563315,0.004691027587722708,3,0.5,0.75,True,block_kinematic,16,mrmr,0.95,0.9
0,0.5345951208239345,0.00860497858537885,3,0.5,0.75,True,block_kinematic,16,mrmr,0.95,0.95
0,0.526928336885964,0.010224716438657579,3,0.5,0.75,True,block_kinematic,32,topk_auc,0.9,0.9
0,0.526928336885964,0.010224716438657579,3,0.5,0.75,True,block_kinematic,32,topk_auc,0.9,0.95
0,0.5362001855645924,0.004984176593437493,3,0.5,0.75,True,block_kinematic,32,topk_auc,0.95,0.9
0,0.5362001855645924,0.004984176593437493,3,0.5,0.75,True,block_kinematic,32,topk_auc,0.95,0.95
0,0.5308011354621524,0.011383401771155398,3,0.5,0.75,True,block_kinematic,32,mrmr,0.9,0.9
0,0.5316354862965031,0.011235419863821526,3,0.5,0.75,True,block_kinematic,32,mrmr,0.9,0.95
0,0.5325139000986457,0.014955708452589964,3,0.5,0.75,True,block_kinematic,32,mrmr,0.95,0.9
0,0.5348643274490731,0.014950164793792176,3,0.5,0.75,True,block_kinematic,32,mrmr,0.95,0.95
0,0.5387684271158849,0.028996042238455436,3,1.0,0.25,True,block_kinematic,0,topk_auc,0.9,0.9
0,0.5387684271158849,0.028996042238455436,3,1.0,0.25,True,block_kinematic,0,topk_auc,0.9,0.95
0,0.5387684271158849,0.028996042238455436,3,1.0,0.25,True,block_kinematic,0,topk_auc,0.95,0.9
0,0.5387684271158849,0.028996042238455436,3,1.0,0.25,True,block_kinematic,0,topk_auc,0.95,0.95
0,0.5387684271158849,0.028996042238455436,3,1.0,0.25,True,block_kinematic,0,mrmr,0.9,0.9
0,0.5387684271158849,0.028996042238455436,3,1.0,0.25,True,block_kinematic,0,mrmr,0.9,0.95
0,0.5387684271158849,0.028996042238455436,3,1.0,0.25,True,block_kinematic,0,mrmr,0.95,0.9
0,0.5387684271158849,0.028996042238455436,3,1.0,0.25,True,block_kinematic,0,mrmr,0.95,0.95
0,0.526269548091582,0.015621558993586675,3,1.0,0.25,True,block_kinematic,8,topk_auc,0.9,0.9
0,0.526269548091582,0.015621558993586675,3,1.0,0.25,True,block_kinematic,8,topk_auc,0.9,0.95
0,0.5361709539675641,0.018668096542463545,3,1.0,0.25,True,block_kinematic,8,topk_auc,0.95,0.9
0,0.5361709539675641,0.018668096542463545,3,1.0,0.25,True,block_kinematic,8,topk_auc,0.95,0.95
0,0.5312332284789911,0.015238973559168336,3,1.0,0.25,True,block_kinematic,8,mrmr,0.9,0.9
0,0.5312332284789911,0.015238973559168336,3,1.0,0.25,True,block_kinematic,8,mrmr,0.9,0.95
0,0.5301478653173568,0.017711131838359612,3,1.0,0.25,True,block_kinematic,8,mrmr,0.95,0.9
0,0.5301478653173568,0.017711131838359612,3,1.0,0.25,True,block_kinematic,8,mrmr,0.95,0.95
0,0.5209183550285245,0.010281619658791747,3,1.0,0.25,True,block_kinematic,16,topk_auc,0.9,0.9
0,0.5209183550285245,0.010281619658791747,3,1.0,0.25,True,block_kinematic,16,topk_auc,0.9,0.95
0,0.5246641384353249,0.01733362883785305,3,1.0,0.25,True,block_kinematic,16,topk_auc,0.95,0.9
0,0.5246641384353249,0.01733362883785305,3,1.0,0.25,True,block_kinematic,16,topk_auc,0.95,0.95
0,0.5286578299290163,0.00901841533278035,3,1.0,0.25,True,block_kinematic,16,mrmr,0.9,0.9
0,0.5311405324117188,0.011987616260949187,3,1.0,0.25,True,block_kinematic,16,mrmr,0.9,0.95
0,0.5247846002083291,0.008630631724695154,3,1.0,0.25,True,block_kinematic,16,mrmr,0.95,0.9
0,0.5281423535660824,0.012849335717048644,3,1.0,0.25,True,block_kinematic,16,mrmr,0.95,0.95
0,0.5217611562950545,0.009657450283697107,3,1.0,0.25,True,block_kinematic,32,topk_auc,0.9,0.9
0,0.5217611562950545,0.009657450283697107,3,1.0,0.25,True,block_kinematic,32,topk_auc,0.9,0.95
0,0.5351180991011499,0.010074729996768029,3,1.0,0.25,True,block_kinematic,32,topk_auc,0.95,0.9
0,0.5351180991011499,0.010074729996768029,3,1.0,0.25,True,block_kinematic,32,topk_auc,0.95,0.95
0,0.5295033042914398,0.01741802338872244,3,1.0,0.25,True,block_kinematic,32,mrmr,0.9,0.9
0,0.5302664300545655,0.017391887179051123,3,1.0,0.25,True,block_kinematic,32,mrmr,0.9,0.95
0,0.5295565075226092,0.016988733827008475,3,1.0,0.25,True,block_kinematic,32,mrmr,0.95,0.9
0,0.5320188599849617,0.0172538730260306,3,1.0,0.25,True,block_kinematic,32,mrmr,0.95,0.95
0,0.5412540613811799,0.029820616101260355,3,1.0,0.5,True,block_kinematic,0,topk_auc,0.9,0.9
0,0.5412540613811799,0.029820616101260355,3,1.0,0.5,True,block_kinematic,0,topk_auc,0.9,0.95
0,0.5412540613811799,0.029820616101260355,3,1.0,0.5,True,block_kinematic,0,topk_auc,0.95,0.9
0,0.5412540613811799,0.029820616101260355,3,1.0,0.5,True,block_kinematic,0,topk_auc,0.95,0.95
0,0.5412540613811799,0.029820616101260355,3,1.0,0.5,True,block_kinematic,0,mrmr,0.9,0.9
0,0.5412540613811799,0.029820616101260355,3,1.0,0.5,True,block_kinematic,0,mrmr,0.9,0.95
0,0.5412540613811799,0.029820616101260355,3,1.0,0.5,True,block_kinematic,0,mrmr,0.95,0.9
0,0.5412540613811799,0.029820616101260355,3,1.0,0.5,True,block_kinematic,0,mrmr,0.95,0.95
0,0.527542804025855,0.014736397488441827,3,1.0,0.5,True,block_kinematic,8,topk_auc,0.9,0.9
0,0.527542804025855,0.014736397488441827,3,1.0,0.5,True,block_kinematic,8,topk_auc,0.9,0.95
0,0.538781792595352,0.01836764401939922,3,1.0,0.5,True,block_kinematic,8,topk_auc,0.95,0.9
0,0.538781792595352,0.01836764401939922,3,1.0,0.5,True,block_kinematic,8,topk_auc,0.95,0.95
0,0.5339983306085,0.014397165280133488,3,1.0,0.5,True,block_kinematic,8,mrmr,0.9,0.9
0,0.5339983306085,0.014397165280133488,3,1.0,0.5,True,block_kinematic,8,mrmr,0.9,0.95
0,0.5329550471499624,0.01800346599763358,3,1.0,0.5,True,block_kinematic,8,mrmr,0.95,0.9
0,0.5329550471499624,0.01800346599763358,3,1.0,0.5,True,block_kinematic,8,mrmr,0.95,0.95
0,0.5233866572849625,0.009558234896467439,3,1.0,0.5,True,block_kinematic,16,topk_auc,0.9,0.9
0,0.5233866572849625,0.009558234896467439,3,1.0,0.5,True,block_kinematic,16,topk_auc,0.9,0.95
0,0.5267326835123446,0.016699814762225082,3,1.0,0.5,True,block_kinematic,16,topk_auc,0.95,0.9
0,0.5267326835123446,0.016699814762225082,3,1.0,0.5,True,block_kinematic,16,topk_auc,0.95,0.95
0,0.5319671226450887,0.0064191723930340176,3,1.0,0.5,True,block_kinematic,16,mrmr,0.9,0.9
0,0.5346940253719915,0.009772027089883818,3,1.0,0.5,True,block_kinematic,16,mrmr,0.9,0.95
0,0.527668525761746,0.007128188590600086,3,1.0,0.5,True,block_kinematic,16,mrmr,0.95,0.9
0,0.5308940039872243,0.011315935621824562,3,1.0,0.5,True,block_kinematic,16,mrmr,0.95,0.95
0,0.524125811413947,0.009707767806907037,3,1.0,0.5,True,block_kinematic,32,topk_auc,0.9,0.9
0,0.524125811413947,0.009707767806907037,3,1.0,0.5,True,block_kinematic,32,topk_auc,0.9,0.95
0,0.5376966018915171,0.009569276077000066,3,1.0,0.5,True,block_kinematic,32,topk_auc,0.95,0.9
0,0.5376966018915171,0.009569276077000066,3,1.0,0.5,True,block_kinematic,32,topk_auc,0.95,0.95
0,0.5314766526630933,0.015779894232667145,3,1.0,0.5,True,block_kinematic,32,mrmr,0.9,0.9
0,0.5320668032532438,0.015729764694796877,3,1.0,0.5,True,block_kinematic,32,mrmr,0.9,0.95
0,0.5308998675524098,0.01555346490003459,3,1.0,0.5,True,block_kinematic,32,mrmr,0.95,0.9
0,0.5334741451266874,0.015759513236554255,3,1.0,0.5,True,block_kinematic,32,mrmr,0.95,0.95
0,0.5441528183053607,0.029869585899285064,3,1.0,0.75,True,block_kinematic,0,topk_auc,0.9,0.9
0,0.5441528183053607,0.029869585899285064,3,1.0,0.75,True,block_kinematic,0,topk_auc,0.9,0.95
0,0.5441528183053607,0.029869585899285064,3,1.0,0.75,True,block_kinematic,0,topk_auc,0.95,0.9
0,0.5441528183053607,0.029869585899285064,3,1.0,0.75,True,block_kinematic,0,topk_auc,0.95,0.95
0,0.5441528183053607,0.029869585899285064,3,1.0,0.75,True,block_kinematic,0,mrmr,0.9,0.9
0,0.5441528183053607,0.029869585899285064,3,1.0,0.75,True,block_kinematic,0,mrmr,0.9,0.95
0,0.5441528183053607,0.029869585899285064,3,1.0,0.75,True,block_kinematic,0,mrmr,0.95,0.9
0,0.5441528183053607,0.029869585899285064,3,1.0,0.75,True,block_kinematic,0,mrmr,0.95,0.95
0,0.5293270524202728,0.013499513871322128,3,1.0,0.75,True,block_kinematic,8,topk_auc,0.9,0.9
0,0.5293270524202728,0.013499513871322128,3,1.0,0.75,True,block_kinematic,8,topk_auc,0.9,0.95
0,0.5394346315956485,0.01795790604663389,3,1.0,0.75,True,block_kinematic,8,topk_auc,0.95,0.9
0,0.5394346315956485,0.01795790604663389,3,1.0,0.75,True,block_kinematic,8,topk_auc,0.95,0.95
0,0.53530538827149,0.015164217401893627,3,1.0,0.75,True,block_kinematic,8,mrmr,0.9,0.9
0,0.53530538827149,0.015164217401893627,3,1.0,0.75,True,block_kinematic,8,mrmr,0.9,0.95
0,0.5340685209329278,0.018278494215551257,3,1.0,0.75,True,block_kinematic,8,mrmr,0.95,0.9
0,0.5340685209329278,0.018278494215551257,3,1.0,0.75,True,block_kinematic,8,mrmr,0.95,0.95
0,0.52440959072315,0.008571674258473569,3,1.0,0.75,True,block_kinematic,16,topk_auc,0.9,0.9
0,0.52440959072315,0.008571674258473569,3,1.0,0.75,True,block_kinematic,16,topk_auc,0.9,0.95
0,0.5267461352207115,0.01746621570331665,3,1.0,0.75,True,block_kinematic,16,topk_auc,0.95,0.9
0,0.5267461352207115,0.01746621570331665,3,1.0,0.75,True,block_kinematic,16,topk_auc,0.95,0.95
0,0.532286686947704,0.005923562203671619,3,1.0,0.75,True,block_kinematic,16,mrmr,0.9,0.9
0,0.5350339396949567,0.009573846547921601,3,1.0,0.75,True,block_kinematic,16,mrmr,0.9,0.95
0,0.5280804412160345,0.006914624548528743,3,1.0,0.75,True,block_kinematic,16,mrmr,0.95,0.9
0,0.5313873195229128,0.01146633670009488,3,1.0,0.75,True,block_kinematic,16,mrmr,0.95,0.95
0,0.5252668784448445,0.011205502829903898,3,1.0,0.75,True,block_kinematic,32,topk_auc,0.9,0.9
0,0.5252668784448445,0.011205502829903898,3,1.0,0.75,True,block_kinematic,32,topk_auc,0.9,0.95
0,0.5378195643026152,0.00858801804840029,3,1.0,0.75,True,block_kinematic,32,topk_auc,0.95,0.9
0,0.5378195643026152,0.00858801804840029,3,1.0,0.75,True,block_kinematic,32,topk_auc,0.95,0.95
0,0.5323256624104081,0.014080373880596195,3,1.0,0.75,True,block_kinematic,32,mrmr,0.9,0.9
0,0.5329056379903837,0.014056478412315405,3,1.0,0.75,True,block_kinematic,32,mrmr,0.9,0.95
0,0.5320641301573504,0.014181466180244434,3,1.0,0.75,True,block_kinematic,32,mrmr,0.95,0.9
0,0.5343738574670778,0.014666578609461587,3,1.0,0.75,True,block_kinematic,32,mrmr,0.95,0.95
0,0.5333660140863531,0.029604391962120273,3,2.0,0.25,True,block_kinematic,0,topk_auc,0.9,0.9
0,0.5333660140863531,0.029604391962120273,3,2.0,0.25,True,block_kinematic,0,topk_auc,0.9,0.95
0,0.5333660140863531,0.029604391962120273,3,2.0,0.25,True,block_kinematic,0,topk_auc,0.95,0.9
0,0.5333660140863531,0.029604391962120273,3,2.0,0.25,True,block_kinematic,0,topk_auc,0.95,0.95
0,0.5333660140863531,0.029604391962120273,3,2.0,0.25,True,block_kinematic,0,mrmr,0.9,0.9
0,0.5333660140863531,0.029604391962120273,3,2.0,0.25,True,block_kinematic,0,mrmr,0.9,0.95
0,0.5333660140863531,0.029604391962120273,3,2.0,0.25,True,block_kinematic,0,mrmr,0.95,0.9
0,0.5333660140863531,0.029604391962120273,3,2.0,0.25,True,block_kinematic,0,mrmr,0.95,0.95
0,0.5209142160413346,0.017069670569865605,3,2.0,0.25,True,block_kinematic,8,topk_auc,0.9,0.9
0,0.5209142160413346,0.017069670569865605,3,2.0,0.25,True,block_kinematic,8,topk_auc,0.9,0.95
0,0.5316255699730276,0.019216125960499052,3,2.0,0.25,True,block_kinematic,8,topk_auc,0.95,0.9
0,0.5316255699730276,0.019216125960499052,3,2.0,0.25,True,block_kinematic,8,topk_auc,0.95,0.95
0,0.5267373398729331,0.016569921408509304,3,2.0,0.25,True,block_kinematic,8,mrmr,0.9,0.9
0,0.5267373398729331,0.016569921408509304,3,2.0,0.25,True,block_kinematic,8,mrmr,0.9,0.95
0,0.5249695611983748,0.018461933234382468,3,2.0,0.25,True,block_kinematic,8,mrmr,0.95,0.9
0,0.5249695611983748,0.018461933234382468,3,2.0,0.25,True,block_kinematic,8,mrmr,0.95,0.95
0,0.5167351324130984,0.011782259424743346,3,2.0,0.25,True,block_kinematic,16,topk_auc,0.9,0.9
0,0.5167351324130984,0.011782259424743346,3,2.0,0.25,True,block_kinematic,16,topk_auc,0.9,0.95
0,0.5193999503321537,0.01949081348786491,3,2.0,0.25,True,block_kinematic,16,topk_auc,0.95,0.9
0,0.5193999503321537,0.01949081348786491,3,2.0,0.25,True,block_kinematic,16,topk_auc,0.95,0.95
0,0.5226671633451293,0.010396898268173239,3,2.0,0.25,True,block_kinematic,16,mrmr,0.9,0.9
0,0.525414416092382,0.01350180648515798,3,2.0,0.25,True,block_kinematic,16,mrmr,0.9,0.95
0,0.5197058904686024,0.008740619022140966,3,2.0,0.25,True,block_kinematic,16,mrmr,0.95,0.9
0,0.5237148444775563,0.013447997949684466,3,2.0,0.25,True,block_kinematic,16,mrmr,0.95,0.95
0,0.5197834102495119,0.010482777777317123,3,2.0,0.25,True,block_kinematic,32,topk_auc,0.9,0.9
0,0.5197834102495119,0.010482777777317123,3,2.0,0.25,True,block_kinematic,32,topk_auc,0.9,0.95
0,0.5327444761766795,0.011900617767404108,3,2.0,0.25,True,block_kinematic,32,topk_auc,0.95,0.9
0,0.5327444761766795,0.011900617767404108,3,2.0,0.25,True,block_kinematic,32,topk_auc,0.95,0.95
0,0.5272120299662673,0.017389429971218527,3,2.0,0.25,True,block_kinematic,32,mrmr,0.9,0.9
0,0.5275783303325676,0.01739427356137976,3,2.0,0.25,True,block_kinematic,32,mrmr,0.9,0.95
0,0.5253806143636651,0.018582599638247835,3,2.0,0.25,True,block_kinematic,32,mrmr,0.95,0.9
0,0.529175893158944,0.019176983243036252,3,2.0,0.25,True,block_kinematic,32,mrmr,0.95,0.95
0,0.5337457661610203,0.029285135719960734,3,2.0,0.5,True,block_kinematic,0,topk_auc,0.9,0.9
0,0.5337457661610203,0.029285135719960734,3,2.0,0.5,True,block_kinematic,0,topk_auc,0.9,0.95
0,0.5337457661610203,0.029285135719960734,3,2.0,0.5,True,block_kinematic,0,topk_auc,0.95,0.9
0,0.5337457661610203,0.029285135719960734,3,2.0,0.5,True,block_kinematic,0,topk_auc,0.95,0.95
0,0.5337457661610203,0.029285135719960734,3,2.0,0.5,True,block_kinematic,0,mrmr,0.9,0.9
0,0.5337457661610203,0.029285135719960734,3,2.0,0.5,True,block_kinematic,0,mrmr,0.9,0.95
0,0.5337457661610203,0.029285135719960734,3,2.0,0.5,True,block_kinematic,0,mrmr,0.95,0.9
0,0.5337457661610203,0.029285135719960734,3,2.0,0.5,True,block_kinematic,0,mrmr,0.95,0.95
0,0.52256110179839,0.01611926158205686,3,2.0,0.5,True,block_kinematic,8,topk_auc,0.9,0.9
0,0.52256110179839,0.01611926158205686,3,2.0,0.5,True,block_kinematic,8,topk_auc,0.9,0.95
0,0.5327059318584743,0.018896359789375712,3,2.0,0.5,True,block_kinematic,8,topk_auc,0.95,0.9
0,0.5327059318584743,0.018896359789375712,3,2.0,0.5,True,block_kinematic,8,topk_auc,0.95,0.95
0,0.528943420045115,0.016121725568946862,3,2.0,0.5,True,block_kinematic,8,mrmr,0.9,0.9
0,0.528943420045115,0.016121725568946862,3,2.0,0.5,True,block_kinematic,8,mrmr,0.9,0.95
0,0.5262901567986314,0.0180120868275119,3,2.0,0.5,True,block_kinematic,8,mrmr,0.95,0.9
0,0.5262901567986314,0.0180120868275119,3,2.0,0.5,True,block_kinematic,8,mrmr,0.95,0.95
0,0.5181584266330029,0.011739457842961695,3,2.0,0.5,True,block_kinematic,16,topk_auc,0.9,0.9
0,0.5181584266330029,0.011739457842961695,3,2.0,0.5,True,block_kinematic,16,topk_auc,0.9,0.95
0,0.5205377406648594,0.018811606097710036,3,2.0,0.5,True,block_kinematic,16,topk_auc,0.95,0.9
0,0.5205377406648594,0.018811606097710036,3,2.0,0.5,True,block_kinematic,16,topk_auc,0.95,0.95
0,0.5247190662444899,0.009274175450676717,3,2.0,0.5,True,block_kinematic,16,mrmr,0.9,0.9
0,0.527771569296993,0.012854933668834041,3,2.0,0.5,True,block_kinematic,16,mrmr,0.9,0.95
0,0.5205487779640322,0.00899231715479562,3,2.0,0.5,True,block_kinematic,16,mrmr,0.95,0.9
0,0.5244865069017611,0.01366875137329138,3,2.0,0.5,True,block_kinematic,16,mrmr,0.95,0.95
0,0.521337513710395,0.011157223715462194,3,2.0,0.5,True,block_kinematic,32,topk_auc,0.9,0.9
0,0.521337513710395,0.011157223715462194,3,2.0,0.5,True,block_kinematic,32,topk_auc,0.9,0.95
0,0.534339969509461,0.01256386437667203,3,2.0,0.5,True,block_kinematic,32,topk_auc,0.95,0.9
0,0.534339969509461,0.01256386437667203,3,2.0,0.5,True,block_kinematic,32,topk_auc,0.95,0.95
0,0.5280355159592447,0.01678100119819753,3,2.0,0.5,True,block_kinematic,32,mrmr,0.9,0.9
0,0.5286154915392203,0.01678475284435643,3,2.0,0.5,True,block_kinematic,32,mrmr,0.9,0.95
0,0.526805719390465,0.017157559563847676,3,2.0,0.5,True,block_kinematic,32,mrmr,0.95,0.9
0,0.5303669729517186,0.01766645433464589,3,2.0,0.5,True,block_kinematic,32,mrmr,0.95,0.95
0,0.5363035740154385,0.02947032905803531,3,2.0,0.75,True,block_kinematic,0,topk_auc,0.9,0.9
0,0.5363035740154385,0.02947032905803531,3,2.0,0.75,True,block_kinematic,0,topk_auc,0.9,0.95
0,0.5363035740154385,0.02947032905803531,3,2.0,0.75,True,block_kinematic,0,topk_auc,0.95,0.9
0,0.5363035740154385,0.02947032905803531,3,2.0,0.75,True,block_kinematic,0,topk_auc,0.95,0.95
0,0.5363035740154385,0.02947032905803531,3,2.0,0.75,True,block_kinematic,0,mrmr,0.9,0.9
0,0.5363035740154385,0.02947032905803531,3,2.0,0.75,True,block_kinematic,0,mrmr,0.9,0.95
0,0.5363035740154385,0.02947032905803531,3,2.0,0.75,True,block_kinematic,0,mrmr,0.95,0.9
0,0.5363035740154385,0.02947032905803531,3,2.0,0.75,True,block_kinematic,0,mrmr,0.95,0.95
0,0.5247649400191773,0.01629482890575289,3,2.0,0.75,True,block_kinematic,8,topk_auc,0.9,0.9
0,0.5247649400191773,0.01629482890575289,3,2.0,0.75,True,block_kinematic,8,topk_auc,0.9,0.95
0,0.534940553796486,0.019604675704280816,3,2.0,0.75,True,block_kinematic,8,topk_auc,0.95,0.9
0,0.534940553796486,0.019604675704280816,3,2.0,0.75,True,block_kinematic,8,topk_auc,0.95,0.95
0,0.5302428033360237,0.015771254875493305,3,2.0,0.75,True,block_kinematic,8,mrmr,0.9,0.9
0,0.5302428033360237,0.015771254875493305,3,2.0,0.75,True,block_kinematic,8,mrmr,0.9,0.95
0,0.52863196125908,0.01745328327790186,3,2.0,0.75,True,block_kinematic,8,mrmr,0.95,0.9
0,0.52863196125908,0.01745328327790186,3,2.0,0.75,True,block_kinematic,8,mrmr,0.95,0.95
0,0.5196501865993391,0.011921642379425902,3,2.0,0.75,True,block_kinematic,16,topk_auc,0.9,0.9
0,0.5196501865993391,0.011921642379425902,3,2.0,0.75,True,block_kinematic,16,topk_auc,0.9,0.95
0,0.5229036029883488,0.018829199348796195,3,2.0,0.75,True,block_kinematic,16,topk_auc,0.95,0.9
0,0.5229036029883488,0.018829199348796195,3,2.0,0.75,True,block_kinematic,16,topk_auc,0.95,0.95
0,0.5270241371936287,0.008814543512971071,3,2.0,0.75,True,block_kinematic,16,mrmr,0.9,0.9
0,0.5301580403275319,0.01259741011512961,3,2.0,0.75,True,block_kinematic,16,mrmr,0.9,0.95
0,0.523219459448273,0.00913151987135445,3,2.0,0.75,True,block_kinematic,16,mrmr,0.95,0.9
0,0.5270045632333767,0.013758489873138286,3,2.0,0.75,True,block_kinematic,16,mrmr,0.95,0.95
0,0.5231834157681615,0.010985659657714003,3,2.0,0.75,True,block_kinematic,32,topk_auc,0.9,0.9
0,0.5231834157681615,0.010985659657714003,3,2.0,0.75,True,block_kinematic,32,topk_auc,0.9,0.95
0,0.5357823203162186,0.0125316696451293,3,2.0,0.75,True,block_kinematic,32,topk_auc,0.95,0.9
0,0.5357823203162186,0.0125316696451293,3,2.0,0.75,True,block_kinematic,32,topk_auc,0.95,0.95
0,0.5293269661913729,0.01594542458742186,3,2.0,0.75,True,block_kinematic,32,mrmr,0.9,0.9
0,0.5298051916695984,0.01594534700349125,3,2.0,0.75,True,block_kinematic,32,mrmr,0.9,0.95
0,0.5282798024323448,0.01654483040285992,3,2.0,0.75,True,block_kinematic,32,mrmr,0.95,0.9
0,0.5317698309223733,0.01716356169585869,3,2.0,0.75,True,block_kinematic,32,mrmr,0.95,0.95
1,0.5470736565789042,0.013930883352637823,3,0.5,0.25,True,block_kinematic,0,topk_auc,0.9,0.9
1,0.5470736565789042,0.013930883352637823,3,0.5,0.25,True,block_kinematic,0,topk_auc,0.9,0.95
1,0.5470736565789042,0.013930883352637823,3,0.5,0.25,True,block_kinematic,0,topk_auc,0.95,0.9
1,0.5470736565789042,0.013930883352637823,3,0.5,0.25,True,block_kinematic,0,topk_auc,0.95,0.95
1,0.5470736565789042,0.013930883352637823,3,0.5,0.25,True,block_kinematic,0,mrmr,0.9,0.9
1,0.5470736565789042,0.013930883352637823,3,0.5,0.25,True,block_kinematic,0,mrmr,0.9,0.95
1,0.5470736565789042,0.013930883352637823,3,0.5,0.25,True,block_kinematic,0,mrmr,0.95,0.9
1,0.5470736565789042,0.013930883352637823,3,0.5,0.25,True,block_kinematic,0,mrmr,0.95,0.95
1,0.5327680872451365,0.0188477324516673,3,0.5,0.25,True,block_kinematic,8,topk_auc,0.9,0.9
1,0.5327680872451365,0.0188477324516673,3,0.5,0.25,True,block_kinematic,8,topk_auc,0.9,0.95
1,0.5423419656870107,0.01652064590362484,3,0.5,0.25,True,block_kinematic,8,topk_auc,0.95,0.9
1,0.5423419656870107,0.01652064590362484,3,0.5,0.25,True,block_kinematic,8,topk_auc,0.95,0.95
1,0.5340759010220376,0.012935645351572924,3,0.5,0.25,True,block_kinematic,8,mrmr,0.9,0.9
1,0.5340759010220376,0.012935645351572924,3,0.5,0.25,True,block_kinematic,8,mrmr,0.9,0.95
1,0.5327317072416293,0.007862377340752189,3,0.5,0.25,True,block_kinematic,8,mrmr,0.95,0.9
1,0.5327317072416293,0.007862377340752189,3,0.5,0.25,True,block_kinematic,8,mrmr,0.95,0.95
1,0.5337520820443493,0.020182708059014648,3,0.5,0.25,True,block_kinematic,16,topk_auc,0.9,0.9
1,0.5337520820443493,0.020182708059014648,3,0.5,0.25,True,block_kinematic,16,topk_auc,0.9,0.95
1,0.5347376074832496,0.015394173917971514,3,0.5,0.25,True,block_kinematic,16,topk_auc,0.95,0.9
1,0.5347376074832496,0.015394173917971514,3,0.5,0.25,True,block_kinematic,16,topk_auc,0.95,0.95
1,0.5345696885151918,0.01590089212172574,3,0.5,0.25,True,block_kinematic,16,mrmr,0.9,0.9
1,0.5345999548590176,0.01593345556581851,3,0.5,0.25,True,block_kinematic,16,mrmr,0.9,0.95
1,0.5367069138368673,0.007099625249221502,3,0.5,0.25,True,block_kinematic,16,mrmr,0.95,0.9
1,0.5367069138368673,0.007099625249221502,3,0.5,0.25,True,block_kinematic,16,mrmr,0.95,0.95
1,0.5289888964303886,0.023835624669210645,3,0.5,0.25,True,block_kinematic,32,topk_auc,0.9,0.9
1,0.5289888964303886,0.023835624669210645,3,0.5,0.25,True,block_kinematic,32,topk_auc,0.9,0.95
1,0.5289274551172133,0.015692105616528607,3,0.5,0.25,True,block_kinematic,32,topk_auc,0.95,0.9
1,0.5289274551172133,0.015692105616528607,3,0.5,0.25,True,block_kinematic,32,topk_auc,0.95,0.95
1,0.5336162638555726,0.021785960516685843,3,0.5,0.25,True,block_kinematic,32,mrmr,0.9,0.9
1,0.5356116067339602,0.02257327551213594,3,0.5,0.25,True,block_kinematic,32,mrmr,0.9,0.95
1,0.5388006481860153,0.011228685666664278,3,0.5,0.25,True,block_kinematic,32,mrmr,0.95,0.9
1,0.5392757712650348,0.011535280747865969,3,0.5,0.25,True,block_kinematic,32,mrmr,0.95,0.95
1,0.5479226604957952,0.01167963195485819,3,0.5,0.5,True,block_kinematic,0,topk_auc,0.9,0.9
1,0.5479226604957952,0.01167963195485819,3,0.5,0.5,True,block_kinematic,0,topk_auc,0.9,0.95
1,0.5479226604957952,0.01167963195485819,3,0.5,0.5,True,block_kinematic,0,topk_auc,0.95,0.9
1,0.5479226604957952,0.01167963195485819,3,0.5,0.5,True,block_kinematic,0,topk_auc,0.95,0.95
1,0.5479226604957952,0.01167963195485819,3,0.5,0.5,True,block_kinematic,0,mrmr,0.9,0.9
1,0.5479226604957952,0.01167963195485819,3,0.5,0.5,True,block_kinematic,0,mrmr,0.9,0.95
1,0.5479226604957952,0.01167963195485819,3,0.5,0.5,True,block_kinematic,0,mrmr,0.95,0.9
1,0.5479226604957952,0.01167963195485819,3,0.5,0.5,True,block_kinematic,0,mrmr,0.95,0.95
1,0.5343165526861768,0.018407458085883892,3,0.5,0.5,True,block_kinematic,8,topk_auc,0.9,0.9
1,0.5343165526861768,0.018407458085883892,3,0.5,0.5,True,block_kinematic,8,topk_auc,0.9,0.95
1,0.5425865516597769,0.013985813248354472,3,0.5,0.5,True,block_kinematic,8,topk_auc,0.95,0.9
1,0.5425865516597769,0.013985813248354472,3,0.5,0.5,True,block_kinematic,8,topk_auc,0.95,0.95
1,0.5354645999618555,0.011596934584418671,3,0.5,0.5,True,block_kinematic,8,mrmr,0.9,0.9
1,0.5354645999618555,0.011596934584418671,3,0.5,0.5,True,block_kinematic,8,mrmr,0.9,0.95
1,0.5343626369698509,0.008155343861222701,3,0.5,0.5,True,block_kinematic,8,mrmr,0.95,0.9
1,0.5343626369698509,0.008155343861222701,3,0.5,0.5,True,block_kinematic,8,mrmr,0.95,0.95
1,0.5359915444615969,0.02058651787364313,3,0.5,0.5,True,block_kinematic,16,topk_auc,0.9,0.9
1,0.5359915444615969,0.02058651787364313,3,0.5,0.5,True,block_kinematic,16,topk_auc,0.9,0.95
1,0.5380030145991603,0.013714670112597542,3,0.5,0.5,True,block_kinematic,16,topk_auc,0.95,0.9
1,0.5380030145991603,0.013714670112597542,3,0.5,0.5,True,block_kinematic,16,topk_auc,0.95,0.95
1,0.5375780371543083,0.0177171167839584,3,0.5,0.5,True,block_kinematic,16,mrmr,0.9,0.9
1,0.5374670605602808,0.017621164228350018,3,0.5,0.5,True,block_kinematic,16,mrmr,0.9,0.95
1,0.5388037883295437,0.007433061712022008,3,0.5,0.5,True,block_kinematic,16,mrmr,0.95,0.9
1,0.5388037883295437,0.007433061712022008,3,0.5,0.5,True,block_kinematic,16,mrmr,0.95,0.95
1,0.5278518582223569,0.02127164062741125,3,0.5,0.5,True,block_kinematic,32,topk_auc,0.9,0.9
1,0.5278518582223569,0.02127164062741125,3,0.5,0.5,True,block_kinematic,32,topk_auc,0.9,0.95
1,0.5295087744564492,0.0144967438900537,3,0.5,0.5,True,block_kinematic,32,topk_auc,0.95,0.9
1,0.5295087744564492,0.0144967438900537,3,0.5,0.5,True,block_kinematic,32,topk_auc,0.95,0.95
1,0.5382719981338716,0.02102278516075388,3,0.5,0.5,True,block_kinematic,32,mrmr,0.9,0.9
1,0.5398529506964876,0.021653581527267853,3,0.5,0.5,True,block_kinematic,32,mrmr,0.9,0.95
1,0.543614933782465,0.01080574321231987,3,0.5,0.5,True,block_kinematic,32,mrmr,0.95,0.9
1,0.5439177972963183,0.011129067585768718,3,0.5,0.5,True,block_kinematic,32,mrmr,0.95,0.95
1,0.5467703026957204,0.010457951284184159,3,0.5,0.75,True,block_kinematic,0,topk_auc,0.9,0.9
1,0.5467703026957204,0.010457951284184159,3,0.5,0.75,True,block_kinematic,0,topk_auc,0.9,0.95
1,0.5467703026957204,0.010457951284184159,3,0.5,0.75,True,block_kinematic,0,topk_auc,0.95,0.9
1,0.5467703026957204,0.010457951284184159,3,0.5,0.75,True,block_kinematic,0,topk_auc,0.95,0.95
1,0.5467703026957204,0.010457951284184159,3,0.5,0.75,True,block_kinematic,0,mrmr,0.9,0.9
1,0.5467703026957204,0.010457951284184159,3,0.5,0.75,True,block_kinematic,0,mrmr,0.9,0.95
1,0.5467703026957204,0.010457951284184159,3,0.5,0.75,True,block_kinematic,0,mrmr,0.95,0.9
1,0.5467703026957204,0.010457951284184159,3,0.5,0.75,True,block_kinematic,0,mrmr,0.95,0.95
1,0.5355127120055644,0.01526839515702987,3,0.5,0.75,True,block_kinematic,8,topk_auc,0.9,0.9
1,0.5355127120055644,0.01526839515702987,3,0.5,0.75,True,block_kinematic,8,topk_auc,0.9,0.95
1,0.5427660667271018,0.01183872391972553,3,0.5,0.75,True,block_kinematic,8,topk_auc,0.95,0.9
1,0.5427660667271018,0.01183872391972553,3,0.5,0.75,True,block_kinematic,8,topk_auc,0.95,0.95
1,0.5371524162147843,0.009946833061592223,3,0.5,0.75,True,block_kinematic,8,mrmr,0.9,0.9
1,0.5371524162147843,0.009946833061592223,3,0.5,0.75,True,block_kinematic,8,mrmr,0.9,0.95
1,0.5353208097425178,0.007334537833602156,3,0.5,0.75,True,block_kinematic,8,mrmr,0.95,0.9
1,0.5353208097425178,0.007334537833602156,3,0.5,0.75,True,block_kinematic,8,mrmr,0.95,0.95
1,0.5372164885834287,0.021150988130188904,3,0.5,0.75,True,block_kinematic,16,topk_auc,0.9,0.9
1,0.5372164885834287,0.021150988130188904,3,0.5,0.75,True,block_kinematic,16,topk_auc,0.9,0.95
1,0.5375600754596773,0.013149452682344883,3,0.5,0.75,True,block_kinematic,16,topk_auc,0.95,0.9
1,0.5375600754596773,0.013149452682344883,3,0.5,0.75,True,block_kinematic,16,topk_auc,0.95,0.95
1,0.5387387180378314,0.016276613532476954,3,0.5,0.75,True,block_kinematic,16,mrmr,0.9,0.9
1,0.5386781853501801,0.01622655151000123,3,0.5,0.75,True,block_kinematic,16,mrmr,0.9,0.95
1,0.5400429105078058,0.00749752806069476,3,0.5,0.75,True,block_kinematic,16,mrmr,0.95,0.9
1,0.5400429105078058,0.00749752806069476,3,0.5,0.75,True,block_kinematic,16,mrmr,0.95,0.95
1,0.5286406203590593,0.0186948391137605,3,0.5,0.75,True,block_kinematic,32,topk_auc,0.9,0.9
1,0.5286406203590593,0.0186948391137605,3,0.5,0.75,True,block_kinematic,32,topk_auc,0.9,0.95
1,0.5287821538975106,0.014516093952615845,3,0.5,0.75,True,block_kinematic,32,topk_auc,0.95,0.9
1,0.5287821538975106,0.014516093952615845,3,0.5,0.75,True,block_kinematic,32,topk_auc,0.95,0.95
1,0.5409243717804246,0.018688935898674715,3,0.5,0.75,True,block_kinematic,32,mrmr,0.9,0.9
1,0.5428194770917493,0.019428462281112616,3,0.5,0.75,True,block_kinematic,32,mrmr,0.9,0.95
1,0.545012414568027,0.008159054260498864,3,0.5,0.75,True,block_kinematic,32,mrmr,0.95,0.9
1,0.5454161658946326,0.00862502329271822,3,0.5,0.75,True,block_kinematic,32,mrmr,0.95,0.95
1,0.5423271413741285,0.018526486863034382,3,1.0,0.25,True,block_kinematic,0,topk_auc,0.9,0.9
1,0.5423271413741285,0.018526486863034382,3,1.0,0.25,True,block_kinematic,0,topk_auc,0.9,0.95
1,0.5423271413741285,0.018526486863034382,3,1.0,0.25,True,block_kinematic,0,topk_auc,0.95,0.9
1,0.5423271413741285,0.018526486863034382,3,1.0,0.25,True,block_kinematic,0,topk_auc,0.95,0.95
1,0.5423271413741285,0.018526486863034382,3,1.0,0.25,True,block_kinematic,0,mrmr,0.9,0.9
1,0.5423271413741285,0.018526486863034382,3,1.0,0.25,True,block_kinematic,0,mrmr,0.9,0.95
1,0.5423271413741285,0.018526486863034382,3,1.0,0.25,True,block_kinematic,0,mrmr,0.95,0.9
1,0.5423271413741285,0.018526486863034382,3,1.0,0.25,True,block_kinematic,0,mrmr,0.95,0.95
1,0.5251173820817647,0.020980157985846133,3,1.0,0.25,True,block_kinematic,8,topk_auc,0.9,0.9
1,0.5251173820817647,0.020980157985846133,3,1.0,0.25,True,block_kinematic,8,topk_auc,0.9,0.95
1,0.5384131072788411,0.021846235437006336,3,1.0,0.25,True,block_kinematic,8,topk_auc,0.95,0.9
1,0.5384131072788411,0.021846235437006336,3,1.0,0.25,True,block_kinematic,8,topk_auc,0.95,0.95
1,0.5269161454697374,0.01649738970968494,3,1.0,0.25,True,block_kinematic,8,mrmr,0.9,0.9
1,0.5269161454697374,0.01649738970968494,3,1.0,0.25,True,block_kinematic,8,mrmr,0.9,0.95
1,0.5252150929272589,0.012277124056278446,3,1.0,0.25,True,block_kinematic,8,mrmr,0.95,0.9
1,0.5252150929272589,0.012277124056278446,3,1.0,0.25,True,block_kinematic,8,mrmr,0.95,0.95
1,0.5270030537673338,0.020429123573292848,3,1.0,0.25,True,block_kinematic,16,topk_auc,0.9,0.9
1,0.5270030537673338,0.020429123573292848,3,1.0,0.25,True,block_kinematic,16,topk_auc,0.9,0.95
1,0.5273686363777744,0.018350653891110555,3,1.0,0.25,True,block_kinematic,16,topk_auc,0.95,0.9
1,0.5273686363777744,0.018350653891110555,3,1.0,0.25,True,block_kinematic,16,topk_auc,0.95,0.95
1,0.5285687459627383,0.015754651617747695,3,1.0,0.25,True,block_kinematic,16,mrmr,0.9,0.9
1,0.5285183020563622,0.015688574682346596,3,1.0,0.25,True,block_kinematic,16,mrmr,0.9,0.95
1,0.5312609490756545,0.01079050786888758,3,1.0,0.25,True,block_kinematic,16,mrmr,0.95,0.9
1,0.5312609490756545,0.01079050786888758,3,1.0,0.25,True,block_kinematic,16,mrmr,0.95,0.95
1,0.5251090896847578,0.02653859853843317,3,1.0,0.25,True,block_kinematic,32,topk_auc,0.9,0.9
1,0.5251090896847578,0.02653859853843317,3,1.0,0.25,True,block_kinematic,32,topk_auc,0.9,0.95
1,0.5248471072616075,0.01584020301235474,3,1.0,0.25,True,block_kinematic,32,topk_auc,0.95,0.9
1,0.5248471072616075,0.01584020301235474,3,1.0,0.25,True,block_kinematic,32,topk_auc,0.95,0.95
1,0.5258916181777934,0.02217459677220511,3,1.0,0.25,True,block_kinematic,32,mrmr,0.9,0.9
1,0.5274804586901215,0.022938762124631116,3,1.0,0.25,True,block_kinematic,32,mrmr,0.9,0.95
1,0.5326561664293131,0.01264338756706005,3,1.0,0.25,True,block_kinematic,32,mrmr,0.95,0.9
1,0.5358958156533401,0.01674016373535228,3,1.0,0.25,True,block_kinematic,32,mrmr,0.95,0.95
1,0.5435084211450397,0.01744644369298981,3,1.0,0.5,True,block_kinematic,0,topk_auc,0.9,0.9
1,0.5435084211450397,0.01744644369298981,3,1.0,0.5,True,block_kinematic,0,topk_auc,0.9,0.95
1,0.5435084211450397,0.01744644369298981,3,1.0,0.5,True,block_kinematic,0,topk_auc,0.95,0.9
1,0.5435084211450397,0.01744644369298981,3,1.0,0.5,True,block_kinematic,0,topk_auc,0.95,0.95
1,0.5435084211450397,0.01744644369298981,3,1.0,0.5,True,block_kinematic,0,mrmr,0.9,0.9
1,0.5435084211450397,0.01744644369298981,3,1.0,0.5,True,block_kinematic,0,mrmr,0.9,0.95
1,0.5435084211450397,0.01744644369298981,3,1.0,0.5,True,block_kinematic,0,mrmr,0.95,0.9
1,0.5435084211450397,0.01744644369298981,3,1.0,0.5,True,block_kinematic,0,mrmr,0.95,0.95
1,0.5271097327252705,0.021065441525526953,3,1.0,0.5,True,block_kinematic,8,topk_auc,0.9,0.9
1,0.5271097327252705,0.021065441525526953,3,1.0,0.5,True,block_kinematic,8,topk_auc,0.9,0.95
1,0.5402880660209207,0.020250922456439405,3,1.0,0.5,True,block_kinematic,8,topk_auc,0.95,0.9
1,0.5402880660209207,0.020250922456439405,3,1.0,0.5,True,block_kinematic,8,topk_auc,0.95,0.95
1,0.5285485300421363,0.015375702409082911,3,1.0,0.5,True,block_kinematic,8,mrmr,0.9,0.9
1,0.5285485300421363,0.015375702409082911,3,1.0,0.5,True,block_kinematic,8,mrmr,0.9,0.95
1,0.5269278376175656,0.011446606555763992,3,1.0,0.5,True,block_kinematic,8,mrmr,0.95,0.9
1,0.5269278376175656,0.011446606555763992,3,1.0,0.5,True,block_kinematic,8,mrmr,0.95,0.95
1,0.5286600273850711,0.02161065061784562,3,1.0,0.5,True,block_kinematic,16,topk_auc,0.9,0.9
1,0.5286600273850711,0.02161065061784562,3,1.0,0.5,True,block_kinematic,16,topk_auc,0.9,0.95
1,0.5302344290062186,0.01787598696475167,3,1.0,0.5,True,block_kinematic,16,topk_auc,0.95,0.9
1,0.5302344290062186,0.01787598696475167,3,1.0,0.5,True,block_kinematic,16,topk_auc,0.95,0.95
1,0.5296714712059426,0.016328149480064003,3,1.0,0.5,True,block_kinematic,16,mrmr,0.9,0.9
1,0.5292679199549336,0.015831130041250627,3,1.0,0.5,True,block_kinematic,16,mrmr,0.9,0.95
1,0.5324495598373697,0.009459045730261182,3,1.0,0.5,True,block_kinematic,16,mrmr,0.95,0.9
1,0.5324495598373697,0.009459045730261182,3,1.0,0.5,True,block_kinematic,16,mrmr,0.95,0.95
1,0.525091837153783,0.025587108113654403,3,1.0,0.5,True,block_kinematic,32,topk_auc,0.9,0.9
1,0.525091837153783,0.025587108113654403,3,1.0,0.5,True,block_kinematic,32,topk_auc,0.9,0.95
1,0.5263914914059676,0.017135022971890124,3,1.0,0.5,True,block_kinematic,32,topk_auc,0.95,0.9
1,0.5263914914059676,0.017135022971890124,3,1.0,0.5,True,block_kinematic,32,topk_auc,0.95,0.95
1,0.527807135189215,0.022237879582461175,3,1.0,0.5,True,block_kinematic,32,mrmr,0.9,0.9
1,0.5294463195701208,0.02311747830096341,3,1.0,0.5,True,block_kinematic,32,mrmr,0.9,0.95
1,0.5344623691312274,0.011957909020780122,3,1.0,0.5,True,block_kinematic,32,mrmr,0.95,0.9
1,0.5380563261534671,0.016063324898795653,3,1.0,0.5,True,block_kinematic,32,mrmr,0.95,0.95
1,0.5452119602098492,0.015621287818403542,3,1.0,0.75,True,block_kinematic,0,topk_auc,0.9,0.9
1,0.5452119602098492,0.015621287818403542,3,1.0,0.75,True,block_kinematic,0,topk_auc,0.9,0.95
1,0.5452119602098492,0.015621287818403542,3,1.0,0.75,True,block_kinematic,0,topk_auc,0.95,0.9
1,0.5452119602098492,0.015621287818403542,3,1.0,0.75,True,block_kinematic,0,topk_auc,0.95,0.95
1,0.5452119602098492,0.015621287818403542,3,1.0,0.75,True,block_kinematic,0,mrmr,0.9,0.9
1,0.5452119602098492,0.015621287818403542,3,1.0,0.75,True,block_kinematic,0,mrmr,0.9,0.95
1,0.5452119602098492,0.015621287818403542,3,1.0,0.75,True,block_kinematic,0,mrmr,0.95,0.9
1,0.5452119602098492,0.015621287818403542,3,1.0,0.75,True,block_kinematic,0,mrmr,0.95,0.95
1,0.5288710107841238,0.02055870265080088,3,1.0,0.75,True,block_kinematic,8,topk_auc,0.9,0.9
1,0.5288710107841238,0.02055870265080088,3,1.0,0.75,True,block_kinematic,8,topk_auc,0.9,0.95
1,0.541150300703802,0.01844799166168532,3,1.0,0.75,True,block_kinematic,8,topk_auc,0.95,0.9
1,0.541150300703802,0.01844799166168532,3,1.0,0.75,True,block_kinematic,8,topk_auc,0.95,0.95
1,0.5302709980382035,0.01449881308579964,3,1.0,0.75,True,block_kinematic,8,mrmr,0.9,0.9
1,0.5302709980382035,0.01449881308579964,3,1.0,0.75,True,block_kinematic,8,mrmr,0.9,0.95
1,0.5285703456469184,0.010219669689074869,3,1.0,0.75,True,block_kinematic,8,mrmr,0.95,0.9
1,0.5285703456469184,0.010219669689074869,3,1.0,0.75,True,block_kinematic,8,mrmr,0.95,0.95
1,0.5305320610955752,0.02231884127934114,3,1.0,0.75,True,block_kinematic,16,topk_auc,0.9,0.9
1,0.5305320610955752,0.02231884127934114,3,1.0,0.75,True,block_kinematic,16,topk_auc,0.9,0.95
1,0.5329502662024225,0.01688918045444398,3,1.0,0.75,True,block_kinematic,16,topk_auc,0.95,0.9
1,0.5329502662024225,0.01688918045444398,3,1.0,0.75,True,block_kinematic,16,topk_auc,0.95,0.95
1,0.5302177527666098,0.016951929453933066,3,1.0,0.75,True,block_kinematic,16,mrmr,0.9,0.9
1,0.5303892620482885,0.017146264923626624,3,1.0,0.75,True,block_kinematic,16,mrmr,0.9,0.95
1,0.5338178065709883,0.007934543995612615,3,1.0,0.75,True,block_kinematic,16,mrmr,0.95,0.9
1,0.5338178065709883,0.007934543995612615,3,1.0,0.75,True,block_kinematic,16,mrmr,0.95,0.95
1,0.5239673487796113,0.025069331896590434,3,1.0,0.75,True,block_kinematic,32,topk_auc,0.9,0.9
1,0.5239673487796113,0.025069331896590434,3,1.0,0.75,True,block_kinematic,32,topk_auc,0.9,0.95
1,0.5262399065236992,0.016465571118796405,3,1.0,0.75,True,block_kinematic,32,topk_auc,0.95,0.9
1,0.5262399065236992,0.016465571118796405,3,1.0,0.75,True,block_kinematic,32,topk_auc,0.95,0.95
1,0.5303722384381652,0.0218540164470051,3,1.0,0.75,True,block_kinematic,32,mrmr,0.9,0.9
1,0.5318318255120836,0.02211162355507871,3,1.0,0.75,True,block_kinematic,32,mrmr,0.9,0.95
1,0.5376538154796795,0.01183961876161339,3,1.0,0.75,True,block_kinematic,32,mrmr,0.95,0.9
1,0.5408738873679462,0.01566205201379245,3,1.0,0.75,True,block_kinematic,32,mrmr,0.95,0.95
1,0.5400510642020987,0.02259775469996525,3,2.0,0.25,True,block_kinematic,0,topk_auc,0.9,0.9
1,0.5400510642020987,0.02259775469996525,3,2.0,0.25,True,block_kinematic,0,topk_auc,0.9,0.95
1,0.5400510642020987,0.02259775469996525,3,2.0,0.25,True,block_kinematic,0,topk_auc,0.95,0.9
1,0.5400510642020987,0.02259775469996525,3,2.0,0.25,True,block_kinematic,0,topk_auc,0.95,0.95
1,0.5400510642020987,0.02259775469996525,3,2.0,0.25,True,block_kinematic,0,mrmr,0.9,0.9
1,0.5400510642020987,0.02259775469996525,3,2.0,0.25,True,block_kinematic,0,mrmr,0.9,0.95
1,0.5400510642020987,0.02259775469996525,3,2.0,0.25,True,block_kinematic,0,mrmr,0.95,0.9
1,0.5400510642020987,0.02259775469996525,3,2.0,0.25,True,block_kinematic,0,mrmr,0.95,0.95
1,0.523524244853939,0.02371298578792097,3,2.0,0.25,True,block_kinematic,8,topk_auc,0.9,0.9
1,0.523524244853939,0.02371298578792097,3,2.0,0.25,True,block_kinematic,8,topk_auc,0.9,0.95
1,0.5357279635817243,0.024769515090779227,3,2.0,0.25,True,block_kinematic,8,topk_auc,0.95,0.9
1,0.5357279635817243,0.024769515090779227,3,2.0,0.25,True,block_kinematic,8,topk_auc,0.95,0.95
1,0.5239639287757388,0.018736232262836782,3,2.0,0.25,True,block_kinematic,8,mrmr,0.9,0.9
1,0.5239639287757388,0.018736232262836782,3,2.0,0.25,True,block_kinematic,8,mrmr,0.9,0.95
1,0.5223824410415882,0.015418146913769727,3,2.0,0.25,True,block_kinematic,8,mrmr,0.95,0.9
1,0.5223824410415882,0.015418146913769727,3,2.0,0.25,True,block_kinematic,8,mrmr,0.95,0.95
1,0.5245697230067518,0.02135558008474884,3,2.0,0.25,True,block_kinematic,16,topk_auc,0.9,0.9
1,0.5245697230067518,0.02135558008474884,3,2.0,0.25,True,block_kinematic,16,topk_auc,0.9,0.95
1,0.5242490058145405,0.02085170741159723,3,2.0,0.25,True,block_kinematic,16,topk_auc,0.95,0.9
1,0.5242490058145405,0.02085170741159723,3,2.0,0.25,True,block_kinematic,16,topk_auc,0.95,0.95
1,0.524018043394212,0.016248493124175277,3,2.0,0.25,True,block_kinematic,16,mrmr,0.9,0.9
1,0.5242299078009917,0.016541224653491924,3,2.0,0.25,True,block_kinematic,16,mrmr,0.9,0.95
1,0.5277176087244547,0.014450242229039123,3,2.0,0.25,True,block_kinematic,16,mrmr,0.95,0.9
1,0.5277176087244547,0.014450242229039123,3,2.0,0.25,True,block_kinematic,16,mrmr,0.95,0.95
1,0.5239425839009649,0.02795265480601963,3,2.0,0.25,True,block_kinematic,32,topk_auc,0.9,0.9
1,0.5239425839009649,0.02795265480601963,3,2.0,0.25,True,block_kinematic,32,topk_auc,0.9,0.95
1,0.5223526089109055,0.01817244451543847,3,2.0,0.25,True,block_kinematic,32,topk_auc,0.95,0.9
1,0.5223526089109055,0.01817244451543847,3,2.0,0.25,True,block_kinematic,32,topk_auc,0.95,0.95
1,0.522617329792069,0.022334893202983104,3,2.0,0.25,True,block_kinematic,32,mrmr,0.9,0.9
1,0.5238837794736824,0.022513388853693295,3,2.0,0.25,True,block_kinematic,32,mrmr,0.9,0.95
1,0.532257792901529,0.017544502842053375,3,2.0,0.25,True,block_kinematic,32,mrmr,0.95,0.9
1,0.5324399411723738,0.017560921340267217,3,2.0,0.25,True,block_kinematic,32,mrmr,0.95,0.95
1,0.5392603611479901,0.020757733850549843,3,2.0,0.5,True,block_kinematic,0,topk_auc,0.9,0.9
1,0.5392603611479901,0.020757733850549843,3,2.0,0.5,True,block_kinematic,0,topk_auc,0.9,0.95
1,0.5392603611479901,0.020757733850549843,3,2.0,0.5,True,block_kinematic,0,topk_auc,0.95,0.9
1,0.5392603611479901,0.020757733850549843,3,2.0,0.5,True,block_kinematic,0,topk_auc,0.95,0.95
1,0.5392603611479901,0.020757733850549843,3,2.0,0.5,True,block_kinematic,0,mrmr,0.9,0.9
1,0.5392603611479901,0.020757733850549843,3,2.0,0.5,True,block_kinematic,0,mrmr,0.9,0.95
1,0.5392603611479901,0.020757733850549843,3,2.0,0.5,True,block_kinematic,0,mrmr,0.95,0.9
1,0.5392603611479901,0.020757733850549843,3,2.0,0.5,True,block_kinematic,0,mrmr,0.95,0.95
1,0.5227215971025911,0.023408421911579682,3,2.0,0.5,True,block_kinematic,8,topk_auc,0.9,0.9
1,0.5227215971025911,0.023408421911579682,3,2.0,0.5,True,block_kinematic,8,topk_auc,0.9,0.95
1,0.5371514308731572,0.024705798965746123,3,2.0,0.5,True,block_kinematic,8,topk_auc,0.95,0.9
1,0.5371514308731572,0.024705798965746123,3,2.0,0.5,True,block_kinematic,8,topk_auc,0.95,0.95
1,0.5242674704599429,0.0179841936521219,3,2.0,0.5,True,block_kinematic,8,mrmr,0.9,0.9
1,0.5242674704599429,0.0179841936521219,3,2.0,0.5,True,block_kinematic,8,mrmr,0.9,0.95
1,0.5222807808511107,0.014884162753168801,3,2.0,0.5,True,block_kinematic,8,mrmr,0.95,0.9
1,0.5222807808511107,0.014884162753168801,3,2.0,0.5,True,block_kinematic,8,mrmr,0.95,0.95
1,0.5240800155828204,0.02188476372150963,3,2.0,0.5,True,block_kinematic,16,topk_auc,0.9,0.9
1,0.5240800155828204,0.02188476372150963,3,2.0,0.5,True,block_kinematic,16,topk_auc,0.9,0.95
1,0.5247521759939578,0.02068450427214442,3,2.0,0.5,True,block_kinematic,16,topk_auc,0.95,0.9
1,0.5247521759939578,0.02068450427214442,3,2.0,0.5,True,block_kinematic,16,topk_auc,0.95,0.95
1,0.5251410717075111,0.01666465014996701,3,2.0,0.5,True,block_kinematic,16,mrmr,0.9,0.9
1,0.5252419595202634,0.016802725089009225,3,2.0,0.5,True,block_kinematic,16,mrmr,0.9,0.95
1,0.5284396950548408,0.013474143064596048,3,2.0,0.5,True,block_kinematic,16,mrmr,0.95,0.9
1,0.5284396950548408,0.013474143064596048,3,2.0,0.5,True,block_kinematic,16,mrmr,0.95,0.95
1,0.5239325058599441,0.0274440173012173,3,2.0,0.5,True,block_kinematic,32,topk_auc,0.9,0.9
1,0.5239325058599441,0.0274440173012173,3,2.0,0.5,True,block_kinematic,32,topk_auc,0.9,0.95
1,0.5228264732321068,0.018235257568150375,3,2.0,0.5,True,block_kinematic,32,topk_auc,0.95,0.9
1,0.5228264732321068,0.018235257568150375,3,2.0,0.5,True,block_kinematic,32,topk_auc,0.95,0.95
1,0.52321466714675,0.02256612372758841,3,2.0,0.5,True,block_kinematic,32,mrmr,0.9,0.9
1,0.5245717658031429,0.022958288560821005,3,2.0,0.5,True,block_kinematic,32,mrmr,0.9,0.95
1,0.5329663327024446,0.017396460128086606,3,2.0,0.5,True,block_kinematic,32,mrmr,0.95,0.9
1,0.5331790474305101,0.017335684424247554,3,2.0,0.5,True,block_kinematic,32,mrmr,0.95,0.95
1,0.5397746100532758,0.02004165261143546,3,2.0,0.75,True,block_kinematic,0,topk_auc,0.9,0.9
1,0.5397746100532758,0.02004165261143546,3,2.0,0.75,True,block_kinematic,0,topk_auc,0.9,0.95
1,0.5397746100532758,0.02004165261143546,3,2.0,0.75,True,block_kinematic,0,topk_auc,0.95,0.9
1,0.5397746100532758,0.02004165261143546,3,2.0,0.75,True,block_kinematic,0,topk_auc,0.95,0.95
1,0.5397746100532758,0.02004165261143546,3,2.0,0.75,True,block_kinematic,0,mrmr,0.9,0.9
1,0.5397746100532758,0.02004165261143546,3,2.0,0.75,True,block_kinematic,0,mrmr,0.9,0.95
1,0.5397746100532758,0.02004165261143546,3,2.0,0.75,True,block_kinematic,0,mrmr,0.95,0.9
1,0.5397746100532758,0.02004165261143546,3,2.0,0.75,True,block_kinematic,0,mrmr,0.95,0.95
1,0.5228207296509063,0.02319542562229426,3,2.0,0.75,True,block_kinematic,8,topk_auc,0.9,0.9
1,0.5228207296509063,0.02319542562229426,3,2.0,0.75,True,block_kinematic,8,topk_auc,0.9,0.95
1,0.5382123986208974,0.024575722759774703,3,2.0,0.75,True,block_kinematic,8,topk_auc,0.95,0.9
1,0.5382123986208974,0.024575722759774703,3,2.0,0.75,True,block_kinematic,8,topk_auc,0.95,0.95
1,0.5246607727464534,0.018130043605653293,3,2.0,0.75,True,block_kinematic,8,mrmr,0.9,0.9
1,0.5246607727464534,0.018130043605653293,3,2.0,0.75,True,block_kinematic,8,mrmr,0.9,0.95
1,0.522816076358962,0.01484593328715246,3,2.0,0.75,True,block_kinematic,8,mrmr,0.95,0.9
1,0.522816076358962,0.01484593328715246,3,2.0,0.75,True,block_kinematic,8,mrmr,0.95,0.95
1,0.5241169356676926,0.022677142569062923,3,2.0,0.75,True,block_kinematic,16,topk_auc,0.9,0.9
1,0.5241169356676926,0.022677142569062923,3,2.0,0.75,True,block_kinematic,16,topk_auc,0.9,0.95
1,0.5262195700053834,0.020319432443546497,3,2.0,0.75,True,block_kinematic,16,topk_auc,0.95,0.9
1,0.5262195700053834,0.020319432443546497,3,2.0,0.75,True,block_kinematic,16,topk_auc,0.95,0.95
1,0.5258801675322575,0.016759910853522082,3,2.0,0.75,True,block_kinematic,16,mrmr,0.9,0.9
1,0.5258902563135327,0.016773556008287376,3,2.0,0.75,True,block_kinematic,16,mrmr,0.9,0.95
1,0.5291388116633909,0.013138274911598889,3,2.0,0.75,True,block_kinematic,16,mrmr,0.95,0.9
1,0.5291388116633909,0.013138274911598889,3,2.0,0.75,True,block_kinematic,16,mrmr,0.95,0.95
1,0.5229563069511197,0.027908967209393953,3,2.0,0.75,True,block_kinematic,32,topk_auc,0.9,0.9
1,0.5229563069511197,0.027908967209393953,3,2.0,0.75,True,block_kinematic,32,topk_auc,0.9,0.95
1,0.5234401679942726,0.019003197963754905,3,2.0,0.75,True,block_kinematic,32,topk_auc,0.95,0.9
1,0.5234401679942726,0.019003197963754905,3,2.0,0.75,True,block_kinematic,32,topk_auc,0.95,0.95
1,0.5236384202025978,0.023110270299502033,3,2.0,0.75,True,block_kinematic,32,mrmr,0.9,0.9
1,0.5247430992515135,0.023249591474746967,3,2.0,0.75,True,block_kinematic,32,mrmr,0.9,0.95
1,0.5312843830833457,0.013933234759934555,3,2.0,0.75,True,block_kinematic,32,mrmr,0.95,0.9
1,0.53444457252965,0.017399160006357522,3,2.0,0.75,True,block_kinematic,32,mrmr,0.95,0.95
2,0.5408251879857525,0.016838868305282768,3,0.5,0.25,True,block_kinematic,0,topk_auc,0.9,0.9
2,0.5408251879857525,0.016838868305282768,3,0.5,0.25,True,block_kinematic,0,topk_auc,0.9,0.95
2,0.5408251879857525,0.016838868305282768,3,0.5,0.25,True,block_kinematic,0,topk_auc,0.95,0.9
2,0.5408251879857525,0.016838868305282768,3,0.5,0.25,True,block_kinematic,0,topk_auc,0.95,0.95
2,0.5408251879857525,0.016838868305282768,3,0.5,0.25,True,block_kinematic,0,mrmr,0.9,0.9
2,0.5408251879857525,0.016838868305282768,3,0.5,0.25,True,block_kinematic,0,mrmr,0.9,0.95
2,0.5408251879857525,0.016838868305282768,3,0.5,0.25,True,block_kinematic,0,mrmr,0.95,0.9
2,0.5408251879857525,0.016838868305282768,3,0.5,0.25,True,block_kinematic,0,mrmr,0.95,0.95
2,0.5358059393631502,0.011303055075255272,3,0.5,0.25,True,block_kinematic,8,topk_auc,0.9,0.9
2,0.5358059393631502,0.011303055075255272,3,0.5,0.25,True,block_kinematic,8,topk_auc,0.9,0.95
2,0.5403034773654233,0.0060251028590724565,3,0.5,0.25,True,block_kinematic,8,topk_auc,0.95,0.9
2,0.5403034773654233,0.0060251028590724565,3,0.5,0.25,True,block_kinematic,8,topk_auc,0.95,0.95
2,0.5423758131385249,0.01057651214265472,3,0.5,0.25,True,block_kinematic,8,mrmr,0.9,0.9
2,0.5423758131385249,0.01057651214265472,3,0.5,0.25,True,block_kinematic,8,mrmr,0.9,0.95
2,0.5400650520025935,0.003427736368554122,3,0.5,0.25,True,block_kinematic,8,mrmr,0.95,0.9
2,0.5400650520025935,0.003427736368554122,3,0.5,0.25,True,block_kinematic,8,mrmr,0.95,0.95
2,0.5330187414616511,0.01949618289407356,3,0.5,0.25,True,block_kinematic,16,topk_auc,0.9,0.9
2,0.5330187414616511,0.01949618289407356,3,0.5,0.25,True,block_kinematic,16,topk_auc,0.9,0.95
2,0.5415768057196974,0.011431680215444676,3,0.5,0.25,True,block_kinematic,16,topk_auc,0.95,0.9
2,0.5415768057196974,0.011431680215444676,3,0.5,0.25,True,block_kinematic,16,topk_auc,0.95,0.95
2,0.551826665034639,0.011524514022955947,3,0.5,0.25,True,block_kinematic,16,mrmr,0.9,0.9
2,0.551826665034639,0.011524514022955947,3,0.5,0.25,True,block_kinematic,16,mrmr,0.9,0.95
2,0.5536960861015388,0.003147308699821455,3,0.5,0.25,True,block_kinematic,16,mrmr,0.95,0.9
2,0.5536960861015388,0.003147308699821455,3,0.5,0.25,True,block_kinematic,16,mrmr,0.95,0.95
2,0.5323865191468786,0.017044563654939275,3,0.5,0.25,True,block_kinematic,32,topk_auc,0.9,0.9
2,0.5323865191468786,0.017044563654939275,3,0.5,0.25,True,block_kinematic,32,topk_auc,0.9,0.95
2,0.5348352937795907,0.00813514284036904,3,0.5,0.25,True,block_kinematic,32,topk_auc,0.95,0.9
2,0.5348352937795907,0.00813514284036904,3,0.5,0.25,True,block_kinematic,32,topk_auc,0.95,0.95
2,0.5551595046845063,0.01434014556058688,3,0.5,0.25,True,block_kinematic,32,mrmr,0.9,0.9
2,0.5520218937079122,0.01814163593850619,3,0.5,0.25,True,block_kinematic,32,mrmr,0.9,0.95
2,0.546639921223732,0.012264643249148747,3,0.5,0.25,True,block_kinematic,32,mrmr,0.95,0.9
2,0.545953884097017,0.013156026520641762,3,0.5,0.25,True,block_kinematic,32,mrmr,0.95,0.95
2,0.5447804704884445,0.015242787172788952,3,0.5,0.5,True,block_kinematic,0,topk_auc,0.9,0.9
2,0.5447804704884445,0.015242787172788952,3,0.5,0.5,True,block_kinematic,0,topk_auc,0.9,0.95
2,0.5447804704884445,0.015242787172788952,3,0.5,0.5,True,block_kinematic,0,topk_auc,0.95,0.9
2,0.5447804704884445,0.015242787172788952,3,0.5,0.5,True,block_kinematic,0,topk_auc,0.95,0.95
2,0.5447804704884445,0.015242787172788952,3,0.5,0.5,True,block_kinematic,0,mrmr,0.9,0.9
2,0.5447804704884445,0.015242787172788952,3,0.5,0.5,True,block_kinematic,0,mrmr,0.9,0.95
2,0.5447804704884445,0.015242787172788952,3,0.5,0.5,True,block_kinematic,0,mrmr,0.95,0.9
2,0.5447804704884445,0.015242787172788952,3,0.5,0.5,True,block_kinematic,0,mrmr,0.95,0.95
2,0.5389577511041411,0.011240767348855653,3,0.5,0.5,True,block_kinematic,8,topk_auc,0.9,0.9
2,0.5389577511041411,0.011240767348855653,3,0.5,0.5,True,block_kinematic,8,topk_auc,0.9,0.95
2,0.543566431407224,0.006174541519615677,3,0.5,0.5,True,block_kinematic,8,topk_auc,0.95,0.9
2,0.543566431407224,0.006174541519615677,3,0.5,0.5,True,block_kinematic,8,topk_auc,0.95,0.95
2,0.5454809351523567,0.009037136305000713,3,0.5,0.5,True,block_kinematic,8,mrmr,0.9,0.9
2,0.5454809351523567,0.009037136305000713,3,0.5,0.5,True,block_kinematic,8,mrmr,0.9,0.95
2,0.5433743005301905,0.0024671144396219468,3,0.5,0.5,True,block_kinematic,8,mrmr,0.95,0.9
2,0.5433743005301905,0.0024671144396219468,3,0.5,0.5,True,block_kinematic,8,mrmr,0.95,0.95
2,0.5369414573648846,0.021898059159592514,3,0.5,0.5,True,block_kinematic,16,topk_auc,0.9,0.9
2,0.5369414573648846,0.021898059159592514,3,0.5,0.5,True,block_kinematic,16,topk_auc,0.9,0.95
2,0.5453290829911857,0.012935446452395123,3,0.5,0.5,True,block_kinematic,16,topk_auc,0.95,0.9
2,0.5453290829911857,0.012935446452395123,3,0.5,0.5,True,block_kinematic,16,topk_auc,0.95,0.95
2,0.555660668277533,0.011064039542085038,3,0.5,0.5,True,block_kinematic,16,mrmr,0.9,0.9
2,0.555660668277533,0.011064039542085038,3,0.5,0.5,True,block_kinematic,16,mrmr,0.9,0.95
2,0.5571395190717828,0.0027370461397831043,3,0.5,0.5,True,block_kinematic,16,mrmr,0.95,0.9
2,0.5571395190717828,0.0027370461397831043,3,0.5,0.5,True,block_kinematic,16,mrmr,0.95,0.95
2,0.5343060889165901,0.018579128471183155,3,0.5,0.5,True,block_kinematic,32,topk_auc,0.9,0.9
2,0.5343060889165901,0.018579128471183155,3,0.5,0.5,True,block_kinematic,32,topk_auc,0.9,0.95
2,0.5393058335440264,0.009075327395165818,3,0.5,0.5,True,block_kinematic,32,topk_auc,0.95,0.9
2,0.5393058335440264,0.009075327395165818,3,0.5,0.5,True,block_kinematic,32,topk_auc,0.95,0.95
2,0.5557603096070435,0.012851705312274635,3,0.5,0.5,True,block_kinematic,32,mrmr,0.9,0.9
2,0.5526327874117246,0.0164080878496501,3,0.5,0.5,True,block_kinematic,32,mrmr,0.9,0.95
2,0.5488964078648318,0.011851046432828458,3,0.5,0.5,True,block_kinematic,32,mrmr,0.95,0.9
2,0.5476353102054291,0.013445041543730012,3,0.5,0.5,True,block_kinematic,32,mrmr,0.95,0.95
2,0.5467157145854594,0.01281520387688009,3,0.5,0.75,True,block_kinematic,0,topk_auc,0.9,0.9
2,0.5467157145854594,0.01281520387688009,3,0.5,0.75,True,block_kinematic,0,topk_auc,0.9,0.95
2,0.5467157145854594,0.01281520387688009,3,0.5,0.75,True,block_kinematic,0,topk_auc,0.95,0.9
2,0.5467157145854594,0.01281520387688009,3,0.5,0.75,True,block_kinematic,0,topk_auc,0.95,0.95
2,0.5467157145854594,0.01281520387688009,3,0.5,0.75,True,block_kinematic,0,mrmr,0.9,0.9
2,0.5467157145854594,0.01281520387688009,3,0.5,0.75,True,block_kinematic,0,mrmr,0.9,0.95
2,0.5467157145854594,0.01281520387688009,3,0.5,0.75,True,block_kinematic,0,mrmr,0.95,0.9
2,0.5467157145854594,0.01281520387688009,3,0.5,0.75,True,block_kinematic,0,mrmr,0.95,0.95
2,0.541339511152226,0.012317264603818233,3,0.5,0.75,True,block_kinematic,8,topk_auc,0.9,0.9
2,0.541339511152226,0.012317264603818233,3,0.5,0.75,True,block_kinematic,8,topk_auc,0.9,0.95
2,0.5448764208528066,0.004268599017824798,3,0.5,0.75,True,block_kinematic,8,topk_auc,0.95,0.9
2,0.5448764208528066,0.004268599017824798,3,0.5,0.75,True,block_kinematic,8,topk_auc,0.95,0.95
2,0.5489183195181747,0.007251733725665374,3,0.5,0.75,True,block_kinematic,8,mrmr,0.9,0.9
2,0.5489183195181747,0.007251733725665374,3,0.5,0.75,True,block_kinematic,8,mrmr,0.9,0.95
2,0.5461573146422957,0.0018955101852151772,3,0.5,0.75,True,block_kinematic,8,mrmr,0.95,0.9
2,0.5461573146422957,0.0018955101852151772,3,0.5,0.75,True,block_kinematic,8,mrmr,0.95,0.95
2,0.5396142037397541,0.022396222896595527,3,0.5,0.75,True,block_kinematic,16,topk_auc,0.9,0.9
2,0.5396142037397541,0.022396222896595527,3,0.5,0.75,True,block_kinematic,16,topk_auc,0.9,0.95
2,0.5475351171337057,0.01379810107005423,3,0.5,0.75,True,block_kinematic,16,topk_auc,0.95,0.9
2,0.5475351171337057,0.01379810107005423,3,0.5,0.75,True,block_kinematic,16,topk_auc,0.95,0.95
2,0.5583101500338669,0.010849379107191222,3,0.5,0.75,True,block_kinematic,16,mrmr,0.9,0.9
2,0.5583101500338669,0.010849379107191222,3,0.5,0.75,True,block_kinematic,16,mrmr,0.9,0.95
2,0.5595889393472179,0.001891835802397065,3,0.5,0.75,True,block_kinematic,16,mrmr,0.95,0.9
2,0.5595889393472179,0.001891835802397065,3,0.5,0.75,True,block_kinematic,16,mrmr,0.95,0.95
2,0.5368854110349376,0.018073235074922034,3,0.5,0.75,True,block_kinematic,32,topk_auc,0.9,0.9
2,0.5368854110349376,0.018073235074922034,3,0.5,0.75,True,block_kinematic,32,topk_auc,0.9,0.95
2,0.5428834399097986,0.008036787127843132,3,0.5,0.75,True,block_kinematic,32,topk_auc,0.95,0.9
2,0.5428834399097986,0.008036787127843132,3,0.5,0.75,True,block_kinematic,32,topk_auc,0.95,0.95
2,0.5577170124255292,0.011907058846157786,3,0.5,0.75,True,block_kinematic,32,mrmr,0.9,0.9
2,0.5553764151696777,0.014636286094281963,3,0.5,0.75,True,block_kinematic,32,mrmr,0.9,0.95
2,0.5531115189093655,0.012129421969090396,3,0.5,0.75,True,block_kinematic,32,mrmr,0.95,0.9
2,0.5519714866252655,0.013541980561728034,3,0.5,0.75,True,block_kinematic,32,mrmr,0.95,0.95
2,0.5369695477331643,0.017460692072242004,3,1.0,0.25,True,block_kinematic,0,topk_auc,0.9,0.9
2,0.5369695477331643,0.017460692072242004,3,1.0,0.25,True,block_kinematic,0,topk_auc,0.9,0.95
2,0.5369695477331643,0.017460692072242004,3,1.0,0.25,True,block_kinematic,0,topk_auc,0.95,0.9
2,0.5369695477331643,0.017460692072242004,3,1.0,0.25,True,block_kinematic,0,topk_auc,0.95,0.95
2,0.5369695477331643,0.017460692072242004,3,1.0,0.25,True,block_kinematic,0,mrmr,0.9,0.9
2,0.5369695477331643,0.017460692072242004,3,1.0,0.25,True,block_kinematic,0,mrmr,0.9,0.95
2,0.5369695477331643,0.017460692072242004,3,1.0,0.25,True,block_kinematic,0,mrmr,0.95,0.9
2,0.5369695477331643,0.017460692072242004,3,1.0,0.25,True,block_kinematic,0,mrmr,0.95,0.95
2,0.5320765916142597,0.010226734225766532,3,1.0,0.25,True,block_kinematic,8,topk_auc,0.9,0.9
2,0.5320765916142597,0.010226734225766532,3,1.0,0.25,True,block_kinematic,8,topk_auc,0.9,0.95
2,0.5381722340585963,0.006558519019211263,3,1.0,0.25,True,block_kinematic,8,topk_auc,0.95,0.9
2,0.5381722340585963,0.006558519019211263,3,1.0,0.25,True,block_kinematic,8,topk_auc,0.95,0.95
2,0.5376250978805415,0.011906193535415438,3,1.0,0.25,True,block_kinematic,8,mrmr,0.9,0.9
2,0.5376250978805415,0.011906193535415438,3,1.0,0.25,True,block_kinematic,8,mrmr,0.9,0.95
2,0.5360554195164244,0.0070235554445069025,3,1.0,0.25,True,block_kinematic,8,mrmr,0.95,0.9
2,0.5360554195164244,0.0070235554445069025,3,1.0,0.25,True,block_kinematic,8,mrmr,0.95,0.95
2,0.5284285601727847,0.016815328588135465,3,1.0,0.25,True,block_kinematic,16,topk_auc,0.9,0.9
2,0.5284285601727847,0.016815328588135465,3,1.0,0.25,True,block_kinematic,16,topk_auc,0.9,0.95
2,0.5378706072083236,0.008790960745079799,3,1.0,0.25,True,block_kinematic,16,topk_auc,0.95,0.9
2,0.5378706072083236,0.008790960745079799,3,1.0,0.25,True,block_kinematic,16,topk_auc,0.95,0.95
2,0.5479178583746108,0.013665820882071448,3,1.0,0.25,True,block_kinematic,16,mrmr,0.9,0.9
2,0.5479178583746108,0.013665820882071448,3,1.0,0.25,True,block_kinematic,16,mrmr,0.9,0.95
2,0.5498881979407041,0.006750391002518668,3,1.0,0.25,True,block_kinematic,16,mrmr,0.95,0.9
2,0.5498881979407041,0.006750391002518668,3,1.0,0.25,True,block_kinematic,16,mrmr,0.95,0.95
2,0.5297198041920281,0.013299675553875377,3,1.0,0.25,True,block_kinematic,32,topk_auc,0.9,0.9
2,0.5297198041920281,0.013299675553875377,3,1.0,0.25,True,block_kinematic,32,topk_auc,0.9,0.95
2,0.5281979478847504,0.004117395485365041,3,1.0,0.25,True,block_kinematic,32,topk_auc,0.95,0.9
2,0.5281979478847504,0.004117395485365041,3,1.0,0.25,True,block_kinematic,32,topk_auc,0.95,0.95
2,0.5518601482380963,0.014665685390537905,3,1.0,0.25,True,block_kinematic,32,mrmr,0.9,0.9
2,0.5483189860104933,0.019155805300485076,3,1.0,0.25,True,block_kinematic,32,mrmr,0.9,0.95
2,0.5424006449136131,0.012205159985407553,3,1.0,0.25,True,block_kinematic,32,mrmr,0.95,0.9
2,0.5419769161000537,0.012796010665912164,3,1.0,0.25,True,block_kinematic,32,mrmr,0.95,0.95
2,0.5383452801172507,0.01686319371364257,3,1.0,0.5,True,block_kinematic,0,topk_auc,0.9,0.9
2,0.5383452801172507,0.01686319371364257,3,1.0,0.5,True,block_kinematic,0,topk_auc,0.9,0.95
2,0.5383452801172507,0.01686319371364257,3,1.0,0.5,True,block_kinematic,0,topk_auc,0.95,0.9
2,0.5383452801172507,0.01686319371364257,3,1.0,0.5,True,block_kinematic,0,topk_auc,0.95,0.95
2,0.5383452801172507,0.01686319371364257,3,1.0,0.5,True,block_kinematic,0,mrmr,0.9,0.9
2,0.5383452801172507,0.01686319371364257,3,1.0,0.5,True,block_kinematic,0,mrmr,0.9,0.95
2,0.5383452801172507,0.01686319371364257,3,1.0,0.5,True,block_kinematic,0,mrmr,0.95,0.9
2,0.5383452801172507,0.01686319371364257,3,1.0,0.5,True,block_kinematic,0,mrmr,0.95,0.95
2,0.532457101030296,0.010340879734097655,3,1.0,0.5,True,block_kinematic,8,topk_auc,0.9,0.9
2,0.532457101030296,0.010340879734097655,3,1.0,0.5,True,block_kinematic,8,topk_auc,0.9,0.95
2,0.5395949335752701,0.004855383009949982,3,1.0,0.5,True,block_kinematic,8,topk_auc,0.95,0.9
2,0.5395949335752701,0.004855383009949982,3,1.0,0.5,True,block_kinematic,8,topk_auc,0.95,0.95
2,0.5385815025004662,0.01074142268045457,3,1.0,0.5,True,block_kinematic,8,mrmr,0.9,0.9
2,0.5385815025004662,0.01074142268045457,3,1.0,0.5,True,block_kinematic,8,mrmr,0.9,0.95
2,0.5359985943645996,0.00511251903539885,3,1.0,0.5,True,block_kinematic,8,mrmr,0.95,0.9
2,0.5359985943645996,0.00511251903539885,3,1.0,0.5,True,block_kinematic,8,mrmr,0.95,0.95
2,0.5294352896356938,0.017357321814695983,3,1.0,0.5,True,block_kinematic,16,topk_auc,0.9,0.9
2,0.5294352896356938,0.017357321814695983,3,1.0,0.5,True,block_kinematic,16,topk_auc,0.9,0.95
2,0.5385796760434857,0.009492305976838051,3,1.0,0.5,True,block_kinematic,16,topk_auc,0.95,0.9
2,0.5385796760434857,0.009492305976838051,3,1.0,0.5,True,block_kinematic,16,topk_auc,0.95,0.95
2,0.5473954523995238,0.012424645939609898,3,1.0,0.5,True,block_kinematic,16,mrmr,0.9,0.9
2,0.5473954523995238,0.012424645939609898,3,1.0,0.5,True,block_kinematic,16,mrmr,0.9,0.95
2,0.5501336793438247,0.004636678208441821,3,1.0,0.5,True,block_kinematic,16,mrmr,0.95,0.9
2,0.5501336793438247,0.004636678208441821,3,1.0,0.5,True,block_kinematic,16,mrmr,0.95,0.95
2,0.5275367765950733,0.014530583393552782,3,1.0,0.5,True,block_kinematic,32,topk_auc,0.9,0.9
2,0.5275367765950733,0.014530583393552782,3,1.0,0.5,True,block_kinematic,32,topk_auc,0.9,0.95
2,0.5293349277885439,0.004619675955092726,3,1.0,0.5,True,block_kinematic,32,topk_auc,0.95,0.9
2,0.5293349277885439,0.004619675955092726,3,1.0,0.5,True,block_kinematic,32,topk_auc,0.95,0.95
2,0.5514398372803585,0.013508845884117986,3,1.0,0.5,True,block_kinematic,32,mrmr,0.9,0.9
2,0.5484333804603422,0.01720031457553196,3,1.0,0.5,True,block_kinematic,32,mrmr,0.9,0.95
2,0.5427495684688519,0.010906424136639673,3,1.0,0.5,True,block_kinematic,32,mrmr,0.95,0.9
2,0.5421240640297882,0.011763430668724489,3,1.0,0.5,True,block_kinematic,32,mrmr,0.95,0.95
2,0.5393874119136499,0.016669030184014503,3,1.0,0.75,True,block_kinematic,0,topk_auc,0.9,0.9
2,0.5393874119136499,0.016669030184014503,3,1.0,0.75,True,block_kinematic,0,topk_auc,0.9,0.95
2,0.5393874119136499,0.016669030184014503,3,1.0,0.75,True,block_kinematic,0,topk_auc,0.95,0.9
2,0.5393874119136499,0.016669030184014503,3,1.0,0.75,True,block_kinematic,0,topk_auc,0.95,0.95
2,0.5393874119136499,0.016669030184014503,3,1.0,0.75,True,block_kinematic,0,mrmr,0.9,0.9
2,0.5393874119136499,0.016669030184014503,3,1.0,0.75,True,block_kinematic,0,mrmr,0.9,0.95
2,0.5393874119136499,0.016669030184014503,3,1.0,0.75,True,block_kinematic,0,mrmr,0.95,0.9
2,0.5393874119136499,0.016669030184014503,3,1.0,0.75,True,block_kinematic,0,mrmr,0.95,0.95
2,0.5343261713511729,0.009701498284122811,3,1.0,0.75,True,block_kinematic,8,topk_auc,0.9,0.9
2,0.5343261713511729,0.009701498284122811,3,1.0,0.75,True,block_kinematic,8,topk_auc,0.9,0.95
2,0.5413578008849135,0.004628679567256413,3,1.0,0.75,True,block_kinematic,8,topk_auc,0.95,0.9
2,0.5413578008849135,0.004628679567256413,3,1.0,0.75,True,block_kinematic,8,topk_auc,0.95,0.95
2,0.5399777174703286,0.00980411695358632,3,1.0,0.75,True,block_kinematic,8,mrmr,0.9,0.9
2,0.5399777174703286,0.00980411695358632,3,1.0,0.75,True,block_kinematic,8,mrmr,0.9,0.95
2,0.5380523307788222,0.00407289896625063,3,1.0,0.75,True,block_kinematic,8,mrmr,0.95,0.9
2,0.5380523307788222,0.00407289896625063,3,1.0,0.75,True,block_kinematic,8,mrmr,0.95,0.95
2,0.5308593378214586,0.018096205380759022,3,1.0,0.75,True,block_kinematic,16,topk_auc,0.9,0.9
2,0.5308593378214586,0.018096205380759022,3,1.0,0.75,True,block_kinematic,16,topk_auc,0.9,0.95
2,0.5403674926572869,0.009731730575267402,3,1.0,0.75,True,block_kinematic,16,topk_auc,0.95,0.9
2,0.5403674926572869,0.009731730575267402,3,1.0,0.75,True,block_kinematic,16,topk_auc,0.95,0.95
2,0.5498218823932076,0.011750717384900865,3,1.0,0.75,True,block_kinematic,16,mrmr,0.9,0.9
2,0.5498218823932076,0.011750717384900865,3,1.0,0.75,True,block_kinematic,16,mrmr,0.9,0.95
2,0.5520027171370738,0.0028757048840594448,3,1.0,0.75,True,block_kinematic,16,mrmr,0.95,0.9
2,0.5520027171370738,0.0028757048840594448,3,1.0,0.75,True,block_kinematic,16,mrmr,0.95,0.95
2,0.5281206536491837,0.016159610030315318,3,1.0,0.75,True,block_kinematic,32,topk_auc,0.9,0.9
2,0.5281206536491837,0.016159610030315318,3,1.0,0.75,True,block_kinematic,32,topk_auc,0.9,0.95
2,0.5322164653231063,0.005817108873137923,3,1.0,0.75,True,block_kinematic,32,topk_auc,0.95,0.9
2,0.5322164653231063,0.005817108873137923,3,1.0,0.75,True,block_kinematic,32,topk_auc,0.95,0.95
2,0.5517119569693609,0.013930138232319183,3,1.0,0.75,True,block_kinematic,32,mrmr,0.9,0.9
2,0.5489577196812253,0.01720007762101777,3,1.0,0.75,True,block_kinematic,32,mrmr,0.9,0.95
2,0.5443371170820052,0.01044049316261647,3,1.0,0.75,True,block_kinematic,32,mrmr,0.95,0.9
2,0.5435905472676388,0.011437303723708716,3,1.0,0.75,True,block_kinematic,32,mrmr,0.95,0.95
2,0.5351167255760415,0.017107561876672443,3,2.0,0.25,True,block_kinematic,0,topk_auc,0.9,0.9
2,0.5351167255760415,0.017107561876672443,3,2.0,0.25,True,block_kinematic,0,topk_auc,0.9,0.95
2,0.5351167255760415,0.017107561876672443,3,2.0,0.25,True,block_kinematic,0,topk_auc,0.95,0.9
2,0.5351167255760415,0.017107561876672443,3,2.0,0.25,True,block_kinematic,0,topk_auc,0.95,0.95
2,0.5351167255760415,0.017107561876672443,3,2.0,0.25,True,block_kinematic,0,mrmr,0.9,0.9
2,0.5351167255760415,0.017107561876672443,3,2.0,0.25,True,block_kinematic,0,mrmr,0.9,0.95
2,0.5351167255760415,0.017107561876672443,3,2.0,0.25,True,block_kinematic,0,mrmr,0.95,0.9
2,0.5351167255760415,0.017107561876672443,3,2.0,0.25,True,block_kinematic,0,mrmr,0.95,0.95
2,0.5308229378717647,0.008313854333251599,3,2.0,0.25,True,block_kinematic,8,topk_auc,0.9,0.9
2,0.5308229378717647,0.008313854333251599,3,2.0,0.25,True,block_kinematic,8,topk_auc,0.9,0.95
2,0.5362724840475308,0.008463330801997732,3,2.0,0.25,True,block_kinematic,8,topk_auc,0.95,0.9
2,0.5362724840475308,0.008463330801997732,3,2.0,0.25,True,block_kinematic,8,topk_auc,0.95,0.95
2,0.5350582519485952,0.012271056030269683,3,2.0,0.25,True,block_kinematic,8,mrmr,0.9,0.9
2,0.5350582519485952,0.012271056030269683,3,2.0,0.25,True,block_kinematic,8,mrmr,0.9,0.95
2,0.5325800330618172,0.009904100479117502,3,2.0,0.25,True,block_kinematic,8,mrmr,0.95,0.9
2,0.5325800330618172,0.009904100479117502,3,2.0,0.25,True,block_kinematic,8,mrmr,0.95,0.95
2,0.5259730529348721,0.013313503901159792,3,2.0,0.25,True,block_kinematic,16,topk_auc,0.9,0.9
2,0.5259730529348721,0.013313503901159792,3,2.0,0.25,True,block_kinematic,16,topk_auc,0.9,0.95
2,0.5359874008714409,0.004245461045313041,3,2.0,0.25,True,block_kinematic,16,topk_auc,0.95,0.9
2,0.5359874008714409,0.004245461045313041,3,2.0,0.25,True,block_kinematic,16,topk_auc,0.95,0.95
2,0.5463347758661107,0.013522267105911825,3,2.0,0.25,True,block_kinematic,16,mrmr,0.9,0.9
2,0.5463347758661107,0.013522267105911825,3,2.0,0.25,True,block_kinematic,16,mrmr,0.9,0.95
2,0.5473244596246587,0.010402617357805533,3,2.0,0.25,True,block_kinematic,16,mrmr,0.95,0.9
2,0.5473244596246587,0.010402617357805533,3,2.0,0.25,True,block_kinematic,16,mrmr,0.95,0.95
2,0.5265546573511469,0.01040308237513306,3,2.0,0.25,True,block_kinematic,32,topk_auc,0.9,0.9
2,0.5265546573511469,0.01040308237513306,3,2.0,0.25,True,block_kinematic,32,topk_auc,0.9,0.95
2,0.5242041268942771,0.002587262606204582,3,2.0,0.25,True,block_kinematic,32,topk_auc,0.95,0.9
2,0.5242041268942771,0.002587262606204582,3,2.0,0.25,True,block_kinematic,32,topk_auc,0.95,0.95
2,0.5498979639006177,0.013941522778345736,3,2.0,0.25,True,block_kinematic,32,mrmr,0.9,0.9
2,0.5459330728594556,0.019246843765371426,3,2.0,0.25,True,block_kinematic,32,mrmr,0.9,0.95
2,0.5402290587562618,0.013036607453081809,3,2.0,0.25,True,block_kinematic,32,mrmr,0.95,0.9
2,0.5399566616618308,0.013421235949669819,3,2.0,0.25,True,block_kinematic,32,mrmr,0.95,0.95
2,0.536058091998589,0.016959269255889114,3,2.0,0.5,True,block_kinematic,0,topk_auc,0.9,0.9
2,0.536058091998589,0.016959269255889114,3,2.0,0.5,True,block_kinematic,0,topk_auc,0.9,0.95
2,0.536058091998589,0.016959269255889114,3,2.0,0.5,True,block_kinematic,0,topk_auc,0.95,0.9
2,0.536058091998589,0.016959269255889114,3,2.0,0.5,True,block_kinematic,0,topk_auc,0.95,0.95
2,0.536058091998589,0.016959269255889114,3,2.0,0.5,True,block_kinematic,0,mrmr,0.9,0.9
2,0.536058091998589,0.016959269255889114,3,2.0,0.5,True,block_kinematic,0,mrmr,0.9,0.95
2,0.536058091998589,0.016959269255889114,3,2.0,0.5,True,block_kinematic,0,mrmr,0.95,0.9
2,0.536058091998589,0.016959269255889114,3,2.0,0.5,True,block_kinematic,0,mrmr,0.95,0.95
2,0.5320599107716847,0.008708678171879865,3,2.0,0.5,True,block_kinematic,8,topk_auc,0.9,0.9
2,0.5320599107716847,0.008708678171879865,3,2.0,0.5,True,block_kinematic,8,topk_auc,0.9,0.95
2,0.5378816279368182,0.007648524704558845,3,2.0,0.5,True,block_kinematic,8,topk_auc,0.95,0.9
2,0.5378816279368182,0.007648524704558845,3,2.0,0.5,True,block_kinematic,8,topk_auc,0.95,0.95
2,0.536253780047887,0.012740482034071162,3,2.0,0.5,True,block_kinematic,8,mrmr,0.9,0.9
2,0.536253780047887,0.012740482034071162,3,2.0,0.5,True,block_kinematic,8,mrmr,0.9,0.95
2,0.5339170041745589,0.009675816690597597,3,2.0,0.5,True,block_kinematic,8,mrmr,0.95,0.9
2,0.5339170041745589,0.009675816690597597,3,2.0,0.5,True,block_kinematic,8,mrmr,0.95,0.95
2,0.5267011666960397,0.014228692737711006,3,2.0,0.5,True,block_kinematic,16,topk_auc,0.9,0.9
2,0.5267011666960397,0.014228692737711006,3,2.0,0.5,True,block_kinematic,16,topk_auc,0.9,0.95
2,0.5370216962713495,0.004992233187846985,3,2.0,0.5,True,block_kinematic,16,topk_auc,0.95,0.9
2,0.5370216962713495,0.004992233187846985,3,2.0,0.5,True,block_kinematic,16,topk_auc,0.95,0.95
2,0.5464443126523167,0.013563960571161248,3,2.0,0.5,True,block_kinematic,16,mrmr,0.9,0.9
2,0.5464443126523167,0.013563960571161248,3,2.0,0.5,True,block_kinematic,16,mrmr,0.9,0.95
2,0.547686578349616,0.009216142665367726,3,2.0,0.5,True,block_kinematic,16,mrmr,0.95,0.9
2,0.547686578349616,0.009216142665367726,3,2.0,0.5,True,block_kinematic,16,mrmr,0.95,0.95
2,0.5264519295793799,0.011189575728027342,3,2.0,0.5,True,block_kinematic,32,topk_auc,0.9,0.9
2,0.5264519295793799,0.011189575728027342,3,2.0,0.5,True,block_kinematic,32,topk_auc,0.9,0.95
2,0.5247476623253209,0.001591499672368851,3,2.0,0.5,True,block_kinematic,32,topk_auc,0.95,0.9
2,0.5247476623253209,0.001591499672368851,3,2.0,0.5,True,block_kinematic,32,topk_auc,0.95,0.95
2,0.5513521526157994,0.013405179243550579,3,2.0,0.5,True,block_kinematic,32,mrmr,0.9,0.9
2,0.5469534439798026,0.019105548371054517,3,2.0,0.5,True,block_kinematic,32,mrmr,0.9,0.95
2,0.5409743093605208,0.011769077051092912,3,2.0,0.5,True,block_kinematic,32,mrmr,0.95,0.9
2,0.5402781834525305,0.012753339272430943,3,2.0,0.5,True,block_kinematic,32,mrmr,0.95,0.95
2,0.5371502761423746,0.016407143379200146,3,2.0,0.75,True,block_kinematic,0,topk_auc,0.9,0.9
2,0.5371502761423746,0.016407143379200146,3,2.0,0.75,True,block_kinematic,0,topk_auc,0.9,0.95
2,0.5371502761423746,0.016407143379200146,3,2.0,0.75,True,block_kinematic,0,topk_auc,0.95,0.9
2,0.5371502761423746,0.016407143379200146,3,2.0,0.75,True,block_kinematic,0,topk_auc,0.95,0.95
2,0.5371502761423746,0.016407143379200146,3,2.0,0.75,True,block_kinematic,0,mrmr,0.9,0.9
2,0.5371502761423746,0.016407143379200146,3,2.0,0.75,True,block_kinematic,0,mrmr,0.9,0.95
2,0.5371502761423746,0.016407143379200146,3,2.0,0.75,True,block_kinematic,0,mrmr,0.95,0.9
2,0.5371502761423746,0.016407143379200146,3,2.0,0.75,True,block_kinematic,0,mrmr,0.95,0.95
2,0.5327373424996925,0.00872980503707074,3,2.0,0.75,True,block_kinematic,8,topk_auc,0.9,0.9
2,0.5327373424996925,0.00872980503707074,3,2.0,0.75,True,block_kinematic,8,topk_auc,0.9,0.95
2,0.5388621407455475,0.006712182837110895,3,2.0,0.75,True,block_kinematic,8,topk_auc,0.95,0.9
2,0.5388621407455475,0.006712182837110895,3,2.0,0.75,True,block_kinematic,8,topk_auc,0.95,0.95
2,0.536270196373339,0.011932331465312382,3,2.0,0.75,True,block_kinematic,8,mrmr,0.9,0.9
2,0.536270196373339,0.011932331465312382,3,2.0,0.75,True,block_kinematic,8,mrmr,0.9,0.95
2,0.5341862902775805,0.008475350180637798,3,2.0,0.75,True,block_kinematic,8,mrmr,0.95,0.9
2,0.5341862902775805,0.008475350180637798,3,2.0,0.75,True,block_kinematic,8,mrmr,0.95,0.95
2,0.5271243075573856,0.014565957289499708,3,2.0,0.75,True,block_kinematic,16,topk_auc,0.9,0.9
2,0.5271243075573856,0.014565957289499708,3,2.0,0.75,True,block_kinematic,16,topk_auc,0.9,0.95
2,0.5373542295846114,0.005563810104812266,3,2.0,0.75,True,block_kinematic,16,topk_auc,0.95,0.9
2,0.5373542295846114,0.005563810104812266,3,2.0,0.75,True,block_kinematic,16,topk_auc,0.95,0.95
2,0.54664661608461,0.013597195805997978,3,2.0,0.75,True,block_kinematic,16,mrmr,0.9,0.9
2,0.54664661608461,0.013597195805997978,3,2.0,0.75,True,block_kinematic,16,mrmr,0.9,0.95
2,0.5475202995718407,0.008159288416532863,3,2.0,0.75,True,block_kinematic,16,mrmr,0.95,0.9
2,0.5475202995718407,0.008159288416532863,3,2.0,0.75,True,block_kinematic,16,mrmr,0.95,0.95
2,0.5268658316738719,0.010880822110343068,3,2.0,0.75,True,block_kinematic,32,topk_auc,0.9,0.9
2,0.5268658316738719,0.010880822110343068,3,2.0,0.75,True,block_kinematic,32,topk_auc,0.9,0.95
2,0.5247368404449652,0.0013284668993632865,3,2.0,0.75,True,block_kinematic,32,topk_auc,0.95,0.9
2,0.5247368404449652,0.0013284668993632865,3,2.0,0.75,True,block_kinematic,32,topk_auc,0.95,0.95
2,0.5515220060571108,0.012253112523495875,3,2.0,0.75,True,block_kinematic,32,mrmr,0.9,0.9
2,0.5469719657019857,0.01817038620073935,3,2.0,0.75,True,block_kinematic,32,mrmr,0.9,0.95
2,0.5410719082005047,0.010517089375481237,3,2.0,0.75,True,block_kinematic,32,mrmr,0.95,0.9
2,0.5400125861666064,0.012014125180387915,3,2.0,0.75,True,block_kinematic,32,mrmr,0.95,0.95
3,0.5077714615262114,0.010675418963130014,3,0.5,0.25,True,block_kinematic,0,topk_auc,0.9,0.9
3,0.5077714615262114,0.010675418963130014,3,0.5,0.25,True,block_kinematic,0,topk_auc,0.9,0.95
3,0.5077714615262114,0.010675418963130014,3,0.5,0.25,True,block_kinematic,0,topk_auc,0.95,0.9
3,0.5077714615262114,0.010675418963130014,3,0.5,0.25,True,block_kinematic,0,topk_auc,0.95,0.95
3,0.5077714615262114,0.010675418963130014,3,0.5,0.25,True,block_kinematic,0,mrmr,0.9,0.9
3,0.5077714615262114,0.010675418963130014,3,0.5,0.25,True,block_kinematic,0,mrmr,0.9,0.95
3,0.5077714615262114,0.010675418963130014,3,0.5,0.25,True,block_kinematic,0,mrmr,0.95,0.9
3,0.5077714615262114,0.010675418963130014,3,0.5,0.25,True,block_kinematic,0,mrmr,0.95,0.95
3,0.5002360542215177,0.009343202371133195,3,0.5,0.25,True,block_kinematic,8,topk_auc,0.9,0.9
3,0.5002360542215177,0.009343202371133195,3,0.5,0.25,True,block_kinematic,8,topk_auc,0.9,0.95
3,0.5083792641848014,0.010705547876259216,3,0.5,0.25,True,block_kinematic,8,topk_auc,0.95,0.9
3,0.5083792641848014,0.010705547876259216,3,0.5,0.25,True,block_kinematic,8,topk_auc,0.95,0.95
3,0.5085816342066719,0.028443868785546538,3,0.5,0.25,True,block_kinematic,8,mrmr,0.9,0.9
3,0.5085816342066719,0.028443868785546538,3,0.5,0.25,True,block_kinematic,8,mrmr,0.9,0.95
3,0.5108641104222864,0.027492012012555186,3,0.5,0.25,True,block_kinematic,8,mrmr,0.95,0.9
3,0.5108641104222864,0.027492012012555186,3,0.5,0.25,True,block_kinematic,8,mrmr,0.95,0.95
3,0.4953853401369838,0.020247643165597802,3,0.5,0.25,True,block_kinematic,16,topk_auc,0.9,0.9
3,0.4953853401369838,0.020247643165597802,3,0.5,0.25,True,block_kinematic,16,topk_auc,0.9,0.95
3,0.5082501476079195,0.021730602588901225,3,0.5,0.25,True,block_kinematic,16,topk_auc,0.95,0.9
3,0.5082501476079195,0.021730602588901225,3,0.5,0.25,True,block_kinematic,16,topk_auc,0.95,0.95
3,0.5003465511864691,0.03097425970927203,3,0.5,0.25,True,block_kinematic,16,mrmr,0.9,0.9
3,0.5003465511864691,0.03097425970927203,3,0.5,0.25,True,block_kinematic,16,mrmr,0.9,0.95
3,0.5059236145618015,0.0289591997395207,3,0.5,0.25,True,block_kinematic,16,mrmr,0.95,0.9
3,0.5059236145618015,0.0289591997395207,3,0.5,0.25,True,block_kinematic,16,mrmr,0.95,0.95
3,0.49477545110725646,0.023445836501259497,3,0.5,0.25,True,block_kinematic,32,topk_auc,0.9,0.9
3,0.49477545110725646,0.023445836501259497,3,0.5,0.25,True,block_kinematic,32,topk_auc,0.9,0.95
3,0.4904773762002787,0.03265974371128673,3,0.5,0.25,True,block_kinematic,32,topk_auc,0.95,0.9
3,0.4904773762002787,0.03265974371128673,3,0.5,0.25,True,block_kinematic,32,topk_auc,0.95,0.95
3,0.4994116933581014,0.02469367363954542,3,0.5,0.25,True,block_kinematic,32,mrmr,0.9,0.9
3,0.5001495445407925,0.024175178686496112,3,0.5,0.25,True,block_kinematic,32,mrmr,0.9,0.95
3,0.4943596384749351,0.035804376686387474,3,0.5,0.25,True,block_kinematic,32,mrmr,0.95,0.9
3,0.4943596384749351,0.035804376686387474,3,0.5,0.25,True,block_kinematic,32,mrmr,0.95,0.95
3,0.5106818394056768,0.010232655138140681,3,0.5,0.5,True,block_kinematic,0,topk_auc,0.9,0.9
3,0.5106818394056768,0.010232655138140681,3,0.5,0.5,True,block_kinematic,0,topk_auc,0.9,0.95
3,0.5106818394056768,0.010232655138140681,3,0.5,0.5,True,block_kinematic,0,topk_auc,0.95,0.9
3,0.5106818394056768,0.010232655138140681,3,0.5,0.5,True,block_kinematic,0,topk_auc,0.95,0.95
3,0.5106818394056768,0.010232655138140681,3,0.5,0.5,True,block_kinematic,0,mrmr,0.9,0.9
3,0.5106818394056768,0.010232655138140681,3,0.5,0.5,True,block_kinematic,0,mrmr,0.9,0.95
3,0.5106818394056768,0.010232655138140681,3,0.5,0.5,True,block_kinematic,0,mrmr,0.95,0.9
3,0.5106818394056768,0.010232655138140681,3,0.5,0.5,True,block_kinematic,0,mrmr,0.95,0.95
3,0.5022172325455093,0.007886362472064224,3,0.5,0.5,True,block_kinematic,8,topk_auc,0.9,0.9
3,0.5022172325455093,0.007886362472064224,3,0.5,0.5,True,block_kinematic,8,topk_auc,0.9,0.95
3,0.510174257129743,0.010322898928407657,3,0.5,0.5,True,block_kinematic,8,topk_auc,0.95,0.9
3,0.510174257129743,0.010322898928407657,3,0.5,0.5,True,block_kinematic,8,topk_auc,0.95,0.95
3,0.5113663228778736,0.029044173064147343,3,0.5,0.5,True,block_kinematic,8,mrmr,0.9,0.9
3,0.5113663228778736,0.029044173064147343,3,0.5,0.5,True,block_kinematic,8,mrmr,0.9,0.95
3,0.5130632649715526,0.027503917329367432,3,0.5,0.5,True,block_kinematic,8,mrmr,0.95,0.9
3,0.5130632649715526,0.027503917329367432,3,0.5,0.5,True,block_kinematic,8,mrmr,0.95,0.95
3,0.49860032145151884,0.01950328073339413,3,0.5,0.5,True,block_kinematic,16,topk_auc,0.9,0.9
3,0.49860032145151884,0.01950328073339413,3,0.5,0.5,True,block_kinematic,16,topk_auc,0.9,0.95
3,0.51107140070814,0.02070368818115053,3,0.5,0.5,True,block_kinematic,16,topk_auc,0.95,0.9
3,0.51107140070814,0.02070368818115053,3,0.5,0.5,True,block_kinematic,16,topk_auc,0.95,0.95
3,0.5031907807595425,0.02888045877419577,3,0.5,0.5,True,block_kinematic,16,mrmr,0.9,0.9
3,0.5031907807595425,0.02888045877419577,3,0.5,0.5,True,block_kinematic,16,mrmr,0.9,0.95
3,0.5067340904243008,0.02903147624219524,3,0.5,0.5,True,block_kinematic,16,mrmr,0.95,0.9
3,0.5067340904243008,0.02903147624219524,3,0.5,0.5,True,block_kinematic,16,mrmr,0.95,0.95
3,0.4971062796414145,0.023698417596945968,3,0.5,0.5,True,block_kinematic,32,topk_auc,0.9,0.9
3,0.4971062796414145,0.023698417596945968,3,0.5,0.5,True,block_kinematic,32,topk_auc,0.9,0.95
3,0.4943594439228977,0.0327061632846937,3,0.5,0.5,True,block_kinematic,32,topk_auc,0.95,0.9
3,0.4943594439228977,0.0327061632846937,3,0.5,0.5,True,block_kinematic,32,topk_auc,0.95,0.95
3,0.5002468914450939,0.023167043857310193,3,0.5,0.5,True,block_kinematic,32,mrmr,0.9,0.9
3,0.5008937831062206,0.022736345322707175,3,0.5,0.5,True,block_kinematic,32,mrmr,0.9,0.95
3,0.49588295514994957,0.034870652629927,3,0.5,0.5,True,block_kinematic,32,mrmr,0.95,0.9
3,0.49588295514994957,0.034870652629927,3,0.5,0.5,True,block_kinematic,32,mrmr,0.95,0.95
3,0.5143884669134985,0.010864370973976164,3,0.5,0.75,True,block_kinematic,0,topk_auc,0.9,0.9
3,0.5143884669134985,0.010864370973976164,3,0.5,0.75,True,block_kinematic,0,topk_auc,0.9,0.95
3,0.5143884669134985,0.010864370973976164,3,0.5,0.75,True,block_kinematic,0,topk_auc,0.95,0.9
3,0.5143884669134985,0.010864370973976164,3,0.5,0.75,True,block_kinematic,0,topk_auc,0.95,0.95
3,0.5143884669134985,0.010864370973976164,3,0.5,0.75,True,block_kinematic,0,mrmr,0.9,0.9
3,0.5143884669134985,0.010864370973976164,3,0.5,0.75,True,block_kinematic,0,mrmr,0.9,0.95
3,0.5143884669134985,0.010864370973976164,3,0.5,0.75,True,block_kinematic,0,mrmr,0.95,0.9
3,0.5143884669134985,0.010864370973976164,3,0.5,0.75,True,block_kinematic,0,mrmr,0.95,0.95
3,0.5043975548258074,0.007448653586526498,3,0.5,0.75,True,block_kinematic,8,topk_auc,0.9,0.9
3,0.5043975548258074,0.007448653586526498,3,0.5,0.75,True,block_kinematic,8,topk_auc,0.9,0.95
3,0.5141292413602264,0.009529553112565228,3,0.5,0.75,True,block_kinematic,8,topk_auc,0.95,0.9
3,0.5141292413602264,0.009529553112565228,3,0.5,0.75,True,block_kinematic,8,topk_auc,0.95,0.95
3,0.5136170561181116,0.02869184477501318,3,0.5,0.75,True,block_kinematic,8,mrmr,0.9,0.9
3,0.5136170561181116,0.02869184477501318,3,0.5,0.75,True,block_kinematic,8,mrmr,0.9,0.95
3,0.5172055245634773,0.02822844106079456,3,0.5,0.75,True,block_kinematic,8,mrmr,0.95,0.9
3,0.5172055245634773,0.02822844106079456,3,0.5,0.75,True,block_kinematic,8,mrmr,0.95,0.95
3,0.5023649813157625,0.01822634156022961,3,0.5,0.75,True,block_kinematic,16,topk_auc,0.9,0.9
3,0.5023649813157625,0.01822634156022961,3,0.5,0.75,True,block_kinematic,16,topk_auc,0.9,0.95
3,0.5146826814538981,0.019799792318683163,3,0.5,0.75,True,block_kinematic,16,topk_auc,0.95,0.9
3,0.5146826814538981,0.019799792318683163,3,0.5,0.75,True,block_kinematic,16,topk_auc,0.95,0.95
3,0.5044628021782857,0.03028825991133311,3,0.5,0.75,True,block_kinematic,16,mrmr,0.9,0.9
3,0.5044628021782857,0.03028825991133311,3,0.5,0.75,True,block_kinematic,16,mrmr,0.9,0.95
3,0.509033743068516,0.029263003648383256,3,0.5,0.75,True,block_kinematic,16,mrmr,0.95,0.9
3,0.509033743068516,0.029263003648383256,3,0.5,0.75,True,block_kinematic,16,mrmr,0.95,0.95
3,0.4959216986231583,0.02689612764279304,3,0.5,0.75,True,block_kinematic,32,topk_auc,0.9,0.9
3,0.4959216986231583,0.02689612764279304,3,0.5,0.75,True,block_kinematic,32,topk_auc,0.9,0.95
3,0.49799902861456635,0.032329669602873035,3,0.5,0.75,True,block_kinematic,32,topk_auc,0.95,0.9
3,0.49799902861456635,0.032329669602873035,3,0.5,0.75,True,block_kinematic,32,topk_auc,0.95,0.95
3,0.5018262053517497,0.023193023612740157,3,0.5,0.75,True,block_kinematic,32,mrmr,0.9,0.9
3,0.5026978886967427,0.022622571006996883,3,0.5,0.75,True,block_kinematic,32,mrmr,0.9,0.95
3,0.4982113137324549,0.03542751846446878,3,0.5,0.75,True,block_kinematic,32,mrmr,0.95,0.9
3,0.4982113137324549,0.03542751846446878,3,0.5,0.75,True,block_kinematic,32,mrmr,0.95,0.95
3,0.501236358557367,0.01059747105865911,3,1.0,0.25,True,block_kinematic,0,topk_auc,0.9,0.9
3,0.501236358557367,0.01059747105865911,3,1.0,0.25,True,block_kinematic,0,topk_auc,0.9,0.95
3,0.501236358557367,0.01059747105865911,3,1.0,0.25,True,block_kinematic,0,topk_auc,0.95,0.9
3,0.501236358557367,0.01059747105865911,3,1.0,0.25,True,block_kinematic,0,topk_auc,0.95,0.95
3,0.501236358557367,0.01059747105865911,3,1.0,0.25,True,block_kinematic,0,mrmr,0.9,0.9
3,0.501236358557367,0.01059747105865911,3,1.0,0.25,True,block_kinematic,0,mrmr,0.9,0.95
3,0.501236358557367,0.01059747105865911,3,1.0,0.25,True,block_kinematic,0,mrmr,0.95,0.9
3,0.501236358557367,0.01059747105865911,3,1.0,0.25,True,block_kinematic,0,mrmr,0.95,0.95
3,0.49503550979740735,0.010604308150516141,3,1.0,0.25,True,block_kinematic,8,topk_auc,0.9,0.9
3,0.49503550979740735,0.010604308150516141,3,1.0,0.25,True,block_kinematic,8,topk_auc,0.9,0.95
3,0.5016722861518988,0.010122025658424407,3,1.0,0.25,True,block_kinematic,8,topk_auc,0.95,0.9
3,0.5016722861518988,0.010122025658424407,3,1.0,0.25,True,block_kinematic,8,topk_auc,0.95,0.95
3,0.5016126179012963,0.02859812261362178,3,1.0,0.25,True,block_kinematic,8,mrmr,0.9,0.9
3,0.5016126179012963,0.02859812261362178,3,1.0,0.25,True,block_kinematic,8,mrmr,0.9,0.95
3,0.5034712839842824,0.02617332964514848,3,1.0,0.25,True,block_kinematic,8,mrmr,0.95,0.9
3,0.5034712839842824,0.02617332964514848,3,1.0,0.25,True,block_kinematic,8,mrmr,0.95,0.95
3,0.48847934549650573,0.018691811555741348,3,1.0,0.25,True,block_kinematic,16,topk_auc,0.9,0.9
3,0.48847934549650573,0.018691811555741348,3,1.0,0.25,True,block_kinematic,16,topk_auc,0.9,0.95
3,0.5042760297676155,0.021980414142723084,3,1.0,0.25,True,block_kinematic,16,topk_auc,0.95,0.9
3,0.5042760297676155,0.021980414142723084,3,1.0,0.25,True,block_kinematic,16,topk_auc,0.95,0.95
3,0.4951645524199659,0.02955143651196443,3,1.0,0.25,True,block_kinematic,16,mrmr,0.9,0.9
3,0.4951645524199659,0.02955143651196443,3,1.0,0.25,True,block_kinematic,16,mrmr,0.9,0.95
3,0.5000220132254634,0.027154383049480472,3,1.0,0.25,True,block_kinematic,16,mrmr,0.95,0.9
3,0.5000220132254634,0.027154383049480472,3,1.0,0.25,True,block_kinematic,16,mrmr,0.95,0.95
3,0.490630531000879,0.02076807060994609,3,1.0,0.25,True,block_kinematic,32,topk_auc,0.9,0.9
3,0.490630531000879,0.02076807060994609,3,1.0,0.25,True,block_kinematic,32,topk_auc,0.9,0.95
3,0.48580336262268226,0.030811542969100544,3,1.0,0.25,True,block_kinematic,32,topk_auc,0.95,0.9
3,0.48580336262268226,0.030811542969100544,3,1.0,0.25,True,block_kinematic,32,topk_auc,0.95,0.95
3,0.4948871672445169,0.023361982625696623,3,1.0,0.25,True,block_kinematic,32,mrmr,0.9,0.9
3,0.4945381390485137,0.02353837862495226,3,1.0,0.25,True,block_kinematic,32,mrmr,0.9,0.95
3,0.4900975090514568,0.03434959918606659,3,1.0,0.25,True,block_kinematic,32,mrmr,0.95,0.9
3,0.4900975090514568,0.03434959918606659,3,1.0,0.25,True,block_kinematic,32,mrmr,0.95,0.95
3,0.5021772542499064,0.008517355748591209,3,1.0,0.5,True,block_kinematic,0,topk_auc,0.9,0.9
3,0.5021772542499064,0.008517355748591209,3,1.0,0.5,True,block_kinematic,0,topk_auc,0.9,0.95
3,0.5021772542499064,0.008517355748591209,3,1.0,0.5,True,block_kinematic,0,topk_auc,0.95,0.9
3,0.5021772542499064,0.008517355748591209,3,1.0,0.5,True,block_kinematic,0,topk_auc,0.95,0.95
3,0.5021772542499064,0.008517355748591209,3,1.0,0.5,True,block_kinematic,0,mrmr,0.9,0.9
3,0.5021772542499064,0.008517355748591209,3,1.0,0.5,True,block_kinematic,0,mrmr,0.9,0.95
3,0.5021772542499064,0.008517355748591209,3,1.0,0.5,True,block_kinematic,0,mrmr,0.95,0.9
3,0.5021772542499064,0.008517355748591209,3,1.0,0.5,True,block_kinematic,0,mrmr,0.95,0.95
3,0.49589283403596696,0.009151338557408623,3,1.0,0.5,True,block_kinematic,8,topk_auc,0.9,0.9
3,0.49589283403596696,0.009151338557408623,3,1.0,0.5,True,block_kinematic,8,topk_auc,0.9,0.95
3,0.5029220675723782,0.009172578970160316,3,1.0,0.5,True,block_kinematic,8,topk_auc,0.95,0.9
3,0.5029220675723782,0.009172578970160316,3,1.0,0.5,True,block_kinematic,8,topk_auc,0.95,0.95
3,0.5032276612589055,0.02742493652059233,3,1.0,0.5,True,block_kinematic,8,mrmr,0.9,0.9
3,0.5032276612589055,0.02742493652059233,3,1.0,0.5,True,block_kinematic,8,mrmr,0.9,0.95
3,0.5043757082277199,0.02552918711106803,3,1.0,0.5,True,block_kinematic,8,mrmr,0.95,0.9
3,0.5043757082277199,0.02552918711106803,3,1.0,0.5,True,block_kinematic,8,mrmr,0.95,0.95
3,0.4901466859146755,0.01796303594788876,3,1.0,0.5,True,block_kinematic,16,topk_auc,0.9,0.9
3,0.4901466859146755,0.01796303594788876,3,1.0,0.5,True,block_kinematic,16,topk_auc,0.9,0.95
3,0.5038474359256675,0.019921932060648732,3,1.0,0.5,True,block_kinematic,16,topk_auc,0.95,0.9
3,0.5038474359256675,0.019921932060648732,3,1.0,0.5,True,block_kinematic,16,topk_auc,0.95,0.95
3,0.49594829057251405,0.02868309307297007,3,1.0,0.5,True,block_kinematic,16,mrmr,0.9,0.9
3,0.49594829057251405,0.02868309307297007,3,1.0,0.5,True,block_kinematic,16,mrmr,0.9,0.95
3,0.4999550063124465,0.025990499631729974,3,1.0,0.5,True,block_kinematic,16,mrmr,0.95,0.9
3,0.4999550063124465,0.025990499631729974,3,1.0,0.5,True,block_kinematic,16,mrmr,0.95,0.95
3,0.49200207990243566,0.020042641488725834,3,1.0,0.5,True,block_kinematic,32,topk_auc,0.9,0.9
3,0.49200207990243566,0.020042641488725834,3,1.0,0.5,True,block_kinematic,32,topk_auc,0.9,0.95
3,0.4862605451807153,0.030711328029274412,3,1.0,0.5,True,block_kinematic,32,topk_auc,0.95,0.9
3,0.4862605451807153,0.030711328029274412,3,1.0,0.5,True,block_kinematic,32,topk_auc,0.95,0.95
3,0.49646423766545605,0.021124635970599576,3,1.0,0.5,True,block_kinematic,32,mrmr,0.9,0.9
3,0.4961254568996291,0.021342284024152638,3,1.0,0.5,True,block_kinematic,32,mrmr,0.9,0.95
3,0.4899616208975941,0.03269477043619612,3,1.0,0.5,True,block_kinematic,32,mrmr,0.95,0.9
3,0.4899616208975941,0.03269477043619612,3,1.0,0.5,True,block_kinematic,32,mrmr,0.95,0.95
3,0.5044488705339782,0.008036344681487626,3,1.0,0.75,True,block_kinematic,0,topk_auc,0.9,0.9
3,0.5044488705339782,0.008036344681487626,3,1.0,0.75,True,block_kinematic,0,topk_auc,0.9,0.95
3,0.5044488705339782,0.008036344681487626,3,1.0,0.75,True,block_kinematic,0,topk_auc,0.95,0.9
3,0.5044488705339782,0.008036344681487626,3,1.0,0.75,True,block_kinematic,0,topk_auc,0.95,0.95
3,0.5044488705339782,0.008036344681487626,3,1.0,0.75,True,block_kinematic,0,mrmr,0.9,0.9
3,0.5044488705339782,0.008036344681487626,3,1.0,0.75,True,block_kinematic,0,mrmr,0.9,0.95
3,0.5044488705339782,0.008036344681487626,3,1.0,0.75,True,block_kinematic,0,mrmr,0.95,0.9
3,0.5044488705339782,0.008036344681487626,3,1.0,0.75,True,block_kinematic,0,mrmr,0.95,0.95
3,0.49624167105544154,0.007474692472090427,3,1.0,0.75,True,block_kinematic,8,topk_auc,0.9,0.9
3,0.49624167105544154,0.007474692472090427,3,1.0,0.75,True,block_kinematic,8,topk_auc,0.9,0.95
3,0.5044967438371746,0.008055470284287035,3,1.0,0.75,True,block_kinematic,8,topk_auc,0.95,0.9
3,0.5044967438371746,0.008055470284287035,3,1.0,0.75,True,block_kinematic,8,topk_auc,0.95,0.95
3,0.5054200865784798,0.0263583528041623,3,1.0,0.75,True,block_kinematic,8,mrmr,0.9,0.9
3,0.5054200865784798,0.0263583528041623,3,1.0,0.75,True,block_kinematic,8,mrmr,0.9,0.95
3,0.5073156810316771,0.02506840973135606,3,1.0,0.75,True,block_kinematic,8,mrmr,0.95,0.9
3,0.5073156810316771,0.02506840973135606,3,1.0,0.75,True,block_kinematic,8,mrmr,0.95,0.95
3,0.49205485444402147,0.017406160819983953,3,1.0,0.75,True,block_kinematic,16,topk_auc,0.9,0.9
3,0.49205485444402147,0.017406160819983953,3,1.0,0.75,True,block_kinematic,16,topk_auc,0.9,0.95
3,0.5050530454414887,0.02004371789968241,3,1.0,0.75,True,block_kinematic,16,topk_auc,0.95,0.9
3,0.5050530454414887,0.02004371789968241,3,1.0,0.75,True,block_kinematic,16,topk_auc,0.95,0.95
3,0.4970971890900717,0.027573920193268524,3,1.0,0.75,True,block_kinematic,16,mrmr,0.9,0.9
3,0.4970971890900717,0.027573920193268524,3,1.0,0.75,True,block_kinematic,16,mrmr,0.9,0.95
3,0.5012147899784368,0.02506389701488327,3,1.0,0.75,True,block_kinematic,16,mrmr,0.95,0.9
3,0.5012147899784368,0.02506389701488327,3,1.0,0.75,True,block_kinematic,16,mrmr,0.95,0.95
3,0.49141829644197105,0.018999890389460324,3,1.0,0.75,True,block_kinematic,32,topk_auc,0.9,0.9
3,0.49141829644197105,0.018999890389460324,3,1.0,0.75,True,block_kinematic,32,topk_auc,0.9,0.95
3,0.48747856490708896,0.03020959857668035,3,1.0,0.75,True,block_kinematic,32,topk_auc,0.95,0.9
3,0.48747856490708896,0.03020959857668035,3,1.0,0.75,True,block_kinematic,32,topk_auc,0.95,0.95
3,0.49618463723581646,0.019657987887315122,3,1.0,0.75,True,block_kinematic,32,mrmr,0.9,0.9
3,0.49662813732344463,0.019351706887235517,3,1.0,0.75,True,block_kinematic,32,mrmr,0.9,0.95
3,0.4899372715133617,0.031073611542080833,3,1.0,0.75,True,block_kinematic,32,mrmr,0.95,0.9
3,0.4899372715133617,0.031073611542080833,3,1.0,0.75,True,block_kinematic,32,mrmr,0.95,0.95
3,0.49944287845397684,0.010900437574715184,3,2.0,0.25,True,block_kinematic,0,topk_auc,0.9,0.9
3,0.49944287845397684,0.010900437574715184,3,2.0,0.25,True,block_kinematic,0,topk_auc,0.9,0.95
3,0.49944287845397684,0.010900437574715184,3,2.0,0.25,True,block_kinematic,0,topk_auc,0.95,0.9
3,0.49944287845397684,0.010900437574715184,3,2.0,0.25,True,block_kinematic,0,topk_auc,0.95,0.95
3,0.49944287845397684,0.010900437574715184,3,2.0,0.25,True,block_kinematic,0,mrmr,0.9,0.9
3,0.49944287845397684,0.010900437574715184,3,2.0,0.25,True,block_kinematic,0,mrmr,0.9,0.95
3,0.49944287845397684,0.010900437574715184,3,2.0,0.25,True,block_kinematic,0,mrmr,0.95,0.9
3,0.49944287845397684,0.010900437574715184,3,2.0,0.25,True,block_kinematic,0,mrmr,0.95,0.95
3,0.4933824775461786,0.011262302655250595,3,2.0,0.25,True,block_kinematic,8,topk_auc,0.9,0.9
3,0.4933824775461786,0.011262302655250595,3,2.0,0.25,True,block_kinematic,8,topk_auc,0.9,0.95
3,0.5001061226127576,0.008793226669492804,3,2.0,0.25,True,block_kinematic,8,topk_auc,0.95,0.9
3,0.5001061226127576,0.008793226669492804,3,2.0,0.25,True,block_kinematic,8,topk_auc,0.95,0.95
3,0.49764478587160904,0.02752598069768676,3,2.0,0.25,True,block_kinematic,8,mrmr,0.9,0.9
3,0.49764478587160904,0.02752598069768676,3,2.0,0.25,True,block_kinematic,8,mrmr,0.9,0.95
3,0.5000811426221584,0.02491229516795193,3,2.0,0.25,True,block_kinematic,8,mrmr,0.95,0.9
3,0.5000811426221584,0.02491229516795193,3,2.0,0.25,True,block_kinematic,8,mrmr,0.95,0.95
3,0.4868777161029408,0.01905515667794148,3,2.0,0.25,True,block_kinematic,16,topk_auc,0.9,0.9
3,0.4868777161029408,0.01905515667794148,3,2.0,0.25,True,block_kinematic,16,topk_auc,0.9,0.95
3,0.5021635889639087,0.02033351286236885,3,2.0,0.25,True,block_kinematic,16,topk_auc,0.95,0.9
3,0.5021635889639087,0.02033351286236885,3,2.0,0.25,True,block_kinematic,16,topk_auc,0.95,0.95
3,0.49316918069632343,0.029161473919221574,3,2.0,0.25,True,block_kinematic,16,mrmr,0.9,0.9
3,0.49316918069632343,0.029161473919221574,3,2.0,0.25,True,block_kinematic,16,mrmr,0.9,0.95
3,0.4994384918272064,0.025938786918231094,3,2.0,0.25,True,block_kinematic,16,mrmr,0.95,0.9
3,0.4994384918272064,0.025938786918231094,3,2.0,0.25,True,block_kinematic,16,mrmr,0.95,0.95
3,0.4886175535453236,0.019997346433775556,3,2.0,0.25,True,block_kinematic,32,topk_auc,0.9,0.9
3,0.4886175535453236,0.019997346433775556,3,2.0,0.25,True,block_kinematic,32,topk_auc,0.9,0.95
3,0.4852309739584304,0.029845655307814446,3,2.0,0.25,True,block_kinematic,32,topk_auc,0.95,0.9
3,0.4852309739584304,0.029845655307814446,3,2.0,0.25,True,block_kinematic,32,topk_auc,0.95,0.95
3,0.49188075829534905,0.022229164587311515,3,2.0,0.25,True,block_kinematic,32,mrmr,0.9,0.9
3,0.49118751783342535,0.022646367761548068,3,2.0,0.25,True,block_kinematic,32,mrmr,0.9,0.95
3,0.48942468213081636,0.03259768266041321,3,2.0,0.25,True,block_kinematic,32,mrmr,0.95,0.9
3,0.48942468213081636,0.03259768266041321,3,2.0,0.25,True,block_kinematic,32,mrmr,0.95,0.95
3,0.49889928809420336,0.010179726900908567,3,2.0,0.5,True,block_kinematic,0,topk_auc,0.9,0.9
3,0.49889928809420336,0.010179726900908567,3,2.0,0.5,True,block_kinematic,0,topk_auc,0.9,0.95
3,0.49889928809420336,0.010179726900908567,3,2.0,0.5,True,block_kinematic,0,topk_auc,0.95,0.9
3,0.49889928809420336,0.010179726900908567,3,2.0,0.5,True,block_kinematic,0,topk_auc,0.95,0.95
3,0.49889928809420336,0.010179726900908567,3,2.0,0.5,True,block_kinematic,0,mrmr,0.9,0.9
3,0.49889928809420336,0.010179726900908567,3,2.0,0.5,True,block_kinematic,0,mrmr,0.9,0.95
3,0.49889928809420336,0.010179726900908567,3,2.0,0.5,True,block_kinematic,0,mrmr,0.95,0.9
3,0.49889928809420336,0.010179726900908567,3,2.0,0.5,True,block_kinematic,0,mrmr,0.95,0.95
3,0.49268498394350374,0.010847136490323813,3,2.0,0.5,True,block_kinematic,8,topk_auc,0.9,0.9
3,0.49268498394350374,0.010847136490323813,3,2.0,0.5,True,block_kinematic,8,topk_auc,0.9,0.95
3,0.4999341840277663,0.008723858185662703,3,2.0,0.5,True,block_kinematic,8,topk_auc,0.95,0.9
3,0.4999341840277663,0.008723858185662703,3,2.0,0.5,True,block_kinematic,8,topk_auc,0.95,0.95
3,0.4977881538455155,0.02753189970707438,3,2.0,0.5,True,block_kinematic,8,mrmr,0.9,0.9
3,0.4977881538455155,0.02753189970707438,3,2.0,0.5,True,block_kinematic,8,mrmr,0.9,0.95
3,0.4991823235640716,0.02408940851256822,3,2.0,0.5,True,block_kinematic,8,mrmr,0.95,0.9
3,0.4991823235640716,0.02408940851256822,3,2.0,0.5,True,block_kinematic,8,mrmr,0.95,0.95
3,0.48635296507001674,0.018626920468744517,3,2.0,0.5,True,block_kinematic,16,topk_auc,0.9,0.9
3,0.48635296507001674,0.018626920468744517,3,2.0,0.5,True,block_kinematic,16,topk_auc,0.9,0.95
3,0.5017717838688646,0.01935088994445251,3,2.0,0.5,True,block_kinematic,16,topk_auc,0.95,0.9
3,0.5017717838688646,0.01935088994445251,3,2.0,0.5,True,block_kinematic,16,topk_auc,0.95,0.95
3,0.49244606176719086,0.027592368237923503,3,2.0,0.5,True,block_kinematic,16,mrmr,0.9,0.9
3,0.49244606176719086,0.027592368237923503,3,2.0,0.5,True,block_kinematic,16,mrmr,0.9,0.95
3,0.49822709975840446,0.024601084294494084,3,2.0,0.5,True,block_kinematic,16,mrmr,0.95,0.9
3,0.49822709975840446,0.024601084294494084,3,2.0,0.5,True,block_kinematic,16,mrmr,0.95,0.95
3,0.4890178922328026,0.018780067164985006,3,2.0,0.5,True,block_kinematic,32,topk_auc,0.9,0.9
3,0.4890178922328026,0.018780067164985006,3,2.0,0.5,True,block_kinematic,32,topk_auc,0.9,0.95
3,0.48543574887669827,0.029474698734733216,3,2.0,0.5,True,block_kinematic,32,topk_auc,0.95,0.9
3,0.48543574887669827,0.029474698734733216,3,2.0,0.5,True,block_kinematic,32,topk_auc,0.95,0.95
3,0.492156889315946,0.02136144077154239,3,2.0,0.5,True,block_kinematic,32,mrmr,0.9,0.9
3,0.4916662800175075,0.021649324816880106,3,2.0,0.5,True,block_kinematic,32,mrmr,0.9,0.95
3,0.4890337169236682,0.031320582970686434,3,2.0,0.5,True,block_kinematic,32,mrmr,0.95,0.9
3,0.4890337169236682,0.031320582970686434,3,2.0,0.5,True,block_kinematic,32,mrmr,0.95,0.95
3,0.4982134887874075,0.00924340322827998,3,2.0,0.75,True,block_kinematic,0,topk_auc,0.9,0.9
3,0.4982134887874075,0.00924340322827998,3,2.0,0.75,True,block_kinematic,0,topk_auc,0.9,0.95
3,0.4982134887874075,0.00924340322827998,3,2.0,0.75,True,block_kinematic,0,topk_auc,0.95,0.9
3,0.4982134887874075,0.00924340322827998,3,2.0,0.75,True,block_kinematic,0,topk_auc,0.95,0.95
3,0.4982134887874075,0.00924340322827998,3,2.0,0.75,True,block_kinematic,0,mrmr,0.9,0.9
3,0.4982134887874075,0.00924340322827998,3,2.0,0.75,True,block_kinematic,0,mrmr,0.9,0.95
3,0.4982134887874075,0.00924340322827998,3,2.0,0.75,True,block_kinematic,0,mrmr,0.95,0.9
3,0.4982134887874075,0.00924340322827998,3,2.0,0.75,True,block_kinematic,0,mrmr,0.95,0.95
3,0.49242568167412853,0.010024890866431454,3,2.0,0.75,True,block_kinematic,8,topk_auc,0.9,0.9
3,0.49242568167412853,0.010024890866431454,3,2.0,0.75,True,block_kinematic,8,topk_auc,0.9,0.95
3,0.49902656102969756,0.007515066025250188,3,2.0,0.75,True,block_kinematic,8,topk_auc,0.95,0.9
3,0.49902656102969756,0.007515066025250188,3,2.0,0.75,True,block_kinematic,8,topk_auc,0.95,0.95
3,0.49808247210608636,0.02740803404194416,3,2.0,0.75,True,block_kinematic,8,mrmr,0.9,0.9
3,0.49808247210608636,0.02740803404194416,3,2.0,0.75,True,block_kinematic,8,mrmr,0.9,0.95
3,0.4988604381390436,0.023543165416173784,3,2.0,0.75,True,block_kinematic,8,mrmr,0.95,0.9
3,0.4988604381390436,0.023543165416173784,3,2.0,0.75,True,block_kinematic,8,mrmr,0.95,0.95
3,0.4860533923701184,0.017787210591753103,3,2.0,0.75,True,block_kinematic,16,topk_auc,0.9,0.9
3,0.4860533923701184,0.017787210591753103,3,2.0,0.75,True,block_kinematic,16,topk_auc,0.9,0.95
3,0.500974300952436,0.018461006710198756,3,2.0,0.75,True,block_kinematic,16,topk_auc,0.95,0.9
3,0.500974300952436,0.018461006710198756,3,2.0,0.75,True,block_kinematic,16,topk_auc,0.95,0.95
3,0.4923364976700521,0.02717589430684931,3,2.0,0.75,True,block_kinematic,16,mrmr,0.9,0.9
3,0.4923364976700521,0.02717589430684931,3,2.0,0.75,True,block_kinematic,16,mrmr,0.9,0.95
3,0.49788288074146686,0.024481976263431533,3,2.0,0.75,True,block_kinematic,16,mrmr,0.95,0.9
3,0.49788288074146686,0.024481976263431533,3,2.0,0.75,True,block_kinematic,16,mrmr,0.95,0.95
3,0.4892626463672667,0.018631618504804666,3,2.0,0.75,True,block_kinematic,32,topk_auc,0.9,0.9
3,0.4892626463672667,0.018631618504804666,3,2.0,0.75,True,block_kinematic,32,topk_auc,0.9,0.95
3,0.48537787731722837,0.02878283235369846,3,2.0,0.75,True,block_kinematic,32,topk_auc,0.95,0.9
3,0.48537787731722837,0.02878283235369846,3,2.0,0.75,True,block_kinematic,32,topk_auc,0.95,0.95
3,0.49250399715445853,0.02036465433359975,3,2.0,0.75,True,block_kinematic,32,mrmr,0.9,0.9
3,0.4924500804635312,0.020381124467936322,3,2.0,0.75,True,block_kinematic,32,mrmr,0.9,0.95
3,0.488660754530982,0.03070901360877131,3,2.0,0.75,True,block_kinematic,32,mrmr,0.95,0.9
3,0.488660754530982,0.03070901360877131,3,2.0,0.75,True,block_kinematic,32,mrmr,0.95,0.95
4,0.5555001005533305,0.017087219520982355,3,0.5,0.25,True,block_kinematic,0,topk_auc,0.9,0.9
4,0.5555001005533305,0.017087219520982355,3,0.5,0.25,True,block_kinematic,0,topk_auc,0.9,0.95
4,0.5555001005533305,0.017087219520982355,3,0.5,0.25,True,block_kinematic,0,topk_auc,0.95,0.9
4,0.5555001005533305,0.017087219520982355,3,0.5,0.25,True,block_kinematic,0,topk_auc,0.95,0.95
4,0.5555001005533305,0.017087219520982355,3,0.5,0.25,True,block_kinematic,0,mrmr,0.9,0.9
4,0.5555001005533305,0.017087219520982355,3,0.5,0.25,True,block_kinematic,0,mrmr,0.9,0.95
4,0.5555001005533305,0.017087219520982355,3,0.5,0.25,True,block_kinematic,0,mrmr,0.95,0.9
4,0.5555001005533305,0.017087219520982355,3,0.5,0.25,True,block_kinematic,0,mrmr,0.95,0.95
4,0.5349584878733199,0.01309543922056771,3,0.5,0.25,True,block_kinematic,8,topk_auc,0.9,0.9
4,0.5349584878733199,0.01309543922056771,3,0.5,0.25,True,block_kinematic,8,topk_auc,0.9,0.95
4,0.5439103911237333,0.011020418881907055,3,0.5,0.25,True,block_kinematic,8,topk_auc,0.95,0.9
4,0.5439103911237333,0.011020418881907055,3,0.5,0.25,True,block_kinematic,8,topk_auc,0.95,0.95
4,0.5469708754127296,0.00748858033163522,3,0.5,0.25,True,block_kinematic,8,mrmr,0.9,0.9
4,0.5469708754127296,0.00748858033163522,3,0.5,0.25,True,block_kinematic,8,mrmr,0.9,0.95
4,0.5495831345158807,0.00872527417049221,3,0.5,0.25,True,block_kinematic,8,mrmr,0.95,0.9
4,0.5495831345158807,0.00872527417049221,3,0.5,0.25,True,block_kinematic,8,mrmr,0.95,0.95
4,0.5333023774651737,0.008625377077881842,3,0.5,0.25,True,block_kinematic,16,topk_auc,0.9,0.9
4,0.5333023774651737,0.008625377077881842,3,0.5,0.25,True,block_kinematic,16,topk_auc,0.9,0.95
4,0.534244920405877,0.009844811183524895,3,0.5,0.25,True,block_kinematic,16,topk_auc,0.95,0.9
4,0.534244920405877,0.009844811183524895,3,0.5,0.25,True,block_kinematic,16,topk_auc,0.95,0.95
4,0.5420230191024569,0.019182714781767356,3,0.5,0.25,True,block_kinematic,16,mrmr,0.9,0.9
4,0.5420230191024569,0.019182714781767356,3,0.5,0.25,True,block_kinematic,16,mrmr,0.9,0.95
4,0.5452317867195121,0.02105126600427774,3,0.5,0.25,True,block_kinematic,16,mrmr,0.95,0.9
4,0.5452317867195121,0.02105126600427774,3,0.5,0.25,True,block_kinematic,16,mrmr,0.95,0.95
4,0.5352735602946713,0.014707213352582767,3,0.5,0.25,True,block_kinematic,32,topk_auc,0.9,0.9
4,0.5352735602946713,0.014707213352582767,3,0.5,0.25,True,block_kinematic,32,topk_auc,0.9,0.95
4,0.537602097779129,0.013993182523960028,3,0.5,0.25,True,block_kinematic,32,topk_auc,0.95,0.9
4,0.537602097779129,0.013993182523960028,3,0.5,0.25,True,block_kinematic,32,topk_auc,0.95,0.95
4,0.5339667963009238,0.014157136511228617,3,0.5,0.25,True,block_kinematic,32,mrmr,0.9,0.9
4,0.5324635678909156,0.01253051292894716,3,0.5,0.25,True,block_kinematic,32,mrmr,0.9,0.95
4,0.5326646352733572,0.013659143107178973,3,0.5,0.25,True,block_kinematic,32,mrmr,0.95,0.9
4,0.5326646352733572,0.013659143107178973,3,0.5,0.25,True,block_kinematic,32,mrmr,0.95,0.95
4,0.5572074551702394,0.019018001844610645,3,0.5,0.5,True,block_kinematic,0,topk_auc,0.9,0.9
4,0.5572074551702394,0.019018001844610645,3,0.5,0.5,True,block_kinematic,0,topk_auc,0.9,0.95
4,0.5572074551702394,0.019018001844610645,3,0.5,0.5,True,block_kinematic,0,topk_auc,0.95,0.9
4,0.5572074551702394,0.019018001844610645,3,0.5,0.5,True,block_kinematic,0,topk_auc,0.95,0.95
4,0.5572074551702394,0.019018001844610645,3,0.5,0.5,True,block_kinematic,0,mrmr,0.9,0.9
4,0.5572074551702394,0.019018001844610645,3,0.5,0.5,True,block_kinematic,0,mrmr,0.9,0.95
4,0.5572074551702394,0.019018001844610645,3,0.5,0.5,True,block_kinematic,0,mrmr,0.95,0.9
4,0.5572074551702394,0.019018001844610645,3,0.5,0.5,True,block_kinematic,0,mrmr,0.95,0.95
4,0.5383958375634593,0.013650156592483437,3,0.5,0.5,True,block_kinematic,8,topk_auc,0.9,0.9
4,0.5383958375634593,0.013650156592483437,3,0.5,0.5,True,block_kinematic,8,topk_auc,0.9,0.95
4,0.5471184597036579,0.014612611679665889,3,0.5,0.5,True,block_kinematic,8,topk_auc,0.95,0.9
4,0.5471184597036579,0.014612611679665889,3,0.5,0.5,True,block_kinematic,8,topk_auc,0.95,0.95
4,0.5499752593636423,0.009001044134525786,3,0.5,0.5,True,block_kinematic,8,mrmr,0.9,0.9
4,0.5499752593636423,0.009001044134525786,3,0.5,0.5,True,block_kinematic,8,mrmr,0.9,0.95
4,0.5520500120008535,0.009784737990947158,3,0.5,0.5,True,block_kinematic,8,mrmr,0.95,0.9
4,0.5520500120008535,0.009784737990947158,3,0.5,0.5,True,block_kinematic,8,mrmr,0.95,0.95
4,0.5364935574553163,0.010727700827564862,3,0.5,0.5,True,block_kinematic,16,topk_auc,0.9,0.9
4,0.5364935574553163,0.010727700827564862,3,0.5,0.5,True,block_kinematic,16,topk_auc,0.9,0.95
4,0.5386978762257729,0.010507944014890214,3,0.5,0.5,True,block_kinematic,16,topk_auc,0.95,0.9
4,0.5386978762257729,0.010507944014890214,3,0.5,0.5,True,block_kinematic,16,topk_auc,0.95,0.95
4,0.544239767415924,0.019053865713829977,3,0.5,0.5,True,block_kinematic,16,mrmr,0.9,0.9
4,0.544239767415924,0.019053865713829977,3,0.5,0.5,True,block_kinematic,16,mrmr,0.9,0.95
4,0.5488350954347094,0.019580605312789486,3,0.5,0.5,True,block_kinematic,16,mrmr,0.95,0.9
4,0.5488350954347094,0.019580605312789486,3,0.5,0.5,True,block_kinematic,16,mrmr,0.95,0.95
4,0.5398990739519421,0.016501460423506607,3,0.5,0.5,True,block_kinematic,32,topk_auc,0.9,0.9
4,0.5398990739519421,0.016501460423506607,3,0.5,0.5,True,block_kinematic,32,topk_auc,0.9,0.95
4,0.5420053532251191,0.01446597342391088,3,0.5,0.5,True,block_kinematic,32,topk_auc,0.95,0.9
4,0.5420053532251191,0.01446597342391088,3,0.5,0.5,True,block_kinematic,32,topk_auc,0.95,0.95
4,0.5356561029943019,0.014743061650796873,3,0.5,0.5,True,block_kinematic,32,mrmr,0.9,0.9
4,0.5349095331799355,0.013830061404778915,3,0.5,0.5,True,block_kinematic,32,mrmr,0.9,0.95
4,0.5349627078727145,0.013692290209121731,3,0.5,0.5,True,block_kinematic,32,mrmr,0.95,0.9
4,0.5349627078727145,0.013692290209121731,3,0.5,0.5,True,block_kinematic,32,mrmr,0.95,0.95
4,0.5598031675305636,0.01976691268361179,3,0.5,0.75,True,block_kinematic,0,topk_auc,0.9,0.9
4,0.5598031675305636,0.01976691268361179,3,0.5,0.75,True,block_kinematic,0,topk_auc,0.9,0.95
4,0.5598031675305636,0.01976691268361179,3,0.5,0.75,True,block_kinematic,0,topk_auc,0.95,0.9
4,0.5598031675305636,0.01976691268361179,3,0.5,0.75,True,block_kinematic,0,topk_auc,0.95,0.95
4,0.5598031675305636,0.01976691268361179,3,0.5,0.75,True,block_kinematic,0,mrmr,0.9,0.9
4,0.5598031675305636,0.01976691268361179,3,0.5,0.75,True,block_kinematic,0,mrmr,0.9,0.95
4,0.5598031675305636,0.01976691268361179,3,0.5,0.75,True,block_kinematic,0,mrmr,0.95,0.9
4,0.5598031675305636,0.01976691268361179,3,0.5,0.75,True,block_kinematic,0,mrmr,0.95,0.95
4,0.544234494871596,0.014247449555351954,3,0.5,0.75,True,block_kinematic,8,topk_auc,0.9,0.9
4,0.544234494871596,0.014247449555351954,3,0.5,0.75,True,block_kinematic,8,topk_auc,0.9,0.95
4,0.5513543043490566,0.01747487636798802,3,0.5,0.75,True,block_kinematic,8,topk_auc,0.95,0.9
4,0.5513543043490566,0.01747487636798802,3,0.5,0.75,True,block_kinematic,8,topk_auc,0.95,0.95
4,0.5549242569026633,0.011344260650013146,3,0.5,0.75,True,block_kinematic,8,mrmr,0.9,0.9
4,0.5549242569026633,0.011344260650013146,3,0.5,0.75,True,block_kinematic,8,mrmr,0.9,0.95
4,0.5571784067712652,0.012824867063755596,3,0.5,0.75,True,block_kinematic,8,mrmr,0.95,0.9
4,0.5571784067712652,0.012824867063755596,3,0.5,0.75,True,block_kinematic,8,mrmr,0.95,0.95
4,0.541457293385184,0.013568808345747505,3,0.5,0.75,True,block_kinematic,16,topk_auc,0.9,0.9
4,0.541457293385184,0.013568808345747505,3,0.5,0.75,True,block_kinematic,16,topk_auc,0.9,0.95
4,0.5433372227170103,0.013087911713813434,3,0.5,0.75,True,block_kinematic,16,topk_auc,0.95,0.9
4,0.5433372227170103,0.013087911713813434,3,0.5,0.75,True,block_kinematic,16,topk_auc,0.95,0.95
4,0.5481689630680825,0.018898472271140335,3,0.5,0.75,True,block_kinematic,16,mrmr,0.9,0.9
4,0.5481689630680825,0.018898472271140335,3,0.5,0.75,True,block_kinematic,16,mrmr,0.9,0.95
4,0.5533330464764808,0.01819356245046186,3,0.5,0.75,True,block_kinematic,16,mrmr,0.95,0.9
4,0.5533330464764808,0.01819356245046186,3,0.5,0.75,True,block_kinematic,16,mrmr,0.95,0.95
4,0.5437476820996635,0.018413080708811053,3,0.5,0.75,True,block_kinematic,32,topk_auc,0.9,0.9
4,0.5437476820996635,0.018413080708811053,3,0.5,0.75,True,block_kinematic,32,topk_auc,0.9,0.95
4,0.5477469069724332,0.016198249932333753,3,0.5,0.75,True,block_kinematic,32,topk_auc,0.95,0.9
4,0.5477469069724332,0.016198249932333753,3,0.5,0.75,True,block_kinematic,32,topk_auc,0.95,0.95
4,0.5402033843314982,0.015559648672169564,3,0.5,0.75,True,block_kinematic,32,mrmr,0.9,0.9
4,0.5400217862685442,0.015320546419536653,3,0.5,0.75,True,block_kinematic,32,mrmr,0.9,0.95
4,0.5392654231833314,0.014351808042808148,3,0.5,0.75,True,block_kinematic,32,mrmr,0.95,0.9
4,0.5392654231833314,0.014351808042808148,3,0.5,0.75,True,block_kinematic,32,mrmr,0.95,0.95
4,0.5505590216504627,0.015628213764775637,3,1.0,0.25,True,block_kinematic,0,topk_auc,0.9,0.9
4,0.5505590216504627,0.015628213764775637,3,1.0,0.25,True,block_kinematic,0,topk_auc,0.9,0.95
4,0.5505590216504627,0.015628213764775637,3,1.0,0.25,True,block_kinematic,0,topk_auc,0.95,0.9
4,0.5505590216504627,0.015628213764775637,3,1.0,0.25,True,block_kinematic,0,topk_auc,0.95,0.95
4,0.5505590216504627,0.015628213764775637,3,1.0,0.25,True,block_kinematic,0,mrmr,0.9,0.9
4,0.5505590216504627,0.015628213764775637,3,1.0,0.25,True,block_kinematic,0,mrmr,0.9,0.95
4,0.5505590216504627,0.015628213764775637,3,1.0,0.25,True,block_kinematic,0,mrmr,0.95,0.9
4,0.5505590216504627,0.015628213764775637,3,1.0,0.25,True,block_kinematic,0,mrmr,0.95,0.95
4,0.527204841053686,0.012938666161002142,3,1.0,0.25,True,block_kinematic,8,topk_auc,0.9,0.9
4,0.527204841053686,0.012938666161002142,3,1.0,0.25,True,block_kinematic,8,topk_auc,0.9,0.95
4,0.5368147137705012,0.009079622102024159,3,1.0,0.25,True,block_kinematic,8,topk_auc,0.95,0.9
4,0.5368147137705012,0.009079622102024159,3,1.0,0.25,True,block_kinematic,8,topk_auc,0.95,0.95
4,0.5403615827555752,0.0054583702279752755,3,1.0,0.25,True,block_kinematic,8,mrmr,0.9,0.9
4,0.5403615827555752,0.0054583702279752755,3,1.0,0.25,True,block_kinematic,8,mrmr,0.9,0.95
4,0.542792443871369,0.0070534273746135166,3,1.0,0.25,True,block_kinematic,8,mrmr,0.95,0.9
4,0.542792443871369,0.0070534273746135166,3,1.0,0.25,True,block_kinematic,8,mrmr,0.95,0.95
4,0.5263393876699866,0.007837028060582375,3,1.0,0.25,True,block_kinematic,16,topk_auc,0.9,0.9
4,0.5263393876699866,0.007837028060582375,3,1.0,0.25,True,block_kinematic,16,topk_auc,0.9,0.95
4,0.5275529201180628,0.008674353807591392,3,1.0,0.25,True,block_kinematic,16,topk_auc,0.95,0.9
4,0.5275529201180628,0.008674353807591392,3,1.0,0.25,True,block_kinematic,16,topk_auc,0.95,0.95
4,0.5358667700161458,0.019062729730909538,3,1.0,0.25,True,block_kinematic,16,mrmr,0.9,0.9
4,0.5358667700161458,0.019062729730909538,3,1.0,0.25,True,block_kinematic,16,mrmr,0.9,0.95
4,0.5374647590771904,0.021623377596193236,3,1.0,0.25,True,block_kinematic,16,mrmr,0.95,0.9
4,0.5374647590771904,0.021623377596193236,3,1.0,0.25,True,block_kinematic,16,mrmr,0.95,0.95
4,0.52730604892602,0.01094143519196053,3,1.0,0.25,True,block_kinematic,32,topk_auc,0.9,0.9
4,0.52730604892602,0.01094143519196053,3,1.0,0.25,True,block_kinematic,32,topk_auc,0.9,0.95
4,0.5300492762259154,0.0126796617052579,3,1.0,0.25,True,block_kinematic,32,topk_auc,0.95,0.9
4,0.5300492762259154,0.0126796617052579,3,1.0,0.25,True,block_kinematic,32,topk_auc,0.95,0.95
4,0.5272659773436358,0.01299680810253746,3,1.0,0.25,True,block_kinematic,32,mrmr,0.9,0.9
4,0.5260855899344349,0.012040396751898613,3,1.0,0.25,True,block_kinematic,32,mrmr,0.9,0.95
4,0.5250620706920847,0.013697501638303284,3,1.0,0.25,True,block_kinematic,32,mrmr,0.95,0.9
4,0.5250620706920847,0.013697501638303284,3,1.0,0.25,True,block_kinematic,32,mrmr,0.95,0.95
4,0.5495462850098233,0.015461177452503944,3,1.0,0.5,True,block_kinematic,0,topk_auc,0.9,0.9
4,0.5495462850098233,0.015461177452503944,3,1.0,0.5,True,block_kinematic,0,topk_auc,0.9,0.95
4,0.5495462850098233,0.015461177452503944,3,1.0,0.5,True,block_kinematic,0,topk_auc,0.95,0.9
4,0.5495462850098233,0.015461177452503944,3,1.0,0.5,True,block_kinematic,0,topk_auc,0.95,0.95
4,0.5495462850098233,0.015461177452503944,3,1.0,0.5,True,block_kinematic,0,mrmr,0.9,0.9
4,0.5495462850098233,0.015461177452503944,3,1.0,0.5,True,block_kinematic,0,mrmr,0.9,0.95
4,0.5495462850098233,0.015461177452503944,3,1.0,0.5,True,block_kinematic,0,mrmr,0.95,0.9
4,0.5495462850098233,0.015461177452503944,3,1.0,0.5,True,block_kinematic,0,mrmr,0.95,0.95
4,0.5281915792207427,0.013926802795698816,3,1.0,0.5,True,block_kinematic,8,topk_auc,0.9,0.9
4,0.5281915792207427,0.013926802795698816,3,1.0,0.5,True,block_kinematic,8,topk_auc,0.9,0.95
4,0.5376012815197929,0.009615395076637397,3,1.0,0.5,True,block_kinematic,8,topk_auc,0.95,0.9
4,0.5376012815197929,0.009615395076637397,3,1.0,0.5,True,block_kinematic,8,topk_auc,0.95,0.95
4,0.5412503078156917,0.0061290265021726525,3,1.0,0.5,True,block_kinematic,8,mrmr,0.9,0.9
4,0.5412503078156917,0.0061290265021726525,3,1.0,0.5,True,block_kinematic,8,mrmr,0.9,0.95
4,0.5436905074292734,0.0074958598330022,3,1.0,0.5,True,block_kinematic,8,mrmr,0.95,0.9
4,0.5436905074292734,0.0074958598330022,3,1.0,0.5,True,block_kinematic,8,mrmr,0.95,0.95
4,0.5274266273075007,0.009019368478453402,3,1.0,0.5,True,block_kinematic,16,topk_auc,0.9,0.9
4,0.5274266273075007,0.009019368478453402,3,1.0,0.5,True,block_kinematic,16,topk_auc,0.9,0.95
4,0.5284103370296748,0.008579232465484917,3,1.0,0.5,True,block_kinematic,16,topk_auc,0.95,0.9
4,0.5284103370296748,0.008579232465484917,3,1.0,0.5,True,block_kinematic,16,topk_auc,0.95,0.95
4,0.5352554034342742,0.019667102237633294,3,1.0,0.5,True,block_kinematic,16,mrmr,0.9,0.9
4,0.5352554034342742,0.019667102237633294,3,1.0,0.5,True,block_kinematic,16,mrmr,0.9,0.95
4,0.5387910267592395,0.021007292881771483,3,1.0,0.5,True,block_kinematic,16,mrmr,0.95,0.9
4,0.5387910267592395,0.021007292881771483,3,1.0,0.5,True,block_kinematic,16,mrmr,0.95,0.95
4,0.5278606419092878,0.012403246250296816,3,1.0,0.5,True,block_kinematic,32,topk_auc,0.9,0.9
4,0.5278606419092878,0.012403246250296816,3,1.0,0.5,True,block_kinematic,32,topk_auc,0.9,0.95
4,0.5304685453789743,0.012729031207924265,3,1.0,0.5,True,block_kinematic,32,topk_auc,0.95,0.9
4,0.5304685453789743,0.012729031207924265,3,1.0,0.5,True,block_kinematic,32,topk_auc,0.95,0.95
4,0.5288329203183838,0.013621521202676554,3,1.0,0.5,True,block_kinematic,32,mrmr,0.9,0.9
4,0.5273599582522014,0.012280058533006654,3,1.0,0.5,True,block_kinematic,32,mrmr,0.9,0.95
4,0.5275099833426632,0.013862154007938169,3,1.0,0.5,True,block_kinematic,32,mrmr,0.95,0.9
4,0.5275099833426632,0.013862154007938169,3,1.0,0.5,True,block_kinematic,32,mrmr,0.95,0.95
4,0.5496711011888346,0.01609161511803948,3,1.0,0.75,True,block_kinematic,0,topk_auc,0.9,0.9
4,0.5496711011888346,0.01609161511803948,3,1.0,0.75,True,block_kinematic,0,topk_auc,0.9,0.95
4,0.5496711011888346,0.01609161511803948,3,1.0,0.75,True,block_kinematic,0,topk_auc,0.95,0.9
4,0.5496711011888346,0.01609161511803948,3,1.0,0.75,True,block_kinematic,0,topk_auc,0.95,0.95
4,0.5496711011888346,0.01609161511803948,3,1.0,0.75,True,block_kinematic,0,mrmr,0.9,0.9
4,0.5496711011888346,0.01609161511803948,3,1.0,0.75,True,block_kinematic,0,mrmr,0.9,0.95
4,0.5496711011888346,0.01609161511803948,3,1.0,0.75,True,block_kinematic,0,mrmr,0.95,0.9
4,0.5496711011888346,0.01609161511803948,3,1.0,0.75,True,block_kinematic,0,mrmr,0.95,0.95
4,0.5289364401071983,0.014823049187892765,3,1.0,0.75,True,block_kinematic,8,topk_auc,0.9,0.9
4,0.5289364401071983,0.014823049187892765,3,1.0,0.75,True,block_kinematic,8,topk_auc,0.9,0.95
4,0.53899354561035,0.01128379624362622,3,1.0,0.75,True,block_kinematic,8,topk_auc,0.95,0.9
4,0.53899354561035,0.01128379624362622,3,1.0,0.75,True,block_kinematic,8,topk_auc,0.95,0.95
4,0.5424499880973431,0.007784516467448601,3,1.0,0.75,True,block_kinematic,8,mrmr,0.9,0.9
4,0.5424499880973431,0.007784516467448601,3,1.0,0.75,True,block_kinematic,8,mrmr,0.9,0.95
4,0.5441914608201778,0.008531719519314683,3,1.0,0.75,True,block_kinematic,8,mrmr,0.95,0.9
4,0.5441914608201778,0.008531719519314683,3,1.0,0.75,True,block_kinematic,8,mrmr,0.95,0.95
4,0.5285269755789691,0.010042433862119926,3,1.0,0.75,True,block_kinematic,16,topk_auc,0.9,0.9
4,0.5285269755789691,0.010042433862119926,3,1.0,0.75,True,block_kinematic,16,topk_auc,0.9,0.95
4,0.5300278414398687,0.009382895095273012,3,1.0,0.75,True,block_kinematic,16,topk_auc,0.95,0.9
4,0.5300278414398687,0.009382895095273012,3,1.0,0.75,True,block_kinematic,16,topk_auc,0.95,0.95
4,0.5361636386268451,0.020276188035417832,3,1.0,0.75,True,block_kinematic,16,mrmr,0.9,0.9
4,0.5361636386268451,0.020276188035417832,3,1.0,0.75,True,block_kinematic,16,mrmr,0.9,0.95
4,0.5404291134861435,0.020356325359470923,3,1.0,0.75,True,block_kinematic,16,mrmr,0.95,0.9
4,0.5404291134861435,0.020356325359470923,3,1.0,0.75,True,block_kinematic,16,mrmr,0.95,0.95
4,0.5297496001127101,0.013432630181032919,3,1.0,0.75,True,block_kinematic,32,topk_auc,0.9,0.9
4,0.5297496001127101,0.013432630181032919,3,1.0,0.75,True,block_kinematic,32,topk_auc,0.9,0.95
4,0.5321565055513122,0.013618682283957167,3,1.0,0.75,True,block_kinematic,32,topk_auc,0.95,0.9
4,0.5321565055513122,0.013618682283957167,3,1.0,0.75,True,block_kinematic,32,topk_auc,0.95,0.95
4,0.5297414589998583,0.014328326143056017,3,1.0,0.75,True,block_kinematic,32,mrmr,0.9,0.9
4,0.5283794735277033,0.012968139011433621,3,1.0,0.75,True,block_kinematic,32,mrmr,0.9,0.95
4,0.5291684562999177,0.013741492223185168,3,1.0,0.75,True,block_kinematic,32,mrmr,0.95,0.9
4,0.5291684562999177,0.013741492223185168,3,1.0,0.75,True,block_kinematic,32,mrmr,0.95,0.95
4,0.5478062652899797,0.015512778099029024,3,2.0,0.25,True,block_kinematic,0,topk_auc,0.9,0.9
4,0.5478062652899797,0.015512778099029024,3,2.0,0.25,True,block_kinematic,0,topk_auc,0.9,0.95
4,0.5478062652899797,0.015512778099029024,3,2.0,0.25,True,block_kinematic,0,topk_auc,0.95,0.9
4,0.5478062652899797,0.015512778099029024,3,2.0,0.25,True,block_kinematic,0,topk_auc,0.95,0.95
4,0.5478062652899797,0.015512778099029024,3,2.0,0.25,True,block_kinematic,0,mrmr,0.9,0.9
4,0.5478062652899797,0.015512778099029024,3,2.0,0.25,True,block_kinematic,0,mrmr,0.9,0.95
4,0.5478062652899797,0.015512778099029024,3,2.0,0.25,True,block_kinematic,0,mrmr,0.95,0.9
4,0.5478062652899797,0.015512778099029024,3,2.0,0.25,True,block_kinematic,0,mrmr,0.95,0.95
4,0.5232382579621556,0.013983784899867126,3,2.0,0.25,True,block_kinematic,8,topk_auc,0.9,0.9
4,0.5232382579621556,0.013983784899867126,3,2.0,0.25,True,block_kinematic,8,topk_auc,0.9,0.95
4,0.5330428941457953,0.00815433638129191,3,2.0,0.25,True,block_kinematic,8,topk_auc,0.95,0.9
4,0.5330428941457953,0.00815433638129191,3,2.0,0.25,True,block_kinematic,8,topk_auc,0.95,0.95
4,0.5365635480110117,0.006260963493717942,3,2.0,0.25,True,block_kinematic,8,mrmr,0.9,0.9
4,0.5365635480110117,0.006260963493717942,3,2.0,0.25,True,block_kinematic,8,mrmr,0.9,0.95
4,0.5385061461136617,0.007680069388271252,3,2.0,0.25,True,block_kinematic,8,mrmr,0.95,0.9
4,0.5385061461136617,0.007680069388271252,3,2.0,0.25,True,block_kinematic,8,mrmr,0.95,0.95
4,0.5213212756731666,0.008506053730049335,3,2.0,0.25,True,block_kinematic,16,topk_auc,0.9,0.9
4,0.5213212756731666,0.008506053730049335,3,2.0,0.25,True,block_kinematic,16,topk_auc,0.9,0.95
4,0.5236771151912294,0.008968926142498524,3,2.0,0.25,True,block_kinematic,16,topk_auc,0.95,0.9
4,0.5236771151912294,0.008968926142498524,3,2.0,0.25,True,block_kinematic,16,topk_auc,0.95,0.95
4,0.5320404328599938,0.018766351114724158,3,2.0,0.25,True,block_kinematic,16,mrmr,0.9,0.9
4,0.5320404328599938,0.018766351114724158,3,2.0,0.25,True,block_kinematic,16,mrmr,0.9,0.95
4,0.5323704342349919,0.02174615591593354,3,2.0,0.25,True,block_kinematic,16,mrmr,0.95,0.9
4,0.5323704342349919,0.02174615591593354,3,2.0,0.25,True,block_kinematic,16,mrmr,0.95,0.95
4,0.522002584939885,0.007904327336361214,3,2.0,0.25,True,block_kinematic,32,topk_auc,0.9,0.9
4,0.522002584939885,0.007904327336361214,3,2.0,0.25,True,block_kinematic,32,topk_auc,0.9,0.95
4,0.5258597757783474,0.011154254350448827,3,2.0,0.25,True,block_kinematic,32,topk_auc,0.95,0.9
4,0.5258597757783474,0.011154254350448827,3,2.0,0.25,True,block_kinematic,32,topk_auc,0.95,0.95
4,0.5223515367266498,0.011540127789673244,3,2.0,0.25,True,block_kinematic,32,mrmr,0.9,0.9
4,0.5219782518194666,0.011347442763395246,3,2.0,0.25,True,block_kinematic,32,mrmr,0.9,0.95
4,0.520456683044143,0.013856591835223512,3,2.0,0.25,True,block_kinematic,32,mrmr,0.95,0.9
4,0.520456683044143,0.013856591835223512,3,2.0,0.25,True,block_kinematic,32,mrmr,0.95,0.95
4,0.5479166121982334,0.014802517994064637,3,2.0,0.5,True,block_kinematic,0,topk_auc,0.9,0.9
4,0.5479166121982334,0.014802517994064637,3,2.0,0.5,True,block_kinematic,0,topk_auc,0.9,0.95
4,0.5479166121982334,0.014802517994064637,3,2.0,0.5,True,block_kinematic,0,topk_auc,0.95,0.9
4,0.5479166121982334,0.014802517994064637,3,2.0,0.5,True,block_kinematic,0,topk_auc,0.95,0.95
4,0.5479166121982334,0.014802517994064637,3,2.0,0.5,True,block_kinematic,0,mrmr,0.9,0.9
4,0.5479166121982334,0.014802517994064637,3,2.0,0.5,True,block_kinematic,0,mrmr,0.9,0.95
4,0.5479166121982334,0.014802517994064637,3,2.0,0.5,True,block_kinematic,0,mrmr,0.95,0.9
4,0.5479166121982334,0.014802517994064637,3,2.0,0.5,True,block_kinematic,0,mrmr,0.95,0.95
4,0.5243296691144873,0.013280566757890605,3,2.0,0.5,True,block_kinematic,8,topk_auc,0.9,0.9
4,0.5243296691144873,0.013280566757890605,3,2.0,0.5,True,block_kinematic,8,topk_auc,0.9,0.95
4,0.5327467629302781,0.00770131411070239,3,2.0,0.5,True,block_kinematic,8,topk_auc,0.95,0.9
4,0.5327467629302781,0.00770131411070239,3,2.0,0.5,True,block_kinematic,8,topk_auc,0.95,0.95
4,0.5369483286727994,0.005513268065898537,3,2.0,0.5,True,block_kinematic,8,mrmr,0.9,0.9
4,0.5369483286727994,0.005513268065898537,3,2.0,0.5,True,block_kinematic,8,mrmr,0.9,0.95
4,0.5388916270400377,0.006924276527117294,3,2.0,0.5,True,block_kinematic,8,mrmr,0.95,0.9
4,0.5388916270400377,0.006924276527117294,3,2.0,0.5,True,block_kinematic,8,mrmr,0.95,0.95
4,0.5219691806005818,0.00792704100093196,3,2.0,0.5,True,block_kinematic,16,topk_auc,0.9,0.9
4,0.5219691806005818,0.00792704100093196,3,2.0,0.5,True,block_kinematic,16,topk_auc,0.9,0.95
4,0.5240172464673339,0.008351423953136447,3,2.0,0.5,True,block_kinematic,16,topk_auc,0.95,0.9
4,0.5240172464673339,0.008351423953136447,3,2.0,0.5,True,block_kinematic,16,topk_auc,0.95,0.95
4,0.5325669965409997,0.018631101854749657,3,2.0,0.5,True,block_kinematic,16,mrmr,0.9,0.9
4,0.5325669965409997,0.018631101854749657,3,2.0,0.5,True,block_kinematic,16,mrmr,0.9,0.95
4,0.5336169868281274,0.021083843394012064,3,2.0,0.5,True,block_kinematic,16,mrmr,0.95,0.9
4,0.5336169868281274,0.021083843394012064,3,2.0,0.5,True,block_kinematic,16,mrmr,0.95,0.95
4,0.522468955632144,0.008285178829593055,3,2.0,0.5,True,block_kinematic,32,topk_auc,0.9,0.9
4,0.522468955632144,0.008285178829593055,3,2.0,0.5,True,block_kinematic,32,topk_auc,0.9,0.95
4,0.525371797535378,0.011715926689907827,3,2.0,0.5,True,block_kinematic,32,topk_auc,0.95,0.9
4,0.525371797535378,0.011715926689907827,3,2.0,0.5,True,block_kinematic,32,topk_auc,0.95,0.95
4,0.5233513246096936,0.01192169230507411,3,2.0,0.5,True,block_kinematic,32,mrmr,0.9,0.9
4,0.5229074182335839,0.011640226501155496,3,2.0,0.5,True,block_kinematic,32,mrmr,0.9,0.95
4,0.5216602160084879,0.01367295535416668,3,2.0,0.5,True,block_kinematic,32,mrmr,0.95,0.9
4,0.5216602160084879,0.01367295535416668,3,2.0,0.5,True,block_kinematic,32,mrmr,0.95,0.95
4,0.5470064416118158,0.013868792631754062,3,2.0,0.75,True,block_kinematic,0,topk_auc,0.9,0.9
4,0.5470064416118158,0.013868792631754062,3,2.0,0.75,True,block_kinematic,0,topk_auc,0.9,0.95
4,0.5470064416118158,0.013868792631754062,3,2.0,0.75,True,block_kinematic,0,topk_auc,0.95,0.9
4,0.5470064416118158,0.013868792631754062,3,2.0,0.75,True,block_kinematic,0,topk_auc,0.95,0.95
4,0.5470064416118158,0.013868792631754062,3,2.0,0.75,True,block_kinematic,0,mrmr,0.9,0.9
4,0.5470064416118158,0.013868792631754062,3,2.0,0.75,True,block_kinematic,0,mrmr,0.9,0.95
4,0.5470064416118158,0.013868792631754062,3,2.0,0.75,True,block_kinematic,0,mrmr,0.95,0.9
4,0.5470064416118158,0.013868792631754062,3,2.0,0.75,True,block_kinematic,0,mrmr,0.95,0.95
4,0.5248986798152911,0.012668125747623445,3,2.0,0.75,True,block_kinematic,8,topk_auc,0.9,0.9
4,0.5248986798152911,0.012668125747623445,3,2.0,0.75,True,block_kinematic,8,topk_auc,0.9,0.95
4,0.5328569766593773,0.007005367936163925,3,2.0,0.75,True,block_kinematic,8,topk_auc,0.95,0.9
4,0.5328569766593773,0.007005367936163925,3,2.0,0.75,True,block_kinematic,8,topk_auc,0.95,0.95
4,0.5370706595569373,0.004699430842127041,3,2.0,0.75,True,block_kinematic,8,mrmr,0.9,0.9
4,0.5370706595569373,0.004699430842127041,3,2.0,0.75,True,block_kinematic,8,mrmr,0.9,0.95
4,0.5388226212122407,0.005849270752143466,3,2.0,0.75,True,block_kinematic,8,mrmr,0.95,0.9
4,0.5388226212122407,0.005849270752143466,3,2.0,0.75,True,block_kinematic,8,mrmr,0.95,0.95
4,0.5227082951440573,0.007757052082959191,3,2.0,0.75,True,block_kinematic,16,topk_auc,0.9,0.9
4,0.5227082951440573,0.007757052082959191,3,2.0,0.75,True,block_kinematic,16,topk_auc,0.9,0.95
4,0.5248680394037472,0.007867308784302822,3,2.0,0.75,True,block_kinematic,16,topk_auc,0.95,0.9
4,0.5248680394037472,0.007867308784302822,3,2.0,0.75,True,block_kinematic,16,topk_auc,0.95,0.95
4,0.5328101101783169,0.01826983244610143,3,2.0,0.75,True,block_kinematic,16,mrmr,0.9,0.9
4,0.5328101101783169,0.01826983244610143,3,2.0,0.75,True,block_kinematic,16,mrmr,0.9,0.95
4,0.5340235214149502,0.02010547596598576,3,2.0,0.75,True,block_kinematic,16,mrmr,0.95,0.9
4,0.5340235214149502,0.02010547596598576,3,2.0,0.75,True,block_kinematic,16,mrmr,0.95,0.95
4,0.5228029284463629,0.009611062428981066,3,2.0,0.75,True,block_kinematic,32,topk_auc,0.9,0.9
4,0.5228029284463629,0.009611062428981066,3,2.0,0.75,True,block_kinematic,32,topk_auc,0.9,0.95
4,0.5257255652522255,0.012434543033421152,3,2.0,0.75,True,block_kinematic,32,topk_auc,0.95,0.9
4,0.5257255652522255,0.012434543033421152,3,2.0,0.75,True,block_kinematic,32,topk_auc,0.95,0.95
4,0.5239997898715252,0.011265135832546787,3,2.0,0.75,True,block_kinematic,32,mrmr,0.9,0.9
4,0.5231119771193057,0.010635180374399212,3,2.0,0.75,True,block_kinematic,32,mrmr,0.9,0.95
4,0.5223581923088829,0.013384227696993429,3,2.0,0.75,True,block_kinematic,32,mrmr,0.95,0.9
4,0.5223581923088829,0.013384227696993429,3,2.0,0.75,True,block_kinematic,32,mrmr,0.95,0.95
