feature_name,coef,abs_coef,permutation_importance
cat__tumor_subtype_luminal,-0.9993721223339502,0.9993721223339502,0.0373333172287178
cat__tumor_subtype_her2_pure,0.8122409953391793,0.8122409953391793,0.010025123200309244
cat__tumor_subtype_luminal_a,-0.7440084064241751,0.7440084064241751,0.03647936998743846
cat__tumor_subtype_her2_enriched,0.7374132660334322,0.7374132660334322,0.022927335974490325
cat__tumor_subtype_unknown,-0.41892051354431825,0.41892051354431825,-0.0008515315489419029
cat__tumor_subtype_triple_negative,0.31631589691581835,0.31631589691581835,0.003233404193641931
cat__tumor_subtype_luminal_b,0.3025701610382621,0.3025701610382621,-0.0037419074306696055
num__bbox_volume,-0.17139650244747248,0.17139650244747248,-0.0016958160208715377
num__age,-0.08739760826224177,0.08739760826224177,0.004098825973524045
