{
    "1": {
        "component_1": [
            {
                "segment": {
                    "start": [
                        39,
                        68,
                        148
                    ],
                    "end": [
                        40,
                        66,
                        150
                    ]
                },
                "radius": {
                    "mean": 27.975457972441276,
                    "sd": 1.0600713335299026,
                    "median": 27.86723501819945,
                    "min": 26.739483914241877,
                    "q1": 27.10085736178477,
                    "q3": 28.74183562885596,
                    "max": 29.427877939124322
                },
                "length": 3.82842712474619,
                "tortuosity": 1.2761423749153966,
                "volume": 9848.892969004002,
                "curvature": {
                    "mean": 0.9162978572970231,
                    "sd": 0.13089969389957473,
                    "median": 0.9162978572970231,
                    "min": 0.7853981633974484,
                    "q1": 0.8508480103472358,
                    "q3": 0.9817477042468105,
                    "max": 1.0471975511965979
                }
            },
            {
                "segment": {
                    "start": [
                        40,
                        66,
                        150
                    ],
                    "end": [
                        39,
                        68,
                        148
                    ]
                },
                "radius": {
                    "mean": 27.975457972441276,
                    "sd": 1.0600713335299026,
                    "median": 27.86723501819945,
                    "min": 26.739483914241877,
                    "q1": 27.10085736178477,
                    "q3": 28.74183562885596,
                    "max": 29.427877939124322
                },
                "length": 3.8284271247461903,
                "tortuosity": 1.2761423749153968,
                "volume": 9848.892969004002,
                "curvature": {
                    "mean": 0.9162978572970231,
                    "sd": 0.13089969389957473,
                    "median": 0.9162978572970231,
                    "min": 0.7853981633974484,
                    "q1": 0.8508480103472358,
                    "q3": 0.9817477042468105,
                    "max": 1.0471975511965979
                }
            }
        ]
    }
}